XILINX_LOC=/proj/xbuilds/2024.2_INT_daily_latest/installs/lin64/Vitis/2024.2
SHELL=/bin/csh
MYXILINX_VER=2024.2
HISTCONTROL=ignoreboth:erasedups
TERM_PROGRAM_VERSION=3.4
GROUP=newhiredefaultgrp
MACHTYPE=x86_64
TMUX=/tmp/tmux-50093633/default,346501,0
AIETOOLS_ROOT=/proj/xbuilds/2024.2_INT_daily_latest/installs/lin64/Vitis/2024.2/aietools
XILINX_XRT=/opt/xilinx/xrt
n_aie_cols=8
PWD=/scratch/luisr/mlir-aie/programming_examples/basic/block_datatypes/matrix_multiplication/whole_array
LOGNAME=lromeror
NPU2=1
XDG_SESSION_TYPE=tty
MLIR_AIE_INSTALL_DIR=/scratch/luisr/mlir-aie/install
N=4096
M=4096
K=4096
n=64
m=64
k=128
HOME=/home/lromeror
LANG=en_US.UTF-8
PEANO_INSTALL_DIR=/scratch/luisr/mlir-aie/ironenv/lib/python3.12/site-packages/llvm-aie
VIRTUAL_ENV=/scratch/luisr/mlir-aie/ironenv
OSTYPE=linux
SSH_CONNECTION=172.21.39.59 51794 172.20.10.58 22
XDG_SESSION_CLASS=user
PYTHONPATH=/scratch/luisr/mlir-aie/install/python:/opt/xilinx/xrt/python:/scratch/luisr/mlir-aie/install/python:/opt/xilinx/xrt/python
TERM=tmux-256color
HOST=xcoradaie213
USER=lromeror
use_chess=1
TMUX_PANE=%0
SHLVL=3
XDG_SESSION_ID=1248
VIRTUAL_ENV_PROMPT=(ironenv) 
LM_LICENSE_FILE=2100@aiengine
LD_LIBRARY_PATH=/scratch/luisr/mlir-aie/install/lib:/opt/xilinx/xrt/lib:/scratch/luisr/mlir-aie/install/lib:/opt/xilinx/xrt/lib
XDG_RUNTIME_DIR=/run/user/50093633
MYXILINX_BASE=/proj/xbuilds/2024.2_INT_daily_latest
dtype_out=bfp16
SSH_CLIENT=172.21.39.59 51794 22
NLSPATH=/usr/share/locale/%L/LC_MESSAGES/%N.cat:/usr/share/locale/%l/LC_MESSAGES/%N.cat
VENDOR=unknown
PATH=/scratch/luisr/mlir-aie/install/bin:/scratch/luisr/mlir-aie/ironenv/bin:/opt/xilinx/xrt/bin:/scratch/luisr/mlir-aie/install/bin:/scratch/luisr/mlir-aie/ironenv/bin:/opt/xilinx/xrt/bin:/usr/local/sbin:/usr/local/bin:/usr/sbin:/usr/bin:/sbin:/bin:/usr/games:/usr/local/games:/snap/bin:/proj/xbuilds/2024.2_INT_daily_latest/installs/lin64/Vitis/2024.2/aietools/bin:/proj/xbuilds/2024.2_INT_daily_latest/installs/lin64/Vitis/2024.2/bin:/proj/xbuilds/2024.2_INT_daily_latest/installs/lin64/Vitis/2024.2/aietools/bin:/proj/xbuilds/2024.2_INT_daily_latest/installs/lin64/Vitis/2024.2/bin
dtype_in=bfp16
DBUS_SESSION_BUS_ADDRESS=unix:path=/run/user/50093633/bus
opt_perf=1
SSH_TTY=/dev/pts/0
HOSTTYPE=x86_64-linux
REMOTEHOST=172.21.39.59
OLDPWD=/scratch/luisr/mlir-aie/programming_examples/basic/block_datatypes/matrix_multiplication
runargs=--iters 20 --warmup 10
TERM_PROGRAM=tmux
_=/usr/bin/env
##===- Makefile -----------------------------------------------------------===##
# 
# This file licensed under the Apache License v2.0 with LLVM Exceptions.
# See https://llvm.org/LICENSE.txt for license information.
# SPDX-License-Identifier: Apache-2.0 WITH LLVM-exception
#
# Copyright (C) 2025, Advanced Micro Devices, Inc.
# 
##===----------------------------------------------------------------------===##

srcdir := $(shell dirname $(realpath $(firstword $(MAKEFILE_LIST))))
subdir=${srcdir}
targetname=whole_array
devicename=npu2
kernelsrc:= $(firstword $(wildcard ${srcdir}/../*mm.cc))
hostsrc := $(firstword $(wildcard ${srcdir}/../*bfp_test.cpp))

n_aie_cols?=4
aieargs+=--n-aie-cols ${n_aie_cols}

# M, K, N: final GEMM dimensions
M?=512
K?=512
N?=512

# m, k, n: single AIE core GEMM dimensions
m?=64
k?=64
n?=64

include ${srcdir}/../makefile_common
rm -rf build _build whole_array.exe
rm -rf _build
mkdir -p _build
cd _build &&  cmake -E env CXXFLAGS="-std=c++23 -ggdb -DDTYPE_IN= -DDTYPE_OUT= -DDTYPE_ACC=" \
	cmake `echo /scratch/luisr/mlir-aie/programming_examples/basic/block_datatypes/matrix_multiplication/whole_array/..` -D CMAKE_C_COMPILER=gcc-13 -D CMAKE_CXX_COMPILER=g++-13 -DTARGET_NAME=whole_array -Dhostsrc=/scratch/luisr/mlir-aie/programming_examples/basic/block_datatypes/matrix_multiplication/whole_array/../bfp_test.cpp
CMake Deprecation Warning at CMakeLists.txt:13 (cmake_minimum_required):
  Compatibility with CMake < 3.10 will be removed from a future version of
  CMake.

  Update the VERSION argument <min> value.  Or, use the <min>...<max> syntax
  to tell CMake that the project requires at least <min> but has been updated
  to work with policies introduced by <max> or earlier.


-- The C compiler identification is GNU 13.3.0
-- The CXX compiler identification is GNU 13.3.0
-- Detecting C compiler ABI info
-- Detecting C compiler ABI info - done
-- Check for working C compiler: /usr/bin/gcc-13 - skipped
-- Detecting C compile features
-- Detecting C compile features - done
-- Detecting CXX compiler ABI info
-- Detecting CXX compiler ABI info - done
-- Check for working CXX compiler: /usr/bin/g++-13 - skipped
-- Detecting CXX compile features
-- Detecting CXX compile features - done
-- Configuring done (0.3s)
-- Generating done (0.0s)
-- Build files have been written to: /scratch/luisr/mlir-aie/programming_examples/basic/block_datatypes/matrix_multiplication/whole_array/_build
cd _build &&  cmake --build . --config Release
gmake[1]: Entering directory '/scratch/luisr/mlir-aie/programming_examples/basic/block_datatypes/matrix_multiplication/whole_array/_build'
gmake[2]: Entering directory '/scratch/luisr/mlir-aie/programming_examples/basic/block_datatypes/matrix_multiplication/whole_array/_build'
gmake[3]: Entering directory '/scratch/luisr/mlir-aie/programming_examples/basic/block_datatypes/matrix_multiplication/whole_array/_build'
gmake[3]: Leaving directory '/scratch/luisr/mlir-aie/programming_examples/basic/block_datatypes/matrix_multiplication/whole_array/_build'
gmake[3]: Entering directory '/scratch/luisr/mlir-aie/programming_examples/basic/block_datatypes/matrix_multiplication/whole_array/_build'
[ 33%] Building CXX object CMakeFiles/whole_array.dir/bfp_test.cpp.o
[ 66%] Building CXX object CMakeFiles/whole_array.dir/scratch/luisr/mlir-aie/runtime_lib/test_lib/test_utils.cpp.o
[100%] Linking CXX executable whole_array
gmake[3]: Leaving directory '/scratch/luisr/mlir-aie/programming_examples/basic/block_datatypes/matrix_multiplication/whole_array/_build'
[100%] Built target whole_array
gmake[2]: Leaving directory '/scratch/luisr/mlir-aie/programming_examples/basic/block_datatypes/matrix_multiplication/whole_array/_build'
gmake[1]: Leaving directory '/scratch/luisr/mlir-aie/programming_examples/basic/block_datatypes/matrix_multiplication/whole_array/_build'
cp _build/whole_array whole_array.exe 
mkdir -p build
python3 /scratch/luisr/mlir-aie/programming_examples/basic/block_datatypes/matrix_multiplication/whole_array/whole_array.py --n-aie-cols 8 -m 64 -k 128 -n 64 -M 512 -K 512 -N 512 > build/aie_512x512x512_64x128x64.mlir
mkdir -p build
cd build && xchesscc_wrapper aie2p -I /proj/xbuilds/2024.2_INT_1113_1001/installs/all_platforms/Vitis/2024.2/aietools/include  -DDIM_M=64 -DDIM_K=128 -DDIM_N=64 -DOPT_PERF_ENABLED -c /scratch/luisr/mlir-aie/programming_examples/basic/block_datatypes/matrix_multiplication/whole_array/../mm.cc -o mm_64x128x64.o
WARNING: Default location for XILINX_VIVADO_IP_OVERRIDE not found: /build/xfndry/IP_2024.2_INTEGRATION_VERIFIED/customer/vivado/data/ip
mkdir -p build
cd build && aiecc.py --alloc-scheme= --aie-generate-xclbin --no-compile-host --xclbin-name=final_512x512x512_64x128x64.xclbin \
			 --dynamic-objFifos \
			--aie-generate-npu-insts --npu-insts-name=insts_512x512x512_64x128x64.txt ../build/aie_512x512x512_64x128x64.mlir
[AIE ERROR] _XAie_LoadProgMemSection():231: Overflow of program memory
XAie_LoadElf failed with XAIE_INVALID_ELF
Generating: /scratch/luisr/mlir-aie/programming_examples/basic/block_datatypes/matrix_multiplication/whole_array/build/aie_512x512x512_64x128x64.mlir.prj/aie_cdo_elfs.bin
Traceback (most recent call last):
  File "/scratch/luisr/mlir-aie/install/bin/aiecc.py", line 12, in <module>
    main()
  File "/scratch/luisr/mlir-aie/install/python/aie/compiler/aiecc/main.py", line 1476, in main
    run(module_str)
  File "/scratch/luisr/mlir-aie/install/python/aie/compiler/aiecc/main.py", line 1450, in run
    asyncio.run(runner.run_flow())
  File "/usr/lib/python3.12/asyncio/runners.py", line 194, in run
    return runner.run(main)
           ^^^^^^^^^^^^^^^^
  File "/usr/lib/python3.12/asyncio/runners.py", line 118, in run
    return self._loop.run_until_complete(task)
           ^^^^^^^^^^^^^^^^^^^^^^^^^^^^^^^^^^^
  File "/usr/lib/python3.12/asyncio/base_events.py", line 687, in run_until_complete
    return future.result()
           ^^^^^^^^^^^^^^^
  File "/scratch/luisr/mlir-aie/install/python/aie/compiler/aiecc/main.py", line 1350, in run_flow
    await self.process_cdo(input_physical_str)
  File "/scratch/luisr/mlir-aie/install/python/aie/compiler/aiecc/main.py", line 600, in process_cdo
    aiedialect.generate_cdo(input_physical.operation, self.tmpdirname)
ValueError: Failed to generate cdo because: 
make: *** [/scratch/luisr/mlir-aie/programming_examples/basic/block_datatypes/matrix_multiplication/whole_array/../makefile_common:73: build/final_512x512x512_64x128x64.xclbin] Error 1
rm -rf build _build whole_array.exe
rm -rf _build
mkdir -p _build
cd _build &&  cmake -E env CXXFLAGS="-std=c++23 -ggdb -DDTYPE_IN= -DDTYPE_OUT= -DDTYPE_ACC=" \
	cmake `echo /scratch/luisr/mlir-aie/programming_examples/basic/block_datatypes/matrix_multiplication/whole_array/..` -D CMAKE_C_COMPILER=gcc-13 -D CMAKE_CXX_COMPILER=g++-13 -DTARGET_NAME=whole_array -Dhostsrc=/scratch/luisr/mlir-aie/programming_examples/basic/block_datatypes/matrix_multiplication/whole_array/../bfp_test.cpp
CMake Deprecation Warning at CMakeLists.txt:13 (cmake_minimum_required):
  Compatibility with CMake < 3.10 will be removed from a future version of
  CMake.

  Update the VERSION argument <min> value.  Or, use the <min>...<max> syntax
  to tell CMake that the project requires at least <min> but has been updated
  to work with policies introduced by <max> or earlier.


-- The C compiler identification is GNU 13.3.0
-- The CXX compiler identification is GNU 13.3.0
-- Detecting C compiler ABI info
-- Detecting C compiler ABI info - done
-- Check for working C compiler: /usr/bin/gcc-13 - skipped
-- Detecting C compile features
-- Detecting C compile features - done
-- Detecting CXX compiler ABI info
-- Detecting CXX compiler ABI info - done
-- Check for working CXX compiler: /usr/bin/g++-13 - skipped
-- Detecting CXX compile features
-- Detecting CXX compile features - done
-- Configuring done (0.3s)
-- Generating done (0.0s)
-- Build files have been written to: /scratch/luisr/mlir-aie/programming_examples/basic/block_datatypes/matrix_multiplication/whole_array/_build
cd _build &&  cmake --build . --config Release
gmake[1]: Entering directory '/scratch/luisr/mlir-aie/programming_examples/basic/block_datatypes/matrix_multiplication/whole_array/_build'
gmake[2]: Entering directory '/scratch/luisr/mlir-aie/programming_examples/basic/block_datatypes/matrix_multiplication/whole_array/_build'
gmake[3]: Entering directory '/scratch/luisr/mlir-aie/programming_examples/basic/block_datatypes/matrix_multiplication/whole_array/_build'
gmake[3]: Leaving directory '/scratch/luisr/mlir-aie/programming_examples/basic/block_datatypes/matrix_multiplication/whole_array/_build'
gmake[3]: Entering directory '/scratch/luisr/mlir-aie/programming_examples/basic/block_datatypes/matrix_multiplication/whole_array/_build'
[ 33%] Building CXX object CMakeFiles/whole_array.dir/bfp_test.cpp.o
[ 66%] Building CXX object CMakeFiles/whole_array.dir/scratch/luisr/mlir-aie/runtime_lib/test_lib/test_utils.cpp.o
[100%] Linking CXX executable whole_array
gmake[3]: Leaving directory '/scratch/luisr/mlir-aie/programming_examples/basic/block_datatypes/matrix_multiplication/whole_array/_build'
[100%] Built target whole_array
gmake[2]: Leaving directory '/scratch/luisr/mlir-aie/programming_examples/basic/block_datatypes/matrix_multiplication/whole_array/_build'
gmake[1]: Leaving directory '/scratch/luisr/mlir-aie/programming_examples/basic/block_datatypes/matrix_multiplication/whole_array/_build'
cp _build/whole_array whole_array.exe 
mkdir -p build
python3 /scratch/luisr/mlir-aie/programming_examples/basic/block_datatypes/matrix_multiplication/whole_array/whole_array.py --n-aie-cols 8 -m 64 -k 128 -n 64 -M 512 -K 512 -N 1024 > build/aie_512x512x1024_64x128x64.mlir
mkdir -p build
cd build && xchesscc_wrapper aie2p -I /proj/xbuilds/2024.2_INT_1113_1001/installs/all_platforms/Vitis/2024.2/aietools/include  -DDIM_M=64 -DDIM_K=128 -DDIM_N=64 -DOPT_PERF_ENABLED -c /scratch/luisr/mlir-aie/programming_examples/basic/block_datatypes/matrix_multiplication/whole_array/../mm.cc -o mm_64x128x64.o
WARNING: Default location for XILINX_VIVADO_IP_OVERRIDE not found: /build/xfndry/IP_2024.2_INTEGRATION_VERIFIED/customer/vivado/data/ip
mkdir -p build
cd build && aiecc.py --alloc-scheme= --aie-generate-xclbin --no-compile-host --xclbin-name=final_512x512x1024_64x128x64.xclbin \
			 --dynamic-objFifos \
			--aie-generate-npu-insts --npu-insts-name=insts_512x512x1024_64x128x64.txt ../build/aie_512x512x1024_64x128x64.mlir
[AIE ERROR] _XAie_LoadProgMemSection():231: Overflow of program memory
XAie_LoadElf failed with XAIE_INVALID_ELF
Generating: /scratch/luisr/mlir-aie/programming_examples/basic/block_datatypes/matrix_multiplication/whole_array/build/aie_512x512x1024_64x128x64.mlir.prj/aie_cdo_elfs.bin
Traceback (most recent call last):
  File "/scratch/luisr/mlir-aie/install/bin/aiecc.py", line 12, in <module>
    main()
  File "/scratch/luisr/mlir-aie/install/python/aie/compiler/aiecc/main.py", line 1476, in main
    run(module_str)
  File "/scratch/luisr/mlir-aie/install/python/aie/compiler/aiecc/main.py", line 1450, in run
    asyncio.run(runner.run_flow())
  File "/usr/lib/python3.12/asyncio/runners.py", line 194, in run
    return runner.run(main)
           ^^^^^^^^^^^^^^^^
  File "/usr/lib/python3.12/asyncio/runners.py", line 118, in run
    return self._loop.run_until_complete(task)
           ^^^^^^^^^^^^^^^^^^^^^^^^^^^^^^^^^^^
  File "/usr/lib/python3.12/asyncio/base_events.py", line 687, in run_until_complete
    return future.result()
           ^^^^^^^^^^^^^^^
  File "/scratch/luisr/mlir-aie/install/python/aie/compiler/aiecc/main.py", line 1350, in run_flow
    await self.process_cdo(input_physical_str)
  File "/scratch/luisr/mlir-aie/install/python/aie/compiler/aiecc/main.py", line 600, in process_cdo
    aiedialect.generate_cdo(input_physical.operation, self.tmpdirname)
ValueError: Failed to generate cdo because: 
make: *** [/scratch/luisr/mlir-aie/programming_examples/basic/block_datatypes/matrix_multiplication/whole_array/../makefile_common:73: build/final_512x512x1024_64x128x64.xclbin] Error 1
rm -rf build _build whole_array.exe
rm -rf _build
mkdir -p _build
cd _build &&  cmake -E env CXXFLAGS="-std=c++23 -ggdb -DDTYPE_IN= -DDTYPE_OUT= -DDTYPE_ACC=" \
	cmake `echo /scratch/luisr/mlir-aie/programming_examples/basic/block_datatypes/matrix_multiplication/whole_array/..` -D CMAKE_C_COMPILER=gcc-13 -D CMAKE_CXX_COMPILER=g++-13 -DTARGET_NAME=whole_array -Dhostsrc=/scratch/luisr/mlir-aie/programming_examples/basic/block_datatypes/matrix_multiplication/whole_array/../bfp_test.cpp
CMake Deprecation Warning at CMakeLists.txt:13 (cmake_minimum_required):
  Compatibility with CMake < 3.10 will be removed from a future version of
  CMake.

  Update the VERSION argument <min> value.  Or, use the <min>...<max> syntax
  to tell CMake that the project requires at least <min> but has been updated
  to work with policies introduced by <max> or earlier.


-- The C compiler identification is GNU 13.3.0
-- The CXX compiler identification is GNU 13.3.0
-- Detecting C compiler ABI info
-- Detecting C compiler ABI info - done
-- Check for working C compiler: /usr/bin/gcc-13 - skipped
-- Detecting C compile features
-- Detecting C compile features - done
-- Detecting CXX compiler ABI info
-- Detecting CXX compiler ABI info - done
-- Check for working CXX compiler: /usr/bin/g++-13 - skipped
-- Detecting CXX compile features
-- Detecting CXX compile features - done
-- Configuring done (0.3s)
-- Generating done (0.0s)
-- Build files have been written to: /scratch/luisr/mlir-aie/programming_examples/basic/block_datatypes/matrix_multiplication/whole_array/_build
cd _build &&  cmake --build . --config Release
gmake[1]: Entering directory '/scratch/luisr/mlir-aie/programming_examples/basic/block_datatypes/matrix_multiplication/whole_array/_build'
gmake[2]: Entering directory '/scratch/luisr/mlir-aie/programming_examples/basic/block_datatypes/matrix_multiplication/whole_array/_build'
gmake[3]: Entering directory '/scratch/luisr/mlir-aie/programming_examples/basic/block_datatypes/matrix_multiplication/whole_array/_build'
gmake[3]: Leaving directory '/scratch/luisr/mlir-aie/programming_examples/basic/block_datatypes/matrix_multiplication/whole_array/_build'
gmake[3]: Entering directory '/scratch/luisr/mlir-aie/programming_examples/basic/block_datatypes/matrix_multiplication/whole_array/_build'
[ 33%] Building CXX object CMakeFiles/whole_array.dir/bfp_test.cpp.o
[ 66%] Building CXX object CMakeFiles/whole_array.dir/scratch/luisr/mlir-aie/runtime_lib/test_lib/test_utils.cpp.o
[100%] Linking CXX executable whole_array
gmake[3]: Leaving directory '/scratch/luisr/mlir-aie/programming_examples/basic/block_datatypes/matrix_multiplication/whole_array/_build'
[100%] Built target whole_array
gmake[2]: Leaving directory '/scratch/luisr/mlir-aie/programming_examples/basic/block_datatypes/matrix_multiplication/whole_array/_build'
gmake[1]: Leaving directory '/scratch/luisr/mlir-aie/programming_examples/basic/block_datatypes/matrix_multiplication/whole_array/_build'
cp _build/whole_array whole_array.exe 
mkdir -p build
python3 /scratch/luisr/mlir-aie/programming_examples/basic/block_datatypes/matrix_multiplication/whole_array/whole_array.py --n-aie-cols 8 -m 64 -k 128 -n 64 -M 512 -K 512 -N 2560 > build/aie_512x512x2560_64x128x64.mlir
mkdir -p build
cd build && xchesscc_wrapper aie2p -I /proj/xbuilds/2024.2_INT_1113_1001/installs/all_platforms/Vitis/2024.2/aietools/include  -DDIM_M=64 -DDIM_K=128 -DDIM_N=64 -DOPT_PERF_ENABLED -c /scratch/luisr/mlir-aie/programming_examples/basic/block_datatypes/matrix_multiplication/whole_array/../mm.cc -o mm_64x128x64.o
WARNING: Default location for XILINX_VIVADO_IP_OVERRIDE not found: /build/xfndry/IP_2024.2_INTEGRATION_VERIFIED/customer/vivado/data/ip
mkdir -p build
cd build && aiecc.py --alloc-scheme= --aie-generate-xclbin --no-compile-host --xclbin-name=final_512x512x2560_64x128x64.xclbin \
			 --dynamic-objFifos \
			--aie-generate-npu-insts --npu-insts-name=insts_512x512x2560_64x128x64.txt ../build/aie_512x512x2560_64x128x64.mlir
[AIE ERROR] _XAie_LoadProgMemSection():231: Overflow of program memory
XAie_LoadElf failed with XAIE_INVALID_ELF
Generating: /scratch/luisr/mlir-aie/programming_examples/basic/block_datatypes/matrix_multiplication/whole_array/build/aie_512x512x2560_64x128x64.mlir.prj/aie_cdo_elfs.bin
Traceback (most recent call last):
  File "/scratch/luisr/mlir-aie/install/bin/aiecc.py", line 12, in <module>
    main()
  File "/scratch/luisr/mlir-aie/install/python/aie/compiler/aiecc/main.py", line 1476, in main
    run(module_str)
  File "/scratch/luisr/mlir-aie/install/python/aie/compiler/aiecc/main.py", line 1450, in run
    asyncio.run(runner.run_flow())
  File "/usr/lib/python3.12/asyncio/runners.py", line 194, in run
    return runner.run(main)
           ^^^^^^^^^^^^^^^^
  File "/usr/lib/python3.12/asyncio/runners.py", line 118, in run
    return self._loop.run_until_complete(task)
           ^^^^^^^^^^^^^^^^^^^^^^^^^^^^^^^^^^^
  File "/usr/lib/python3.12/asyncio/base_events.py", line 687, in run_until_complete
    return future.result()
           ^^^^^^^^^^^^^^^
  File "/scratch/luisr/mlir-aie/install/python/aie/compiler/aiecc/main.py", line 1350, in run_flow
    await self.process_cdo(input_physical_str)
  File "/scratch/luisr/mlir-aie/install/python/aie/compiler/aiecc/main.py", line 600, in process_cdo
    aiedialect.generate_cdo(input_physical.operation, self.tmpdirname)
ValueError: Failed to generate cdo because: 
make: *** [/scratch/luisr/mlir-aie/programming_examples/basic/block_datatypes/matrix_multiplication/whole_array/../makefile_common:73: build/final_512x512x2560_64x128x64.xclbin] Error 1
rm -rf build _build whole_array.exe
rm -rf _build
mkdir -p _build
cd _build &&  cmake -E env CXXFLAGS="-std=c++23 -ggdb -DDTYPE_IN= -DDTYPE_OUT= -DDTYPE_ACC=" \
	cmake `echo /scratch/luisr/mlir-aie/programming_examples/basic/block_datatypes/matrix_multiplication/whole_array/..` -D CMAKE_C_COMPILER=gcc-13 -D CMAKE_CXX_COMPILER=g++-13 -DTARGET_NAME=whole_array -Dhostsrc=/scratch/luisr/mlir-aie/programming_examples/basic/block_datatypes/matrix_multiplication/whole_array/../bfp_test.cpp
CMake Deprecation Warning at CMakeLists.txt:13 (cmake_minimum_required):
  Compatibility with CMake < 3.10 will be removed from a future version of
  CMake.

  Update the VERSION argument <min> value.  Or, use the <min>...<max> syntax
  to tell CMake that the project requires at least <min> but has been updated
  to work with policies introduced by <max> or earlier.


-- The C compiler identification is GNU 13.3.0
-- The CXX compiler identification is GNU 13.3.0
-- Detecting C compiler ABI info
-- Detecting C compiler ABI info - done
-- Check for working C compiler: /usr/bin/gcc-13 - skipped
-- Detecting C compile features
-- Detecting C compile features - done
-- Detecting CXX compiler ABI info
-- Detecting CXX compiler ABI info - done
-- Check for working CXX compiler: /usr/bin/g++-13 - skipped
-- Detecting CXX compile features
-- Detecting CXX compile features - done
-- Configuring done (0.3s)
-- Generating done (0.0s)
-- Build files have been written to: /scratch/luisr/mlir-aie/programming_examples/basic/block_datatypes/matrix_multiplication/whole_array/_build
cd _build &&  cmake --build . --config Release
gmake[1]: Entering directory '/scratch/luisr/mlir-aie/programming_examples/basic/block_datatypes/matrix_multiplication/whole_array/_build'
gmake[2]: Entering directory '/scratch/luisr/mlir-aie/programming_examples/basic/block_datatypes/matrix_multiplication/whole_array/_build'
gmake[3]: Entering directory '/scratch/luisr/mlir-aie/programming_examples/basic/block_datatypes/matrix_multiplication/whole_array/_build'
gmake[3]: Leaving directory '/scratch/luisr/mlir-aie/programming_examples/basic/block_datatypes/matrix_multiplication/whole_array/_build'
gmake[3]: Entering directory '/scratch/luisr/mlir-aie/programming_examples/basic/block_datatypes/matrix_multiplication/whole_array/_build'
[ 33%] Building CXX object CMakeFiles/whole_array.dir/bfp_test.cpp.o
[ 66%] Building CXX object CMakeFiles/whole_array.dir/scratch/luisr/mlir-aie/runtime_lib/test_lib/test_utils.cpp.o
[100%] Linking CXX executable whole_array
gmake[3]: Leaving directory '/scratch/luisr/mlir-aie/programming_examples/basic/block_datatypes/matrix_multiplication/whole_array/_build'
[100%] Built target whole_array
gmake[2]: Leaving directory '/scratch/luisr/mlir-aie/programming_examples/basic/block_datatypes/matrix_multiplication/whole_array/_build'
gmake[1]: Leaving directory '/scratch/luisr/mlir-aie/programming_examples/basic/block_datatypes/matrix_multiplication/whole_array/_build'
cp _build/whole_array whole_array.exe 
mkdir -p build
python3 /scratch/luisr/mlir-aie/programming_examples/basic/block_datatypes/matrix_multiplication/whole_array/whole_array.py --n-aie-cols 8 -m 64 -k 128 -n 64 -M 512 -K 512 -N 4096 > build/aie_512x512x4096_64x128x64.mlir
mkdir -p build
cd build && xchesscc_wrapper aie2p -I /proj/xbuilds/2024.2_INT_1113_1001/installs/all_platforms/Vitis/2024.2/aietools/include  -DDIM_M=64 -DDIM_K=128 -DDIM_N=64 -DOPT_PERF_ENABLED -c /scratch/luisr/mlir-aie/programming_examples/basic/block_datatypes/matrix_multiplication/whole_array/../mm.cc -o mm_64x128x64.o
WARNING: Default location for XILINX_VIVADO_IP_OVERRIDE not found: /build/xfndry/IP_2024.2_INTEGRATION_VERIFIED/customer/vivado/data/ip
mkdir -p build
cd build && aiecc.py --alloc-scheme= --aie-generate-xclbin --no-compile-host --xclbin-name=final_512x512x4096_64x128x64.xclbin \
			 --dynamic-objFifos \
			--aie-generate-npu-insts --npu-insts-name=insts_512x512x4096_64x128x64.txt ../build/aie_512x512x4096_64x128x64.mlir
[AIE ERROR] _XAie_LoadProgMemSection():231: Overflow of program memory
XAie_LoadElf failed with XAIE_INVALID_ELF
Generating: /scratch/luisr/mlir-aie/programming_examples/basic/block_datatypes/matrix_multiplication/whole_array/build/aie_512x512x4096_64x128x64.mlir.prj/aie_cdo_elfs.bin
Traceback (most recent call last):
  File "/scratch/luisr/mlir-aie/install/bin/aiecc.py", line 12, in <module>
    main()
  File "/scratch/luisr/mlir-aie/install/python/aie/compiler/aiecc/main.py", line 1476, in main
    run(module_str)
  File "/scratch/luisr/mlir-aie/install/python/aie/compiler/aiecc/main.py", line 1450, in run
    asyncio.run(runner.run_flow())
  File "/usr/lib/python3.12/asyncio/runners.py", line 194, in run
    return runner.run(main)
           ^^^^^^^^^^^^^^^^
  File "/usr/lib/python3.12/asyncio/runners.py", line 118, in run
    return self._loop.run_until_complete(task)
           ^^^^^^^^^^^^^^^^^^^^^^^^^^^^^^^^^^^
  File "/usr/lib/python3.12/asyncio/base_events.py", line 687, in run_until_complete
    return future.result()
           ^^^^^^^^^^^^^^^
  File "/scratch/luisr/mlir-aie/install/python/aie/compiler/aiecc/main.py", line 1350, in run_flow
    await self.process_cdo(input_physical_str)
  File "/scratch/luisr/mlir-aie/install/python/aie/compiler/aiecc/main.py", line 600, in process_cdo
    aiedialect.generate_cdo(input_physical.operation, self.tmpdirname)
ValueError: Failed to generate cdo because: 
make: *** [/scratch/luisr/mlir-aie/programming_examples/basic/block_datatypes/matrix_multiplication/whole_array/../makefile_common:73: build/final_512x512x4096_64x128x64.xclbin] Error 1
rm -rf build _build whole_array.exe
rm -rf _build
mkdir -p _build
cd _build &&  cmake -E env CXXFLAGS="-std=c++23 -ggdb -DDTYPE_IN= -DDTYPE_OUT= -DDTYPE_ACC=" \
	cmake `echo /scratch/luisr/mlir-aie/programming_examples/basic/block_datatypes/matrix_multiplication/whole_array/..` -D CMAKE_C_COMPILER=gcc-13 -D CMAKE_CXX_COMPILER=g++-13 -DTARGET_NAME=whole_array -Dhostsrc=/scratch/luisr/mlir-aie/programming_examples/basic/block_datatypes/matrix_multiplication/whole_array/../bfp_test.cpp
CMake Deprecation Warning at CMakeLists.txt:13 (cmake_minimum_required):
  Compatibility with CMake < 3.10 will be removed from a future version of
  CMake.

  Update the VERSION argument <min> value.  Or, use the <min>...<max> syntax
  to tell CMake that the project requires at least <min> but has been updated
  to work with policies introduced by <max> or earlier.


-- The C compiler identification is GNU 13.3.0
-- The CXX compiler identification is GNU 13.3.0
-- Detecting C compiler ABI info
-- Detecting C compiler ABI info - done
-- Check for working C compiler: /usr/bin/gcc-13 - skipped
-- Detecting C compile features
-- Detecting C compile features - done
-- Detecting CXX compiler ABI info
-- Detecting CXX compiler ABI info - done
-- Check for working CXX compiler: /usr/bin/g++-13 - skipped
-- Detecting CXX compile features
-- Detecting CXX compile features - done
-- Configuring done (0.3s)
-- Generating done (0.0s)
-- Build files have been written to: /scratch/luisr/mlir-aie/programming_examples/basic/block_datatypes/matrix_multiplication/whole_array/_build
cd _build &&  cmake --build . --config Release
gmake[1]: Entering directory '/scratch/luisr/mlir-aie/programming_examples/basic/block_datatypes/matrix_multiplication/whole_array/_build'
gmake[2]: Entering directory '/scratch/luisr/mlir-aie/programming_examples/basic/block_datatypes/matrix_multiplication/whole_array/_build'
gmake[3]: Entering directory '/scratch/luisr/mlir-aie/programming_examples/basic/block_datatypes/matrix_multiplication/whole_array/_build'
gmake[3]: Leaving directory '/scratch/luisr/mlir-aie/programming_examples/basic/block_datatypes/matrix_multiplication/whole_array/_build'
gmake[3]: Entering directory '/scratch/luisr/mlir-aie/programming_examples/basic/block_datatypes/matrix_multiplication/whole_array/_build'
[ 33%] Building CXX object CMakeFiles/whole_array.dir/bfp_test.cpp.o
[ 66%] Building CXX object CMakeFiles/whole_array.dir/scratch/luisr/mlir-aie/runtime_lib/test_lib/test_utils.cpp.o
[100%] Linking CXX executable whole_array
gmake[3]: Leaving directory '/scratch/luisr/mlir-aie/programming_examples/basic/block_datatypes/matrix_multiplication/whole_array/_build'
[100%] Built target whole_array
gmake[2]: Leaving directory '/scratch/luisr/mlir-aie/programming_examples/basic/block_datatypes/matrix_multiplication/whole_array/_build'
gmake[1]: Leaving directory '/scratch/luisr/mlir-aie/programming_examples/basic/block_datatypes/matrix_multiplication/whole_array/_build'
cp _build/whole_array whole_array.exe 
mkdir -p build
python3 /scratch/luisr/mlir-aie/programming_examples/basic/block_datatypes/matrix_multiplication/whole_array/whole_array.py --n-aie-cols 8 -m 64 -k 128 -n 64 -M 512 -K 1024 -N 512 > build/aie_512x1024x512_64x128x64.mlir
mkdir -p build
cd build && xchesscc_wrapper aie2p -I /proj/xbuilds/2024.2_INT_1113_1001/installs/all_platforms/Vitis/2024.2/aietools/include  -DDIM_M=64 -DDIM_K=128 -DDIM_N=64 -DOPT_PERF_ENABLED -c /scratch/luisr/mlir-aie/programming_examples/basic/block_datatypes/matrix_multiplication/whole_array/../mm.cc -o mm_64x128x64.o
WARNING: Default location for XILINX_VIVADO_IP_OVERRIDE not found: /build/xfndry/IP_2024.2_INTEGRATION_VERIFIED/customer/vivado/data/ip
mkdir -p build
cd build && aiecc.py --alloc-scheme= --aie-generate-xclbin --no-compile-host --xclbin-name=final_512x1024x512_64x128x64.xclbin \
			 --dynamic-objFifos \
			--aie-generate-npu-insts --npu-insts-name=insts_512x1024x512_64x128x64.txt ../build/aie_512x1024x512_64x128x64.mlir
[AIE ERROR] _XAie_LoadProgMemSection():231: Overflow of program memory
XAie_LoadElf failed with XAIE_INVALID_ELF
Generating: /scratch/luisr/mlir-aie/programming_examples/basic/block_datatypes/matrix_multiplication/whole_array/build/aie_512x1024x512_64x128x64.mlir.prj/aie_cdo_elfs.bin
Traceback (most recent call last):
  File "/scratch/luisr/mlir-aie/install/bin/aiecc.py", line 12, in <module>
    main()
  File "/scratch/luisr/mlir-aie/install/python/aie/compiler/aiecc/main.py", line 1476, in main
    run(module_str)
  File "/scratch/luisr/mlir-aie/install/python/aie/compiler/aiecc/main.py", line 1450, in run
    asyncio.run(runner.run_flow())
  File "/usr/lib/python3.12/asyncio/runners.py", line 194, in run
    return runner.run(main)
           ^^^^^^^^^^^^^^^^
  File "/usr/lib/python3.12/asyncio/runners.py", line 118, in run
    return self._loop.run_until_complete(task)
           ^^^^^^^^^^^^^^^^^^^^^^^^^^^^^^^^^^^
  File "/usr/lib/python3.12/asyncio/base_events.py", line 687, in run_until_complete
    return future.result()
           ^^^^^^^^^^^^^^^
  File "/scratch/luisr/mlir-aie/install/python/aie/compiler/aiecc/main.py", line 1350, in run_flow
    await self.process_cdo(input_physical_str)
  File "/scratch/luisr/mlir-aie/install/python/aie/compiler/aiecc/main.py", line 600, in process_cdo
    aiedialect.generate_cdo(input_physical.operation, self.tmpdirname)
ValueError: Failed to generate cdo because: 
make: *** [/scratch/luisr/mlir-aie/programming_examples/basic/block_datatypes/matrix_multiplication/whole_array/../makefile_common:73: build/final_512x1024x512_64x128x64.xclbin] Error 1
rm -rf build _build whole_array.exe
rm -rf _build
mkdir -p _build
cd _build &&  cmake -E env CXXFLAGS="-std=c++23 -ggdb -DDTYPE_IN= -DDTYPE_OUT= -DDTYPE_ACC=" \
	cmake `echo /scratch/luisr/mlir-aie/programming_examples/basic/block_datatypes/matrix_multiplication/whole_array/..` -D CMAKE_C_COMPILER=gcc-13 -D CMAKE_CXX_COMPILER=g++-13 -DTARGET_NAME=whole_array -Dhostsrc=/scratch/luisr/mlir-aie/programming_examples/basic/block_datatypes/matrix_multiplication/whole_array/../bfp_test.cpp
CMake Deprecation Warning at CMakeLists.txt:13 (cmake_minimum_required):
  Compatibility with CMake < 3.10 will be removed from a future version of
  CMake.

  Update the VERSION argument <min> value.  Or, use the <min>...<max> syntax
  to tell CMake that the project requires at least <min> but has been updated
  to work with policies introduced by <max> or earlier.


-- The C compiler identification is GNU 13.3.0
-- The CXX compiler identification is GNU 13.3.0
-- Detecting C compiler ABI info
-- Detecting C compiler ABI info - done
-- Check for working C compiler: /usr/bin/gcc-13 - skipped
-- Detecting C compile features
-- Detecting C compile features - done
-- Detecting CXX compiler ABI info
-- Detecting CXX compiler ABI info - done
-- Check for working CXX compiler: /usr/bin/g++-13 - skipped
-- Detecting CXX compile features
-- Detecting CXX compile features - done
-- Configuring done (0.3s)
-- Generating done (0.0s)
-- Build files have been written to: /scratch/luisr/mlir-aie/programming_examples/basic/block_datatypes/matrix_multiplication/whole_array/_build
cd _build &&  cmake --build . --config Release
gmake[1]: Entering directory '/scratch/luisr/mlir-aie/programming_examples/basic/block_datatypes/matrix_multiplication/whole_array/_build'
gmake[2]: Entering directory '/scratch/luisr/mlir-aie/programming_examples/basic/block_datatypes/matrix_multiplication/whole_array/_build'
gmake[3]: Entering directory '/scratch/luisr/mlir-aie/programming_examples/basic/block_datatypes/matrix_multiplication/whole_array/_build'
gmake[3]: Leaving directory '/scratch/luisr/mlir-aie/programming_examples/basic/block_datatypes/matrix_multiplication/whole_array/_build'
gmake[3]: Entering directory '/scratch/luisr/mlir-aie/programming_examples/basic/block_datatypes/matrix_multiplication/whole_array/_build'
[ 33%] Building CXX object CMakeFiles/whole_array.dir/bfp_test.cpp.o
[ 66%] Building CXX object CMakeFiles/whole_array.dir/scratch/luisr/mlir-aie/runtime_lib/test_lib/test_utils.cpp.o
[100%] Linking CXX executable whole_array
gmake[3]: Leaving directory '/scratch/luisr/mlir-aie/programming_examples/basic/block_datatypes/matrix_multiplication/whole_array/_build'
[100%] Built target whole_array
gmake[2]: Leaving directory '/scratch/luisr/mlir-aie/programming_examples/basic/block_datatypes/matrix_multiplication/whole_array/_build'
gmake[1]: Leaving directory '/scratch/luisr/mlir-aie/programming_examples/basic/block_datatypes/matrix_multiplication/whole_array/_build'
cp _build/whole_array whole_array.exe 
mkdir -p build
python3 /scratch/luisr/mlir-aie/programming_examples/basic/block_datatypes/matrix_multiplication/whole_array/whole_array.py --n-aie-cols 8 -m 64 -k 128 -n 64 -M 512 -K 1024 -N 1024 > build/aie_512x1024x1024_64x128x64.mlir
mkdir -p build
cd build && xchesscc_wrapper aie2p -I /proj/xbuilds/2024.2_INT_1113_1001/installs/all_platforms/Vitis/2024.2/aietools/include  -DDIM_M=64 -DDIM_K=128 -DDIM_N=64 -DOPT_PERF_ENABLED -c /scratch/luisr/mlir-aie/programming_examples/basic/block_datatypes/matrix_multiplication/whole_array/../mm.cc -o mm_64x128x64.o
WARNING: Default location for XILINX_VIVADO_IP_OVERRIDE not found: /build/xfndry/IP_2024.2_INTEGRATION_VERIFIED/customer/vivado/data/ip
mkdir -p build
cd build && aiecc.py --alloc-scheme= --aie-generate-xclbin --no-compile-host --xclbin-name=final_512x1024x1024_64x128x64.xclbin \
			 --dynamic-objFifos \
			--aie-generate-npu-insts --npu-insts-name=insts_512x1024x1024_64x128x64.txt ../build/aie_512x1024x1024_64x128x64.mlir
[AIE ERROR] _XAie_LoadProgMemSection():231: Overflow of program memory
XAie_LoadElf failed with XAIE_INVALID_ELF
Generating: /scratch/luisr/mlir-aie/programming_examples/basic/block_datatypes/matrix_multiplication/whole_array/build/aie_512x1024x1024_64x128x64.mlir.prj/aie_cdo_elfs.bin
Traceback (most recent call last):
  File "/scratch/luisr/mlir-aie/install/bin/aiecc.py", line 12, in <module>
    main()
  File "/scratch/luisr/mlir-aie/install/python/aie/compiler/aiecc/main.py", line 1476, in main
    run(module_str)
  File "/scratch/luisr/mlir-aie/install/python/aie/compiler/aiecc/main.py", line 1450, in run
    asyncio.run(runner.run_flow())
  File "/usr/lib/python3.12/asyncio/runners.py", line 194, in run
    return runner.run(main)
           ^^^^^^^^^^^^^^^^
  File "/usr/lib/python3.12/asyncio/runners.py", line 118, in run
    return self._loop.run_until_complete(task)
           ^^^^^^^^^^^^^^^^^^^^^^^^^^^^^^^^^^^
  File "/usr/lib/python3.12/asyncio/base_events.py", line 687, in run_until_complete
    return future.result()
           ^^^^^^^^^^^^^^^
  File "/scratch/luisr/mlir-aie/install/python/aie/compiler/aiecc/main.py", line 1350, in run_flow
    await self.process_cdo(input_physical_str)
  File "/scratch/luisr/mlir-aie/install/python/aie/compiler/aiecc/main.py", line 600, in process_cdo
    aiedialect.generate_cdo(input_physical.operation, self.tmpdirname)
ValueError: Failed to generate cdo because: 
make: *** [/scratch/luisr/mlir-aie/programming_examples/basic/block_datatypes/matrix_multiplication/whole_array/../makefile_common:73: build/final_512x1024x1024_64x128x64.xclbin] Error 1
rm -rf build _build whole_array.exe
rm -rf _build
mkdir -p _build
cd _build &&  cmake -E env CXXFLAGS="-std=c++23 -ggdb -DDTYPE_IN= -DDTYPE_OUT= -DDTYPE_ACC=" \
	cmake `echo /scratch/luisr/mlir-aie/programming_examples/basic/block_datatypes/matrix_multiplication/whole_array/..` -D CMAKE_C_COMPILER=gcc-13 -D CMAKE_CXX_COMPILER=g++-13 -DTARGET_NAME=whole_array -Dhostsrc=/scratch/luisr/mlir-aie/programming_examples/basic/block_datatypes/matrix_multiplication/whole_array/../bfp_test.cpp
CMake Deprecation Warning at CMakeLists.txt:13 (cmake_minimum_required):
  Compatibility with CMake < 3.10 will be removed from a future version of
  CMake.

  Update the VERSION argument <min> value.  Or, use the <min>...<max> syntax
  to tell CMake that the project requires at least <min> but has been updated
  to work with policies introduced by <max> or earlier.


-- The C compiler identification is GNU 13.3.0
-- The CXX compiler identification is GNU 13.3.0
-- Detecting C compiler ABI info
-- Detecting C compiler ABI info - done
-- Check for working C compiler: /usr/bin/gcc-13 - skipped
-- Detecting C compile features
-- Detecting C compile features - done
-- Detecting CXX compiler ABI info
-- Detecting CXX compiler ABI info - done
-- Check for working CXX compiler: /usr/bin/g++-13 - skipped
-- Detecting CXX compile features
-- Detecting CXX compile features - done
-- Configuring done (0.3s)
-- Generating done (0.0s)
-- Build files have been written to: /scratch/luisr/mlir-aie/programming_examples/basic/block_datatypes/matrix_multiplication/whole_array/_build
cd _build &&  cmake --build . --config Release
gmake[1]: Entering directory '/scratch/luisr/mlir-aie/programming_examples/basic/block_datatypes/matrix_multiplication/whole_array/_build'
gmake[2]: Entering directory '/scratch/luisr/mlir-aie/programming_examples/basic/block_datatypes/matrix_multiplication/whole_array/_build'
gmake[3]: Entering directory '/scratch/luisr/mlir-aie/programming_examples/basic/block_datatypes/matrix_multiplication/whole_array/_build'
gmake[3]: Leaving directory '/scratch/luisr/mlir-aie/programming_examples/basic/block_datatypes/matrix_multiplication/whole_array/_build'
gmake[3]: Entering directory '/scratch/luisr/mlir-aie/programming_examples/basic/block_datatypes/matrix_multiplication/whole_array/_build'
[ 33%] Building CXX object CMakeFiles/whole_array.dir/bfp_test.cpp.o
[ 66%] Building CXX object CMakeFiles/whole_array.dir/scratch/luisr/mlir-aie/runtime_lib/test_lib/test_utils.cpp.o
[100%] Linking CXX executable whole_array
gmake[3]: Leaving directory '/scratch/luisr/mlir-aie/programming_examples/basic/block_datatypes/matrix_multiplication/whole_array/_build'
[100%] Built target whole_array
gmake[2]: Leaving directory '/scratch/luisr/mlir-aie/programming_examples/basic/block_datatypes/matrix_multiplication/whole_array/_build'
gmake[1]: Leaving directory '/scratch/luisr/mlir-aie/programming_examples/basic/block_datatypes/matrix_multiplication/whole_array/_build'
cp _build/whole_array whole_array.exe 
mkdir -p build
python3 /scratch/luisr/mlir-aie/programming_examples/basic/block_datatypes/matrix_multiplication/whole_array/whole_array.py --n-aie-cols 8 -m 64 -k 128 -n 64 -M 512 -K 1024 -N 2560 > build/aie_512x1024x2560_64x128x64.mlir
mkdir -p build
cd build && xchesscc_wrapper aie2p -I /proj/xbuilds/2024.2_INT_1113_1001/installs/all_platforms/Vitis/2024.2/aietools/include  -DDIM_M=64 -DDIM_K=128 -DDIM_N=64 -DOPT_PERF_ENABLED -c /scratch/luisr/mlir-aie/programming_examples/basic/block_datatypes/matrix_multiplication/whole_array/../mm.cc -o mm_64x128x64.o
WARNING: Default location for XILINX_VIVADO_IP_OVERRIDE not found: /build/xfndry/IP_2024.2_INTEGRATION_VERIFIED/customer/vivado/data/ip
mkdir -p build
cd build && aiecc.py --alloc-scheme= --aie-generate-xclbin --no-compile-host --xclbin-name=final_512x1024x2560_64x128x64.xclbin \
			 --dynamic-objFifos \
			--aie-generate-npu-insts --npu-insts-name=insts_512x1024x2560_64x128x64.txt ../build/aie_512x1024x2560_64x128x64.mlir
[AIE ERROR] _XAie_LoadProgMemSection():231: Overflow of program memory
XAie_LoadElf failed with XAIE_INVALID_ELF
Generating: /scratch/luisr/mlir-aie/programming_examples/basic/block_datatypes/matrix_multiplication/whole_array/build/aie_512x1024x2560_64x128x64.mlir.prj/aie_cdo_elfs.bin
Traceback (most recent call last):
  File "/scratch/luisr/mlir-aie/install/bin/aiecc.py", line 12, in <module>
    main()
  File "/scratch/luisr/mlir-aie/install/python/aie/compiler/aiecc/main.py", line 1476, in main
    run(module_str)
  File "/scratch/luisr/mlir-aie/install/python/aie/compiler/aiecc/main.py", line 1450, in run
    asyncio.run(runner.run_flow())
  File "/usr/lib/python3.12/asyncio/runners.py", line 194, in run
    return runner.run(main)
           ^^^^^^^^^^^^^^^^
  File "/usr/lib/python3.12/asyncio/runners.py", line 118, in run
    return self._loop.run_until_complete(task)
           ^^^^^^^^^^^^^^^^^^^^^^^^^^^^^^^^^^^
  File "/usr/lib/python3.12/asyncio/base_events.py", line 687, in run_until_complete
    return future.result()
           ^^^^^^^^^^^^^^^
  File "/scratch/luisr/mlir-aie/install/python/aie/compiler/aiecc/main.py", line 1350, in run_flow
    await self.process_cdo(input_physical_str)
  File "/scratch/luisr/mlir-aie/install/python/aie/compiler/aiecc/main.py", line 600, in process_cdo
    aiedialect.generate_cdo(input_physical.operation, self.tmpdirname)
ValueError: Failed to generate cdo because: 
make: *** [/scratch/luisr/mlir-aie/programming_examples/basic/block_datatypes/matrix_multiplication/whole_array/../makefile_common:73: build/final_512x1024x2560_64x128x64.xclbin] Error 1
rm -rf build _build whole_array.exe
rm -rf _build
mkdir -p _build
cd _build &&  cmake -E env CXXFLAGS="-std=c++23 -ggdb -DDTYPE_IN= -DDTYPE_OUT= -DDTYPE_ACC=" \
	cmake `echo /scratch/luisr/mlir-aie/programming_examples/basic/block_datatypes/matrix_multiplication/whole_array/..` -D CMAKE_C_COMPILER=gcc-13 -D CMAKE_CXX_COMPILER=g++-13 -DTARGET_NAME=whole_array -Dhostsrc=/scratch/luisr/mlir-aie/programming_examples/basic/block_datatypes/matrix_multiplication/whole_array/../bfp_test.cpp
CMake Deprecation Warning at CMakeLists.txt:13 (cmake_minimum_required):
  Compatibility with CMake < 3.10 will be removed from a future version of
  CMake.

  Update the VERSION argument <min> value.  Or, use the <min>...<max> syntax
  to tell CMake that the project requires at least <min> but has been updated
  to work with policies introduced by <max> or earlier.


-- The C compiler identification is GNU 13.3.0
-- The CXX compiler identification is GNU 13.3.0
-- Detecting C compiler ABI info
-- Detecting C compiler ABI info - done
-- Check for working C compiler: /usr/bin/gcc-13 - skipped
-- Detecting C compile features
-- Detecting C compile features - done
-- Detecting CXX compiler ABI info
-- Detecting CXX compiler ABI info - done
-- Check for working CXX compiler: /usr/bin/g++-13 - skipped
-- Detecting CXX compile features
-- Detecting CXX compile features - done
-- Configuring done (0.3s)
-- Generating done (0.0s)
-- Build files have been written to: /scratch/luisr/mlir-aie/programming_examples/basic/block_datatypes/matrix_multiplication/whole_array/_build
cd _build &&  cmake --build . --config Release
gmake[1]: Entering directory '/scratch/luisr/mlir-aie/programming_examples/basic/block_datatypes/matrix_multiplication/whole_array/_build'
gmake[2]: Entering directory '/scratch/luisr/mlir-aie/programming_examples/basic/block_datatypes/matrix_multiplication/whole_array/_build'
gmake[3]: Entering directory '/scratch/luisr/mlir-aie/programming_examples/basic/block_datatypes/matrix_multiplication/whole_array/_build'
gmake[3]: Leaving directory '/scratch/luisr/mlir-aie/programming_examples/basic/block_datatypes/matrix_multiplication/whole_array/_build'
gmake[3]: Entering directory '/scratch/luisr/mlir-aie/programming_examples/basic/block_datatypes/matrix_multiplication/whole_array/_build'
[ 33%] Building CXX object CMakeFiles/whole_array.dir/bfp_test.cpp.o
[ 66%] Building CXX object CMakeFiles/whole_array.dir/scratch/luisr/mlir-aie/runtime_lib/test_lib/test_utils.cpp.o
[100%] Linking CXX executable whole_array
gmake[3]: Leaving directory '/scratch/luisr/mlir-aie/programming_examples/basic/block_datatypes/matrix_multiplication/whole_array/_build'
[100%] Built target whole_array
gmake[2]: Leaving directory '/scratch/luisr/mlir-aie/programming_examples/basic/block_datatypes/matrix_multiplication/whole_array/_build'
gmake[1]: Leaving directory '/scratch/luisr/mlir-aie/programming_examples/basic/block_datatypes/matrix_multiplication/whole_array/_build'
cp _build/whole_array whole_array.exe 
mkdir -p build
python3 /scratch/luisr/mlir-aie/programming_examples/basic/block_datatypes/matrix_multiplication/whole_array/whole_array.py --n-aie-cols 8 -m 64 -k 128 -n 64 -M 512 -K 1024 -N 4096 > build/aie_512x1024x4096_64x128x64.mlir
mkdir -p build
cd build && xchesscc_wrapper aie2p -I /proj/xbuilds/2024.2_INT_1113_1001/installs/all_platforms/Vitis/2024.2/aietools/include  -DDIM_M=64 -DDIM_K=128 -DDIM_N=64 -DOPT_PERF_ENABLED -c /scratch/luisr/mlir-aie/programming_examples/basic/block_datatypes/matrix_multiplication/whole_array/../mm.cc -o mm_64x128x64.o
WARNING: Default location for XILINX_VIVADO_IP_OVERRIDE not found: /build/xfndry/IP_2024.2_INTEGRATION_VERIFIED/customer/vivado/data/ip
mkdir -p build
cd build && aiecc.py --alloc-scheme= --aie-generate-xclbin --no-compile-host --xclbin-name=final_512x1024x4096_64x128x64.xclbin \
			 --dynamic-objFifos \
			--aie-generate-npu-insts --npu-insts-name=insts_512x1024x4096_64x128x64.txt ../build/aie_512x1024x4096_64x128x64.mlir
[AIE ERROR] _XAie_LoadProgMemSection():231: Overflow of program memory
XAie_LoadElf failed with XAIE_INVALID_ELF
Generating: /scratch/luisr/mlir-aie/programming_examples/basic/block_datatypes/matrix_multiplication/whole_array/build/aie_512x1024x4096_64x128x64.mlir.prj/aie_cdo_elfs.bin
Traceback (most recent call last):
  File "/scratch/luisr/mlir-aie/install/bin/aiecc.py", line 12, in <module>
    main()
  File "/scratch/luisr/mlir-aie/install/python/aie/compiler/aiecc/main.py", line 1476, in main
    run(module_str)
  File "/scratch/luisr/mlir-aie/install/python/aie/compiler/aiecc/main.py", line 1450, in run
    asyncio.run(runner.run_flow())
  File "/usr/lib/python3.12/asyncio/runners.py", line 194, in run
    return runner.run(main)
           ^^^^^^^^^^^^^^^^
  File "/usr/lib/python3.12/asyncio/runners.py", line 118, in run
    return self._loop.run_until_complete(task)
           ^^^^^^^^^^^^^^^^^^^^^^^^^^^^^^^^^^^
  File "/usr/lib/python3.12/asyncio/base_events.py", line 687, in run_until_complete
    return future.result()
           ^^^^^^^^^^^^^^^
  File "/scratch/luisr/mlir-aie/install/python/aie/compiler/aiecc/main.py", line 1350, in run_flow
    await self.process_cdo(input_physical_str)
  File "/scratch/luisr/mlir-aie/install/python/aie/compiler/aiecc/main.py", line 600, in process_cdo
    aiedialect.generate_cdo(input_physical.operation, self.tmpdirname)
ValueError: Failed to generate cdo because: 
make: *** [/scratch/luisr/mlir-aie/programming_examples/basic/block_datatypes/matrix_multiplication/whole_array/../makefile_common:73: build/final_512x1024x4096_64x128x64.xclbin] Error 1
rm -rf build _build whole_array.exe
rm -rf _build
mkdir -p _build
cd _build &&  cmake -E env CXXFLAGS="-std=c++23 -ggdb -DDTYPE_IN= -DDTYPE_OUT= -DDTYPE_ACC=" \
	cmake `echo /scratch/luisr/mlir-aie/programming_examples/basic/block_datatypes/matrix_multiplication/whole_array/..` -D CMAKE_C_COMPILER=gcc-13 -D CMAKE_CXX_COMPILER=g++-13 -DTARGET_NAME=whole_array -Dhostsrc=/scratch/luisr/mlir-aie/programming_examples/basic/block_datatypes/matrix_multiplication/whole_array/../bfp_test.cpp
CMake Deprecation Warning at CMakeLists.txt:13 (cmake_minimum_required):
  Compatibility with CMake < 3.10 will be removed from a future version of
  CMake.

  Update the VERSION argument <min> value.  Or, use the <min>...<max> syntax
  to tell CMake that the project requires at least <min> but has been updated
  to work with policies introduced by <max> or earlier.


-- The C compiler identification is GNU 13.3.0
-- The CXX compiler identification is GNU 13.3.0
-- Detecting C compiler ABI info
-- Detecting C compiler ABI info - done
-- Check for working C compiler: /usr/bin/gcc-13 - skipped
-- Detecting C compile features
-- Detecting C compile features - done
-- Detecting CXX compiler ABI info
-- Detecting CXX compiler ABI info - done
-- Check for working CXX compiler: /usr/bin/g++-13 - skipped
-- Detecting CXX compile features
-- Detecting CXX compile features - done
-- Configuring done (0.2s)
-- Generating done (0.0s)
-- Build files have been written to: /scratch/luisr/mlir-aie/programming_examples/basic/block_datatypes/matrix_multiplication/whole_array/_build
cd _build &&  cmake --build . --config Release
gmake[1]: Entering directory '/scratch/luisr/mlir-aie/programming_examples/basic/block_datatypes/matrix_multiplication/whole_array/_build'
gmake[2]: Entering directory '/scratch/luisr/mlir-aie/programming_examples/basic/block_datatypes/matrix_multiplication/whole_array/_build'
gmake[3]: Entering directory '/scratch/luisr/mlir-aie/programming_examples/basic/block_datatypes/matrix_multiplication/whole_array/_build'
gmake[3]: Leaving directory '/scratch/luisr/mlir-aie/programming_examples/basic/block_datatypes/matrix_multiplication/whole_array/_build'
gmake[3]: Entering directory '/scratch/luisr/mlir-aie/programming_examples/basic/block_datatypes/matrix_multiplication/whole_array/_build'
[ 33%] Building CXX object CMakeFiles/whole_array.dir/bfp_test.cpp.o
[ 66%] Building CXX object CMakeFiles/whole_array.dir/scratch/luisr/mlir-aie/runtime_lib/test_lib/test_utils.cpp.o
[100%] Linking CXX executable whole_array
gmake[3]: Leaving directory '/scratch/luisr/mlir-aie/programming_examples/basic/block_datatypes/matrix_multiplication/whole_array/_build'
[100%] Built target whole_array
gmake[2]: Leaving directory '/scratch/luisr/mlir-aie/programming_examples/basic/block_datatypes/matrix_multiplication/whole_array/_build'
gmake[1]: Leaving directory '/scratch/luisr/mlir-aie/programming_examples/basic/block_datatypes/matrix_multiplication/whole_array/_build'
cp _build/whole_array whole_array.exe 
mkdir -p build
python3 /scratch/luisr/mlir-aie/programming_examples/basic/block_datatypes/matrix_multiplication/whole_array/whole_array.py --n-aie-cols 8 -m 64 -k 128 -n 64 -M 512 -K 2560 -N 512 > build/aie_512x2560x512_64x128x64.mlir
mkdir -p build
cd build && xchesscc_wrapper aie2p -I /proj/xbuilds/2024.2_INT_1113_1001/installs/all_platforms/Vitis/2024.2/aietools/include  -DDIM_M=64 -DDIM_K=128 -DDIM_N=64 -DOPT_PERF_ENABLED -c /scratch/luisr/mlir-aie/programming_examples/basic/block_datatypes/matrix_multiplication/whole_array/../mm.cc -o mm_64x128x64.o
WARNING: Default location for XILINX_VIVADO_IP_OVERRIDE not found: /build/xfndry/IP_2024.2_INTEGRATION_VERIFIED/customer/vivado/data/ip
mkdir -p build
cd build && aiecc.py --alloc-scheme= --aie-generate-xclbin --no-compile-host --xclbin-name=final_512x2560x512_64x128x64.xclbin \
			 --dynamic-objFifos \
			--aie-generate-npu-insts --npu-insts-name=insts_512x2560x512_64x128x64.txt ../build/aie_512x2560x512_64x128x64.mlir
[AIE ERROR] _XAie_LoadProgMemSection():231: Overflow of program memory
XAie_LoadElf failed with XAIE_INVALID_ELF
Generating: /scratch/luisr/mlir-aie/programming_examples/basic/block_datatypes/matrix_multiplication/whole_array/build/aie_512x2560x512_64x128x64.mlir.prj/aie_cdo_elfs.bin
Traceback (most recent call last):
  File "/scratch/luisr/mlir-aie/install/bin/aiecc.py", line 12, in <module>
    main()
  File "/scratch/luisr/mlir-aie/install/python/aie/compiler/aiecc/main.py", line 1476, in main
    run(module_str)
  File "/scratch/luisr/mlir-aie/install/python/aie/compiler/aiecc/main.py", line 1450, in run
    asyncio.run(runner.run_flow())
  File "/usr/lib/python3.12/asyncio/runners.py", line 194, in run
    return runner.run(main)
           ^^^^^^^^^^^^^^^^
  File "/usr/lib/python3.12/asyncio/runners.py", line 118, in run
    return self._loop.run_until_complete(task)
           ^^^^^^^^^^^^^^^^^^^^^^^^^^^^^^^^^^^
  File "/usr/lib/python3.12/asyncio/base_events.py", line 687, in run_until_complete
    return future.result()
           ^^^^^^^^^^^^^^^
  File "/scratch/luisr/mlir-aie/install/python/aie/compiler/aiecc/main.py", line 1350, in run_flow
    await self.process_cdo(input_physical_str)
  File "/scratch/luisr/mlir-aie/install/python/aie/compiler/aiecc/main.py", line 600, in process_cdo
    aiedialect.generate_cdo(input_physical.operation, self.tmpdirname)
ValueError: Failed to generate cdo because: 
make: *** [/scratch/luisr/mlir-aie/programming_examples/basic/block_datatypes/matrix_multiplication/whole_array/../makefile_common:73: build/final_512x2560x512_64x128x64.xclbin] Error 1
rm -rf build _build whole_array.exe
rm -rf _build
mkdir -p _build
cd _build &&  cmake -E env CXXFLAGS="-std=c++23 -ggdb -DDTYPE_IN= -DDTYPE_OUT= -DDTYPE_ACC=" \
	cmake `echo /scratch/luisr/mlir-aie/programming_examples/basic/block_datatypes/matrix_multiplication/whole_array/..` -D CMAKE_C_COMPILER=gcc-13 -D CMAKE_CXX_COMPILER=g++-13 -DTARGET_NAME=whole_array -Dhostsrc=/scratch/luisr/mlir-aie/programming_examples/basic/block_datatypes/matrix_multiplication/whole_array/../bfp_test.cpp
CMake Deprecation Warning at CMakeLists.txt:13 (cmake_minimum_required):
  Compatibility with CMake < 3.10 will be removed from a future version of
  CMake.

  Update the VERSION argument <min> value.  Or, use the <min>...<max> syntax
  to tell CMake that the project requires at least <min> but has been updated
  to work with policies introduced by <max> or earlier.


-- The C compiler identification is GNU 13.3.0
-- The CXX compiler identification is GNU 13.3.0
-- Detecting C compiler ABI info
-- Detecting C compiler ABI info - done
-- Check for working C compiler: /usr/bin/gcc-13 - skipped
-- Detecting C compile features
-- Detecting C compile features - done
-- Detecting CXX compiler ABI info
-- Detecting CXX compiler ABI info - done
-- Check for working CXX compiler: /usr/bin/g++-13 - skipped
-- Detecting CXX compile features
-- Detecting CXX compile features - done
-- Configuring done (0.3s)
-- Generating done (0.0s)
-- Build files have been written to: /scratch/luisr/mlir-aie/programming_examples/basic/block_datatypes/matrix_multiplication/whole_array/_build
cd _build &&  cmake --build . --config Release
gmake[1]: Entering directory '/scratch/luisr/mlir-aie/programming_examples/basic/block_datatypes/matrix_multiplication/whole_array/_build'
gmake[2]: Entering directory '/scratch/luisr/mlir-aie/programming_examples/basic/block_datatypes/matrix_multiplication/whole_array/_build'
gmake[3]: Entering directory '/scratch/luisr/mlir-aie/programming_examples/basic/block_datatypes/matrix_multiplication/whole_array/_build'
gmake[3]: Leaving directory '/scratch/luisr/mlir-aie/programming_examples/basic/block_datatypes/matrix_multiplication/whole_array/_build'
gmake[3]: Entering directory '/scratch/luisr/mlir-aie/programming_examples/basic/block_datatypes/matrix_multiplication/whole_array/_build'
[ 33%] Building CXX object CMakeFiles/whole_array.dir/bfp_test.cpp.o
[ 66%] Building CXX object CMakeFiles/whole_array.dir/scratch/luisr/mlir-aie/runtime_lib/test_lib/test_utils.cpp.o
[100%] Linking CXX executable whole_array
gmake[3]: Leaving directory '/scratch/luisr/mlir-aie/programming_examples/basic/block_datatypes/matrix_multiplication/whole_array/_build'
[100%] Built target whole_array
gmake[2]: Leaving directory '/scratch/luisr/mlir-aie/programming_examples/basic/block_datatypes/matrix_multiplication/whole_array/_build'
gmake[1]: Leaving directory '/scratch/luisr/mlir-aie/programming_examples/basic/block_datatypes/matrix_multiplication/whole_array/_build'
cp _build/whole_array whole_array.exe 
mkdir -p build
python3 /scratch/luisr/mlir-aie/programming_examples/basic/block_datatypes/matrix_multiplication/whole_array/whole_array.py --n-aie-cols 8 -m 64 -k 128 -n 64 -M 512 -K 2560 -N 1024 > build/aie_512x2560x1024_64x128x64.mlir
mkdir -p build
cd build && xchesscc_wrapper aie2p -I /proj/xbuilds/2024.2_INT_1113_1001/installs/all_platforms/Vitis/2024.2/aietools/include  -DDIM_M=64 -DDIM_K=128 -DDIM_N=64 -DOPT_PERF_ENABLED -c /scratch/luisr/mlir-aie/programming_examples/basic/block_datatypes/matrix_multiplication/whole_array/../mm.cc -o mm_64x128x64.o
WARNING: Default location for XILINX_VIVADO_IP_OVERRIDE not found: /build/xfndry/IP_2024.2_INTEGRATION_VERIFIED/customer/vivado/data/ip
mkdir -p build
cd build && aiecc.py --alloc-scheme= --aie-generate-xclbin --no-compile-host --xclbin-name=final_512x2560x1024_64x128x64.xclbin \
			 --dynamic-objFifos \
			--aie-generate-npu-insts --npu-insts-name=insts_512x2560x1024_64x128x64.txt ../build/aie_512x2560x1024_64x128x64.mlir
[AIE ERROR] _XAie_LoadProgMemSection():231: Overflow of program memory
XAie_LoadElf failed with XAIE_INVALID_ELF
Generating: /scratch/luisr/mlir-aie/programming_examples/basic/block_datatypes/matrix_multiplication/whole_array/build/aie_512x2560x1024_64x128x64.mlir.prj/aie_cdo_elfs.bin
Traceback (most recent call last):
  File "/scratch/luisr/mlir-aie/install/bin/aiecc.py", line 12, in <module>
    main()
  File "/scratch/luisr/mlir-aie/install/python/aie/compiler/aiecc/main.py", line 1476, in main
    run(module_str)
  File "/scratch/luisr/mlir-aie/install/python/aie/compiler/aiecc/main.py", line 1450, in run
    asyncio.run(runner.run_flow())
  File "/usr/lib/python3.12/asyncio/runners.py", line 194, in run
    return runner.run(main)
           ^^^^^^^^^^^^^^^^
  File "/usr/lib/python3.12/asyncio/runners.py", line 118, in run
    return self._loop.run_until_complete(task)
           ^^^^^^^^^^^^^^^^^^^^^^^^^^^^^^^^^^^
  File "/usr/lib/python3.12/asyncio/base_events.py", line 687, in run_until_complete
    return future.result()
           ^^^^^^^^^^^^^^^
  File "/scratch/luisr/mlir-aie/install/python/aie/compiler/aiecc/main.py", line 1350, in run_flow
    await self.process_cdo(input_physical_str)
  File "/scratch/luisr/mlir-aie/install/python/aie/compiler/aiecc/main.py", line 600, in process_cdo
    aiedialect.generate_cdo(input_physical.operation, self.tmpdirname)
ValueError: Failed to generate cdo because: 
make: *** [/scratch/luisr/mlir-aie/programming_examples/basic/block_datatypes/matrix_multiplication/whole_array/../makefile_common:73: build/final_512x2560x1024_64x128x64.xclbin] Error 1
rm -rf build _build whole_array.exe
rm -rf _build
mkdir -p _build
cd _build &&  cmake -E env CXXFLAGS="-std=c++23 -ggdb -DDTYPE_IN= -DDTYPE_OUT= -DDTYPE_ACC=" \
	cmake `echo /scratch/luisr/mlir-aie/programming_examples/basic/block_datatypes/matrix_multiplication/whole_array/..` -D CMAKE_C_COMPILER=gcc-13 -D CMAKE_CXX_COMPILER=g++-13 -DTARGET_NAME=whole_array -Dhostsrc=/scratch/luisr/mlir-aie/programming_examples/basic/block_datatypes/matrix_multiplication/whole_array/../bfp_test.cpp
CMake Deprecation Warning at CMakeLists.txt:13 (cmake_minimum_required):
  Compatibility with CMake < 3.10 will be removed from a future version of
  CMake.

  Update the VERSION argument <min> value.  Or, use the <min>...<max> syntax
  to tell CMake that the project requires at least <min> but has been updated
  to work with policies introduced by <max> or earlier.


-- The C compiler identification is GNU 13.3.0
-- The CXX compiler identification is GNU 13.3.0
-- Detecting C compiler ABI info
-- Detecting C compiler ABI info - done
-- Check for working C compiler: /usr/bin/gcc-13 - skipped
-- Detecting C compile features
-- Detecting C compile features - done
-- Detecting CXX compiler ABI info
-- Detecting CXX compiler ABI info - done
-- Check for working CXX compiler: /usr/bin/g++-13 - skipped
-- Detecting CXX compile features
-- Detecting CXX compile features - done
-- Configuring done (0.3s)
-- Generating done (0.0s)
-- Build files have been written to: /scratch/luisr/mlir-aie/programming_examples/basic/block_datatypes/matrix_multiplication/whole_array/_build
cd _build &&  cmake --build . --config Release
gmake[1]: Entering directory '/scratch/luisr/mlir-aie/programming_examples/basic/block_datatypes/matrix_multiplication/whole_array/_build'
gmake[2]: Entering directory '/scratch/luisr/mlir-aie/programming_examples/basic/block_datatypes/matrix_multiplication/whole_array/_build'
gmake[3]: Entering directory '/scratch/luisr/mlir-aie/programming_examples/basic/block_datatypes/matrix_multiplication/whole_array/_build'
gmake[3]: Leaving directory '/scratch/luisr/mlir-aie/programming_examples/basic/block_datatypes/matrix_multiplication/whole_array/_build'
gmake[3]: Entering directory '/scratch/luisr/mlir-aie/programming_examples/basic/block_datatypes/matrix_multiplication/whole_array/_build'
[ 33%] Building CXX object CMakeFiles/whole_array.dir/bfp_test.cpp.o
[ 66%] Building CXX object CMakeFiles/whole_array.dir/scratch/luisr/mlir-aie/runtime_lib/test_lib/test_utils.cpp.o
[100%] Linking CXX executable whole_array
gmake[3]: Leaving directory '/scratch/luisr/mlir-aie/programming_examples/basic/block_datatypes/matrix_multiplication/whole_array/_build'
[100%] Built target whole_array
gmake[2]: Leaving directory '/scratch/luisr/mlir-aie/programming_examples/basic/block_datatypes/matrix_multiplication/whole_array/_build'
gmake[1]: Leaving directory '/scratch/luisr/mlir-aie/programming_examples/basic/block_datatypes/matrix_multiplication/whole_array/_build'
cp _build/whole_array whole_array.exe 
mkdir -p build
python3 /scratch/luisr/mlir-aie/programming_examples/basic/block_datatypes/matrix_multiplication/whole_array/whole_array.py --n-aie-cols 8 -m 64 -k 128 -n 64 -M 512 -K 2560 -N 2560 > build/aie_512x2560x2560_64x128x64.mlir
mkdir -p build
cd build && xchesscc_wrapper aie2p -I /proj/xbuilds/2024.2_INT_1113_1001/installs/all_platforms/Vitis/2024.2/aietools/include  -DDIM_M=64 -DDIM_K=128 -DDIM_N=64 -DOPT_PERF_ENABLED -c /scratch/luisr/mlir-aie/programming_examples/basic/block_datatypes/matrix_multiplication/whole_array/../mm.cc -o mm_64x128x64.o
WARNING: Default location for XILINX_VIVADO_IP_OVERRIDE not found: /build/xfndry/IP_2024.2_INTEGRATION_VERIFIED/customer/vivado/data/ip
mkdir -p build
cd build && aiecc.py --alloc-scheme= --aie-generate-xclbin --no-compile-host --xclbin-name=final_512x2560x2560_64x128x64.xclbin \
			 --dynamic-objFifos \
			--aie-generate-npu-insts --npu-insts-name=insts_512x2560x2560_64x128x64.txt ../build/aie_512x2560x2560_64x128x64.mlir
[AIE ERROR] _XAie_LoadProgMemSection():231: Overflow of program memory
XAie_LoadElf failed with XAIE_INVALID_ELF
Generating: /scratch/luisr/mlir-aie/programming_examples/basic/block_datatypes/matrix_multiplication/whole_array/build/aie_512x2560x2560_64x128x64.mlir.prj/aie_cdo_elfs.bin
Traceback (most recent call last):
  File "/scratch/luisr/mlir-aie/install/bin/aiecc.py", line 12, in <module>
    main()
  File "/scratch/luisr/mlir-aie/install/python/aie/compiler/aiecc/main.py", line 1476, in main
    run(module_str)
  File "/scratch/luisr/mlir-aie/install/python/aie/compiler/aiecc/main.py", line 1450, in run
    asyncio.run(runner.run_flow())
  File "/usr/lib/python3.12/asyncio/runners.py", line 194, in run
    return runner.run(main)
           ^^^^^^^^^^^^^^^^
  File "/usr/lib/python3.12/asyncio/runners.py", line 118, in run
    return self._loop.run_until_complete(task)
           ^^^^^^^^^^^^^^^^^^^^^^^^^^^^^^^^^^^
  File "/usr/lib/python3.12/asyncio/base_events.py", line 687, in run_until_complete
    return future.result()
           ^^^^^^^^^^^^^^^
  File "/scratch/luisr/mlir-aie/install/python/aie/compiler/aiecc/main.py", line 1350, in run_flow
    await self.process_cdo(input_physical_str)
  File "/scratch/luisr/mlir-aie/install/python/aie/compiler/aiecc/main.py", line 600, in process_cdo
    aiedialect.generate_cdo(input_physical.operation, self.tmpdirname)
ValueError: Failed to generate cdo because: 
make: *** [/scratch/luisr/mlir-aie/programming_examples/basic/block_datatypes/matrix_multiplication/whole_array/../makefile_common:73: build/final_512x2560x2560_64x128x64.xclbin] Error 1
rm -rf build _build whole_array.exe
rm -rf _build
mkdir -p _build
cd _build &&  cmake -E env CXXFLAGS="-std=c++23 -ggdb -DDTYPE_IN= -DDTYPE_OUT= -DDTYPE_ACC=" \
	cmake `echo /scratch/luisr/mlir-aie/programming_examples/basic/block_datatypes/matrix_multiplication/whole_array/..` -D CMAKE_C_COMPILER=gcc-13 -D CMAKE_CXX_COMPILER=g++-13 -DTARGET_NAME=whole_array -Dhostsrc=/scratch/luisr/mlir-aie/programming_examples/basic/block_datatypes/matrix_multiplication/whole_array/../bfp_test.cpp
CMake Deprecation Warning at CMakeLists.txt:13 (cmake_minimum_required):
  Compatibility with CMake < 3.10 will be removed from a future version of
  CMake.

  Update the VERSION argument <min> value.  Or, use the <min>...<max> syntax
  to tell CMake that the project requires at least <min> but has been updated
  to work with policies introduced by <max> or earlier.


-- The C compiler identification is GNU 13.3.0
-- The CXX compiler identification is GNU 13.3.0
-- Detecting C compiler ABI info
-- Detecting C compiler ABI info - done
-- Check for working C compiler: /usr/bin/gcc-13 - skipped
-- Detecting C compile features
-- Detecting C compile features - done
-- Detecting CXX compiler ABI info
-- Detecting CXX compiler ABI info - done
-- Check for working CXX compiler: /usr/bin/g++-13 - skipped
-- Detecting CXX compile features
-- Detecting CXX compile features - done
-- Configuring done (0.3s)
-- Generating done (0.0s)
-- Build files have been written to: /scratch/luisr/mlir-aie/programming_examples/basic/block_datatypes/matrix_multiplication/whole_array/_build
cd _build &&  cmake --build . --config Release
gmake[1]: Entering directory '/scratch/luisr/mlir-aie/programming_examples/basic/block_datatypes/matrix_multiplication/whole_array/_build'
gmake[2]: Entering directory '/scratch/luisr/mlir-aie/programming_examples/basic/block_datatypes/matrix_multiplication/whole_array/_build'
gmake[3]: Entering directory '/scratch/luisr/mlir-aie/programming_examples/basic/block_datatypes/matrix_multiplication/whole_array/_build'
gmake[3]: Leaving directory '/scratch/luisr/mlir-aie/programming_examples/basic/block_datatypes/matrix_multiplication/whole_array/_build'
gmake[3]: Entering directory '/scratch/luisr/mlir-aie/programming_examples/basic/block_datatypes/matrix_multiplication/whole_array/_build'
[ 33%] Building CXX object CMakeFiles/whole_array.dir/bfp_test.cpp.o
[ 66%] Building CXX object CMakeFiles/whole_array.dir/scratch/luisr/mlir-aie/runtime_lib/test_lib/test_utils.cpp.o
[100%] Linking CXX executable whole_array
gmake[3]: Leaving directory '/scratch/luisr/mlir-aie/programming_examples/basic/block_datatypes/matrix_multiplication/whole_array/_build'
[100%] Built target whole_array
gmake[2]: Leaving directory '/scratch/luisr/mlir-aie/programming_examples/basic/block_datatypes/matrix_multiplication/whole_array/_build'
gmake[1]: Leaving directory '/scratch/luisr/mlir-aie/programming_examples/basic/block_datatypes/matrix_multiplication/whole_array/_build'
cp _build/whole_array whole_array.exe 
mkdir -p build
python3 /scratch/luisr/mlir-aie/programming_examples/basic/block_datatypes/matrix_multiplication/whole_array/whole_array.py --n-aie-cols 8 -m 64 -k 128 -n 64 -M 512 -K 2560 -N 4096 > build/aie_512x2560x4096_64x128x64.mlir
mkdir -p build
cd build && xchesscc_wrapper aie2p -I /proj/xbuilds/2024.2_INT_1113_1001/installs/all_platforms/Vitis/2024.2/aietools/include  -DDIM_M=64 -DDIM_K=128 -DDIM_N=64 -DOPT_PERF_ENABLED -c /scratch/luisr/mlir-aie/programming_examples/basic/block_datatypes/matrix_multiplication/whole_array/../mm.cc -o mm_64x128x64.o
WARNING: Default location for XILINX_VIVADO_IP_OVERRIDE not found: /build/xfndry/IP_2024.2_INTEGRATION_VERIFIED/customer/vivado/data/ip
mkdir -p build
cd build && aiecc.py --alloc-scheme= --aie-generate-xclbin --no-compile-host --xclbin-name=final_512x2560x4096_64x128x64.xclbin \
			 --dynamic-objFifos \
			--aie-generate-npu-insts --npu-insts-name=insts_512x2560x4096_64x128x64.txt ../build/aie_512x2560x4096_64x128x64.mlir
[AIE ERROR] _XAie_LoadProgMemSection():231: Overflow of program memory
XAie_LoadElf failed with XAIE_INVALID_ELF
Generating: /scratch/luisr/mlir-aie/programming_examples/basic/block_datatypes/matrix_multiplication/whole_array/build/aie_512x2560x4096_64x128x64.mlir.prj/aie_cdo_elfs.bin
Traceback (most recent call last):
  File "/scratch/luisr/mlir-aie/install/bin/aiecc.py", line 12, in <module>
    main()
  File "/scratch/luisr/mlir-aie/install/python/aie/compiler/aiecc/main.py", line 1476, in main
    run(module_str)
  File "/scratch/luisr/mlir-aie/install/python/aie/compiler/aiecc/main.py", line 1450, in run
    asyncio.run(runner.run_flow())
  File "/usr/lib/python3.12/asyncio/runners.py", line 194, in run
    return runner.run(main)
           ^^^^^^^^^^^^^^^^
  File "/usr/lib/python3.12/asyncio/runners.py", line 118, in run
    return self._loop.run_until_complete(task)
           ^^^^^^^^^^^^^^^^^^^^^^^^^^^^^^^^^^^
  File "/usr/lib/python3.12/asyncio/base_events.py", line 687, in run_until_complete
    return future.result()
           ^^^^^^^^^^^^^^^
  File "/scratch/luisr/mlir-aie/install/python/aie/compiler/aiecc/main.py", line 1350, in run_flow
    await self.process_cdo(input_physical_str)
  File "/scratch/luisr/mlir-aie/install/python/aie/compiler/aiecc/main.py", line 600, in process_cdo
    aiedialect.generate_cdo(input_physical.operation, self.tmpdirname)
ValueError: Failed to generate cdo because: 
make: *** [/scratch/luisr/mlir-aie/programming_examples/basic/block_datatypes/matrix_multiplication/whole_array/../makefile_common:73: build/final_512x2560x4096_64x128x64.xclbin] Error 1
rm -rf build _build whole_array.exe
rm -rf _build
mkdir -p _build
cd _build &&  cmake -E env CXXFLAGS="-std=c++23 -ggdb -DDTYPE_IN= -DDTYPE_OUT= -DDTYPE_ACC=" \
	cmake `echo /scratch/luisr/mlir-aie/programming_examples/basic/block_datatypes/matrix_multiplication/whole_array/..` -D CMAKE_C_COMPILER=gcc-13 -D CMAKE_CXX_COMPILER=g++-13 -DTARGET_NAME=whole_array -Dhostsrc=/scratch/luisr/mlir-aie/programming_examples/basic/block_datatypes/matrix_multiplication/whole_array/../bfp_test.cpp
CMake Deprecation Warning at CMakeLists.txt:13 (cmake_minimum_required):
  Compatibility with CMake < 3.10 will be removed from a future version of
  CMake.

  Update the VERSION argument <min> value.  Or, use the <min>...<max> syntax
  to tell CMake that the project requires at least <min> but has been updated
  to work with policies introduced by <max> or earlier.


-- The C compiler identification is GNU 13.3.0
-- The CXX compiler identification is GNU 13.3.0
-- Detecting C compiler ABI info
-- Detecting C compiler ABI info - done
-- Check for working C compiler: /usr/bin/gcc-13 - skipped
-- Detecting C compile features
-- Detecting C compile features - done
-- Detecting CXX compiler ABI info
-- Detecting CXX compiler ABI info - done
-- Check for working CXX compiler: /usr/bin/g++-13 - skipped
-- Detecting CXX compile features
-- Detecting CXX compile features - done
-- Configuring done (0.2s)
-- Generating done (0.0s)
-- Build files have been written to: /scratch/luisr/mlir-aie/programming_examples/basic/block_datatypes/matrix_multiplication/whole_array/_build
cd _build &&  cmake --build . --config Release
gmake[1]: Entering directory '/scratch/luisr/mlir-aie/programming_examples/basic/block_datatypes/matrix_multiplication/whole_array/_build'
gmake[2]: Entering directory '/scratch/luisr/mlir-aie/programming_examples/basic/block_datatypes/matrix_multiplication/whole_array/_build'
gmake[3]: Entering directory '/scratch/luisr/mlir-aie/programming_examples/basic/block_datatypes/matrix_multiplication/whole_array/_build'
gmake[3]: Leaving directory '/scratch/luisr/mlir-aie/programming_examples/basic/block_datatypes/matrix_multiplication/whole_array/_build'
gmake[3]: Entering directory '/scratch/luisr/mlir-aie/programming_examples/basic/block_datatypes/matrix_multiplication/whole_array/_build'
[ 33%] Building CXX object CMakeFiles/whole_array.dir/bfp_test.cpp.o
[ 66%] Building CXX object CMakeFiles/whole_array.dir/scratch/luisr/mlir-aie/runtime_lib/test_lib/test_utils.cpp.o
[100%] Linking CXX executable whole_array
gmake[3]: Leaving directory '/scratch/luisr/mlir-aie/programming_examples/basic/block_datatypes/matrix_multiplication/whole_array/_build'
[100%] Built target whole_array
gmake[2]: Leaving directory '/scratch/luisr/mlir-aie/programming_examples/basic/block_datatypes/matrix_multiplication/whole_array/_build'
gmake[1]: Leaving directory '/scratch/luisr/mlir-aie/programming_examples/basic/block_datatypes/matrix_multiplication/whole_array/_build'
cp _build/whole_array whole_array.exe 
mkdir -p build
python3 /scratch/luisr/mlir-aie/programming_examples/basic/block_datatypes/matrix_multiplication/whole_array/whole_array.py --n-aie-cols 8 -m 64 -k 128 -n 64 -M 512 -K 4096 -N 512 > build/aie_512x4096x512_64x128x64.mlir
mkdir -p build
cd build && xchesscc_wrapper aie2p -I /proj/xbuilds/2024.2_INT_1113_1001/installs/all_platforms/Vitis/2024.2/aietools/include  -DDIM_M=64 -DDIM_K=128 -DDIM_N=64 -DOPT_PERF_ENABLED -c /scratch/luisr/mlir-aie/programming_examples/basic/block_datatypes/matrix_multiplication/whole_array/../mm.cc -o mm_64x128x64.o
WARNING: Default location for XILINX_VIVADO_IP_OVERRIDE not found: /build/xfndry/IP_2024.2_INTEGRATION_VERIFIED/customer/vivado/data/ip
mkdir -p build
cd build && aiecc.py --alloc-scheme= --aie-generate-xclbin --no-compile-host --xclbin-name=final_512x4096x512_64x128x64.xclbin \
			 --dynamic-objFifos \
			--aie-generate-npu-insts --npu-insts-name=insts_512x4096x512_64x128x64.txt ../build/aie_512x4096x512_64x128x64.mlir
[AIE ERROR] _XAie_LoadProgMemSection():231: Overflow of program memory
XAie_LoadElf failed with XAIE_INVALID_ELF
Generating: /scratch/luisr/mlir-aie/programming_examples/basic/block_datatypes/matrix_multiplication/whole_array/build/aie_512x4096x512_64x128x64.mlir.prj/aie_cdo_elfs.bin
Traceback (most recent call last):
  File "/scratch/luisr/mlir-aie/install/bin/aiecc.py", line 12, in <module>
    main()
  File "/scratch/luisr/mlir-aie/install/python/aie/compiler/aiecc/main.py", line 1476, in main
    run(module_str)
  File "/scratch/luisr/mlir-aie/install/python/aie/compiler/aiecc/main.py", line 1450, in run
    asyncio.run(runner.run_flow())
  File "/usr/lib/python3.12/asyncio/runners.py", line 194, in run
    return runner.run(main)
           ^^^^^^^^^^^^^^^^
  File "/usr/lib/python3.12/asyncio/runners.py", line 118, in run
    return self._loop.run_until_complete(task)
           ^^^^^^^^^^^^^^^^^^^^^^^^^^^^^^^^^^^
  File "/usr/lib/python3.12/asyncio/base_events.py", line 687, in run_until_complete
    return future.result()
           ^^^^^^^^^^^^^^^
  File "/scratch/luisr/mlir-aie/install/python/aie/compiler/aiecc/main.py", line 1350, in run_flow
    await self.process_cdo(input_physical_str)
  File "/scratch/luisr/mlir-aie/install/python/aie/compiler/aiecc/main.py", line 600, in process_cdo
    aiedialect.generate_cdo(input_physical.operation, self.tmpdirname)
ValueError: Failed to generate cdo because: 
make: *** [/scratch/luisr/mlir-aie/programming_examples/basic/block_datatypes/matrix_multiplication/whole_array/../makefile_common:73: build/final_512x4096x512_64x128x64.xclbin] Error 1
rm -rf build _build whole_array.exe
rm -rf _build
mkdir -p _build
cd _build &&  cmake -E env CXXFLAGS="-std=c++23 -ggdb -DDTYPE_IN= -DDTYPE_OUT= -DDTYPE_ACC=" \
	cmake `echo /scratch/luisr/mlir-aie/programming_examples/basic/block_datatypes/matrix_multiplication/whole_array/..` -D CMAKE_C_COMPILER=gcc-13 -D CMAKE_CXX_COMPILER=g++-13 -DTARGET_NAME=whole_array -Dhostsrc=/scratch/luisr/mlir-aie/programming_examples/basic/block_datatypes/matrix_multiplication/whole_array/../bfp_test.cpp
CMake Deprecation Warning at CMakeLists.txt:13 (cmake_minimum_required):
  Compatibility with CMake < 3.10 will be removed from a future version of
  CMake.

  Update the VERSION argument <min> value.  Or, use the <min>...<max> syntax
  to tell CMake that the project requires at least <min> but has been updated
  to work with policies introduced by <max> or earlier.


-- The C compiler identification is GNU 13.3.0
-- The CXX compiler identification is GNU 13.3.0
-- Detecting C compiler ABI info
-- Detecting C compiler ABI info - done
-- Check for working C compiler: /usr/bin/gcc-13 - skipped
-- Detecting C compile features
-- Detecting C compile features - done
-- Detecting CXX compiler ABI info
-- Detecting CXX compiler ABI info - done
-- Check for working CXX compiler: /usr/bin/g++-13 - skipped
-- Detecting CXX compile features
-- Detecting CXX compile features - done
-- Configuring done (0.2s)
-- Generating done (0.0s)
-- Build files have been written to: /scratch/luisr/mlir-aie/programming_examples/basic/block_datatypes/matrix_multiplication/whole_array/_build
cd _build &&  cmake --build . --config Release
gmake[1]: Entering directory '/scratch/luisr/mlir-aie/programming_examples/basic/block_datatypes/matrix_multiplication/whole_array/_build'
gmake[2]: Entering directory '/scratch/luisr/mlir-aie/programming_examples/basic/block_datatypes/matrix_multiplication/whole_array/_build'
gmake[3]: Entering directory '/scratch/luisr/mlir-aie/programming_examples/basic/block_datatypes/matrix_multiplication/whole_array/_build'
gmake[3]: Leaving directory '/scratch/luisr/mlir-aie/programming_examples/basic/block_datatypes/matrix_multiplication/whole_array/_build'
gmake[3]: Entering directory '/scratch/luisr/mlir-aie/programming_examples/basic/block_datatypes/matrix_multiplication/whole_array/_build'
[ 33%] Building CXX object CMakeFiles/whole_array.dir/bfp_test.cpp.o
[ 66%] Building CXX object CMakeFiles/whole_array.dir/scratch/luisr/mlir-aie/runtime_lib/test_lib/test_utils.cpp.o
[100%] Linking CXX executable whole_array
gmake[3]: Leaving directory '/scratch/luisr/mlir-aie/programming_examples/basic/block_datatypes/matrix_multiplication/whole_array/_build'
[100%] Built target whole_array
gmake[2]: Leaving directory '/scratch/luisr/mlir-aie/programming_examples/basic/block_datatypes/matrix_multiplication/whole_array/_build'
gmake[1]: Leaving directory '/scratch/luisr/mlir-aie/programming_examples/basic/block_datatypes/matrix_multiplication/whole_array/_build'
cp _build/whole_array whole_array.exe 
mkdir -p build
python3 /scratch/luisr/mlir-aie/programming_examples/basic/block_datatypes/matrix_multiplication/whole_array/whole_array.py --n-aie-cols 8 -m 64 -k 128 -n 64 -M 512 -K 4096 -N 1024 > build/aie_512x4096x1024_64x128x64.mlir
mkdir -p build
cd build && xchesscc_wrapper aie2p -I /proj/xbuilds/2024.2_INT_1113_1001/installs/all_platforms/Vitis/2024.2/aietools/include  -DDIM_M=64 -DDIM_K=128 -DDIM_N=64 -DOPT_PERF_ENABLED -c /scratch/luisr/mlir-aie/programming_examples/basic/block_datatypes/matrix_multiplication/whole_array/../mm.cc -o mm_64x128x64.o
WARNING: Default location for XILINX_VIVADO_IP_OVERRIDE not found: /build/xfndry/IP_2024.2_INTEGRATION_VERIFIED/customer/vivado/data/ip
mkdir -p build
cd build && aiecc.py --alloc-scheme= --aie-generate-xclbin --no-compile-host --xclbin-name=final_512x4096x1024_64x128x64.xclbin \
			 --dynamic-objFifos \
			--aie-generate-npu-insts --npu-insts-name=insts_512x4096x1024_64x128x64.txt ../build/aie_512x4096x1024_64x128x64.mlir
[AIE ERROR] _XAie_LoadProgMemSection():231: Overflow of program memory
XAie_LoadElf failed with XAIE_INVALID_ELF
Generating: /scratch/luisr/mlir-aie/programming_examples/basic/block_datatypes/matrix_multiplication/whole_array/build/aie_512x4096x1024_64x128x64.mlir.prj/aie_cdo_elfs.bin
Traceback (most recent call last):
  File "/scratch/luisr/mlir-aie/install/bin/aiecc.py", line 12, in <module>
    main()
  File "/scratch/luisr/mlir-aie/install/python/aie/compiler/aiecc/main.py", line 1476, in main
    run(module_str)
  File "/scratch/luisr/mlir-aie/install/python/aie/compiler/aiecc/main.py", line 1450, in run
    asyncio.run(runner.run_flow())
  File "/usr/lib/python3.12/asyncio/runners.py", line 194, in run
    return runner.run(main)
           ^^^^^^^^^^^^^^^^
  File "/usr/lib/python3.12/asyncio/runners.py", line 118, in run
    return self._loop.run_until_complete(task)
           ^^^^^^^^^^^^^^^^^^^^^^^^^^^^^^^^^^^
  File "/usr/lib/python3.12/asyncio/base_events.py", line 687, in run_until_complete
    return future.result()
           ^^^^^^^^^^^^^^^
  File "/scratch/luisr/mlir-aie/install/python/aie/compiler/aiecc/main.py", line 1350, in run_flow
    await self.process_cdo(input_physical_str)
  File "/scratch/luisr/mlir-aie/install/python/aie/compiler/aiecc/main.py", line 600, in process_cdo
    aiedialect.generate_cdo(input_physical.operation, self.tmpdirname)
ValueError: Failed to generate cdo because: 
make: *** [/scratch/luisr/mlir-aie/programming_examples/basic/block_datatypes/matrix_multiplication/whole_array/../makefile_common:73: build/final_512x4096x1024_64x128x64.xclbin] Error 1
rm -rf build _build whole_array.exe
rm -rf _build
mkdir -p _build
cd _build &&  cmake -E env CXXFLAGS="-std=c++23 -ggdb -DDTYPE_IN= -DDTYPE_OUT= -DDTYPE_ACC=" \
	cmake `echo /scratch/luisr/mlir-aie/programming_examples/basic/block_datatypes/matrix_multiplication/whole_array/..` -D CMAKE_C_COMPILER=gcc-13 -D CMAKE_CXX_COMPILER=g++-13 -DTARGET_NAME=whole_array -Dhostsrc=/scratch/luisr/mlir-aie/programming_examples/basic/block_datatypes/matrix_multiplication/whole_array/../bfp_test.cpp
CMake Deprecation Warning at CMakeLists.txt:13 (cmake_minimum_required):
  Compatibility with CMake < 3.10 will be removed from a future version of
  CMake.

  Update the VERSION argument <min> value.  Or, use the <min>...<max> syntax
  to tell CMake that the project requires at least <min> but has been updated
  to work with policies introduced by <max> or earlier.


-- The C compiler identification is GNU 13.3.0
-- The CXX compiler identification is GNU 13.3.0
-- Detecting C compiler ABI info
-- Detecting C compiler ABI info - done
-- Check for working C compiler: /usr/bin/gcc-13 - skipped
-- Detecting C compile features
-- Detecting C compile features - done
-- Detecting CXX compiler ABI info
-- Detecting CXX compiler ABI info - done
-- Check for working CXX compiler: /usr/bin/g++-13 - skipped
-- Detecting CXX compile features
-- Detecting CXX compile features - done
-- Configuring done (0.2s)
-- Generating done (0.0s)
-- Build files have been written to: /scratch/luisr/mlir-aie/programming_examples/basic/block_datatypes/matrix_multiplication/whole_array/_build
cd _build &&  cmake --build . --config Release
gmake[1]: Entering directory '/scratch/luisr/mlir-aie/programming_examples/basic/block_datatypes/matrix_multiplication/whole_array/_build'
gmake[2]: Entering directory '/scratch/luisr/mlir-aie/programming_examples/basic/block_datatypes/matrix_multiplication/whole_array/_build'
gmake[3]: Entering directory '/scratch/luisr/mlir-aie/programming_examples/basic/block_datatypes/matrix_multiplication/whole_array/_build'
gmake[3]: Leaving directory '/scratch/luisr/mlir-aie/programming_examples/basic/block_datatypes/matrix_multiplication/whole_array/_build'
gmake[3]: Entering directory '/scratch/luisr/mlir-aie/programming_examples/basic/block_datatypes/matrix_multiplication/whole_array/_build'
[ 33%] Building CXX object CMakeFiles/whole_array.dir/bfp_test.cpp.o
[ 66%] Building CXX object CMakeFiles/whole_array.dir/scratch/luisr/mlir-aie/runtime_lib/test_lib/test_utils.cpp.o
[100%] Linking CXX executable whole_array
gmake[3]: Leaving directory '/scratch/luisr/mlir-aie/programming_examples/basic/block_datatypes/matrix_multiplication/whole_array/_build'
[100%] Built target whole_array
gmake[2]: Leaving directory '/scratch/luisr/mlir-aie/programming_examples/basic/block_datatypes/matrix_multiplication/whole_array/_build'
gmake[1]: Leaving directory '/scratch/luisr/mlir-aie/programming_examples/basic/block_datatypes/matrix_multiplication/whole_array/_build'
cp _build/whole_array whole_array.exe 
mkdir -p build
python3 /scratch/luisr/mlir-aie/programming_examples/basic/block_datatypes/matrix_multiplication/whole_array/whole_array.py --n-aie-cols 8 -m 64 -k 128 -n 64 -M 512 -K 4096 -N 2560 > build/aie_512x4096x2560_64x128x64.mlir
mkdir -p build
cd build && xchesscc_wrapper aie2p -I /proj/xbuilds/2024.2_INT_1113_1001/installs/all_platforms/Vitis/2024.2/aietools/include  -DDIM_M=64 -DDIM_K=128 -DDIM_N=64 -DOPT_PERF_ENABLED -c /scratch/luisr/mlir-aie/programming_examples/basic/block_datatypes/matrix_multiplication/whole_array/../mm.cc -o mm_64x128x64.o
WARNING: Default location for XILINX_VIVADO_IP_OVERRIDE not found: /build/xfndry/IP_2024.2_INTEGRATION_VERIFIED/customer/vivado/data/ip
mkdir -p build
cd build && aiecc.py --alloc-scheme= --aie-generate-xclbin --no-compile-host --xclbin-name=final_512x4096x2560_64x128x64.xclbin \
			 --dynamic-objFifos \
			--aie-generate-npu-insts --npu-insts-name=insts_512x4096x2560_64x128x64.txt ../build/aie_512x4096x2560_64x128x64.mlir
[AIE ERROR] _XAie_LoadProgMemSection():231: Overflow of program memory
XAie_LoadElf failed with XAIE_INVALID_ELF
Generating: /scratch/luisr/mlir-aie/programming_examples/basic/block_datatypes/matrix_multiplication/whole_array/build/aie_512x4096x2560_64x128x64.mlir.prj/aie_cdo_elfs.bin
Traceback (most recent call last):
  File "/scratch/luisr/mlir-aie/install/bin/aiecc.py", line 12, in <module>
    main()
  File "/scratch/luisr/mlir-aie/install/python/aie/compiler/aiecc/main.py", line 1476, in main
    run(module_str)
  File "/scratch/luisr/mlir-aie/install/python/aie/compiler/aiecc/main.py", line 1450, in run
    asyncio.run(runner.run_flow())
  File "/usr/lib/python3.12/asyncio/runners.py", line 194, in run
    return runner.run(main)
           ^^^^^^^^^^^^^^^^
  File "/usr/lib/python3.12/asyncio/runners.py", line 118, in run
    return self._loop.run_until_complete(task)
           ^^^^^^^^^^^^^^^^^^^^^^^^^^^^^^^^^^^
  File "/usr/lib/python3.12/asyncio/base_events.py", line 687, in run_until_complete
    return future.result()
           ^^^^^^^^^^^^^^^
  File "/scratch/luisr/mlir-aie/install/python/aie/compiler/aiecc/main.py", line 1350, in run_flow
    await self.process_cdo(input_physical_str)
  File "/scratch/luisr/mlir-aie/install/python/aie/compiler/aiecc/main.py", line 600, in process_cdo
    aiedialect.generate_cdo(input_physical.operation, self.tmpdirname)
ValueError: Failed to generate cdo because: 
make: *** [/scratch/luisr/mlir-aie/programming_examples/basic/block_datatypes/matrix_multiplication/whole_array/../makefile_common:73: build/final_512x4096x2560_64x128x64.xclbin] Error 1
rm -rf build _build whole_array.exe
rm -rf _build
mkdir -p _build
cd _build &&  cmake -E env CXXFLAGS="-std=c++23 -ggdb -DDTYPE_IN= -DDTYPE_OUT= -DDTYPE_ACC=" \
	cmake `echo /scratch/luisr/mlir-aie/programming_examples/basic/block_datatypes/matrix_multiplication/whole_array/..` -D CMAKE_C_COMPILER=gcc-13 -D CMAKE_CXX_COMPILER=g++-13 -DTARGET_NAME=whole_array -Dhostsrc=/scratch/luisr/mlir-aie/programming_examples/basic/block_datatypes/matrix_multiplication/whole_array/../bfp_test.cpp
CMake Deprecation Warning at CMakeLists.txt:13 (cmake_minimum_required):
  Compatibility with CMake < 3.10 will be removed from a future version of
  CMake.

  Update the VERSION argument <min> value.  Or, use the <min>...<max> syntax
  to tell CMake that the project requires at least <min> but has been updated
  to work with policies introduced by <max> or earlier.


-- The C compiler identification is GNU 13.3.0
-- The CXX compiler identification is GNU 13.3.0
-- Detecting C compiler ABI info
-- Detecting C compiler ABI info - done
-- Check for working C compiler: /usr/bin/gcc-13 - skipped
-- Detecting C compile features
-- Detecting C compile features - done
-- Detecting CXX compiler ABI info
-- Detecting CXX compiler ABI info - done
-- Check for working CXX compiler: /usr/bin/g++-13 - skipped
-- Detecting CXX compile features
-- Detecting CXX compile features - done
-- Configuring done (0.3s)
-- Generating done (0.0s)
-- Build files have been written to: /scratch/luisr/mlir-aie/programming_examples/basic/block_datatypes/matrix_multiplication/whole_array/_build
cd _build &&  cmake --build . --config Release
gmake[1]: Entering directory '/scratch/luisr/mlir-aie/programming_examples/basic/block_datatypes/matrix_multiplication/whole_array/_build'
gmake[2]: Entering directory '/scratch/luisr/mlir-aie/programming_examples/basic/block_datatypes/matrix_multiplication/whole_array/_build'
gmake[3]: Entering directory '/scratch/luisr/mlir-aie/programming_examples/basic/block_datatypes/matrix_multiplication/whole_array/_build'
gmake[3]: Leaving directory '/scratch/luisr/mlir-aie/programming_examples/basic/block_datatypes/matrix_multiplication/whole_array/_build'
gmake[3]: Entering directory '/scratch/luisr/mlir-aie/programming_examples/basic/block_datatypes/matrix_multiplication/whole_array/_build'
[ 33%] Building CXX object CMakeFiles/whole_array.dir/bfp_test.cpp.o
[ 66%] Building CXX object CMakeFiles/whole_array.dir/scratch/luisr/mlir-aie/runtime_lib/test_lib/test_utils.cpp.o
[100%] Linking CXX executable whole_array
gmake[3]: Leaving directory '/scratch/luisr/mlir-aie/programming_examples/basic/block_datatypes/matrix_multiplication/whole_array/_build'
[100%] Built target whole_array
gmake[2]: Leaving directory '/scratch/luisr/mlir-aie/programming_examples/basic/block_datatypes/matrix_multiplication/whole_array/_build'
gmake[1]: Leaving directory '/scratch/luisr/mlir-aie/programming_examples/basic/block_datatypes/matrix_multiplication/whole_array/_build'
cp _build/whole_array whole_array.exe 
mkdir -p build
python3 /scratch/luisr/mlir-aie/programming_examples/basic/block_datatypes/matrix_multiplication/whole_array/whole_array.py --n-aie-cols 8 -m 64 -k 128 -n 64 -M 512 -K 4096 -N 4096 > build/aie_512x4096x4096_64x128x64.mlir
mkdir -p build
cd build && xchesscc_wrapper aie2p -I /proj/xbuilds/2024.2_INT_1113_1001/installs/all_platforms/Vitis/2024.2/aietools/include  -DDIM_M=64 -DDIM_K=128 -DDIM_N=64 -DOPT_PERF_ENABLED -c /scratch/luisr/mlir-aie/programming_examples/basic/block_datatypes/matrix_multiplication/whole_array/../mm.cc -o mm_64x128x64.o
WARNING: Default location for XILINX_VIVADO_IP_OVERRIDE not found: /build/xfndry/IP_2024.2_INTEGRATION_VERIFIED/customer/vivado/data/ip
mkdir -p build
cd build && aiecc.py --alloc-scheme= --aie-generate-xclbin --no-compile-host --xclbin-name=final_512x4096x4096_64x128x64.xclbin \
			 --dynamic-objFifos \
			--aie-generate-npu-insts --npu-insts-name=insts_512x4096x4096_64x128x64.txt ../build/aie_512x4096x4096_64x128x64.mlir
[AIE ERROR] _XAie_LoadProgMemSection():231: Overflow of program memory
XAie_LoadElf failed with XAIE_INVALID_ELF
Generating: /scratch/luisr/mlir-aie/programming_examples/basic/block_datatypes/matrix_multiplication/whole_array/build/aie_512x4096x4096_64x128x64.mlir.prj/aie_cdo_elfs.bin
Traceback (most recent call last):
  File "/scratch/luisr/mlir-aie/install/bin/aiecc.py", line 12, in <module>
    main()
  File "/scratch/luisr/mlir-aie/install/python/aie/compiler/aiecc/main.py", line 1476, in main
    run(module_str)
  File "/scratch/luisr/mlir-aie/install/python/aie/compiler/aiecc/main.py", line 1450, in run
    asyncio.run(runner.run_flow())
  File "/usr/lib/python3.12/asyncio/runners.py", line 194, in run
    return runner.run(main)
           ^^^^^^^^^^^^^^^^
  File "/usr/lib/python3.12/asyncio/runners.py", line 118, in run
    return self._loop.run_until_complete(task)
           ^^^^^^^^^^^^^^^^^^^^^^^^^^^^^^^^^^^
  File "/usr/lib/python3.12/asyncio/base_events.py", line 687, in run_until_complete
    return future.result()
           ^^^^^^^^^^^^^^^
  File "/scratch/luisr/mlir-aie/install/python/aie/compiler/aiecc/main.py", line 1350, in run_flow
    await self.process_cdo(input_physical_str)
  File "/scratch/luisr/mlir-aie/install/python/aie/compiler/aiecc/main.py", line 600, in process_cdo
    aiedialect.generate_cdo(input_physical.operation, self.tmpdirname)
ValueError: Failed to generate cdo because: 
make: *** [/scratch/luisr/mlir-aie/programming_examples/basic/block_datatypes/matrix_multiplication/whole_array/../makefile_common:73: build/final_512x4096x4096_64x128x64.xclbin] Error 1
rm -rf build _build whole_array.exe
rm -rf _build
mkdir -p _build
cd _build &&  cmake -E env CXXFLAGS="-std=c++23 -ggdb -DDTYPE_IN= -DDTYPE_OUT= -DDTYPE_ACC=" \
	cmake `echo /scratch/luisr/mlir-aie/programming_examples/basic/block_datatypes/matrix_multiplication/whole_array/..` -D CMAKE_C_COMPILER=gcc-13 -D CMAKE_CXX_COMPILER=g++-13 -DTARGET_NAME=whole_array -Dhostsrc=/scratch/luisr/mlir-aie/programming_examples/basic/block_datatypes/matrix_multiplication/whole_array/../bfp_test.cpp
CMake Deprecation Warning at CMakeLists.txt:13 (cmake_minimum_required):
  Compatibility with CMake < 3.10 will be removed from a future version of
  CMake.

  Update the VERSION argument <min> value.  Or, use the <min>...<max> syntax
  to tell CMake that the project requires at least <min> but has been updated
  to work with policies introduced by <max> or earlier.


-- The C compiler identification is GNU 13.3.0
-- The CXX compiler identification is GNU 13.3.0
-- Detecting C compiler ABI info
-- Detecting C compiler ABI info - done
-- Check for working C compiler: /usr/bin/gcc-13 - skipped
-- Detecting C compile features
-- Detecting C compile features - done
-- Detecting CXX compiler ABI info
-- Detecting CXX compiler ABI info - done
-- Check for working CXX compiler: /usr/bin/g++-13 - skipped
-- Detecting CXX compile features
-- Detecting CXX compile features - done
-- Configuring done (0.2s)
-- Generating done (0.0s)
-- Build files have been written to: /scratch/luisr/mlir-aie/programming_examples/basic/block_datatypes/matrix_multiplication/whole_array/_build
cd _build &&  cmake --build . --config Release
gmake[1]: Entering directory '/scratch/luisr/mlir-aie/programming_examples/basic/block_datatypes/matrix_multiplication/whole_array/_build'
gmake[2]: Entering directory '/scratch/luisr/mlir-aie/programming_examples/basic/block_datatypes/matrix_multiplication/whole_array/_build'
gmake[3]: Entering directory '/scratch/luisr/mlir-aie/programming_examples/basic/block_datatypes/matrix_multiplication/whole_array/_build'
gmake[3]: Leaving directory '/scratch/luisr/mlir-aie/programming_examples/basic/block_datatypes/matrix_multiplication/whole_array/_build'
gmake[3]: Entering directory '/scratch/luisr/mlir-aie/programming_examples/basic/block_datatypes/matrix_multiplication/whole_array/_build'
[ 33%] Building CXX object CMakeFiles/whole_array.dir/bfp_test.cpp.o
[ 66%] Building CXX object CMakeFiles/whole_array.dir/scratch/luisr/mlir-aie/runtime_lib/test_lib/test_utils.cpp.o
[100%] Linking CXX executable whole_array
gmake[3]: Leaving directory '/scratch/luisr/mlir-aie/programming_examples/basic/block_datatypes/matrix_multiplication/whole_array/_build'
[100%] Built target whole_array
gmake[2]: Leaving directory '/scratch/luisr/mlir-aie/programming_examples/basic/block_datatypes/matrix_multiplication/whole_array/_build'
gmake[1]: Leaving directory '/scratch/luisr/mlir-aie/programming_examples/basic/block_datatypes/matrix_multiplication/whole_array/_build'
cp _build/whole_array whole_array.exe 
mkdir -p build
python3 /scratch/luisr/mlir-aie/programming_examples/basic/block_datatypes/matrix_multiplication/whole_array/whole_array.py --n-aie-cols 8 -m 64 -k 128 -n 64 -M 1024 -K 512 -N 512 > build/aie_1024x512x512_64x128x64.mlir
mkdir -p build
cd build && xchesscc_wrapper aie2p -I /proj/xbuilds/2024.2_INT_1113_1001/installs/all_platforms/Vitis/2024.2/aietools/include  -DDIM_M=64 -DDIM_K=128 -DDIM_N=64 -DOPT_PERF_ENABLED -c /scratch/luisr/mlir-aie/programming_examples/basic/block_datatypes/matrix_multiplication/whole_array/../mm.cc -o mm_64x128x64.o
WARNING: Default location for XILINX_VIVADO_IP_OVERRIDE not found: /build/xfndry/IP_2024.2_INTEGRATION_VERIFIED/customer/vivado/data/ip
mkdir -p build
cd build && aiecc.py --alloc-scheme= --aie-generate-xclbin --no-compile-host --xclbin-name=final_1024x512x512_64x128x64.xclbin \
			 --dynamic-objFifos \
			--aie-generate-npu-insts --npu-insts-name=insts_1024x512x512_64x128x64.txt ../build/aie_1024x512x512_64x128x64.mlir
[AIE ERROR] _XAie_LoadProgMemSection():231: Overflow of program memory
XAie_LoadElf failed with XAIE_INVALID_ELF
Generating: /scratch/luisr/mlir-aie/programming_examples/basic/block_datatypes/matrix_multiplication/whole_array/build/aie_1024x512x512_64x128x64.mlir.prj/aie_cdo_elfs.bin
Traceback (most recent call last):
  File "/scratch/luisr/mlir-aie/install/bin/aiecc.py", line 12, in <module>
    main()
  File "/scratch/luisr/mlir-aie/install/python/aie/compiler/aiecc/main.py", line 1476, in main
    run(module_str)
  File "/scratch/luisr/mlir-aie/install/python/aie/compiler/aiecc/main.py", line 1450, in run
    asyncio.run(runner.run_flow())
  File "/usr/lib/python3.12/asyncio/runners.py", line 194, in run
    return runner.run(main)
           ^^^^^^^^^^^^^^^^
  File "/usr/lib/python3.12/asyncio/runners.py", line 118, in run
    return self._loop.run_until_complete(task)
           ^^^^^^^^^^^^^^^^^^^^^^^^^^^^^^^^^^^
  File "/usr/lib/python3.12/asyncio/base_events.py", line 687, in run_until_complete
    return future.result()
           ^^^^^^^^^^^^^^^
  File "/scratch/luisr/mlir-aie/install/python/aie/compiler/aiecc/main.py", line 1350, in run_flow
    await self.process_cdo(input_physical_str)
  File "/scratch/luisr/mlir-aie/install/python/aie/compiler/aiecc/main.py", line 600, in process_cdo
    aiedialect.generate_cdo(input_physical.operation, self.tmpdirname)
ValueError: Failed to generate cdo because: 
make: *** [/scratch/luisr/mlir-aie/programming_examples/basic/block_datatypes/matrix_multiplication/whole_array/../makefile_common:73: build/final_1024x512x512_64x128x64.xclbin] Error 1
rm -rf build _build whole_array.exe
rm -rf _build
mkdir -p _build
cd _build &&  cmake -E env CXXFLAGS="-std=c++23 -ggdb -DDTYPE_IN= -DDTYPE_OUT= -DDTYPE_ACC=" \
	cmake `echo /scratch/luisr/mlir-aie/programming_examples/basic/block_datatypes/matrix_multiplication/whole_array/..` -D CMAKE_C_COMPILER=gcc-13 -D CMAKE_CXX_COMPILER=g++-13 -DTARGET_NAME=whole_array -Dhostsrc=/scratch/luisr/mlir-aie/programming_examples/basic/block_datatypes/matrix_multiplication/whole_array/../bfp_test.cpp
CMake Deprecation Warning at CMakeLists.txt:13 (cmake_minimum_required):
  Compatibility with CMake < 3.10 will be removed from a future version of
  CMake.

  Update the VERSION argument <min> value.  Or, use the <min>...<max> syntax
  to tell CMake that the project requires at least <min> but has been updated
  to work with policies introduced by <max> or earlier.


-- The C compiler identification is GNU 13.3.0
-- The CXX compiler identification is GNU 13.3.0
-- Detecting C compiler ABI info
-- Detecting C compiler ABI info - done
-- Check for working C compiler: /usr/bin/gcc-13 - skipped
-- Detecting C compile features
-- Detecting C compile features - done
-- Detecting CXX compiler ABI info
-- Detecting CXX compiler ABI info - done
-- Check for working CXX compiler: /usr/bin/g++-13 - skipped
-- Detecting CXX compile features
-- Detecting CXX compile features - done
-- Configuring done (0.2s)
-- Generating done (0.0s)
-- Build files have been written to: /scratch/luisr/mlir-aie/programming_examples/basic/block_datatypes/matrix_multiplication/whole_array/_build
cd _build &&  cmake --build . --config Release
gmake[1]: Entering directory '/scratch/luisr/mlir-aie/programming_examples/basic/block_datatypes/matrix_multiplication/whole_array/_build'
gmake[2]: Entering directory '/scratch/luisr/mlir-aie/programming_examples/basic/block_datatypes/matrix_multiplication/whole_array/_build'
gmake[3]: Entering directory '/scratch/luisr/mlir-aie/programming_examples/basic/block_datatypes/matrix_multiplication/whole_array/_build'
gmake[3]: Leaving directory '/scratch/luisr/mlir-aie/programming_examples/basic/block_datatypes/matrix_multiplication/whole_array/_build'
gmake[3]: Entering directory '/scratch/luisr/mlir-aie/programming_examples/basic/block_datatypes/matrix_multiplication/whole_array/_build'
[ 33%] Building CXX object CMakeFiles/whole_array.dir/bfp_test.cpp.o
[ 66%] Building CXX object CMakeFiles/whole_array.dir/scratch/luisr/mlir-aie/runtime_lib/test_lib/test_utils.cpp.o
[100%] Linking CXX executable whole_array
gmake[3]: Leaving directory '/scratch/luisr/mlir-aie/programming_examples/basic/block_datatypes/matrix_multiplication/whole_array/_build'
[100%] Built target whole_array
gmake[2]: Leaving directory '/scratch/luisr/mlir-aie/programming_examples/basic/block_datatypes/matrix_multiplication/whole_array/_build'
gmake[1]: Leaving directory '/scratch/luisr/mlir-aie/programming_examples/basic/block_datatypes/matrix_multiplication/whole_array/_build'
cp _build/whole_array whole_array.exe 
mkdir -p build
python3 /scratch/luisr/mlir-aie/programming_examples/basic/block_datatypes/matrix_multiplication/whole_array/whole_array.py --n-aie-cols 8 -m 64 -k 128 -n 64 -M 1024 -K 512 -N 1024 > build/aie_1024x512x1024_64x128x64.mlir
mkdir -p build
cd build && xchesscc_wrapper aie2p -I /proj/xbuilds/2024.2_INT_1113_1001/installs/all_platforms/Vitis/2024.2/aietools/include  -DDIM_M=64 -DDIM_K=128 -DDIM_N=64 -DOPT_PERF_ENABLED -c /scratch/luisr/mlir-aie/programming_examples/basic/block_datatypes/matrix_multiplication/whole_array/../mm.cc -o mm_64x128x64.o
WARNING: Default location for XILINX_VIVADO_IP_OVERRIDE not found: /build/xfndry/IP_2024.2_INTEGRATION_VERIFIED/customer/vivado/data/ip
mkdir -p build
cd build && aiecc.py --alloc-scheme= --aie-generate-xclbin --no-compile-host --xclbin-name=final_1024x512x1024_64x128x64.xclbin \
			 --dynamic-objFifos \
			--aie-generate-npu-insts --npu-insts-name=insts_1024x512x1024_64x128x64.txt ../build/aie_1024x512x1024_64x128x64.mlir
[AIE ERROR] _XAie_LoadProgMemSection():231: Overflow of program memory
XAie_LoadElf failed with XAIE_INVALID_ELF
Generating: /scratch/luisr/mlir-aie/programming_examples/basic/block_datatypes/matrix_multiplication/whole_array/build/aie_1024x512x1024_64x128x64.mlir.prj/aie_cdo_elfs.bin
Traceback (most recent call last):
  File "/scratch/luisr/mlir-aie/install/bin/aiecc.py", line 12, in <module>
    main()
  File "/scratch/luisr/mlir-aie/install/python/aie/compiler/aiecc/main.py", line 1476, in main
    run(module_str)
  File "/scratch/luisr/mlir-aie/install/python/aie/compiler/aiecc/main.py", line 1450, in run
    asyncio.run(runner.run_flow())
  File "/usr/lib/python3.12/asyncio/runners.py", line 194, in run
    return runner.run(main)
           ^^^^^^^^^^^^^^^^
  File "/usr/lib/python3.12/asyncio/runners.py", line 118, in run
    return self._loop.run_until_complete(task)
           ^^^^^^^^^^^^^^^^^^^^^^^^^^^^^^^^^^^
  File "/usr/lib/python3.12/asyncio/base_events.py", line 687, in run_until_complete
    return future.result()
           ^^^^^^^^^^^^^^^
  File "/scratch/luisr/mlir-aie/install/python/aie/compiler/aiecc/main.py", line 1350, in run_flow
    await self.process_cdo(input_physical_str)
  File "/scratch/luisr/mlir-aie/install/python/aie/compiler/aiecc/main.py", line 600, in process_cdo
    aiedialect.generate_cdo(input_physical.operation, self.tmpdirname)
ValueError: Failed to generate cdo because: 
make: *** [/scratch/luisr/mlir-aie/programming_examples/basic/block_datatypes/matrix_multiplication/whole_array/../makefile_common:73: build/final_1024x512x1024_64x128x64.xclbin] Error 1
rm -rf build _build whole_array.exe
rm -rf _build
mkdir -p _build
cd _build &&  cmake -E env CXXFLAGS="-std=c++23 -ggdb -DDTYPE_IN= -DDTYPE_OUT= -DDTYPE_ACC=" \
	cmake `echo /scratch/luisr/mlir-aie/programming_examples/basic/block_datatypes/matrix_multiplication/whole_array/..` -D CMAKE_C_COMPILER=gcc-13 -D CMAKE_CXX_COMPILER=g++-13 -DTARGET_NAME=whole_array -Dhostsrc=/scratch/luisr/mlir-aie/programming_examples/basic/block_datatypes/matrix_multiplication/whole_array/../bfp_test.cpp
CMake Deprecation Warning at CMakeLists.txt:13 (cmake_minimum_required):
  Compatibility with CMake < 3.10 will be removed from a future version of
  CMake.

  Update the VERSION argument <min> value.  Or, use the <min>...<max> syntax
  to tell CMake that the project requires at least <min> but has been updated
  to work with policies introduced by <max> or earlier.


-- The C compiler identification is GNU 13.3.0
-- The CXX compiler identification is GNU 13.3.0
-- Detecting C compiler ABI info
-- Detecting C compiler ABI info - done
-- Check for working C compiler: /usr/bin/gcc-13 - skipped
-- Detecting C compile features
-- Detecting C compile features - done
-- Detecting CXX compiler ABI info
-- Detecting CXX compiler ABI info - done
-- Check for working CXX compiler: /usr/bin/g++-13 - skipped
-- Detecting CXX compile features
-- Detecting CXX compile features - done
-- Configuring done (0.2s)
-- Generating done (0.0s)
-- Build files have been written to: /scratch/luisr/mlir-aie/programming_examples/basic/block_datatypes/matrix_multiplication/whole_array/_build
cd _build &&  cmake --build . --config Release
gmake[1]: Entering directory '/scratch/luisr/mlir-aie/programming_examples/basic/block_datatypes/matrix_multiplication/whole_array/_build'
gmake[2]: Entering directory '/scratch/luisr/mlir-aie/programming_examples/basic/block_datatypes/matrix_multiplication/whole_array/_build'
gmake[3]: Entering directory '/scratch/luisr/mlir-aie/programming_examples/basic/block_datatypes/matrix_multiplication/whole_array/_build'
gmake[3]: Leaving directory '/scratch/luisr/mlir-aie/programming_examples/basic/block_datatypes/matrix_multiplication/whole_array/_build'
gmake[3]: Entering directory '/scratch/luisr/mlir-aie/programming_examples/basic/block_datatypes/matrix_multiplication/whole_array/_build'
[ 33%] Building CXX object CMakeFiles/whole_array.dir/bfp_test.cpp.o
[ 66%] Building CXX object CMakeFiles/whole_array.dir/scratch/luisr/mlir-aie/runtime_lib/test_lib/test_utils.cpp.o
[100%] Linking CXX executable whole_array
gmake[3]: Leaving directory '/scratch/luisr/mlir-aie/programming_examples/basic/block_datatypes/matrix_multiplication/whole_array/_build'
[100%] Built target whole_array
gmake[2]: Leaving directory '/scratch/luisr/mlir-aie/programming_examples/basic/block_datatypes/matrix_multiplication/whole_array/_build'
gmake[1]: Leaving directory '/scratch/luisr/mlir-aie/programming_examples/basic/block_datatypes/matrix_multiplication/whole_array/_build'
cp _build/whole_array whole_array.exe 
mkdir -p build
python3 /scratch/luisr/mlir-aie/programming_examples/basic/block_datatypes/matrix_multiplication/whole_array/whole_array.py --n-aie-cols 8 -m 64 -k 128 -n 64 -M 1024 -K 512 -N 2560 > build/aie_1024x512x2560_64x128x64.mlir
mkdir -p build
cd build && xchesscc_wrapper aie2p -I /proj/xbuilds/2024.2_INT_1113_1001/installs/all_platforms/Vitis/2024.2/aietools/include  -DDIM_M=64 -DDIM_K=128 -DDIM_N=64 -DOPT_PERF_ENABLED -c /scratch/luisr/mlir-aie/programming_examples/basic/block_datatypes/matrix_multiplication/whole_array/../mm.cc -o mm_64x128x64.o
WARNING: Default location for XILINX_VIVADO_IP_OVERRIDE not found: /build/xfndry/IP_2024.2_INTEGRATION_VERIFIED/customer/vivado/data/ip
mkdir -p build
cd build && aiecc.py --alloc-scheme= --aie-generate-xclbin --no-compile-host --xclbin-name=final_1024x512x2560_64x128x64.xclbin \
			 --dynamic-objFifos \
			--aie-generate-npu-insts --npu-insts-name=insts_1024x512x2560_64x128x64.txt ../build/aie_1024x512x2560_64x128x64.mlir
[AIE ERROR] _XAie_LoadProgMemSection():231: Overflow of program memory
XAie_LoadElf failed with XAIE_INVALID_ELF
Generating: /scratch/luisr/mlir-aie/programming_examples/basic/block_datatypes/matrix_multiplication/whole_array/build/aie_1024x512x2560_64x128x64.mlir.prj/aie_cdo_elfs.bin
Traceback (most recent call last):
  File "/scratch/luisr/mlir-aie/install/bin/aiecc.py", line 12, in <module>
    main()
  File "/scratch/luisr/mlir-aie/install/python/aie/compiler/aiecc/main.py", line 1476, in main
    run(module_str)
  File "/scratch/luisr/mlir-aie/install/python/aie/compiler/aiecc/main.py", line 1450, in run
    asyncio.run(runner.run_flow())
  File "/usr/lib/python3.12/asyncio/runners.py", line 194, in run
    return runner.run(main)
           ^^^^^^^^^^^^^^^^
  File "/usr/lib/python3.12/asyncio/runners.py", line 118, in run
    return self._loop.run_until_complete(task)
           ^^^^^^^^^^^^^^^^^^^^^^^^^^^^^^^^^^^
  File "/usr/lib/python3.12/asyncio/base_events.py", line 687, in run_until_complete
    return future.result()
           ^^^^^^^^^^^^^^^
  File "/scratch/luisr/mlir-aie/install/python/aie/compiler/aiecc/main.py", line 1350, in run_flow
    await self.process_cdo(input_physical_str)
  File "/scratch/luisr/mlir-aie/install/python/aie/compiler/aiecc/main.py", line 600, in process_cdo
    aiedialect.generate_cdo(input_physical.operation, self.tmpdirname)
ValueError: Failed to generate cdo because: 
make: *** [/scratch/luisr/mlir-aie/programming_examples/basic/block_datatypes/matrix_multiplication/whole_array/../makefile_common:73: build/final_1024x512x2560_64x128x64.xclbin] Error 1
rm -rf build _build whole_array.exe
rm -rf _build
mkdir -p _build
cd _build &&  cmake -E env CXXFLAGS="-std=c++23 -ggdb -DDTYPE_IN= -DDTYPE_OUT= -DDTYPE_ACC=" \
	cmake `echo /scratch/luisr/mlir-aie/programming_examples/basic/block_datatypes/matrix_multiplication/whole_array/..` -D CMAKE_C_COMPILER=gcc-13 -D CMAKE_CXX_COMPILER=g++-13 -DTARGET_NAME=whole_array -Dhostsrc=/scratch/luisr/mlir-aie/programming_examples/basic/block_datatypes/matrix_multiplication/whole_array/../bfp_test.cpp
CMake Deprecation Warning at CMakeLists.txt:13 (cmake_minimum_required):
  Compatibility with CMake < 3.10 will be removed from a future version of
  CMake.

  Update the VERSION argument <min> value.  Or, use the <min>...<max> syntax
  to tell CMake that the project requires at least <min> but has been updated
  to work with policies introduced by <max> or earlier.


-- The C compiler identification is GNU 13.3.0
-- The CXX compiler identification is GNU 13.3.0
-- Detecting C compiler ABI info
-- Detecting C compiler ABI info - done
-- Check for working C compiler: /usr/bin/gcc-13 - skipped
-- Detecting C compile features
-- Detecting C compile features - done
-- Detecting CXX compiler ABI info
-- Detecting CXX compiler ABI info - done
-- Check for working CXX compiler: /usr/bin/g++-13 - skipped
-- Detecting CXX compile features
-- Detecting CXX compile features - done
-- Configuring done (0.3s)
-- Generating done (0.0s)
-- Build files have been written to: /scratch/luisr/mlir-aie/programming_examples/basic/block_datatypes/matrix_multiplication/whole_array/_build
cd _build &&  cmake --build . --config Release
gmake[1]: Entering directory '/scratch/luisr/mlir-aie/programming_examples/basic/block_datatypes/matrix_multiplication/whole_array/_build'
gmake[2]: Entering directory '/scratch/luisr/mlir-aie/programming_examples/basic/block_datatypes/matrix_multiplication/whole_array/_build'
gmake[3]: Entering directory '/scratch/luisr/mlir-aie/programming_examples/basic/block_datatypes/matrix_multiplication/whole_array/_build'
gmake[3]: Leaving directory '/scratch/luisr/mlir-aie/programming_examples/basic/block_datatypes/matrix_multiplication/whole_array/_build'
gmake[3]: Entering directory '/scratch/luisr/mlir-aie/programming_examples/basic/block_datatypes/matrix_multiplication/whole_array/_build'
[ 33%] Building CXX object CMakeFiles/whole_array.dir/bfp_test.cpp.o
[ 66%] Building CXX object CMakeFiles/whole_array.dir/scratch/luisr/mlir-aie/runtime_lib/test_lib/test_utils.cpp.o
[100%] Linking CXX executable whole_array
gmake[3]: Leaving directory '/scratch/luisr/mlir-aie/programming_examples/basic/block_datatypes/matrix_multiplication/whole_array/_build'
[100%] Built target whole_array
gmake[2]: Leaving directory '/scratch/luisr/mlir-aie/programming_examples/basic/block_datatypes/matrix_multiplication/whole_array/_build'
gmake[1]: Leaving directory '/scratch/luisr/mlir-aie/programming_examples/basic/block_datatypes/matrix_multiplication/whole_array/_build'
cp _build/whole_array whole_array.exe 
mkdir -p build
python3 /scratch/luisr/mlir-aie/programming_examples/basic/block_datatypes/matrix_multiplication/whole_array/whole_array.py --n-aie-cols 8 -m 64 -k 128 -n 64 -M 1024 -K 512 -N 4096 > build/aie_1024x512x4096_64x128x64.mlir
mkdir -p build
cd build && xchesscc_wrapper aie2p -I /proj/xbuilds/2024.2_INT_1113_1001/installs/all_platforms/Vitis/2024.2/aietools/include  -DDIM_M=64 -DDIM_K=128 -DDIM_N=64 -DOPT_PERF_ENABLED -c /scratch/luisr/mlir-aie/programming_examples/basic/block_datatypes/matrix_multiplication/whole_array/../mm.cc -o mm_64x128x64.o
WARNING: Default location for XILINX_VIVADO_IP_OVERRIDE not found: /build/xfndry/IP_2024.2_INTEGRATION_VERIFIED/customer/vivado/data/ip
mkdir -p build
cd build && aiecc.py --alloc-scheme= --aie-generate-xclbin --no-compile-host --xclbin-name=final_1024x512x4096_64x128x64.xclbin \
			 --dynamic-objFifos \
			--aie-generate-npu-insts --npu-insts-name=insts_1024x512x4096_64x128x64.txt ../build/aie_1024x512x4096_64x128x64.mlir
[AIE ERROR] _XAie_LoadProgMemSection():231: Overflow of program memory
XAie_LoadElf failed with XAIE_INVALID_ELF
Generating: /scratch/luisr/mlir-aie/programming_examples/basic/block_datatypes/matrix_multiplication/whole_array/build/aie_1024x512x4096_64x128x64.mlir.prj/aie_cdo_elfs.bin
Traceback (most recent call last):
  File "/scratch/luisr/mlir-aie/install/bin/aiecc.py", line 12, in <module>
    main()
  File "/scratch/luisr/mlir-aie/install/python/aie/compiler/aiecc/main.py", line 1476, in main
    run(module_str)
  File "/scratch/luisr/mlir-aie/install/python/aie/compiler/aiecc/main.py", line 1450, in run
    asyncio.run(runner.run_flow())
  File "/usr/lib/python3.12/asyncio/runners.py", line 194, in run
    return runner.run(main)
           ^^^^^^^^^^^^^^^^
  File "/usr/lib/python3.12/asyncio/runners.py", line 118, in run
    return self._loop.run_until_complete(task)
           ^^^^^^^^^^^^^^^^^^^^^^^^^^^^^^^^^^^
  File "/usr/lib/python3.12/asyncio/base_events.py", line 687, in run_until_complete
    return future.result()
           ^^^^^^^^^^^^^^^
  File "/scratch/luisr/mlir-aie/install/python/aie/compiler/aiecc/main.py", line 1350, in run_flow
    await self.process_cdo(input_physical_str)
  File "/scratch/luisr/mlir-aie/install/python/aie/compiler/aiecc/main.py", line 600, in process_cdo
    aiedialect.generate_cdo(input_physical.operation, self.tmpdirname)
ValueError: Failed to generate cdo because: 
make: *** [/scratch/luisr/mlir-aie/programming_examples/basic/block_datatypes/matrix_multiplication/whole_array/../makefile_common:73: build/final_1024x512x4096_64x128x64.xclbin] Error 1
rm -rf build _build whole_array.exe
rm -rf _build
mkdir -p _build
cd _build &&  cmake -E env CXXFLAGS="-std=c++23 -ggdb -DDTYPE_IN= -DDTYPE_OUT= -DDTYPE_ACC=" \
	cmake `echo /scratch/luisr/mlir-aie/programming_examples/basic/block_datatypes/matrix_multiplication/whole_array/..` -D CMAKE_C_COMPILER=gcc-13 -D CMAKE_CXX_COMPILER=g++-13 -DTARGET_NAME=whole_array -Dhostsrc=/scratch/luisr/mlir-aie/programming_examples/basic/block_datatypes/matrix_multiplication/whole_array/../bfp_test.cpp
CMake Deprecation Warning at CMakeLists.txt:13 (cmake_minimum_required):
  Compatibility with CMake < 3.10 will be removed from a future version of
  CMake.

  Update the VERSION argument <min> value.  Or, use the <min>...<max> syntax
  to tell CMake that the project requires at least <min> but has been updated
  to work with policies introduced by <max> or earlier.


-- The C compiler identification is GNU 13.3.0
-- The CXX compiler identification is GNU 13.3.0
-- Detecting C compiler ABI info
-- Detecting C compiler ABI info - done
-- Check for working C compiler: /usr/bin/gcc-13 - skipped
-- Detecting C compile features
-- Detecting C compile features - done
-- Detecting CXX compiler ABI info
-- Detecting CXX compiler ABI info - done
-- Check for working CXX compiler: /usr/bin/g++-13 - skipped
-- Detecting CXX compile features
-- Detecting CXX compile features - done
-- Configuring done (0.3s)
-- Generating done (0.0s)
-- Build files have been written to: /scratch/luisr/mlir-aie/programming_examples/basic/block_datatypes/matrix_multiplication/whole_array/_build
cd _build &&  cmake --build . --config Release
gmake[1]: Entering directory '/scratch/luisr/mlir-aie/programming_examples/basic/block_datatypes/matrix_multiplication/whole_array/_build'
gmake[2]: Entering directory '/scratch/luisr/mlir-aie/programming_examples/basic/block_datatypes/matrix_multiplication/whole_array/_build'
gmake[3]: Entering directory '/scratch/luisr/mlir-aie/programming_examples/basic/block_datatypes/matrix_multiplication/whole_array/_build'
gmake[3]: Leaving directory '/scratch/luisr/mlir-aie/programming_examples/basic/block_datatypes/matrix_multiplication/whole_array/_build'
gmake[3]: Entering directory '/scratch/luisr/mlir-aie/programming_examples/basic/block_datatypes/matrix_multiplication/whole_array/_build'
[ 33%] Building CXX object CMakeFiles/whole_array.dir/bfp_test.cpp.o
[ 66%] Building CXX object CMakeFiles/whole_array.dir/scratch/luisr/mlir-aie/runtime_lib/test_lib/test_utils.cpp.o
[100%] Linking CXX executable whole_array
gmake[3]: Leaving directory '/scratch/luisr/mlir-aie/programming_examples/basic/block_datatypes/matrix_multiplication/whole_array/_build'
[100%] Built target whole_array
gmake[2]: Leaving directory '/scratch/luisr/mlir-aie/programming_examples/basic/block_datatypes/matrix_multiplication/whole_array/_build'
gmake[1]: Leaving directory '/scratch/luisr/mlir-aie/programming_examples/basic/block_datatypes/matrix_multiplication/whole_array/_build'
cp _build/whole_array whole_array.exe 
mkdir -p build
python3 /scratch/luisr/mlir-aie/programming_examples/basic/block_datatypes/matrix_multiplication/whole_array/whole_array.py --n-aie-cols 8 -m 64 -k 128 -n 64 -M 1024 -K 1024 -N 512 > build/aie_1024x1024x512_64x128x64.mlir
mkdir -p build
cd build && xchesscc_wrapper aie2p -I /proj/xbuilds/2024.2_INT_1113_1001/installs/all_platforms/Vitis/2024.2/aietools/include  -DDIM_M=64 -DDIM_K=128 -DDIM_N=64 -DOPT_PERF_ENABLED -c /scratch/luisr/mlir-aie/programming_examples/basic/block_datatypes/matrix_multiplication/whole_array/../mm.cc -o mm_64x128x64.o
WARNING: Default location for XILINX_VIVADO_IP_OVERRIDE not found: /build/xfndry/IP_2024.2_INTEGRATION_VERIFIED/customer/vivado/data/ip
mkdir -p build
cd build && aiecc.py --alloc-scheme= --aie-generate-xclbin --no-compile-host --xclbin-name=final_1024x1024x512_64x128x64.xclbin \
			 --dynamic-objFifos \
			--aie-generate-npu-insts --npu-insts-name=insts_1024x1024x512_64x128x64.txt ../build/aie_1024x1024x512_64x128x64.mlir
[AIE ERROR] _XAie_LoadProgMemSection():231: Overflow of program memory
XAie_LoadElf failed with XAIE_INVALID_ELF
Generating: /scratch/luisr/mlir-aie/programming_examples/basic/block_datatypes/matrix_multiplication/whole_array/build/aie_1024x1024x512_64x128x64.mlir.prj/aie_cdo_elfs.bin
Traceback (most recent call last):
  File "/scratch/luisr/mlir-aie/install/bin/aiecc.py", line 12, in <module>
    main()
  File "/scratch/luisr/mlir-aie/install/python/aie/compiler/aiecc/main.py", line 1476, in main
    run(module_str)
  File "/scratch/luisr/mlir-aie/install/python/aie/compiler/aiecc/main.py", line 1450, in run
    asyncio.run(runner.run_flow())
  File "/usr/lib/python3.12/asyncio/runners.py", line 194, in run
    return runner.run(main)
           ^^^^^^^^^^^^^^^^
  File "/usr/lib/python3.12/asyncio/runners.py", line 118, in run
    return self._loop.run_until_complete(task)
           ^^^^^^^^^^^^^^^^^^^^^^^^^^^^^^^^^^^
  File "/usr/lib/python3.12/asyncio/base_events.py", line 687, in run_until_complete
    return future.result()
           ^^^^^^^^^^^^^^^
  File "/scratch/luisr/mlir-aie/install/python/aie/compiler/aiecc/main.py", line 1350, in run_flow
    await self.process_cdo(input_physical_str)
  File "/scratch/luisr/mlir-aie/install/python/aie/compiler/aiecc/main.py", line 600, in process_cdo
    aiedialect.generate_cdo(input_physical.operation, self.tmpdirname)
ValueError: Failed to generate cdo because: 
make: *** [/scratch/luisr/mlir-aie/programming_examples/basic/block_datatypes/matrix_multiplication/whole_array/../makefile_common:73: build/final_1024x1024x512_64x128x64.xclbin] Error 1
rm -rf build _build whole_array.exe
rm -rf _build
mkdir -p _build
cd _build &&  cmake -E env CXXFLAGS="-std=c++23 -ggdb -DDTYPE_IN= -DDTYPE_OUT= -DDTYPE_ACC=" \
	cmake `echo /scratch/luisr/mlir-aie/programming_examples/basic/block_datatypes/matrix_multiplication/whole_array/..` -D CMAKE_C_COMPILER=gcc-13 -D CMAKE_CXX_COMPILER=g++-13 -DTARGET_NAME=whole_array -Dhostsrc=/scratch/luisr/mlir-aie/programming_examples/basic/block_datatypes/matrix_multiplication/whole_array/../bfp_test.cpp
CMake Deprecation Warning at CMakeLists.txt:13 (cmake_minimum_required):
  Compatibility with CMake < 3.10 will be removed from a future version of
  CMake.

  Update the VERSION argument <min> value.  Or, use the <min>...<max> syntax
  to tell CMake that the project requires at least <min> but has been updated
  to work with policies introduced by <max> or earlier.


-- The C compiler identification is GNU 13.3.0
-- The CXX compiler identification is GNU 13.3.0
-- Detecting C compiler ABI info
-- Detecting C compiler ABI info - done
-- Check for working C compiler: /usr/bin/gcc-13 - skipped
-- Detecting C compile features
-- Detecting C compile features - done
-- Detecting CXX compiler ABI info
-- Detecting CXX compiler ABI info - done
-- Check for working CXX compiler: /usr/bin/g++-13 - skipped
-- Detecting CXX compile features
-- Detecting CXX compile features - done
-- Configuring done (0.3s)
-- Generating done (0.0s)
-- Build files have been written to: /scratch/luisr/mlir-aie/programming_examples/basic/block_datatypes/matrix_multiplication/whole_array/_build
cd _build &&  cmake --build . --config Release
gmake[1]: Entering directory '/scratch/luisr/mlir-aie/programming_examples/basic/block_datatypes/matrix_multiplication/whole_array/_build'
gmake[2]: Entering directory '/scratch/luisr/mlir-aie/programming_examples/basic/block_datatypes/matrix_multiplication/whole_array/_build'
gmake[3]: Entering directory '/scratch/luisr/mlir-aie/programming_examples/basic/block_datatypes/matrix_multiplication/whole_array/_build'
gmake[3]: Leaving directory '/scratch/luisr/mlir-aie/programming_examples/basic/block_datatypes/matrix_multiplication/whole_array/_build'
gmake[3]: Entering directory '/scratch/luisr/mlir-aie/programming_examples/basic/block_datatypes/matrix_multiplication/whole_array/_build'
[ 33%] Building CXX object CMakeFiles/whole_array.dir/bfp_test.cpp.o
[ 66%] Building CXX object CMakeFiles/whole_array.dir/scratch/luisr/mlir-aie/runtime_lib/test_lib/test_utils.cpp.o
[100%] Linking CXX executable whole_array
gmake[3]: Leaving directory '/scratch/luisr/mlir-aie/programming_examples/basic/block_datatypes/matrix_multiplication/whole_array/_build'
[100%] Built target whole_array
gmake[2]: Leaving directory '/scratch/luisr/mlir-aie/programming_examples/basic/block_datatypes/matrix_multiplication/whole_array/_build'
gmake[1]: Leaving directory '/scratch/luisr/mlir-aie/programming_examples/basic/block_datatypes/matrix_multiplication/whole_array/_build'
cp _build/whole_array whole_array.exe 
mkdir -p build
python3 /scratch/luisr/mlir-aie/programming_examples/basic/block_datatypes/matrix_multiplication/whole_array/whole_array.py --n-aie-cols 8 -m 64 -k 128 -n 64 -M 1024 -K 1024 -N 1024 > build/aie_1024x1024x1024_64x128x64.mlir
mkdir -p build
cd build && xchesscc_wrapper aie2p -I /proj/xbuilds/2024.2_INT_1113_1001/installs/all_platforms/Vitis/2024.2/aietools/include  -DDIM_M=64 -DDIM_K=128 -DDIM_N=64 -DOPT_PERF_ENABLED -c /scratch/luisr/mlir-aie/programming_examples/basic/block_datatypes/matrix_multiplication/whole_array/../mm.cc -o mm_64x128x64.o
WARNING: Default location for XILINX_VIVADO_IP_OVERRIDE not found: /build/xfndry/IP_2024.2_INTEGRATION_VERIFIED/customer/vivado/data/ip
mkdir -p build
cd build && aiecc.py --alloc-scheme= --aie-generate-xclbin --no-compile-host --xclbin-name=final_1024x1024x1024_64x128x64.xclbin \
			 --dynamic-objFifos \
			--aie-generate-npu-insts --npu-insts-name=insts_1024x1024x1024_64x128x64.txt ../build/aie_1024x1024x1024_64x128x64.mlir
[AIE ERROR] _XAie_LoadProgMemSection():231: Overflow of program memory
XAie_LoadElf failed with XAIE_INVALID_ELF
Generating: /scratch/luisr/mlir-aie/programming_examples/basic/block_datatypes/matrix_multiplication/whole_array/build/aie_1024x1024x1024_64x128x64.mlir.prj/aie_cdo_elfs.bin
Traceback (most recent call last):
  File "/scratch/luisr/mlir-aie/install/bin/aiecc.py", line 12, in <module>
    main()
  File "/scratch/luisr/mlir-aie/install/python/aie/compiler/aiecc/main.py", line 1476, in main
    run(module_str)
  File "/scratch/luisr/mlir-aie/install/python/aie/compiler/aiecc/main.py", line 1450, in run
    asyncio.run(runner.run_flow())
  File "/usr/lib/python3.12/asyncio/runners.py", line 194, in run
    return runner.run(main)
           ^^^^^^^^^^^^^^^^
  File "/usr/lib/python3.12/asyncio/runners.py", line 118, in run
    return self._loop.run_until_complete(task)
           ^^^^^^^^^^^^^^^^^^^^^^^^^^^^^^^^^^^
  File "/usr/lib/python3.12/asyncio/base_events.py", line 687, in run_until_complete
    return future.result()
           ^^^^^^^^^^^^^^^
  File "/scratch/luisr/mlir-aie/install/python/aie/compiler/aiecc/main.py", line 1350, in run_flow
    await self.process_cdo(input_physical_str)
  File "/scratch/luisr/mlir-aie/install/python/aie/compiler/aiecc/main.py", line 600, in process_cdo
    aiedialect.generate_cdo(input_physical.operation, self.tmpdirname)
ValueError: Failed to generate cdo because: 
make: *** [/scratch/luisr/mlir-aie/programming_examples/basic/block_datatypes/matrix_multiplication/whole_array/../makefile_common:73: build/final_1024x1024x1024_64x128x64.xclbin] Error 1
rm -rf build _build whole_array.exe
rm -rf _build
mkdir -p _build
cd _build &&  cmake -E env CXXFLAGS="-std=c++23 -ggdb -DDTYPE_IN= -DDTYPE_OUT= -DDTYPE_ACC=" \
	cmake `echo /scratch/luisr/mlir-aie/programming_examples/basic/block_datatypes/matrix_multiplication/whole_array/..` -D CMAKE_C_COMPILER=gcc-13 -D CMAKE_CXX_COMPILER=g++-13 -DTARGET_NAME=whole_array -Dhostsrc=/scratch/luisr/mlir-aie/programming_examples/basic/block_datatypes/matrix_multiplication/whole_array/../bfp_test.cpp
CMake Deprecation Warning at CMakeLists.txt:13 (cmake_minimum_required):
  Compatibility with CMake < 3.10 will be removed from a future version of
  CMake.

  Update the VERSION argument <min> value.  Or, use the <min>...<max> syntax
  to tell CMake that the project requires at least <min> but has been updated
  to work with policies introduced by <max> or earlier.


-- The C compiler identification is GNU 13.3.0
-- The CXX compiler identification is GNU 13.3.0
-- Detecting C compiler ABI info
-- Detecting C compiler ABI info - done
-- Check for working C compiler: /usr/bin/gcc-13 - skipped
-- Detecting C compile features
-- Detecting C compile features - done
-- Detecting CXX compiler ABI info
-- Detecting CXX compiler ABI info - done
-- Check for working CXX compiler: /usr/bin/g++-13 - skipped
-- Detecting CXX compile features
-- Detecting CXX compile features - done
-- Configuring done (0.3s)
-- Generating done (0.0s)
-- Build files have been written to: /scratch/luisr/mlir-aie/programming_examples/basic/block_datatypes/matrix_multiplication/whole_array/_build
cd _build &&  cmake --build . --config Release
gmake[1]: Entering directory '/scratch/luisr/mlir-aie/programming_examples/basic/block_datatypes/matrix_multiplication/whole_array/_build'
gmake[2]: Entering directory '/scratch/luisr/mlir-aie/programming_examples/basic/block_datatypes/matrix_multiplication/whole_array/_build'
gmake[3]: Entering directory '/scratch/luisr/mlir-aie/programming_examples/basic/block_datatypes/matrix_multiplication/whole_array/_build'
gmake[3]: Leaving directory '/scratch/luisr/mlir-aie/programming_examples/basic/block_datatypes/matrix_multiplication/whole_array/_build'
gmake[3]: Entering directory '/scratch/luisr/mlir-aie/programming_examples/basic/block_datatypes/matrix_multiplication/whole_array/_build'
[ 33%] Building CXX object CMakeFiles/whole_array.dir/bfp_test.cpp.o
[ 66%] Building CXX object CMakeFiles/whole_array.dir/scratch/luisr/mlir-aie/runtime_lib/test_lib/test_utils.cpp.o
[100%] Linking CXX executable whole_array
gmake[3]: Leaving directory '/scratch/luisr/mlir-aie/programming_examples/basic/block_datatypes/matrix_multiplication/whole_array/_build'
[100%] Built target whole_array
gmake[2]: Leaving directory '/scratch/luisr/mlir-aie/programming_examples/basic/block_datatypes/matrix_multiplication/whole_array/_build'
gmake[1]: Leaving directory '/scratch/luisr/mlir-aie/programming_examples/basic/block_datatypes/matrix_multiplication/whole_array/_build'
cp _build/whole_array whole_array.exe 
mkdir -p build
python3 /scratch/luisr/mlir-aie/programming_examples/basic/block_datatypes/matrix_multiplication/whole_array/whole_array.py --n-aie-cols 8 -m 64 -k 128 -n 64 -M 1024 -K 1024 -N 2560 > build/aie_1024x1024x2560_64x128x64.mlir
mkdir -p build
cd build && xchesscc_wrapper aie2p -I /proj/xbuilds/2024.2_INT_1113_1001/installs/all_platforms/Vitis/2024.2/aietools/include  -DDIM_M=64 -DDIM_K=128 -DDIM_N=64 -DOPT_PERF_ENABLED -c /scratch/luisr/mlir-aie/programming_examples/basic/block_datatypes/matrix_multiplication/whole_array/../mm.cc -o mm_64x128x64.o
WARNING: Default location for XILINX_VIVADO_IP_OVERRIDE not found: /build/xfndry/IP_2024.2_INTEGRATION_VERIFIED/customer/vivado/data/ip
mkdir -p build
cd build && aiecc.py --alloc-scheme= --aie-generate-xclbin --no-compile-host --xclbin-name=final_1024x1024x2560_64x128x64.xclbin \
			 --dynamic-objFifos \
			--aie-generate-npu-insts --npu-insts-name=insts_1024x1024x2560_64x128x64.txt ../build/aie_1024x1024x2560_64x128x64.mlir
[AIE ERROR] _XAie_LoadProgMemSection():231: Overflow of program memory
XAie_LoadElf failed with XAIE_INVALID_ELF
Generating: /scratch/luisr/mlir-aie/programming_examples/basic/block_datatypes/matrix_multiplication/whole_array/build/aie_1024x1024x2560_64x128x64.mlir.prj/aie_cdo_elfs.bin
Traceback (most recent call last):
  File "/scratch/luisr/mlir-aie/install/bin/aiecc.py", line 12, in <module>
    main()
  File "/scratch/luisr/mlir-aie/install/python/aie/compiler/aiecc/main.py", line 1476, in main
    run(module_str)
  File "/scratch/luisr/mlir-aie/install/python/aie/compiler/aiecc/main.py", line 1450, in run
    asyncio.run(runner.run_flow())
  File "/usr/lib/python3.12/asyncio/runners.py", line 194, in run
    return runner.run(main)
           ^^^^^^^^^^^^^^^^
  File "/usr/lib/python3.12/asyncio/runners.py", line 118, in run
    return self._loop.run_until_complete(task)
           ^^^^^^^^^^^^^^^^^^^^^^^^^^^^^^^^^^^
  File "/usr/lib/python3.12/asyncio/base_events.py", line 687, in run_until_complete
    return future.result()
           ^^^^^^^^^^^^^^^
  File "/scratch/luisr/mlir-aie/install/python/aie/compiler/aiecc/main.py", line 1350, in run_flow
    await self.process_cdo(input_physical_str)
  File "/scratch/luisr/mlir-aie/install/python/aie/compiler/aiecc/main.py", line 600, in process_cdo
    aiedialect.generate_cdo(input_physical.operation, self.tmpdirname)
ValueError: Failed to generate cdo because: 
make: *** [/scratch/luisr/mlir-aie/programming_examples/basic/block_datatypes/matrix_multiplication/whole_array/../makefile_common:73: build/final_1024x1024x2560_64x128x64.xclbin] Error 1
rm -rf build _build whole_array.exe
rm -rf _build
mkdir -p _build
cd _build &&  cmake -E env CXXFLAGS="-std=c++23 -ggdb -DDTYPE_IN= -DDTYPE_OUT= -DDTYPE_ACC=" \
	cmake `echo /scratch/luisr/mlir-aie/programming_examples/basic/block_datatypes/matrix_multiplication/whole_array/..` -D CMAKE_C_COMPILER=gcc-13 -D CMAKE_CXX_COMPILER=g++-13 -DTARGET_NAME=whole_array -Dhostsrc=/scratch/luisr/mlir-aie/programming_examples/basic/block_datatypes/matrix_multiplication/whole_array/../bfp_test.cpp
CMake Deprecation Warning at CMakeLists.txt:13 (cmake_minimum_required):
  Compatibility with CMake < 3.10 will be removed from a future version of
  CMake.

  Update the VERSION argument <min> value.  Or, use the <min>...<max> syntax
  to tell CMake that the project requires at least <min> but has been updated
  to work with policies introduced by <max> or earlier.


-- The C compiler identification is GNU 13.3.0
-- The CXX compiler identification is GNU 13.3.0
-- Detecting C compiler ABI info
-- Detecting C compiler ABI info - done
-- Check for working C compiler: /usr/bin/gcc-13 - skipped
-- Detecting C compile features
-- Detecting C compile features - done
-- Detecting CXX compiler ABI info
-- Detecting CXX compiler ABI info - done
-- Check for working CXX compiler: /usr/bin/g++-13 - skipped
-- Detecting CXX compile features
-- Detecting CXX compile features - done
-- Configuring done (0.3s)
-- Generating done (0.0s)
-- Build files have been written to: /scratch/luisr/mlir-aie/programming_examples/basic/block_datatypes/matrix_multiplication/whole_array/_build
cd _build &&  cmake --build . --config Release
gmake[1]: Entering directory '/scratch/luisr/mlir-aie/programming_examples/basic/block_datatypes/matrix_multiplication/whole_array/_build'
gmake[2]: Entering directory '/scratch/luisr/mlir-aie/programming_examples/basic/block_datatypes/matrix_multiplication/whole_array/_build'
gmake[3]: Entering directory '/scratch/luisr/mlir-aie/programming_examples/basic/block_datatypes/matrix_multiplication/whole_array/_build'
gmake[3]: Leaving directory '/scratch/luisr/mlir-aie/programming_examples/basic/block_datatypes/matrix_multiplication/whole_array/_build'
gmake[3]: Entering directory '/scratch/luisr/mlir-aie/programming_examples/basic/block_datatypes/matrix_multiplication/whole_array/_build'
[ 33%] Building CXX object CMakeFiles/whole_array.dir/bfp_test.cpp.o
[ 66%] Building CXX object CMakeFiles/whole_array.dir/scratch/luisr/mlir-aie/runtime_lib/test_lib/test_utils.cpp.o
[100%] Linking CXX executable whole_array
gmake[3]: Leaving directory '/scratch/luisr/mlir-aie/programming_examples/basic/block_datatypes/matrix_multiplication/whole_array/_build'
[100%] Built target whole_array
gmake[2]: Leaving directory '/scratch/luisr/mlir-aie/programming_examples/basic/block_datatypes/matrix_multiplication/whole_array/_build'
gmake[1]: Leaving directory '/scratch/luisr/mlir-aie/programming_examples/basic/block_datatypes/matrix_multiplication/whole_array/_build'
cp _build/whole_array whole_array.exe 
mkdir -p build
python3 /scratch/luisr/mlir-aie/programming_examples/basic/block_datatypes/matrix_multiplication/whole_array/whole_array.py --n-aie-cols 8 -m 64 -k 128 -n 64 -M 1024 -K 1024 -N 4096 > build/aie_1024x1024x4096_64x128x64.mlir
mkdir -p build
cd build && xchesscc_wrapper aie2p -I /proj/xbuilds/2024.2_INT_1113_1001/installs/all_platforms/Vitis/2024.2/aietools/include  -DDIM_M=64 -DDIM_K=128 -DDIM_N=64 -DOPT_PERF_ENABLED -c /scratch/luisr/mlir-aie/programming_examples/basic/block_datatypes/matrix_multiplication/whole_array/../mm.cc -o mm_64x128x64.o
WARNING: Default location for XILINX_VIVADO_IP_OVERRIDE not found: /build/xfndry/IP_2024.2_INTEGRATION_VERIFIED/customer/vivado/data/ip
mkdir -p build
cd build && aiecc.py --alloc-scheme= --aie-generate-xclbin --no-compile-host --xclbin-name=final_1024x1024x4096_64x128x64.xclbin \
			 --dynamic-objFifos \
			--aie-generate-npu-insts --npu-insts-name=insts_1024x1024x4096_64x128x64.txt ../build/aie_1024x1024x4096_64x128x64.mlir
[AIE ERROR] _XAie_LoadProgMemSection():231: Overflow of program memory
XAie_LoadElf failed with XAIE_INVALID_ELF
Generating: /scratch/luisr/mlir-aie/programming_examples/basic/block_datatypes/matrix_multiplication/whole_array/build/aie_1024x1024x4096_64x128x64.mlir.prj/aie_cdo_elfs.bin
Traceback (most recent call last):
  File "/scratch/luisr/mlir-aie/install/bin/aiecc.py", line 12, in <module>
    main()
  File "/scratch/luisr/mlir-aie/install/python/aie/compiler/aiecc/main.py", line 1476, in main
    run(module_str)
  File "/scratch/luisr/mlir-aie/install/python/aie/compiler/aiecc/main.py", line 1450, in run
    asyncio.run(runner.run_flow())
  File "/usr/lib/python3.12/asyncio/runners.py", line 194, in run
    return runner.run(main)
           ^^^^^^^^^^^^^^^^
  File "/usr/lib/python3.12/asyncio/runners.py", line 118, in run
    return self._loop.run_until_complete(task)
           ^^^^^^^^^^^^^^^^^^^^^^^^^^^^^^^^^^^
  File "/usr/lib/python3.12/asyncio/base_events.py", line 687, in run_until_complete
    return future.result()
           ^^^^^^^^^^^^^^^
  File "/scratch/luisr/mlir-aie/install/python/aie/compiler/aiecc/main.py", line 1350, in run_flow
    await self.process_cdo(input_physical_str)
  File "/scratch/luisr/mlir-aie/install/python/aie/compiler/aiecc/main.py", line 600, in process_cdo
    aiedialect.generate_cdo(input_physical.operation, self.tmpdirname)
ValueError: Failed to generate cdo because: 
make: *** [/scratch/luisr/mlir-aie/programming_examples/basic/block_datatypes/matrix_multiplication/whole_array/../makefile_common:73: build/final_1024x1024x4096_64x128x64.xclbin] Error 1
rm -rf build _build whole_array.exe
rm -rf _build
mkdir -p _build
cd _build &&  cmake -E env CXXFLAGS="-std=c++23 -ggdb -DDTYPE_IN= -DDTYPE_OUT= -DDTYPE_ACC=" \
	cmake `echo /scratch/luisr/mlir-aie/programming_examples/basic/block_datatypes/matrix_multiplication/whole_array/..` -D CMAKE_C_COMPILER=gcc-13 -D CMAKE_CXX_COMPILER=g++-13 -DTARGET_NAME=whole_array -Dhostsrc=/scratch/luisr/mlir-aie/programming_examples/basic/block_datatypes/matrix_multiplication/whole_array/../bfp_test.cpp
CMake Deprecation Warning at CMakeLists.txt:13 (cmake_minimum_required):
  Compatibility with CMake < 3.10 will be removed from a future version of
  CMake.

  Update the VERSION argument <min> value.  Or, use the <min>...<max> syntax
  to tell CMake that the project requires at least <min> but has been updated
  to work with policies introduced by <max> or earlier.


-- The C compiler identification is GNU 13.3.0
-- The CXX compiler identification is GNU 13.3.0
-- Detecting C compiler ABI info
-- Detecting C compiler ABI info - done
-- Check for working C compiler: /usr/bin/gcc-13 - skipped
-- Detecting C compile features
-- Detecting C compile features - done
-- Detecting CXX compiler ABI info
-- Detecting CXX compiler ABI info - done
-- Check for working CXX compiler: /usr/bin/g++-13 - skipped
-- Detecting CXX compile features
-- Detecting CXX compile features - done
-- Configuring done (0.3s)
-- Generating done (0.0s)
-- Build files have been written to: /scratch/luisr/mlir-aie/programming_examples/basic/block_datatypes/matrix_multiplication/whole_array/_build
cd _build &&  cmake --build . --config Release
gmake[1]: Entering directory '/scratch/luisr/mlir-aie/programming_examples/basic/block_datatypes/matrix_multiplication/whole_array/_build'
gmake[2]: Entering directory '/scratch/luisr/mlir-aie/programming_examples/basic/block_datatypes/matrix_multiplication/whole_array/_build'
gmake[3]: Entering directory '/scratch/luisr/mlir-aie/programming_examples/basic/block_datatypes/matrix_multiplication/whole_array/_build'
gmake[3]: Leaving directory '/scratch/luisr/mlir-aie/programming_examples/basic/block_datatypes/matrix_multiplication/whole_array/_build'
gmake[3]: Entering directory '/scratch/luisr/mlir-aie/programming_examples/basic/block_datatypes/matrix_multiplication/whole_array/_build'
[ 33%] Building CXX object CMakeFiles/whole_array.dir/bfp_test.cpp.o
[ 66%] Building CXX object CMakeFiles/whole_array.dir/scratch/luisr/mlir-aie/runtime_lib/test_lib/test_utils.cpp.o
[100%] Linking CXX executable whole_array
gmake[3]: Leaving directory '/scratch/luisr/mlir-aie/programming_examples/basic/block_datatypes/matrix_multiplication/whole_array/_build'
[100%] Built target whole_array
gmake[2]: Leaving directory '/scratch/luisr/mlir-aie/programming_examples/basic/block_datatypes/matrix_multiplication/whole_array/_build'
gmake[1]: Leaving directory '/scratch/luisr/mlir-aie/programming_examples/basic/block_datatypes/matrix_multiplication/whole_array/_build'
cp _build/whole_array whole_array.exe 
mkdir -p build
python3 /scratch/luisr/mlir-aie/programming_examples/basic/block_datatypes/matrix_multiplication/whole_array/whole_array.py --n-aie-cols 8 -m 64 -k 128 -n 64 -M 1024 -K 2560 -N 512 > build/aie_1024x2560x512_64x128x64.mlir
mkdir -p build
cd build && xchesscc_wrapper aie2p -I /proj/xbuilds/2024.2_INT_1113_1001/installs/all_platforms/Vitis/2024.2/aietools/include  -DDIM_M=64 -DDIM_K=128 -DDIM_N=64 -DOPT_PERF_ENABLED -c /scratch/luisr/mlir-aie/programming_examples/basic/block_datatypes/matrix_multiplication/whole_array/../mm.cc -o mm_64x128x64.o
WARNING: Default location for XILINX_VIVADO_IP_OVERRIDE not found: /build/xfndry/IP_2024.2_INTEGRATION_VERIFIED/customer/vivado/data/ip
mkdir -p build
cd build && aiecc.py --alloc-scheme= --aie-generate-xclbin --no-compile-host --xclbin-name=final_1024x2560x512_64x128x64.xclbin \
			 --dynamic-objFifos \
			--aie-generate-npu-insts --npu-insts-name=insts_1024x2560x512_64x128x64.txt ../build/aie_1024x2560x512_64x128x64.mlir
[AIE ERROR] _XAie_LoadProgMemSection():231: Overflow of program memory
XAie_LoadElf failed with XAIE_INVALID_ELF
Generating: /scratch/luisr/mlir-aie/programming_examples/basic/block_datatypes/matrix_multiplication/whole_array/build/aie_1024x2560x512_64x128x64.mlir.prj/aie_cdo_elfs.bin
Traceback (most recent call last):
  File "/scratch/luisr/mlir-aie/install/bin/aiecc.py", line 12, in <module>
    main()
  File "/scratch/luisr/mlir-aie/install/python/aie/compiler/aiecc/main.py", line 1476, in main
    run(module_str)
  File "/scratch/luisr/mlir-aie/install/python/aie/compiler/aiecc/main.py", line 1450, in run
    asyncio.run(runner.run_flow())
  File "/usr/lib/python3.12/asyncio/runners.py", line 194, in run
    return runner.run(main)
           ^^^^^^^^^^^^^^^^
  File "/usr/lib/python3.12/asyncio/runners.py", line 118, in run
    return self._loop.run_until_complete(task)
           ^^^^^^^^^^^^^^^^^^^^^^^^^^^^^^^^^^^
  File "/usr/lib/python3.12/asyncio/base_events.py", line 687, in run_until_complete
    return future.result()
           ^^^^^^^^^^^^^^^
  File "/scratch/luisr/mlir-aie/install/python/aie/compiler/aiecc/main.py", line 1350, in run_flow
    await self.process_cdo(input_physical_str)
  File "/scratch/luisr/mlir-aie/install/python/aie/compiler/aiecc/main.py", line 600, in process_cdo
    aiedialect.generate_cdo(input_physical.operation, self.tmpdirname)
ValueError: Failed to generate cdo because: 
make: *** [/scratch/luisr/mlir-aie/programming_examples/basic/block_datatypes/matrix_multiplication/whole_array/../makefile_common:73: build/final_1024x2560x512_64x128x64.xclbin] Error 1
rm -rf build _build whole_array.exe
rm -rf _build
mkdir -p _build
cd _build &&  cmake -E env CXXFLAGS="-std=c++23 -ggdb -DDTYPE_IN= -DDTYPE_OUT= -DDTYPE_ACC=" \
	cmake `echo /scratch/luisr/mlir-aie/programming_examples/basic/block_datatypes/matrix_multiplication/whole_array/..` -D CMAKE_C_COMPILER=gcc-13 -D CMAKE_CXX_COMPILER=g++-13 -DTARGET_NAME=whole_array -Dhostsrc=/scratch/luisr/mlir-aie/programming_examples/basic/block_datatypes/matrix_multiplication/whole_array/../bfp_test.cpp
CMake Deprecation Warning at CMakeLists.txt:13 (cmake_minimum_required):
  Compatibility with CMake < 3.10 will be removed from a future version of
  CMake.

  Update the VERSION argument <min> value.  Or, use the <min>...<max> syntax
  to tell CMake that the project requires at least <min> but has been updated
  to work with policies introduced by <max> or earlier.


-- The C compiler identification is GNU 13.3.0
-- The CXX compiler identification is GNU 13.3.0
-- Detecting C compiler ABI info
-- Detecting C compiler ABI info - done
-- Check for working C compiler: /usr/bin/gcc-13 - skipped
-- Detecting C compile features
-- Detecting C compile features - done
-- Detecting CXX compiler ABI info
-- Detecting CXX compiler ABI info - done
-- Check for working CXX compiler: /usr/bin/g++-13 - skipped
-- Detecting CXX compile features
-- Detecting CXX compile features - done
-- Configuring done (0.3s)
-- Generating done (0.0s)
-- Build files have been written to: /scratch/luisr/mlir-aie/programming_examples/basic/block_datatypes/matrix_multiplication/whole_array/_build
cd _build &&  cmake --build . --config Release
gmake[1]: Entering directory '/scratch/luisr/mlir-aie/programming_examples/basic/block_datatypes/matrix_multiplication/whole_array/_build'
gmake[2]: Entering directory '/scratch/luisr/mlir-aie/programming_examples/basic/block_datatypes/matrix_multiplication/whole_array/_build'
gmake[3]: Entering directory '/scratch/luisr/mlir-aie/programming_examples/basic/block_datatypes/matrix_multiplication/whole_array/_build'
gmake[3]: Leaving directory '/scratch/luisr/mlir-aie/programming_examples/basic/block_datatypes/matrix_multiplication/whole_array/_build'
gmake[3]: Entering directory '/scratch/luisr/mlir-aie/programming_examples/basic/block_datatypes/matrix_multiplication/whole_array/_build'
[ 33%] Building CXX object CMakeFiles/whole_array.dir/bfp_test.cpp.o
[ 66%] Building CXX object CMakeFiles/whole_array.dir/scratch/luisr/mlir-aie/runtime_lib/test_lib/test_utils.cpp.o
[100%] Linking CXX executable whole_array
gmake[3]: Leaving directory '/scratch/luisr/mlir-aie/programming_examples/basic/block_datatypes/matrix_multiplication/whole_array/_build'
[100%] Built target whole_array
gmake[2]: Leaving directory '/scratch/luisr/mlir-aie/programming_examples/basic/block_datatypes/matrix_multiplication/whole_array/_build'
gmake[1]: Leaving directory '/scratch/luisr/mlir-aie/programming_examples/basic/block_datatypes/matrix_multiplication/whole_array/_build'
cp _build/whole_array whole_array.exe 
mkdir -p build
python3 /scratch/luisr/mlir-aie/programming_examples/basic/block_datatypes/matrix_multiplication/whole_array/whole_array.py --n-aie-cols 8 -m 64 -k 128 -n 64 -M 1024 -K 2560 -N 1024 > build/aie_1024x2560x1024_64x128x64.mlir
mkdir -p build
cd build && xchesscc_wrapper aie2p -I /proj/xbuilds/2024.2_INT_1113_1001/installs/all_platforms/Vitis/2024.2/aietools/include  -DDIM_M=64 -DDIM_K=128 -DDIM_N=64 -DOPT_PERF_ENABLED -c /scratch/luisr/mlir-aie/programming_examples/basic/block_datatypes/matrix_multiplication/whole_array/../mm.cc -o mm_64x128x64.o
WARNING: Default location for XILINX_VIVADO_IP_OVERRIDE not found: /build/xfndry/IP_2024.2_INTEGRATION_VERIFIED/customer/vivado/data/ip
mkdir -p build
cd build && aiecc.py --alloc-scheme= --aie-generate-xclbin --no-compile-host --xclbin-name=final_1024x2560x1024_64x128x64.xclbin \
			 --dynamic-objFifos \
			--aie-generate-npu-insts --npu-insts-name=insts_1024x2560x1024_64x128x64.txt ../build/aie_1024x2560x1024_64x128x64.mlir
[AIE ERROR] _XAie_LoadProgMemSection():231: Overflow of program memory
XAie_LoadElf failed with XAIE_INVALID_ELF
Generating: /scratch/luisr/mlir-aie/programming_examples/basic/block_datatypes/matrix_multiplication/whole_array/build/aie_1024x2560x1024_64x128x64.mlir.prj/aie_cdo_elfs.bin
Traceback (most recent call last):
  File "/scratch/luisr/mlir-aie/install/bin/aiecc.py", line 12, in <module>
    main()
  File "/scratch/luisr/mlir-aie/install/python/aie/compiler/aiecc/main.py", line 1476, in main
    run(module_str)
  File "/scratch/luisr/mlir-aie/install/python/aie/compiler/aiecc/main.py", line 1450, in run
    asyncio.run(runner.run_flow())
  File "/usr/lib/python3.12/asyncio/runners.py", line 194, in run
    return runner.run(main)
           ^^^^^^^^^^^^^^^^
  File "/usr/lib/python3.12/asyncio/runners.py", line 118, in run
    return self._loop.run_until_complete(task)
           ^^^^^^^^^^^^^^^^^^^^^^^^^^^^^^^^^^^
  File "/usr/lib/python3.12/asyncio/base_events.py", line 687, in run_until_complete
    return future.result()
           ^^^^^^^^^^^^^^^
  File "/scratch/luisr/mlir-aie/install/python/aie/compiler/aiecc/main.py", line 1350, in run_flow
    await self.process_cdo(input_physical_str)
  File "/scratch/luisr/mlir-aie/install/python/aie/compiler/aiecc/main.py", line 600, in process_cdo
    aiedialect.generate_cdo(input_physical.operation, self.tmpdirname)
ValueError: Failed to generate cdo because: 
make: *** [/scratch/luisr/mlir-aie/programming_examples/basic/block_datatypes/matrix_multiplication/whole_array/../makefile_common:73: build/final_1024x2560x1024_64x128x64.xclbin] Error 1
rm -rf build _build whole_array.exe
rm -rf _build
mkdir -p _build
cd _build &&  cmake -E env CXXFLAGS="-std=c++23 -ggdb -DDTYPE_IN= -DDTYPE_OUT= -DDTYPE_ACC=" \
	cmake `echo /scratch/luisr/mlir-aie/programming_examples/basic/block_datatypes/matrix_multiplication/whole_array/..` -D CMAKE_C_COMPILER=gcc-13 -D CMAKE_CXX_COMPILER=g++-13 -DTARGET_NAME=whole_array -Dhostsrc=/scratch/luisr/mlir-aie/programming_examples/basic/block_datatypes/matrix_multiplication/whole_array/../bfp_test.cpp
CMake Deprecation Warning at CMakeLists.txt:13 (cmake_minimum_required):
  Compatibility with CMake < 3.10 will be removed from a future version of
  CMake.

  Update the VERSION argument <min> value.  Or, use the <min>...<max> syntax
  to tell CMake that the project requires at least <min> but has been updated
  to work with policies introduced by <max> or earlier.


-- The C compiler identification is GNU 13.3.0
-- The CXX compiler identification is GNU 13.3.0
-- Detecting C compiler ABI info
-- Detecting C compiler ABI info - done
-- Check for working C compiler: /usr/bin/gcc-13 - skipped
-- Detecting C compile features
-- Detecting C compile features - done
-- Detecting CXX compiler ABI info
-- Detecting CXX compiler ABI info - done
-- Check for working CXX compiler: /usr/bin/g++-13 - skipped
-- Detecting CXX compile features
-- Detecting CXX compile features - done
-- Configuring done (0.3s)
-- Generating done (0.0s)
-- Build files have been written to: /scratch/luisr/mlir-aie/programming_examples/basic/block_datatypes/matrix_multiplication/whole_array/_build
cd _build &&  cmake --build . --config Release
gmake[1]: Entering directory '/scratch/luisr/mlir-aie/programming_examples/basic/block_datatypes/matrix_multiplication/whole_array/_build'
gmake[2]: Entering directory '/scratch/luisr/mlir-aie/programming_examples/basic/block_datatypes/matrix_multiplication/whole_array/_build'
gmake[3]: Entering directory '/scratch/luisr/mlir-aie/programming_examples/basic/block_datatypes/matrix_multiplication/whole_array/_build'
gmake[3]: Leaving directory '/scratch/luisr/mlir-aie/programming_examples/basic/block_datatypes/matrix_multiplication/whole_array/_build'
gmake[3]: Entering directory '/scratch/luisr/mlir-aie/programming_examples/basic/block_datatypes/matrix_multiplication/whole_array/_build'
[ 33%] Building CXX object CMakeFiles/whole_array.dir/bfp_test.cpp.o
[ 66%] Building CXX object CMakeFiles/whole_array.dir/scratch/luisr/mlir-aie/runtime_lib/test_lib/test_utils.cpp.o
[100%] Linking CXX executable whole_array
gmake[3]: Leaving directory '/scratch/luisr/mlir-aie/programming_examples/basic/block_datatypes/matrix_multiplication/whole_array/_build'
[100%] Built target whole_array
gmake[2]: Leaving directory '/scratch/luisr/mlir-aie/programming_examples/basic/block_datatypes/matrix_multiplication/whole_array/_build'
gmake[1]: Leaving directory '/scratch/luisr/mlir-aie/programming_examples/basic/block_datatypes/matrix_multiplication/whole_array/_build'
cp _build/whole_array whole_array.exe 
mkdir -p build
python3 /scratch/luisr/mlir-aie/programming_examples/basic/block_datatypes/matrix_multiplication/whole_array/whole_array.py --n-aie-cols 8 -m 64 -k 128 -n 64 -M 1024 -K 2560 -N 2560 > build/aie_1024x2560x2560_64x128x64.mlir
mkdir -p build
cd build && xchesscc_wrapper aie2p -I /proj/xbuilds/2024.2_INT_1113_1001/installs/all_platforms/Vitis/2024.2/aietools/include  -DDIM_M=64 -DDIM_K=128 -DDIM_N=64 -DOPT_PERF_ENABLED -c /scratch/luisr/mlir-aie/programming_examples/basic/block_datatypes/matrix_multiplication/whole_array/../mm.cc -o mm_64x128x64.o
WARNING: Default location for XILINX_VIVADO_IP_OVERRIDE not found: /build/xfndry/IP_2024.2_INTEGRATION_VERIFIED/customer/vivado/data/ip
mkdir -p build
cd build && aiecc.py --alloc-scheme= --aie-generate-xclbin --no-compile-host --xclbin-name=final_1024x2560x2560_64x128x64.xclbin \
			 --dynamic-objFifos \
			--aie-generate-npu-insts --npu-insts-name=insts_1024x2560x2560_64x128x64.txt ../build/aie_1024x2560x2560_64x128x64.mlir
[AIE ERROR] _XAie_LoadProgMemSection():231: Overflow of program memory
XAie_LoadElf failed with XAIE_INVALID_ELF
Generating: /scratch/luisr/mlir-aie/programming_examples/basic/block_datatypes/matrix_multiplication/whole_array/build/aie_1024x2560x2560_64x128x64.mlir.prj/aie_cdo_elfs.bin
Traceback (most recent call last):
  File "/scratch/luisr/mlir-aie/install/bin/aiecc.py", line 12, in <module>
    main()
  File "/scratch/luisr/mlir-aie/install/python/aie/compiler/aiecc/main.py", line 1476, in main
    run(module_str)
  File "/scratch/luisr/mlir-aie/install/python/aie/compiler/aiecc/main.py", line 1450, in run
    asyncio.run(runner.run_flow())
  File "/usr/lib/python3.12/asyncio/runners.py", line 194, in run
    return runner.run(main)
           ^^^^^^^^^^^^^^^^
  File "/usr/lib/python3.12/asyncio/runners.py", line 118, in run
    return self._loop.run_until_complete(task)
           ^^^^^^^^^^^^^^^^^^^^^^^^^^^^^^^^^^^
  File "/usr/lib/python3.12/asyncio/base_events.py", line 687, in run_until_complete
    return future.result()
           ^^^^^^^^^^^^^^^
  File "/scratch/luisr/mlir-aie/install/python/aie/compiler/aiecc/main.py", line 1350, in run_flow
    await self.process_cdo(input_physical_str)
  File "/scratch/luisr/mlir-aie/install/python/aie/compiler/aiecc/main.py", line 600, in process_cdo
    aiedialect.generate_cdo(input_physical.operation, self.tmpdirname)
ValueError: Failed to generate cdo because: 
make: *** [/scratch/luisr/mlir-aie/programming_examples/basic/block_datatypes/matrix_multiplication/whole_array/../makefile_common:73: build/final_1024x2560x2560_64x128x64.xclbin] Error 1
rm -rf build _build whole_array.exe
rm -rf _build
mkdir -p _build
cd _build &&  cmake -E env CXXFLAGS="-std=c++23 -ggdb -DDTYPE_IN= -DDTYPE_OUT= -DDTYPE_ACC=" \
	cmake `echo /scratch/luisr/mlir-aie/programming_examples/basic/block_datatypes/matrix_multiplication/whole_array/..` -D CMAKE_C_COMPILER=gcc-13 -D CMAKE_CXX_COMPILER=g++-13 -DTARGET_NAME=whole_array -Dhostsrc=/scratch/luisr/mlir-aie/programming_examples/basic/block_datatypes/matrix_multiplication/whole_array/../bfp_test.cpp
CMake Deprecation Warning at CMakeLists.txt:13 (cmake_minimum_required):
  Compatibility with CMake < 3.10 will be removed from a future version of
  CMake.

  Update the VERSION argument <min> value.  Or, use the <min>...<max> syntax
  to tell CMake that the project requires at least <min> but has been updated
  to work with policies introduced by <max> or earlier.


-- The C compiler identification is GNU 13.3.0
-- The CXX compiler identification is GNU 13.3.0
-- Detecting C compiler ABI info
-- Detecting C compiler ABI info - done
-- Check for working C compiler: /usr/bin/gcc-13 - skipped
-- Detecting C compile features
-- Detecting C compile features - done
-- Detecting CXX compiler ABI info
-- Detecting CXX compiler ABI info - done
-- Check for working CXX compiler: /usr/bin/g++-13 - skipped
-- Detecting CXX compile features
-- Detecting CXX compile features - done
-- Configuring done (0.3s)
-- Generating done (0.0s)
-- Build files have been written to: /scratch/luisr/mlir-aie/programming_examples/basic/block_datatypes/matrix_multiplication/whole_array/_build
cd _build &&  cmake --build . --config Release
gmake[1]: Entering directory '/scratch/luisr/mlir-aie/programming_examples/basic/block_datatypes/matrix_multiplication/whole_array/_build'
gmake[2]: Entering directory '/scratch/luisr/mlir-aie/programming_examples/basic/block_datatypes/matrix_multiplication/whole_array/_build'
gmake[3]: Entering directory '/scratch/luisr/mlir-aie/programming_examples/basic/block_datatypes/matrix_multiplication/whole_array/_build'
gmake[3]: Leaving directory '/scratch/luisr/mlir-aie/programming_examples/basic/block_datatypes/matrix_multiplication/whole_array/_build'
gmake[3]: Entering directory '/scratch/luisr/mlir-aie/programming_examples/basic/block_datatypes/matrix_multiplication/whole_array/_build'
[ 33%] Building CXX object CMakeFiles/whole_array.dir/bfp_test.cpp.o
[ 66%] Building CXX object CMakeFiles/whole_array.dir/scratch/luisr/mlir-aie/runtime_lib/test_lib/test_utils.cpp.o
[100%] Linking CXX executable whole_array
gmake[3]: Leaving directory '/scratch/luisr/mlir-aie/programming_examples/basic/block_datatypes/matrix_multiplication/whole_array/_build'
[100%] Built target whole_array
gmake[2]: Leaving directory '/scratch/luisr/mlir-aie/programming_examples/basic/block_datatypes/matrix_multiplication/whole_array/_build'
gmake[1]: Leaving directory '/scratch/luisr/mlir-aie/programming_examples/basic/block_datatypes/matrix_multiplication/whole_array/_build'
cp _build/whole_array whole_array.exe 
mkdir -p build
python3 /scratch/luisr/mlir-aie/programming_examples/basic/block_datatypes/matrix_multiplication/whole_array/whole_array.py --n-aie-cols 8 -m 64 -k 128 -n 64 -M 1024 -K 2560 -N 4096 > build/aie_1024x2560x4096_64x128x64.mlir
mkdir -p build
cd build && xchesscc_wrapper aie2p -I /proj/xbuilds/2024.2_INT_1113_1001/installs/all_platforms/Vitis/2024.2/aietools/include  -DDIM_M=64 -DDIM_K=128 -DDIM_N=64 -DOPT_PERF_ENABLED -c /scratch/luisr/mlir-aie/programming_examples/basic/block_datatypes/matrix_multiplication/whole_array/../mm.cc -o mm_64x128x64.o
WARNING: Default location for XILINX_VIVADO_IP_OVERRIDE not found: /build/xfndry/IP_2024.2_INTEGRATION_VERIFIED/customer/vivado/data/ip
mkdir -p build
cd build && aiecc.py --alloc-scheme= --aie-generate-xclbin --no-compile-host --xclbin-name=final_1024x2560x4096_64x128x64.xclbin \
			 --dynamic-objFifos \
			--aie-generate-npu-insts --npu-insts-name=insts_1024x2560x4096_64x128x64.txt ../build/aie_1024x2560x4096_64x128x64.mlir
[AIE ERROR] _XAie_LoadProgMemSection():231: Overflow of program memory
XAie_LoadElf failed with XAIE_INVALID_ELF
Generating: /scratch/luisr/mlir-aie/programming_examples/basic/block_datatypes/matrix_multiplication/whole_array/build/aie_1024x2560x4096_64x128x64.mlir.prj/aie_cdo_elfs.bin
Traceback (most recent call last):
  File "/scratch/luisr/mlir-aie/install/bin/aiecc.py", line 12, in <module>
    main()
  File "/scratch/luisr/mlir-aie/install/python/aie/compiler/aiecc/main.py", line 1476, in main
    run(module_str)
  File "/scratch/luisr/mlir-aie/install/python/aie/compiler/aiecc/main.py", line 1450, in run
    asyncio.run(runner.run_flow())
  File "/usr/lib/python3.12/asyncio/runners.py", line 194, in run
    return runner.run(main)
           ^^^^^^^^^^^^^^^^
  File "/usr/lib/python3.12/asyncio/runners.py", line 118, in run
    return self._loop.run_until_complete(task)
           ^^^^^^^^^^^^^^^^^^^^^^^^^^^^^^^^^^^
  File "/usr/lib/python3.12/asyncio/base_events.py", line 687, in run_until_complete
    return future.result()
           ^^^^^^^^^^^^^^^
  File "/scratch/luisr/mlir-aie/install/python/aie/compiler/aiecc/main.py", line 1350, in run_flow
    await self.process_cdo(input_physical_str)
  File "/scratch/luisr/mlir-aie/install/python/aie/compiler/aiecc/main.py", line 600, in process_cdo
    aiedialect.generate_cdo(input_physical.operation, self.tmpdirname)
ValueError: Failed to generate cdo because: 
make: *** [/scratch/luisr/mlir-aie/programming_examples/basic/block_datatypes/matrix_multiplication/whole_array/../makefile_common:73: build/final_1024x2560x4096_64x128x64.xclbin] Error 1
rm -rf build _build whole_array.exe
rm -rf _build
mkdir -p _build
cd _build &&  cmake -E env CXXFLAGS="-std=c++23 -ggdb -DDTYPE_IN= -DDTYPE_OUT= -DDTYPE_ACC=" \
	cmake `echo /scratch/luisr/mlir-aie/programming_examples/basic/block_datatypes/matrix_multiplication/whole_array/..` -D CMAKE_C_COMPILER=gcc-13 -D CMAKE_CXX_COMPILER=g++-13 -DTARGET_NAME=whole_array -Dhostsrc=/scratch/luisr/mlir-aie/programming_examples/basic/block_datatypes/matrix_multiplication/whole_array/../bfp_test.cpp
CMake Deprecation Warning at CMakeLists.txt:13 (cmake_minimum_required):
  Compatibility with CMake < 3.10 will be removed from a future version of
  CMake.

  Update the VERSION argument <min> value.  Or, use the <min>...<max> syntax
  to tell CMake that the project requires at least <min> but has been updated
  to work with policies introduced by <max> or earlier.


-- The C compiler identification is GNU 13.3.0
-- The CXX compiler identification is GNU 13.3.0
-- Detecting C compiler ABI info
-- Detecting C compiler ABI info - done
-- Check for working C compiler: /usr/bin/gcc-13 - skipped
-- Detecting C compile features
-- Detecting C compile features - done
-- Detecting CXX compiler ABI info
-- Detecting CXX compiler ABI info - done
-- Check for working CXX compiler: /usr/bin/g++-13 - skipped
-- Detecting CXX compile features
-- Detecting CXX compile features - done
-- Configuring done (0.3s)
-- Generating done (0.0s)
-- Build files have been written to: /scratch/luisr/mlir-aie/programming_examples/basic/block_datatypes/matrix_multiplication/whole_array/_build
cd _build &&  cmake --build . --config Release
gmake[1]: Entering directory '/scratch/luisr/mlir-aie/programming_examples/basic/block_datatypes/matrix_multiplication/whole_array/_build'
gmake[2]: Entering directory '/scratch/luisr/mlir-aie/programming_examples/basic/block_datatypes/matrix_multiplication/whole_array/_build'
gmake[3]: Entering directory '/scratch/luisr/mlir-aie/programming_examples/basic/block_datatypes/matrix_multiplication/whole_array/_build'
gmake[3]: Leaving directory '/scratch/luisr/mlir-aie/programming_examples/basic/block_datatypes/matrix_multiplication/whole_array/_build'
gmake[3]: Entering directory '/scratch/luisr/mlir-aie/programming_examples/basic/block_datatypes/matrix_multiplication/whole_array/_build'
[ 33%] Building CXX object CMakeFiles/whole_array.dir/bfp_test.cpp.o
[ 66%] Building CXX object CMakeFiles/whole_array.dir/scratch/luisr/mlir-aie/runtime_lib/test_lib/test_utils.cpp.o
[100%] Linking CXX executable whole_array
gmake[3]: Leaving directory '/scratch/luisr/mlir-aie/programming_examples/basic/block_datatypes/matrix_multiplication/whole_array/_build'
[100%] Built target whole_array
gmake[2]: Leaving directory '/scratch/luisr/mlir-aie/programming_examples/basic/block_datatypes/matrix_multiplication/whole_array/_build'
gmake[1]: Leaving directory '/scratch/luisr/mlir-aie/programming_examples/basic/block_datatypes/matrix_multiplication/whole_array/_build'
cp _build/whole_array whole_array.exe 
mkdir -p build
python3 /scratch/luisr/mlir-aie/programming_examples/basic/block_datatypes/matrix_multiplication/whole_array/whole_array.py --n-aie-cols 8 -m 64 -k 128 -n 64 -M 1024 -K 4096 -N 512 > build/aie_1024x4096x512_64x128x64.mlir
mkdir -p build
cd build && xchesscc_wrapper aie2p -I /proj/xbuilds/2024.2_INT_1113_1001/installs/all_platforms/Vitis/2024.2/aietools/include  -DDIM_M=64 -DDIM_K=128 -DDIM_N=64 -DOPT_PERF_ENABLED -c /scratch/luisr/mlir-aie/programming_examples/basic/block_datatypes/matrix_multiplication/whole_array/../mm.cc -o mm_64x128x64.o
WARNING: Default location for XILINX_VIVADO_IP_OVERRIDE not found: /build/xfndry/IP_2024.2_INTEGRATION_VERIFIED/customer/vivado/data/ip
mkdir -p build
cd build && aiecc.py --alloc-scheme= --aie-generate-xclbin --no-compile-host --xclbin-name=final_1024x4096x512_64x128x64.xclbin \
			 --dynamic-objFifos \
			--aie-generate-npu-insts --npu-insts-name=insts_1024x4096x512_64x128x64.txt ../build/aie_1024x4096x512_64x128x64.mlir
[AIE ERROR] _XAie_LoadProgMemSection():231: Overflow of program memory
XAie_LoadElf failed with XAIE_INVALID_ELF
Generating: /scratch/luisr/mlir-aie/programming_examples/basic/block_datatypes/matrix_multiplication/whole_array/build/aie_1024x4096x512_64x128x64.mlir.prj/aie_cdo_elfs.bin
Traceback (most recent call last):
  File "/scratch/luisr/mlir-aie/install/bin/aiecc.py", line 12, in <module>
    main()
  File "/scratch/luisr/mlir-aie/install/python/aie/compiler/aiecc/main.py", line 1476, in main
    run(module_str)
  File "/scratch/luisr/mlir-aie/install/python/aie/compiler/aiecc/main.py", line 1450, in run
    asyncio.run(runner.run_flow())
  File "/usr/lib/python3.12/asyncio/runners.py", line 194, in run
    return runner.run(main)
           ^^^^^^^^^^^^^^^^
  File "/usr/lib/python3.12/asyncio/runners.py", line 118, in run
    return self._loop.run_until_complete(task)
           ^^^^^^^^^^^^^^^^^^^^^^^^^^^^^^^^^^^
  File "/usr/lib/python3.12/asyncio/base_events.py", line 687, in run_until_complete
    return future.result()
           ^^^^^^^^^^^^^^^
  File "/scratch/luisr/mlir-aie/install/python/aie/compiler/aiecc/main.py", line 1350, in run_flow
    await self.process_cdo(input_physical_str)
  File "/scratch/luisr/mlir-aie/install/python/aie/compiler/aiecc/main.py", line 600, in process_cdo
    aiedialect.generate_cdo(input_physical.operation, self.tmpdirname)
ValueError: Failed to generate cdo because: 
make: *** [/scratch/luisr/mlir-aie/programming_examples/basic/block_datatypes/matrix_multiplication/whole_array/../makefile_common:73: build/final_1024x4096x512_64x128x64.xclbin] Error 1
rm -rf build _build whole_array.exe
rm -rf _build
mkdir -p _build
cd _build &&  cmake -E env CXXFLAGS="-std=c++23 -ggdb -DDTYPE_IN= -DDTYPE_OUT= -DDTYPE_ACC=" \
	cmake `echo /scratch/luisr/mlir-aie/programming_examples/basic/block_datatypes/matrix_multiplication/whole_array/..` -D CMAKE_C_COMPILER=gcc-13 -D CMAKE_CXX_COMPILER=g++-13 -DTARGET_NAME=whole_array -Dhostsrc=/scratch/luisr/mlir-aie/programming_examples/basic/block_datatypes/matrix_multiplication/whole_array/../bfp_test.cpp
CMake Deprecation Warning at CMakeLists.txt:13 (cmake_minimum_required):
  Compatibility with CMake < 3.10 will be removed from a future version of
  CMake.

  Update the VERSION argument <min> value.  Or, use the <min>...<max> syntax
  to tell CMake that the project requires at least <min> but has been updated
  to work with policies introduced by <max> or earlier.


-- The C compiler identification is GNU 13.3.0
-- The CXX compiler identification is GNU 13.3.0
-- Detecting C compiler ABI info
-- Detecting C compiler ABI info - done
-- Check for working C compiler: /usr/bin/gcc-13 - skipped
-- Detecting C compile features
-- Detecting C compile features - done
-- Detecting CXX compiler ABI info
-- Detecting CXX compiler ABI info - done
-- Check for working CXX compiler: /usr/bin/g++-13 - skipped
-- Detecting CXX compile features
-- Detecting CXX compile features - done
-- Configuring done (0.3s)
-- Generating done (0.0s)
-- Build files have been written to: /scratch/luisr/mlir-aie/programming_examples/basic/block_datatypes/matrix_multiplication/whole_array/_build
cd _build &&  cmake --build . --config Release
gmake[1]: Entering directory '/scratch/luisr/mlir-aie/programming_examples/basic/block_datatypes/matrix_multiplication/whole_array/_build'
gmake[2]: Entering directory '/scratch/luisr/mlir-aie/programming_examples/basic/block_datatypes/matrix_multiplication/whole_array/_build'
gmake[3]: Entering directory '/scratch/luisr/mlir-aie/programming_examples/basic/block_datatypes/matrix_multiplication/whole_array/_build'
gmake[3]: Leaving directory '/scratch/luisr/mlir-aie/programming_examples/basic/block_datatypes/matrix_multiplication/whole_array/_build'
gmake[3]: Entering directory '/scratch/luisr/mlir-aie/programming_examples/basic/block_datatypes/matrix_multiplication/whole_array/_build'
[ 33%] Building CXX object CMakeFiles/whole_array.dir/bfp_test.cpp.o
[ 66%] Building CXX object CMakeFiles/whole_array.dir/scratch/luisr/mlir-aie/runtime_lib/test_lib/test_utils.cpp.o
[100%] Linking CXX executable whole_array
gmake[3]: Leaving directory '/scratch/luisr/mlir-aie/programming_examples/basic/block_datatypes/matrix_multiplication/whole_array/_build'
[100%] Built target whole_array
gmake[2]: Leaving directory '/scratch/luisr/mlir-aie/programming_examples/basic/block_datatypes/matrix_multiplication/whole_array/_build'
gmake[1]: Leaving directory '/scratch/luisr/mlir-aie/programming_examples/basic/block_datatypes/matrix_multiplication/whole_array/_build'
cp _build/whole_array whole_array.exe 
mkdir -p build
python3 /scratch/luisr/mlir-aie/programming_examples/basic/block_datatypes/matrix_multiplication/whole_array/whole_array.py --n-aie-cols 8 -m 64 -k 128 -n 64 -M 1024 -K 4096 -N 1024 > build/aie_1024x4096x1024_64x128x64.mlir
mkdir -p build
cd build && xchesscc_wrapper aie2p -I /proj/xbuilds/2024.2_INT_1113_1001/installs/all_platforms/Vitis/2024.2/aietools/include  -DDIM_M=64 -DDIM_K=128 -DDIM_N=64 -DOPT_PERF_ENABLED -c /scratch/luisr/mlir-aie/programming_examples/basic/block_datatypes/matrix_multiplication/whole_array/../mm.cc -o mm_64x128x64.o
WARNING: Default location for XILINX_VIVADO_IP_OVERRIDE not found: /build/xfndry/IP_2024.2_INTEGRATION_VERIFIED/customer/vivado/data/ip
mkdir -p build
cd build && aiecc.py --alloc-scheme= --aie-generate-xclbin --no-compile-host --xclbin-name=final_1024x4096x1024_64x128x64.xclbin \
			 --dynamic-objFifos \
			--aie-generate-npu-insts --npu-insts-name=insts_1024x4096x1024_64x128x64.txt ../build/aie_1024x4096x1024_64x128x64.mlir
[AIE ERROR] _XAie_LoadProgMemSection():231: Overflow of program memory
XAie_LoadElf failed with XAIE_INVALID_ELF
Generating: /scratch/luisr/mlir-aie/programming_examples/basic/block_datatypes/matrix_multiplication/whole_array/build/aie_1024x4096x1024_64x128x64.mlir.prj/aie_cdo_elfs.bin
Traceback (most recent call last):
  File "/scratch/luisr/mlir-aie/install/bin/aiecc.py", line 12, in <module>
    main()
  File "/scratch/luisr/mlir-aie/install/python/aie/compiler/aiecc/main.py", line 1476, in main
    run(module_str)
  File "/scratch/luisr/mlir-aie/install/python/aie/compiler/aiecc/main.py", line 1450, in run
    asyncio.run(runner.run_flow())
  File "/usr/lib/python3.12/asyncio/runners.py", line 194, in run
    return runner.run(main)
           ^^^^^^^^^^^^^^^^
  File "/usr/lib/python3.12/asyncio/runners.py", line 118, in run
    return self._loop.run_until_complete(task)
           ^^^^^^^^^^^^^^^^^^^^^^^^^^^^^^^^^^^
  File "/usr/lib/python3.12/asyncio/base_events.py", line 687, in run_until_complete
    return future.result()
           ^^^^^^^^^^^^^^^
  File "/scratch/luisr/mlir-aie/install/python/aie/compiler/aiecc/main.py", line 1350, in run_flow
    await self.process_cdo(input_physical_str)
  File "/scratch/luisr/mlir-aie/install/python/aie/compiler/aiecc/main.py", line 600, in process_cdo
    aiedialect.generate_cdo(input_physical.operation, self.tmpdirname)
ValueError: Failed to generate cdo because: 
make: *** [/scratch/luisr/mlir-aie/programming_examples/basic/block_datatypes/matrix_multiplication/whole_array/../makefile_common:73: build/final_1024x4096x1024_64x128x64.xclbin] Error 1
rm -rf build _build whole_array.exe
rm -rf _build
mkdir -p _build
cd _build &&  cmake -E env CXXFLAGS="-std=c++23 -ggdb -DDTYPE_IN= -DDTYPE_OUT= -DDTYPE_ACC=" \
	cmake `echo /scratch/luisr/mlir-aie/programming_examples/basic/block_datatypes/matrix_multiplication/whole_array/..` -D CMAKE_C_COMPILER=gcc-13 -D CMAKE_CXX_COMPILER=g++-13 -DTARGET_NAME=whole_array -Dhostsrc=/scratch/luisr/mlir-aie/programming_examples/basic/block_datatypes/matrix_multiplication/whole_array/../bfp_test.cpp
CMake Deprecation Warning at CMakeLists.txt:13 (cmake_minimum_required):
  Compatibility with CMake < 3.10 will be removed from a future version of
  CMake.

  Update the VERSION argument <min> value.  Or, use the <min>...<max> syntax
  to tell CMake that the project requires at least <min> but has been updated
  to work with policies introduced by <max> or earlier.


-- The C compiler identification is GNU 13.3.0
-- The CXX compiler identification is GNU 13.3.0
-- Detecting C compiler ABI info
-- Detecting C compiler ABI info - done
-- Check for working C compiler: /usr/bin/gcc-13 - skipped
-- Detecting C compile features
-- Detecting C compile features - done
-- Detecting CXX compiler ABI info
-- Detecting CXX compiler ABI info - done
-- Check for working CXX compiler: /usr/bin/g++-13 - skipped
-- Detecting CXX compile features
-- Detecting CXX compile features - done
-- Configuring done (0.3s)
-- Generating done (0.0s)
-- Build files have been written to: /scratch/luisr/mlir-aie/programming_examples/basic/block_datatypes/matrix_multiplication/whole_array/_build
cd _build &&  cmake --build . --config Release
gmake[1]: Entering directory '/scratch/luisr/mlir-aie/programming_examples/basic/block_datatypes/matrix_multiplication/whole_array/_build'
gmake[2]: Entering directory '/scratch/luisr/mlir-aie/programming_examples/basic/block_datatypes/matrix_multiplication/whole_array/_build'
gmake[3]: Entering directory '/scratch/luisr/mlir-aie/programming_examples/basic/block_datatypes/matrix_multiplication/whole_array/_build'
gmake[3]: Leaving directory '/scratch/luisr/mlir-aie/programming_examples/basic/block_datatypes/matrix_multiplication/whole_array/_build'
gmake[3]: Entering directory '/scratch/luisr/mlir-aie/programming_examples/basic/block_datatypes/matrix_multiplication/whole_array/_build'
[ 33%] Building CXX object CMakeFiles/whole_array.dir/bfp_test.cpp.o
[ 66%] Building CXX object CMakeFiles/whole_array.dir/scratch/luisr/mlir-aie/runtime_lib/test_lib/test_utils.cpp.o
[100%] Linking CXX executable whole_array
gmake[3]: Leaving directory '/scratch/luisr/mlir-aie/programming_examples/basic/block_datatypes/matrix_multiplication/whole_array/_build'
[100%] Built target whole_array
gmake[2]: Leaving directory '/scratch/luisr/mlir-aie/programming_examples/basic/block_datatypes/matrix_multiplication/whole_array/_build'
gmake[1]: Leaving directory '/scratch/luisr/mlir-aie/programming_examples/basic/block_datatypes/matrix_multiplication/whole_array/_build'
cp _build/whole_array whole_array.exe 
mkdir -p build
python3 /scratch/luisr/mlir-aie/programming_examples/basic/block_datatypes/matrix_multiplication/whole_array/whole_array.py --n-aie-cols 8 -m 64 -k 128 -n 64 -M 1024 -K 4096 -N 2560 > build/aie_1024x4096x2560_64x128x64.mlir
mkdir -p build
cd build && xchesscc_wrapper aie2p -I /proj/xbuilds/2024.2_INT_1113_1001/installs/all_platforms/Vitis/2024.2/aietools/include  -DDIM_M=64 -DDIM_K=128 -DDIM_N=64 -DOPT_PERF_ENABLED -c /scratch/luisr/mlir-aie/programming_examples/basic/block_datatypes/matrix_multiplication/whole_array/../mm.cc -o mm_64x128x64.o
WARNING: Default location for XILINX_VIVADO_IP_OVERRIDE not found: /build/xfndry/IP_2024.2_INTEGRATION_VERIFIED/customer/vivado/data/ip
mkdir -p build
cd build && aiecc.py --alloc-scheme= --aie-generate-xclbin --no-compile-host --xclbin-name=final_1024x4096x2560_64x128x64.xclbin \
			 --dynamic-objFifos \
			--aie-generate-npu-insts --npu-insts-name=insts_1024x4096x2560_64x128x64.txt ../build/aie_1024x4096x2560_64x128x64.mlir
[AIE ERROR] _XAie_LoadProgMemSection():231: Overflow of program memory
XAie_LoadElf failed with XAIE_INVALID_ELF
Generating: /scratch/luisr/mlir-aie/programming_examples/basic/block_datatypes/matrix_multiplication/whole_array/build/aie_1024x4096x2560_64x128x64.mlir.prj/aie_cdo_elfs.bin
Traceback (most recent call last):
  File "/scratch/luisr/mlir-aie/install/bin/aiecc.py", line 12, in <module>
    main()
  File "/scratch/luisr/mlir-aie/install/python/aie/compiler/aiecc/main.py", line 1476, in main
    run(module_str)
  File "/scratch/luisr/mlir-aie/install/python/aie/compiler/aiecc/main.py", line 1450, in run
    asyncio.run(runner.run_flow())
  File "/usr/lib/python3.12/asyncio/runners.py", line 194, in run
    return runner.run(main)
           ^^^^^^^^^^^^^^^^
  File "/usr/lib/python3.12/asyncio/runners.py", line 118, in run
    return self._loop.run_until_complete(task)
           ^^^^^^^^^^^^^^^^^^^^^^^^^^^^^^^^^^^
  File "/usr/lib/python3.12/asyncio/base_events.py", line 687, in run_until_complete
    return future.result()
           ^^^^^^^^^^^^^^^
  File "/scratch/luisr/mlir-aie/install/python/aie/compiler/aiecc/main.py", line 1350, in run_flow
    await self.process_cdo(input_physical_str)
  File "/scratch/luisr/mlir-aie/install/python/aie/compiler/aiecc/main.py", line 600, in process_cdo
    aiedialect.generate_cdo(input_physical.operation, self.tmpdirname)
ValueError: Failed to generate cdo because: 
make: *** [/scratch/luisr/mlir-aie/programming_examples/basic/block_datatypes/matrix_multiplication/whole_array/../makefile_common:73: build/final_1024x4096x2560_64x128x64.xclbin] Error 1
rm -rf build _build whole_array.exe
rm -rf _build
mkdir -p _build
cd _build &&  cmake -E env CXXFLAGS="-std=c++23 -ggdb -DDTYPE_IN= -DDTYPE_OUT= -DDTYPE_ACC=" \
	cmake `echo /scratch/luisr/mlir-aie/programming_examples/basic/block_datatypes/matrix_multiplication/whole_array/..` -D CMAKE_C_COMPILER=gcc-13 -D CMAKE_CXX_COMPILER=g++-13 -DTARGET_NAME=whole_array -Dhostsrc=/scratch/luisr/mlir-aie/programming_examples/basic/block_datatypes/matrix_multiplication/whole_array/../bfp_test.cpp
CMake Deprecation Warning at CMakeLists.txt:13 (cmake_minimum_required):
  Compatibility with CMake < 3.10 will be removed from a future version of
  CMake.

  Update the VERSION argument <min> value.  Or, use the <min>...<max> syntax
  to tell CMake that the project requires at least <min> but has been updated
  to work with policies introduced by <max> or earlier.


-- The C compiler identification is GNU 13.3.0
-- The CXX compiler identification is GNU 13.3.0
-- Detecting C compiler ABI info
-- Detecting C compiler ABI info - done
-- Check for working C compiler: /usr/bin/gcc-13 - skipped
-- Detecting C compile features
-- Detecting C compile features - done
-- Detecting CXX compiler ABI info
-- Detecting CXX compiler ABI info - done
-- Check for working CXX compiler: /usr/bin/g++-13 - skipped
-- Detecting CXX compile features
-- Detecting CXX compile features - done
-- Configuring done (0.3s)
-- Generating done (0.0s)
-- Build files have been written to: /scratch/luisr/mlir-aie/programming_examples/basic/block_datatypes/matrix_multiplication/whole_array/_build
cd _build &&  cmake --build . --config Release
gmake[1]: Entering directory '/scratch/luisr/mlir-aie/programming_examples/basic/block_datatypes/matrix_multiplication/whole_array/_build'
gmake[2]: Entering directory '/scratch/luisr/mlir-aie/programming_examples/basic/block_datatypes/matrix_multiplication/whole_array/_build'
gmake[3]: Entering directory '/scratch/luisr/mlir-aie/programming_examples/basic/block_datatypes/matrix_multiplication/whole_array/_build'
gmake[3]: Leaving directory '/scratch/luisr/mlir-aie/programming_examples/basic/block_datatypes/matrix_multiplication/whole_array/_build'
gmake[3]: Entering directory '/scratch/luisr/mlir-aie/programming_examples/basic/block_datatypes/matrix_multiplication/whole_array/_build'
[ 33%] Building CXX object CMakeFiles/whole_array.dir/bfp_test.cpp.o
[ 66%] Building CXX object CMakeFiles/whole_array.dir/scratch/luisr/mlir-aie/runtime_lib/test_lib/test_utils.cpp.o
[100%] Linking CXX executable whole_array
gmake[3]: Leaving directory '/scratch/luisr/mlir-aie/programming_examples/basic/block_datatypes/matrix_multiplication/whole_array/_build'
[100%] Built target whole_array
gmake[2]: Leaving directory '/scratch/luisr/mlir-aie/programming_examples/basic/block_datatypes/matrix_multiplication/whole_array/_build'
gmake[1]: Leaving directory '/scratch/luisr/mlir-aie/programming_examples/basic/block_datatypes/matrix_multiplication/whole_array/_build'
cp _build/whole_array whole_array.exe 
mkdir -p build
python3 /scratch/luisr/mlir-aie/programming_examples/basic/block_datatypes/matrix_multiplication/whole_array/whole_array.py --n-aie-cols 8 -m 64 -k 128 -n 64 -M 1024 -K 4096 -N 4096 > build/aie_1024x4096x4096_64x128x64.mlir
mkdir -p build
cd build && xchesscc_wrapper aie2p -I /proj/xbuilds/2024.2_INT_1113_1001/installs/all_platforms/Vitis/2024.2/aietools/include  -DDIM_M=64 -DDIM_K=128 -DDIM_N=64 -DOPT_PERF_ENABLED -c /scratch/luisr/mlir-aie/programming_examples/basic/block_datatypes/matrix_multiplication/whole_array/../mm.cc -o mm_64x128x64.o
WARNING: Default location for XILINX_VIVADO_IP_OVERRIDE not found: /build/xfndry/IP_2024.2_INTEGRATION_VERIFIED/customer/vivado/data/ip
mkdir -p build
cd build && aiecc.py --alloc-scheme= --aie-generate-xclbin --no-compile-host --xclbin-name=final_1024x4096x4096_64x128x64.xclbin \
			 --dynamic-objFifos \
			--aie-generate-npu-insts --npu-insts-name=insts_1024x4096x4096_64x128x64.txt ../build/aie_1024x4096x4096_64x128x64.mlir
[AIE ERROR] _XAie_LoadProgMemSection():231: Overflow of program memory
XAie_LoadElf failed with XAIE_INVALID_ELF
Generating: /scratch/luisr/mlir-aie/programming_examples/basic/block_datatypes/matrix_multiplication/whole_array/build/aie_1024x4096x4096_64x128x64.mlir.prj/aie_cdo_elfs.bin
Traceback (most recent call last):
  File "/scratch/luisr/mlir-aie/install/bin/aiecc.py", line 12, in <module>
    main()
  File "/scratch/luisr/mlir-aie/install/python/aie/compiler/aiecc/main.py", line 1476, in main
    run(module_str)
  File "/scratch/luisr/mlir-aie/install/python/aie/compiler/aiecc/main.py", line 1450, in run
    asyncio.run(runner.run_flow())
  File "/usr/lib/python3.12/asyncio/runners.py", line 194, in run
    return runner.run(main)
           ^^^^^^^^^^^^^^^^
  File "/usr/lib/python3.12/asyncio/runners.py", line 118, in run
    return self._loop.run_until_complete(task)
           ^^^^^^^^^^^^^^^^^^^^^^^^^^^^^^^^^^^
  File "/usr/lib/python3.12/asyncio/base_events.py", line 687, in run_until_complete
    return future.result()
           ^^^^^^^^^^^^^^^
  File "/scratch/luisr/mlir-aie/install/python/aie/compiler/aiecc/main.py", line 1350, in run_flow
    await self.process_cdo(input_physical_str)
  File "/scratch/luisr/mlir-aie/install/python/aie/compiler/aiecc/main.py", line 600, in process_cdo
    aiedialect.generate_cdo(input_physical.operation, self.tmpdirname)
ValueError: Failed to generate cdo because: 
make: *** [/scratch/luisr/mlir-aie/programming_examples/basic/block_datatypes/matrix_multiplication/whole_array/../makefile_common:73: build/final_1024x4096x4096_64x128x64.xclbin] Error 1
rm -rf build _build whole_array.exe
rm -rf _build
mkdir -p _build
cd _build &&  cmake -E env CXXFLAGS="-std=c++23 -ggdb -DDTYPE_IN= -DDTYPE_OUT= -DDTYPE_ACC=" \
	cmake `echo /scratch/luisr/mlir-aie/programming_examples/basic/block_datatypes/matrix_multiplication/whole_array/..` -D CMAKE_C_COMPILER=gcc-13 -D CMAKE_CXX_COMPILER=g++-13 -DTARGET_NAME=whole_array -Dhostsrc=/scratch/luisr/mlir-aie/programming_examples/basic/block_datatypes/matrix_multiplication/whole_array/../bfp_test.cpp
CMake Deprecation Warning at CMakeLists.txt:13 (cmake_minimum_required):
  Compatibility with CMake < 3.10 will be removed from a future version of
  CMake.

  Update the VERSION argument <min> value.  Or, use the <min>...<max> syntax
  to tell CMake that the project requires at least <min> but has been updated
  to work with policies introduced by <max> or earlier.


-- The C compiler identification is GNU 13.3.0
-- The CXX compiler identification is GNU 13.3.0
-- Detecting C compiler ABI info
-- Detecting C compiler ABI info - done
-- Check for working C compiler: /usr/bin/gcc-13 - skipped
-- Detecting C compile features
-- Detecting C compile features - done
-- Detecting CXX compiler ABI info
-- Detecting CXX compiler ABI info - done
-- Check for working CXX compiler: /usr/bin/g++-13 - skipped
-- Detecting CXX compile features
-- Detecting CXX compile features - done
-- Configuring done (0.2s)
-- Generating done (0.0s)
-- Build files have been written to: /scratch/luisr/mlir-aie/programming_examples/basic/block_datatypes/matrix_multiplication/whole_array/_build
cd _build &&  cmake --build . --config Release
gmake[1]: Entering directory '/scratch/luisr/mlir-aie/programming_examples/basic/block_datatypes/matrix_multiplication/whole_array/_build'
gmake[2]: Entering directory '/scratch/luisr/mlir-aie/programming_examples/basic/block_datatypes/matrix_multiplication/whole_array/_build'
gmake[3]: Entering directory '/scratch/luisr/mlir-aie/programming_examples/basic/block_datatypes/matrix_multiplication/whole_array/_build'
gmake[3]: Leaving directory '/scratch/luisr/mlir-aie/programming_examples/basic/block_datatypes/matrix_multiplication/whole_array/_build'
gmake[3]: Entering directory '/scratch/luisr/mlir-aie/programming_examples/basic/block_datatypes/matrix_multiplication/whole_array/_build'
[ 33%] Building CXX object CMakeFiles/whole_array.dir/bfp_test.cpp.o
[ 66%] Building CXX object CMakeFiles/whole_array.dir/scratch/luisr/mlir-aie/runtime_lib/test_lib/test_utils.cpp.o
[100%] Linking CXX executable whole_array
gmake[3]: Leaving directory '/scratch/luisr/mlir-aie/programming_examples/basic/block_datatypes/matrix_multiplication/whole_array/_build'
[100%] Built target whole_array
gmake[2]: Leaving directory '/scratch/luisr/mlir-aie/programming_examples/basic/block_datatypes/matrix_multiplication/whole_array/_build'
gmake[1]: Leaving directory '/scratch/luisr/mlir-aie/programming_examples/basic/block_datatypes/matrix_multiplication/whole_array/_build'
cp _build/whole_array whole_array.exe 
mkdir -p build
python3 /scratch/luisr/mlir-aie/programming_examples/basic/block_datatypes/matrix_multiplication/whole_array/whole_array.py --n-aie-cols 8 -m 64 -k 128 -n 64 -M 2560 -K 512 -N 512 > build/aie_2560x512x512_64x128x64.mlir
mkdir -p build
cd build && xchesscc_wrapper aie2p -I /proj/xbuilds/2024.2_INT_1113_1001/installs/all_platforms/Vitis/2024.2/aietools/include  -DDIM_M=64 -DDIM_K=128 -DDIM_N=64 -DOPT_PERF_ENABLED -c /scratch/luisr/mlir-aie/programming_examples/basic/block_datatypes/matrix_multiplication/whole_array/../mm.cc -o mm_64x128x64.o
WARNING: Default location for XILINX_VIVADO_IP_OVERRIDE not found: /build/xfndry/IP_2024.2_INTEGRATION_VERIFIED/customer/vivado/data/ip
mkdir -p build
cd build && aiecc.py --alloc-scheme= --aie-generate-xclbin --no-compile-host --xclbin-name=final_2560x512x512_64x128x64.xclbin \
			 --dynamic-objFifos \
			--aie-generate-npu-insts --npu-insts-name=insts_2560x512x512_64x128x64.txt ../build/aie_2560x512x512_64x128x64.mlir
[AIE ERROR] _XAie_LoadProgMemSection():231: Overflow of program memory
XAie_LoadElf failed with XAIE_INVALID_ELF
Generating: /scratch/luisr/mlir-aie/programming_examples/basic/block_datatypes/matrix_multiplication/whole_array/build/aie_2560x512x512_64x128x64.mlir.prj/aie_cdo_elfs.bin
Traceback (most recent call last):
  File "/scratch/luisr/mlir-aie/install/bin/aiecc.py", line 12, in <module>
    main()
  File "/scratch/luisr/mlir-aie/install/python/aie/compiler/aiecc/main.py", line 1476, in main
    run(module_str)
  File "/scratch/luisr/mlir-aie/install/python/aie/compiler/aiecc/main.py", line 1450, in run
    asyncio.run(runner.run_flow())
  File "/usr/lib/python3.12/asyncio/runners.py", line 194, in run
    return runner.run(main)
           ^^^^^^^^^^^^^^^^
  File "/usr/lib/python3.12/asyncio/runners.py", line 118, in run
    return self._loop.run_until_complete(task)
           ^^^^^^^^^^^^^^^^^^^^^^^^^^^^^^^^^^^
  File "/usr/lib/python3.12/asyncio/base_events.py", line 687, in run_until_complete
    return future.result()
           ^^^^^^^^^^^^^^^
  File "/scratch/luisr/mlir-aie/install/python/aie/compiler/aiecc/main.py", line 1350, in run_flow
    await self.process_cdo(input_physical_str)
  File "/scratch/luisr/mlir-aie/install/python/aie/compiler/aiecc/main.py", line 600, in process_cdo
    aiedialect.generate_cdo(input_physical.operation, self.tmpdirname)
ValueError: Failed to generate cdo because: 
make: *** [/scratch/luisr/mlir-aie/programming_examples/basic/block_datatypes/matrix_multiplication/whole_array/../makefile_common:73: build/final_2560x512x512_64x128x64.xclbin] Error 1
rm -rf build _build whole_array.exe
rm -rf _build
mkdir -p _build
cd _build &&  cmake -E env CXXFLAGS="-std=c++23 -ggdb -DDTYPE_IN= -DDTYPE_OUT= -DDTYPE_ACC=" \
	cmake `echo /scratch/luisr/mlir-aie/programming_examples/basic/block_datatypes/matrix_multiplication/whole_array/..` -D CMAKE_C_COMPILER=gcc-13 -D CMAKE_CXX_COMPILER=g++-13 -DTARGET_NAME=whole_array -Dhostsrc=/scratch/luisr/mlir-aie/programming_examples/basic/block_datatypes/matrix_multiplication/whole_array/../bfp_test.cpp
CMake Deprecation Warning at CMakeLists.txt:13 (cmake_minimum_required):
  Compatibility with CMake < 3.10 will be removed from a future version of
  CMake.

  Update the VERSION argument <min> value.  Or, use the <min>...<max> syntax
  to tell CMake that the project requires at least <min> but has been updated
  to work with policies introduced by <max> or earlier.


-- The C compiler identification is GNU 13.3.0
-- The CXX compiler identification is GNU 13.3.0
-- Detecting C compiler ABI info
-- Detecting C compiler ABI info - done
-- Check for working C compiler: /usr/bin/gcc-13 - skipped
-- Detecting C compile features
-- Detecting C compile features - done
-- Detecting CXX compiler ABI info
-- Detecting CXX compiler ABI info - done
-- Check for working CXX compiler: /usr/bin/g++-13 - skipped
-- Detecting CXX compile features
-- Detecting CXX compile features - done
-- Configuring done (0.2s)
-- Generating done (0.0s)
-- Build files have been written to: /scratch/luisr/mlir-aie/programming_examples/basic/block_datatypes/matrix_multiplication/whole_array/_build
cd _build &&  cmake --build . --config Release
gmake[1]: Entering directory '/scratch/luisr/mlir-aie/programming_examples/basic/block_datatypes/matrix_multiplication/whole_array/_build'
gmake[2]: Entering directory '/scratch/luisr/mlir-aie/programming_examples/basic/block_datatypes/matrix_multiplication/whole_array/_build'
gmake[3]: Entering directory '/scratch/luisr/mlir-aie/programming_examples/basic/block_datatypes/matrix_multiplication/whole_array/_build'
gmake[3]: Leaving directory '/scratch/luisr/mlir-aie/programming_examples/basic/block_datatypes/matrix_multiplication/whole_array/_build'
gmake[3]: Entering directory '/scratch/luisr/mlir-aie/programming_examples/basic/block_datatypes/matrix_multiplication/whole_array/_build'
[ 33%] Building CXX object CMakeFiles/whole_array.dir/bfp_test.cpp.o
[ 66%] Building CXX object CMakeFiles/whole_array.dir/scratch/luisr/mlir-aie/runtime_lib/test_lib/test_utils.cpp.o
[100%] Linking CXX executable whole_array
gmake[3]: Leaving directory '/scratch/luisr/mlir-aie/programming_examples/basic/block_datatypes/matrix_multiplication/whole_array/_build'
[100%] Built target whole_array
gmake[2]: Leaving directory '/scratch/luisr/mlir-aie/programming_examples/basic/block_datatypes/matrix_multiplication/whole_array/_build'
gmake[1]: Leaving directory '/scratch/luisr/mlir-aie/programming_examples/basic/block_datatypes/matrix_multiplication/whole_array/_build'
cp _build/whole_array whole_array.exe 
mkdir -p build
python3 /scratch/luisr/mlir-aie/programming_examples/basic/block_datatypes/matrix_multiplication/whole_array/whole_array.py --n-aie-cols 8 -m 64 -k 128 -n 64 -M 2560 -K 512 -N 1024 > build/aie_2560x512x1024_64x128x64.mlir
mkdir -p build
cd build && xchesscc_wrapper aie2p -I /proj/xbuilds/2024.2_INT_1113_1001/installs/all_platforms/Vitis/2024.2/aietools/include  -DDIM_M=64 -DDIM_K=128 -DDIM_N=64 -DOPT_PERF_ENABLED -c /scratch/luisr/mlir-aie/programming_examples/basic/block_datatypes/matrix_multiplication/whole_array/../mm.cc -o mm_64x128x64.o
WARNING: Default location for XILINX_VIVADO_IP_OVERRIDE not found: /build/xfndry/IP_2024.2_INTEGRATION_VERIFIED/customer/vivado/data/ip
mkdir -p build
cd build && aiecc.py --alloc-scheme= --aie-generate-xclbin --no-compile-host --xclbin-name=final_2560x512x1024_64x128x64.xclbin \
			 --dynamic-objFifos \
			--aie-generate-npu-insts --npu-insts-name=insts_2560x512x1024_64x128x64.txt ../build/aie_2560x512x1024_64x128x64.mlir
[AIE ERROR] _XAie_LoadProgMemSection():231: Overflow of program memory
XAie_LoadElf failed with XAIE_INVALID_ELF
Generating: /scratch/luisr/mlir-aie/programming_examples/basic/block_datatypes/matrix_multiplication/whole_array/build/aie_2560x512x1024_64x128x64.mlir.prj/aie_cdo_elfs.bin
Traceback (most recent call last):
  File "/scratch/luisr/mlir-aie/install/bin/aiecc.py", line 12, in <module>
    main()
  File "/scratch/luisr/mlir-aie/install/python/aie/compiler/aiecc/main.py", line 1476, in main
    run(module_str)
  File "/scratch/luisr/mlir-aie/install/python/aie/compiler/aiecc/main.py", line 1450, in run
    asyncio.run(runner.run_flow())
  File "/usr/lib/python3.12/asyncio/runners.py", line 194, in run
    return runner.run(main)
           ^^^^^^^^^^^^^^^^
  File "/usr/lib/python3.12/asyncio/runners.py", line 118, in run
    return self._loop.run_until_complete(task)
           ^^^^^^^^^^^^^^^^^^^^^^^^^^^^^^^^^^^
  File "/usr/lib/python3.12/asyncio/base_events.py", line 687, in run_until_complete
    return future.result()
           ^^^^^^^^^^^^^^^
  File "/scratch/luisr/mlir-aie/install/python/aie/compiler/aiecc/main.py", line 1350, in run_flow
    await self.process_cdo(input_physical_str)
  File "/scratch/luisr/mlir-aie/install/python/aie/compiler/aiecc/main.py", line 600, in process_cdo
    aiedialect.generate_cdo(input_physical.operation, self.tmpdirname)
ValueError: Failed to generate cdo because: 
make: *** [/scratch/luisr/mlir-aie/programming_examples/basic/block_datatypes/matrix_multiplication/whole_array/../makefile_common:73: build/final_2560x512x1024_64x128x64.xclbin] Error 1
rm -rf build _build whole_array.exe
rm -rf _build
mkdir -p _build
cd _build &&  cmake -E env CXXFLAGS="-std=c++23 -ggdb -DDTYPE_IN= -DDTYPE_OUT= -DDTYPE_ACC=" \
	cmake `echo /scratch/luisr/mlir-aie/programming_examples/basic/block_datatypes/matrix_multiplication/whole_array/..` -D CMAKE_C_COMPILER=gcc-13 -D CMAKE_CXX_COMPILER=g++-13 -DTARGET_NAME=whole_array -Dhostsrc=/scratch/luisr/mlir-aie/programming_examples/basic/block_datatypes/matrix_multiplication/whole_array/../bfp_test.cpp
CMake Deprecation Warning at CMakeLists.txt:13 (cmake_minimum_required):
  Compatibility with CMake < 3.10 will be removed from a future version of
  CMake.

  Update the VERSION argument <min> value.  Or, use the <min>...<max> syntax
  to tell CMake that the project requires at least <min> but has been updated
  to work with policies introduced by <max> or earlier.


-- The C compiler identification is GNU 13.3.0
-- The CXX compiler identification is GNU 13.3.0
-- Detecting C compiler ABI info
-- Detecting C compiler ABI info - done
-- Check for working C compiler: /usr/bin/gcc-13 - skipped
-- Detecting C compile features
-- Detecting C compile features - done
-- Detecting CXX compiler ABI info
-- Detecting CXX compiler ABI info - done
-- Check for working CXX compiler: /usr/bin/g++-13 - skipped
-- Detecting CXX compile features
-- Detecting CXX compile features - done
-- Configuring done (0.2s)
-- Generating done (0.0s)
-- Build files have been written to: /scratch/luisr/mlir-aie/programming_examples/basic/block_datatypes/matrix_multiplication/whole_array/_build
cd _build &&  cmake --build . --config Release
gmake[1]: Entering directory '/scratch/luisr/mlir-aie/programming_examples/basic/block_datatypes/matrix_multiplication/whole_array/_build'
gmake[2]: Entering directory '/scratch/luisr/mlir-aie/programming_examples/basic/block_datatypes/matrix_multiplication/whole_array/_build'
gmake[3]: Entering directory '/scratch/luisr/mlir-aie/programming_examples/basic/block_datatypes/matrix_multiplication/whole_array/_build'
gmake[3]: Leaving directory '/scratch/luisr/mlir-aie/programming_examples/basic/block_datatypes/matrix_multiplication/whole_array/_build'
gmake[3]: Entering directory '/scratch/luisr/mlir-aie/programming_examples/basic/block_datatypes/matrix_multiplication/whole_array/_build'
[ 33%] Building CXX object CMakeFiles/whole_array.dir/bfp_test.cpp.o
[ 66%] Building CXX object CMakeFiles/whole_array.dir/scratch/luisr/mlir-aie/runtime_lib/test_lib/test_utils.cpp.o
[100%] Linking CXX executable whole_array
gmake[3]: Leaving directory '/scratch/luisr/mlir-aie/programming_examples/basic/block_datatypes/matrix_multiplication/whole_array/_build'
[100%] Built target whole_array
gmake[2]: Leaving directory '/scratch/luisr/mlir-aie/programming_examples/basic/block_datatypes/matrix_multiplication/whole_array/_build'
gmake[1]: Leaving directory '/scratch/luisr/mlir-aie/programming_examples/basic/block_datatypes/matrix_multiplication/whole_array/_build'
cp _build/whole_array whole_array.exe 
mkdir -p build
python3 /scratch/luisr/mlir-aie/programming_examples/basic/block_datatypes/matrix_multiplication/whole_array/whole_array.py --n-aie-cols 8 -m 64 -k 128 -n 64 -M 2560 -K 512 -N 2560 > build/aie_2560x512x2560_64x128x64.mlir
mkdir -p build
cd build && xchesscc_wrapper aie2p -I /proj/xbuilds/2024.2_INT_1113_1001/installs/all_platforms/Vitis/2024.2/aietools/include  -DDIM_M=64 -DDIM_K=128 -DDIM_N=64 -DOPT_PERF_ENABLED -c /scratch/luisr/mlir-aie/programming_examples/basic/block_datatypes/matrix_multiplication/whole_array/../mm.cc -o mm_64x128x64.o
WARNING: Default location for XILINX_VIVADO_IP_OVERRIDE not found: /build/xfndry/IP_2024.2_INTEGRATION_VERIFIED/customer/vivado/data/ip
mkdir -p build
cd build && aiecc.py --alloc-scheme= --aie-generate-xclbin --no-compile-host --xclbin-name=final_2560x512x2560_64x128x64.xclbin \
			 --dynamic-objFifos \
			--aie-generate-npu-insts --npu-insts-name=insts_2560x512x2560_64x128x64.txt ../build/aie_2560x512x2560_64x128x64.mlir
[AIE ERROR] _XAie_LoadProgMemSection():231: Overflow of program memory
XAie_LoadElf failed with XAIE_INVALID_ELF
Generating: /scratch/luisr/mlir-aie/programming_examples/basic/block_datatypes/matrix_multiplication/whole_array/build/aie_2560x512x2560_64x128x64.mlir.prj/aie_cdo_elfs.bin
Traceback (most recent call last):
  File "/scratch/luisr/mlir-aie/install/bin/aiecc.py", line 12, in <module>
    main()
  File "/scratch/luisr/mlir-aie/install/python/aie/compiler/aiecc/main.py", line 1476, in main
    run(module_str)
  File "/scratch/luisr/mlir-aie/install/python/aie/compiler/aiecc/main.py", line 1450, in run
    asyncio.run(runner.run_flow())
  File "/usr/lib/python3.12/asyncio/runners.py", line 194, in run
    return runner.run(main)
           ^^^^^^^^^^^^^^^^
  File "/usr/lib/python3.12/asyncio/runners.py", line 118, in run
    return self._loop.run_until_complete(task)
           ^^^^^^^^^^^^^^^^^^^^^^^^^^^^^^^^^^^
  File "/usr/lib/python3.12/asyncio/base_events.py", line 687, in run_until_complete
    return future.result()
           ^^^^^^^^^^^^^^^
  File "/scratch/luisr/mlir-aie/install/python/aie/compiler/aiecc/main.py", line 1350, in run_flow
    await self.process_cdo(input_physical_str)
  File "/scratch/luisr/mlir-aie/install/python/aie/compiler/aiecc/main.py", line 600, in process_cdo
    aiedialect.generate_cdo(input_physical.operation, self.tmpdirname)
ValueError: Failed to generate cdo because: 
make: *** [/scratch/luisr/mlir-aie/programming_examples/basic/block_datatypes/matrix_multiplication/whole_array/../makefile_common:73: build/final_2560x512x2560_64x128x64.xclbin] Error 1
rm -rf build _build whole_array.exe
rm -rf _build
mkdir -p _build
cd _build &&  cmake -E env CXXFLAGS="-std=c++23 -ggdb -DDTYPE_IN= -DDTYPE_OUT= -DDTYPE_ACC=" \
	cmake `echo /scratch/luisr/mlir-aie/programming_examples/basic/block_datatypes/matrix_multiplication/whole_array/..` -D CMAKE_C_COMPILER=gcc-13 -D CMAKE_CXX_COMPILER=g++-13 -DTARGET_NAME=whole_array -Dhostsrc=/scratch/luisr/mlir-aie/programming_examples/basic/block_datatypes/matrix_multiplication/whole_array/../bfp_test.cpp
CMake Deprecation Warning at CMakeLists.txt:13 (cmake_minimum_required):
  Compatibility with CMake < 3.10 will be removed from a future version of
  CMake.

  Update the VERSION argument <min> value.  Or, use the <min>...<max> syntax
  to tell CMake that the project requires at least <min> but has been updated
  to work with policies introduced by <max> or earlier.


-- The C compiler identification is GNU 13.3.0
-- The CXX compiler identification is GNU 13.3.0
-- Detecting C compiler ABI info
-- Detecting C compiler ABI info - done
-- Check for working C compiler: /usr/bin/gcc-13 - skipped
-- Detecting C compile features
-- Detecting C compile features - done
-- Detecting CXX compiler ABI info
-- Detecting CXX compiler ABI info - done
-- Check for working CXX compiler: /usr/bin/g++-13 - skipped
-- Detecting CXX compile features
-- Detecting CXX compile features - done
-- Configuring done (0.2s)
-- Generating done (0.0s)
-- Build files have been written to: /scratch/luisr/mlir-aie/programming_examples/basic/block_datatypes/matrix_multiplication/whole_array/_build
cd _build &&  cmake --build . --config Release
gmake[1]: Entering directory '/scratch/luisr/mlir-aie/programming_examples/basic/block_datatypes/matrix_multiplication/whole_array/_build'
gmake[2]: Entering directory '/scratch/luisr/mlir-aie/programming_examples/basic/block_datatypes/matrix_multiplication/whole_array/_build'
gmake[3]: Entering directory '/scratch/luisr/mlir-aie/programming_examples/basic/block_datatypes/matrix_multiplication/whole_array/_build'
gmake[3]: Leaving directory '/scratch/luisr/mlir-aie/programming_examples/basic/block_datatypes/matrix_multiplication/whole_array/_build'
gmake[3]: Entering directory '/scratch/luisr/mlir-aie/programming_examples/basic/block_datatypes/matrix_multiplication/whole_array/_build'
[ 33%] Building CXX object CMakeFiles/whole_array.dir/bfp_test.cpp.o
[ 66%] Building CXX object CMakeFiles/whole_array.dir/scratch/luisr/mlir-aie/runtime_lib/test_lib/test_utils.cpp.o
[100%] Linking CXX executable whole_array
gmake[3]: Leaving directory '/scratch/luisr/mlir-aie/programming_examples/basic/block_datatypes/matrix_multiplication/whole_array/_build'
[100%] Built target whole_array
gmake[2]: Leaving directory '/scratch/luisr/mlir-aie/programming_examples/basic/block_datatypes/matrix_multiplication/whole_array/_build'
gmake[1]: Leaving directory '/scratch/luisr/mlir-aie/programming_examples/basic/block_datatypes/matrix_multiplication/whole_array/_build'
cp _build/whole_array whole_array.exe 
mkdir -p build
python3 /scratch/luisr/mlir-aie/programming_examples/basic/block_datatypes/matrix_multiplication/whole_array/whole_array.py --n-aie-cols 8 -m 64 -k 128 -n 64 -M 2560 -K 512 -N 4096 > build/aie_2560x512x4096_64x128x64.mlir
mkdir -p build
cd build && xchesscc_wrapper aie2p -I /proj/xbuilds/2024.2_INT_1113_1001/installs/all_platforms/Vitis/2024.2/aietools/include  -DDIM_M=64 -DDIM_K=128 -DDIM_N=64 -DOPT_PERF_ENABLED -c /scratch/luisr/mlir-aie/programming_examples/basic/block_datatypes/matrix_multiplication/whole_array/../mm.cc -o mm_64x128x64.o
WARNING: Default location for XILINX_VIVADO_IP_OVERRIDE not found: /build/xfndry/IP_2024.2_INTEGRATION_VERIFIED/customer/vivado/data/ip
mkdir -p build
cd build && aiecc.py --alloc-scheme= --aie-generate-xclbin --no-compile-host --xclbin-name=final_2560x512x4096_64x128x64.xclbin \
			 --dynamic-objFifos \
			--aie-generate-npu-insts --npu-insts-name=insts_2560x512x4096_64x128x64.txt ../build/aie_2560x512x4096_64x128x64.mlir
[AIE ERROR] _XAie_LoadProgMemSection():231: Overflow of program memory
XAie_LoadElf failed with XAIE_INVALID_ELF
Generating: /scratch/luisr/mlir-aie/programming_examples/basic/block_datatypes/matrix_multiplication/whole_array/build/aie_2560x512x4096_64x128x64.mlir.prj/aie_cdo_elfs.bin
Traceback (most recent call last):
  File "/scratch/luisr/mlir-aie/install/bin/aiecc.py", line 12, in <module>
    main()
  File "/scratch/luisr/mlir-aie/install/python/aie/compiler/aiecc/main.py", line 1476, in main
    run(module_str)
  File "/scratch/luisr/mlir-aie/install/python/aie/compiler/aiecc/main.py", line 1450, in run
    asyncio.run(runner.run_flow())
  File "/usr/lib/python3.12/asyncio/runners.py", line 194, in run
    return runner.run(main)
           ^^^^^^^^^^^^^^^^
  File "/usr/lib/python3.12/asyncio/runners.py", line 118, in run
    return self._loop.run_until_complete(task)
           ^^^^^^^^^^^^^^^^^^^^^^^^^^^^^^^^^^^
  File "/usr/lib/python3.12/asyncio/base_events.py", line 687, in run_until_complete
    return future.result()
           ^^^^^^^^^^^^^^^
  File "/scratch/luisr/mlir-aie/install/python/aie/compiler/aiecc/main.py", line 1350, in run_flow
    await self.process_cdo(input_physical_str)
  File "/scratch/luisr/mlir-aie/install/python/aie/compiler/aiecc/main.py", line 600, in process_cdo
    aiedialect.generate_cdo(input_physical.operation, self.tmpdirname)
ValueError: Failed to generate cdo because: 
make: *** [/scratch/luisr/mlir-aie/programming_examples/basic/block_datatypes/matrix_multiplication/whole_array/../makefile_common:73: build/final_2560x512x4096_64x128x64.xclbin] Error 1
rm -rf build _build whole_array.exe
rm -rf _build
mkdir -p _build
cd _build &&  cmake -E env CXXFLAGS="-std=c++23 -ggdb -DDTYPE_IN= -DDTYPE_OUT= -DDTYPE_ACC=" \
	cmake `echo /scratch/luisr/mlir-aie/programming_examples/basic/block_datatypes/matrix_multiplication/whole_array/..` -D CMAKE_C_COMPILER=gcc-13 -D CMAKE_CXX_COMPILER=g++-13 -DTARGET_NAME=whole_array -Dhostsrc=/scratch/luisr/mlir-aie/programming_examples/basic/block_datatypes/matrix_multiplication/whole_array/../bfp_test.cpp
CMake Deprecation Warning at CMakeLists.txt:13 (cmake_minimum_required):
  Compatibility with CMake < 3.10 will be removed from a future version of
  CMake.

  Update the VERSION argument <min> value.  Or, use the <min>...<max> syntax
  to tell CMake that the project requires at least <min> but has been updated
  to work with policies introduced by <max> or earlier.


-- The C compiler identification is GNU 13.3.0
-- The CXX compiler identification is GNU 13.3.0
-- Detecting C compiler ABI info
-- Detecting C compiler ABI info - done
-- Check for working C compiler: /usr/bin/gcc-13 - skipped
-- Detecting C compile features
-- Detecting C compile features - done
-- Detecting CXX compiler ABI info
-- Detecting CXX compiler ABI info - done
-- Check for working CXX compiler: /usr/bin/g++-13 - skipped
-- Detecting CXX compile features
-- Detecting CXX compile features - done
-- Configuring done (0.3s)
-- Generating done (0.0s)
-- Build files have been written to: /scratch/luisr/mlir-aie/programming_examples/basic/block_datatypes/matrix_multiplication/whole_array/_build
cd _build &&  cmake --build . --config Release
gmake[1]: Entering directory '/scratch/luisr/mlir-aie/programming_examples/basic/block_datatypes/matrix_multiplication/whole_array/_build'
gmake[2]: Entering directory '/scratch/luisr/mlir-aie/programming_examples/basic/block_datatypes/matrix_multiplication/whole_array/_build'
gmake[3]: Entering directory '/scratch/luisr/mlir-aie/programming_examples/basic/block_datatypes/matrix_multiplication/whole_array/_build'
gmake[3]: Leaving directory '/scratch/luisr/mlir-aie/programming_examples/basic/block_datatypes/matrix_multiplication/whole_array/_build'
gmake[3]: Entering directory '/scratch/luisr/mlir-aie/programming_examples/basic/block_datatypes/matrix_multiplication/whole_array/_build'
[ 33%] Building CXX object CMakeFiles/whole_array.dir/bfp_test.cpp.o
[ 66%] Building CXX object CMakeFiles/whole_array.dir/scratch/luisr/mlir-aie/runtime_lib/test_lib/test_utils.cpp.o
[100%] Linking CXX executable whole_array
gmake[3]: Leaving directory '/scratch/luisr/mlir-aie/programming_examples/basic/block_datatypes/matrix_multiplication/whole_array/_build'
[100%] Built target whole_array
gmake[2]: Leaving directory '/scratch/luisr/mlir-aie/programming_examples/basic/block_datatypes/matrix_multiplication/whole_array/_build'
gmake[1]: Leaving directory '/scratch/luisr/mlir-aie/programming_examples/basic/block_datatypes/matrix_multiplication/whole_array/_build'
cp _build/whole_array whole_array.exe 
mkdir -p build
python3 /scratch/luisr/mlir-aie/programming_examples/basic/block_datatypes/matrix_multiplication/whole_array/whole_array.py --n-aie-cols 8 -m 64 -k 128 -n 64 -M 2560 -K 1024 -N 512 > build/aie_2560x1024x512_64x128x64.mlir
mkdir -p build
cd build && xchesscc_wrapper aie2p -I /proj/xbuilds/2024.2_INT_1113_1001/installs/all_platforms/Vitis/2024.2/aietools/include  -DDIM_M=64 -DDIM_K=128 -DDIM_N=64 -DOPT_PERF_ENABLED -c /scratch/luisr/mlir-aie/programming_examples/basic/block_datatypes/matrix_multiplication/whole_array/../mm.cc -o mm_64x128x64.o
WARNING: Default location for XILINX_VIVADO_IP_OVERRIDE not found: /build/xfndry/IP_2024.2_INTEGRATION_VERIFIED/customer/vivado/data/ip
mkdir -p build
cd build && aiecc.py --alloc-scheme= --aie-generate-xclbin --no-compile-host --xclbin-name=final_2560x1024x512_64x128x64.xclbin \
			 --dynamic-objFifos \
			--aie-generate-npu-insts --npu-insts-name=insts_2560x1024x512_64x128x64.txt ../build/aie_2560x1024x512_64x128x64.mlir
[AIE ERROR] _XAie_LoadProgMemSection():231: Overflow of program memory
XAie_LoadElf failed with XAIE_INVALID_ELF
Generating: /scratch/luisr/mlir-aie/programming_examples/basic/block_datatypes/matrix_multiplication/whole_array/build/aie_2560x1024x512_64x128x64.mlir.prj/aie_cdo_elfs.bin
Traceback (most recent call last):
  File "/scratch/luisr/mlir-aie/install/bin/aiecc.py", line 12, in <module>
    main()
  File "/scratch/luisr/mlir-aie/install/python/aie/compiler/aiecc/main.py", line 1476, in main
    run(module_str)
  File "/scratch/luisr/mlir-aie/install/python/aie/compiler/aiecc/main.py", line 1450, in run
    asyncio.run(runner.run_flow())
  File "/usr/lib/python3.12/asyncio/runners.py", line 194, in run
    return runner.run(main)
           ^^^^^^^^^^^^^^^^
  File "/usr/lib/python3.12/asyncio/runners.py", line 118, in run
    return self._loop.run_until_complete(task)
           ^^^^^^^^^^^^^^^^^^^^^^^^^^^^^^^^^^^
  File "/usr/lib/python3.12/asyncio/base_events.py", line 687, in run_until_complete
    return future.result()
           ^^^^^^^^^^^^^^^
  File "/scratch/luisr/mlir-aie/install/python/aie/compiler/aiecc/main.py", line 1350, in run_flow
    await self.process_cdo(input_physical_str)
  File "/scratch/luisr/mlir-aie/install/python/aie/compiler/aiecc/main.py", line 600, in process_cdo
    aiedialect.generate_cdo(input_physical.operation, self.tmpdirname)
ValueError: Failed to generate cdo because: 
make: *** [/scratch/luisr/mlir-aie/programming_examples/basic/block_datatypes/matrix_multiplication/whole_array/../makefile_common:73: build/final_2560x1024x512_64x128x64.xclbin] Error 1
rm -rf build _build whole_array.exe
rm -rf _build
mkdir -p _build
cd _build &&  cmake -E env CXXFLAGS="-std=c++23 -ggdb -DDTYPE_IN= -DDTYPE_OUT= -DDTYPE_ACC=" \
	cmake `echo /scratch/luisr/mlir-aie/programming_examples/basic/block_datatypes/matrix_multiplication/whole_array/..` -D CMAKE_C_COMPILER=gcc-13 -D CMAKE_CXX_COMPILER=g++-13 -DTARGET_NAME=whole_array -Dhostsrc=/scratch/luisr/mlir-aie/programming_examples/basic/block_datatypes/matrix_multiplication/whole_array/../bfp_test.cpp
CMake Deprecation Warning at CMakeLists.txt:13 (cmake_minimum_required):
  Compatibility with CMake < 3.10 will be removed from a future version of
  CMake.

  Update the VERSION argument <min> value.  Or, use the <min>...<max> syntax
  to tell CMake that the project requires at least <min> but has been updated
  to work with policies introduced by <max> or earlier.


-- The C compiler identification is GNU 13.3.0
-- The CXX compiler identification is GNU 13.3.0
-- Detecting C compiler ABI info
-- Detecting C compiler ABI info - done
-- Check for working C compiler: /usr/bin/gcc-13 - skipped
-- Detecting C compile features
-- Detecting C compile features - done
-- Detecting CXX compiler ABI info
-- Detecting CXX compiler ABI info - done
-- Check for working CXX compiler: /usr/bin/g++-13 - skipped
-- Detecting CXX compile features
-- Detecting CXX compile features - done
-- Configuring done (0.3s)
-- Generating done (0.0s)
-- Build files have been written to: /scratch/luisr/mlir-aie/programming_examples/basic/block_datatypes/matrix_multiplication/whole_array/_build
cd _build &&  cmake --build . --config Release
gmake[1]: Entering directory '/scratch/luisr/mlir-aie/programming_examples/basic/block_datatypes/matrix_multiplication/whole_array/_build'
gmake[2]: Entering directory '/scratch/luisr/mlir-aie/programming_examples/basic/block_datatypes/matrix_multiplication/whole_array/_build'
gmake[3]: Entering directory '/scratch/luisr/mlir-aie/programming_examples/basic/block_datatypes/matrix_multiplication/whole_array/_build'
gmake[3]: Leaving directory '/scratch/luisr/mlir-aie/programming_examples/basic/block_datatypes/matrix_multiplication/whole_array/_build'
gmake[3]: Entering directory '/scratch/luisr/mlir-aie/programming_examples/basic/block_datatypes/matrix_multiplication/whole_array/_build'
[ 33%] Building CXX object CMakeFiles/whole_array.dir/bfp_test.cpp.o
[ 66%] Building CXX object CMakeFiles/whole_array.dir/scratch/luisr/mlir-aie/runtime_lib/test_lib/test_utils.cpp.o
[100%] Linking CXX executable whole_array
gmake[3]: Leaving directory '/scratch/luisr/mlir-aie/programming_examples/basic/block_datatypes/matrix_multiplication/whole_array/_build'
[100%] Built target whole_array
gmake[2]: Leaving directory '/scratch/luisr/mlir-aie/programming_examples/basic/block_datatypes/matrix_multiplication/whole_array/_build'
gmake[1]: Leaving directory '/scratch/luisr/mlir-aie/programming_examples/basic/block_datatypes/matrix_multiplication/whole_array/_build'
cp _build/whole_array whole_array.exe 
mkdir -p build
python3 /scratch/luisr/mlir-aie/programming_examples/basic/block_datatypes/matrix_multiplication/whole_array/whole_array.py --n-aie-cols 8 -m 64 -k 128 -n 64 -M 2560 -K 1024 -N 1024 > build/aie_2560x1024x1024_64x128x64.mlir
mkdir -p build
cd build && xchesscc_wrapper aie2p -I /proj/xbuilds/2024.2_INT_1113_1001/installs/all_platforms/Vitis/2024.2/aietools/include  -DDIM_M=64 -DDIM_K=128 -DDIM_N=64 -DOPT_PERF_ENABLED -c /scratch/luisr/mlir-aie/programming_examples/basic/block_datatypes/matrix_multiplication/whole_array/../mm.cc -o mm_64x128x64.o
WARNING: Default location for XILINX_VIVADO_IP_OVERRIDE not found: /build/xfndry/IP_2024.2_INTEGRATION_VERIFIED/customer/vivado/data/ip
mkdir -p build
cd build && aiecc.py --alloc-scheme= --aie-generate-xclbin --no-compile-host --xclbin-name=final_2560x1024x1024_64x128x64.xclbin \
			 --dynamic-objFifos \
			--aie-generate-npu-insts --npu-insts-name=insts_2560x1024x1024_64x128x64.txt ../build/aie_2560x1024x1024_64x128x64.mlir
[AIE ERROR] _XAie_LoadProgMemSection():231: Overflow of program memory
XAie_LoadElf failed with XAIE_INVALID_ELF
Generating: /scratch/luisr/mlir-aie/programming_examples/basic/block_datatypes/matrix_multiplication/whole_array/build/aie_2560x1024x1024_64x128x64.mlir.prj/aie_cdo_elfs.bin
Traceback (most recent call last):
  File "/scratch/luisr/mlir-aie/install/bin/aiecc.py", line 12, in <module>
    main()
  File "/scratch/luisr/mlir-aie/install/python/aie/compiler/aiecc/main.py", line 1476, in main
    run(module_str)
  File "/scratch/luisr/mlir-aie/install/python/aie/compiler/aiecc/main.py", line 1450, in run
    asyncio.run(runner.run_flow())
  File "/usr/lib/python3.12/asyncio/runners.py", line 194, in run
    return runner.run(main)
           ^^^^^^^^^^^^^^^^
  File "/usr/lib/python3.12/asyncio/runners.py", line 118, in run
    return self._loop.run_until_complete(task)
           ^^^^^^^^^^^^^^^^^^^^^^^^^^^^^^^^^^^
  File "/usr/lib/python3.12/asyncio/base_events.py", line 687, in run_until_complete
    return future.result()
           ^^^^^^^^^^^^^^^
  File "/scratch/luisr/mlir-aie/install/python/aie/compiler/aiecc/main.py", line 1350, in run_flow
    await self.process_cdo(input_physical_str)
  File "/scratch/luisr/mlir-aie/install/python/aie/compiler/aiecc/main.py", line 600, in process_cdo
    aiedialect.generate_cdo(input_physical.operation, self.tmpdirname)
ValueError: Failed to generate cdo because: 
make: *** [/scratch/luisr/mlir-aie/programming_examples/basic/block_datatypes/matrix_multiplication/whole_array/../makefile_common:73: build/final_2560x1024x1024_64x128x64.xclbin] Error 1
rm -rf build _build whole_array.exe
rm -rf _build
mkdir -p _build
cd _build &&  cmake -E env CXXFLAGS="-std=c++23 -ggdb -DDTYPE_IN= -DDTYPE_OUT= -DDTYPE_ACC=" \
	cmake `echo /scratch/luisr/mlir-aie/programming_examples/basic/block_datatypes/matrix_multiplication/whole_array/..` -D CMAKE_C_COMPILER=gcc-13 -D CMAKE_CXX_COMPILER=g++-13 -DTARGET_NAME=whole_array -Dhostsrc=/scratch/luisr/mlir-aie/programming_examples/basic/block_datatypes/matrix_multiplication/whole_array/../bfp_test.cpp
CMake Deprecation Warning at CMakeLists.txt:13 (cmake_minimum_required):
  Compatibility with CMake < 3.10 will be removed from a future version of
  CMake.

  Update the VERSION argument <min> value.  Or, use the <min>...<max> syntax
  to tell CMake that the project requires at least <min> but has been updated
  to work with policies introduced by <max> or earlier.


-- The C compiler identification is GNU 13.3.0
-- The CXX compiler identification is GNU 13.3.0
-- Detecting C compiler ABI info
-- Detecting C compiler ABI info - done
-- Check for working C compiler: /usr/bin/gcc-13 - skipped
-- Detecting C compile features
-- Detecting C compile features - done
-- Detecting CXX compiler ABI info
-- Detecting CXX compiler ABI info - done
-- Check for working CXX compiler: /usr/bin/g++-13 - skipped
-- Detecting CXX compile features
-- Detecting CXX compile features - done
-- Configuring done (0.3s)
-- Generating done (0.0s)
-- Build files have been written to: /scratch/luisr/mlir-aie/programming_examples/basic/block_datatypes/matrix_multiplication/whole_array/_build
cd _build &&  cmake --build . --config Release
gmake[1]: Entering directory '/scratch/luisr/mlir-aie/programming_examples/basic/block_datatypes/matrix_multiplication/whole_array/_build'
gmake[2]: Entering directory '/scratch/luisr/mlir-aie/programming_examples/basic/block_datatypes/matrix_multiplication/whole_array/_build'
gmake[3]: Entering directory '/scratch/luisr/mlir-aie/programming_examples/basic/block_datatypes/matrix_multiplication/whole_array/_build'
gmake[3]: Leaving directory '/scratch/luisr/mlir-aie/programming_examples/basic/block_datatypes/matrix_multiplication/whole_array/_build'
gmake[3]: Entering directory '/scratch/luisr/mlir-aie/programming_examples/basic/block_datatypes/matrix_multiplication/whole_array/_build'
[ 33%] Building CXX object CMakeFiles/whole_array.dir/bfp_test.cpp.o
[ 66%] Building CXX object CMakeFiles/whole_array.dir/scratch/luisr/mlir-aie/runtime_lib/test_lib/test_utils.cpp.o
[100%] Linking CXX executable whole_array
gmake[3]: Leaving directory '/scratch/luisr/mlir-aie/programming_examples/basic/block_datatypes/matrix_multiplication/whole_array/_build'
[100%] Built target whole_array
gmake[2]: Leaving directory '/scratch/luisr/mlir-aie/programming_examples/basic/block_datatypes/matrix_multiplication/whole_array/_build'
gmake[1]: Leaving directory '/scratch/luisr/mlir-aie/programming_examples/basic/block_datatypes/matrix_multiplication/whole_array/_build'
cp _build/whole_array whole_array.exe 
mkdir -p build
python3 /scratch/luisr/mlir-aie/programming_examples/basic/block_datatypes/matrix_multiplication/whole_array/whole_array.py --n-aie-cols 8 -m 64 -k 128 -n 64 -M 2560 -K 1024 -N 2560 > build/aie_2560x1024x2560_64x128x64.mlir
mkdir -p build
cd build && xchesscc_wrapper aie2p -I /proj/xbuilds/2024.2_INT_1113_1001/installs/all_platforms/Vitis/2024.2/aietools/include  -DDIM_M=64 -DDIM_K=128 -DDIM_N=64 -DOPT_PERF_ENABLED -c /scratch/luisr/mlir-aie/programming_examples/basic/block_datatypes/matrix_multiplication/whole_array/../mm.cc -o mm_64x128x64.o
WARNING: Default location for XILINX_VIVADO_IP_OVERRIDE not found: /build/xfndry/IP_2024.2_INTEGRATION_VERIFIED/customer/vivado/data/ip
mkdir -p build
cd build && aiecc.py --alloc-scheme= --aie-generate-xclbin --no-compile-host --xclbin-name=final_2560x1024x2560_64x128x64.xclbin \
			 --dynamic-objFifos \
			--aie-generate-npu-insts --npu-insts-name=insts_2560x1024x2560_64x128x64.txt ../build/aie_2560x1024x2560_64x128x64.mlir
[AIE ERROR] _XAie_LoadProgMemSection():231: Overflow of program memory
XAie_LoadElf failed with XAIE_INVALID_ELF
Generating: /scratch/luisr/mlir-aie/programming_examples/basic/block_datatypes/matrix_multiplication/whole_array/build/aie_2560x1024x2560_64x128x64.mlir.prj/aie_cdo_elfs.bin
Traceback (most recent call last):
  File "/scratch/luisr/mlir-aie/install/bin/aiecc.py", line 12, in <module>
    main()
  File "/scratch/luisr/mlir-aie/install/python/aie/compiler/aiecc/main.py", line 1476, in main
    run(module_str)
  File "/scratch/luisr/mlir-aie/install/python/aie/compiler/aiecc/main.py", line 1450, in run
    asyncio.run(runner.run_flow())
  File "/usr/lib/python3.12/asyncio/runners.py", line 194, in run
    return runner.run(main)
           ^^^^^^^^^^^^^^^^
  File "/usr/lib/python3.12/asyncio/runners.py", line 118, in run
    return self._loop.run_until_complete(task)
           ^^^^^^^^^^^^^^^^^^^^^^^^^^^^^^^^^^^
  File "/usr/lib/python3.12/asyncio/base_events.py", line 687, in run_until_complete
    return future.result()
           ^^^^^^^^^^^^^^^
  File "/scratch/luisr/mlir-aie/install/python/aie/compiler/aiecc/main.py", line 1350, in run_flow
    await self.process_cdo(input_physical_str)
  File "/scratch/luisr/mlir-aie/install/python/aie/compiler/aiecc/main.py", line 600, in process_cdo
    aiedialect.generate_cdo(input_physical.operation, self.tmpdirname)
ValueError: Failed to generate cdo because: 
make: *** [/scratch/luisr/mlir-aie/programming_examples/basic/block_datatypes/matrix_multiplication/whole_array/../makefile_common:73: build/final_2560x1024x2560_64x128x64.xclbin] Error 1
rm -rf build _build whole_array.exe
rm -rf _build
mkdir -p _build
cd _build &&  cmake -E env CXXFLAGS="-std=c++23 -ggdb -DDTYPE_IN= -DDTYPE_OUT= -DDTYPE_ACC=" \
	cmake `echo /scratch/luisr/mlir-aie/programming_examples/basic/block_datatypes/matrix_multiplication/whole_array/..` -D CMAKE_C_COMPILER=gcc-13 -D CMAKE_CXX_COMPILER=g++-13 -DTARGET_NAME=whole_array -Dhostsrc=/scratch/luisr/mlir-aie/programming_examples/basic/block_datatypes/matrix_multiplication/whole_array/../bfp_test.cpp
CMake Deprecation Warning at CMakeLists.txt:13 (cmake_minimum_required):
  Compatibility with CMake < 3.10 will be removed from a future version of
  CMake.

  Update the VERSION argument <min> value.  Or, use the <min>...<max> syntax
  to tell CMake that the project requires at least <min> but has been updated
  to work with policies introduced by <max> or earlier.


-- The C compiler identification is GNU 13.3.0
-- The CXX compiler identification is GNU 13.3.0
-- Detecting C compiler ABI info
-- Detecting C compiler ABI info - done
-- Check for working C compiler: /usr/bin/gcc-13 - skipped
-- Detecting C compile features
-- Detecting C compile features - done
-- Detecting CXX compiler ABI info
-- Detecting CXX compiler ABI info - done
-- Check for working CXX compiler: /usr/bin/g++-13 - skipped
-- Detecting CXX compile features
-- Detecting CXX compile features - done
-- Configuring done (0.3s)
-- Generating done (0.0s)
-- Build files have been written to: /scratch/luisr/mlir-aie/programming_examples/basic/block_datatypes/matrix_multiplication/whole_array/_build
cd _build &&  cmake --build . --config Release
gmake[1]: Entering directory '/scratch/luisr/mlir-aie/programming_examples/basic/block_datatypes/matrix_multiplication/whole_array/_build'
gmake[2]: Entering directory '/scratch/luisr/mlir-aie/programming_examples/basic/block_datatypes/matrix_multiplication/whole_array/_build'
gmake[3]: Entering directory '/scratch/luisr/mlir-aie/programming_examples/basic/block_datatypes/matrix_multiplication/whole_array/_build'
gmake[3]: Leaving directory '/scratch/luisr/mlir-aie/programming_examples/basic/block_datatypes/matrix_multiplication/whole_array/_build'
gmake[3]: Entering directory '/scratch/luisr/mlir-aie/programming_examples/basic/block_datatypes/matrix_multiplication/whole_array/_build'
[ 33%] Building CXX object CMakeFiles/whole_array.dir/bfp_test.cpp.o
[ 66%] Building CXX object CMakeFiles/whole_array.dir/scratch/luisr/mlir-aie/runtime_lib/test_lib/test_utils.cpp.o
[100%] Linking CXX executable whole_array
gmake[3]: Leaving directory '/scratch/luisr/mlir-aie/programming_examples/basic/block_datatypes/matrix_multiplication/whole_array/_build'
[100%] Built target whole_array
gmake[2]: Leaving directory '/scratch/luisr/mlir-aie/programming_examples/basic/block_datatypes/matrix_multiplication/whole_array/_build'
gmake[1]: Leaving directory '/scratch/luisr/mlir-aie/programming_examples/basic/block_datatypes/matrix_multiplication/whole_array/_build'
cp _build/whole_array whole_array.exe 
mkdir -p build
python3 /scratch/luisr/mlir-aie/programming_examples/basic/block_datatypes/matrix_multiplication/whole_array/whole_array.py --n-aie-cols 8 -m 64 -k 128 -n 64 -M 2560 -K 1024 -N 4096 > build/aie_2560x1024x4096_64x128x64.mlir
mkdir -p build
cd build && xchesscc_wrapper aie2p -I /proj/xbuilds/2024.2_INT_1113_1001/installs/all_platforms/Vitis/2024.2/aietools/include  -DDIM_M=64 -DDIM_K=128 -DDIM_N=64 -DOPT_PERF_ENABLED -c /scratch/luisr/mlir-aie/programming_examples/basic/block_datatypes/matrix_multiplication/whole_array/../mm.cc -o mm_64x128x64.o
WARNING: Default location for XILINX_VIVADO_IP_OVERRIDE not found: /build/xfndry/IP_2024.2_INTEGRATION_VERIFIED/customer/vivado/data/ip
mkdir -p build
cd build && aiecc.py --alloc-scheme= --aie-generate-xclbin --no-compile-host --xclbin-name=final_2560x1024x4096_64x128x64.xclbin \
			 --dynamic-objFifos \
			--aie-generate-npu-insts --npu-insts-name=insts_2560x1024x4096_64x128x64.txt ../build/aie_2560x1024x4096_64x128x64.mlir
[AIE ERROR] _XAie_LoadProgMemSection():231: Overflow of program memory
XAie_LoadElf failed with XAIE_INVALID_ELF
Generating: /scratch/luisr/mlir-aie/programming_examples/basic/block_datatypes/matrix_multiplication/whole_array/build/aie_2560x1024x4096_64x128x64.mlir.prj/aie_cdo_elfs.bin
Traceback (most recent call last):
  File "/scratch/luisr/mlir-aie/install/bin/aiecc.py", line 12, in <module>
    main()
  File "/scratch/luisr/mlir-aie/install/python/aie/compiler/aiecc/main.py", line 1476, in main
    run(module_str)
  File "/scratch/luisr/mlir-aie/install/python/aie/compiler/aiecc/main.py", line 1450, in run
    asyncio.run(runner.run_flow())
  File "/usr/lib/python3.12/asyncio/runners.py", line 194, in run
    return runner.run(main)
           ^^^^^^^^^^^^^^^^
  File "/usr/lib/python3.12/asyncio/runners.py", line 118, in run
    return self._loop.run_until_complete(task)
           ^^^^^^^^^^^^^^^^^^^^^^^^^^^^^^^^^^^
  File "/usr/lib/python3.12/asyncio/base_events.py", line 687, in run_until_complete
    return future.result()
           ^^^^^^^^^^^^^^^
  File "/scratch/luisr/mlir-aie/install/python/aie/compiler/aiecc/main.py", line 1350, in run_flow
    await self.process_cdo(input_physical_str)
  File "/scratch/luisr/mlir-aie/install/python/aie/compiler/aiecc/main.py", line 600, in process_cdo
    aiedialect.generate_cdo(input_physical.operation, self.tmpdirname)
ValueError: Failed to generate cdo because: 
make: *** [/scratch/luisr/mlir-aie/programming_examples/basic/block_datatypes/matrix_multiplication/whole_array/../makefile_common:73: build/final_2560x1024x4096_64x128x64.xclbin] Error 1
rm -rf build _build whole_array.exe
rm -rf _build
mkdir -p _build
cd _build &&  cmake -E env CXXFLAGS="-std=c++23 -ggdb -DDTYPE_IN= -DDTYPE_OUT= -DDTYPE_ACC=" \
	cmake `echo /scratch/luisr/mlir-aie/programming_examples/basic/block_datatypes/matrix_multiplication/whole_array/..` -D CMAKE_C_COMPILER=gcc-13 -D CMAKE_CXX_COMPILER=g++-13 -DTARGET_NAME=whole_array -Dhostsrc=/scratch/luisr/mlir-aie/programming_examples/basic/block_datatypes/matrix_multiplication/whole_array/../bfp_test.cpp
CMake Deprecation Warning at CMakeLists.txt:13 (cmake_minimum_required):
  Compatibility with CMake < 3.10 will be removed from a future version of
  CMake.

  Update the VERSION argument <min> value.  Or, use the <min>...<max> syntax
  to tell CMake that the project requires at least <min> but has been updated
  to work with policies introduced by <max> or earlier.


-- The C compiler identification is GNU 13.3.0
-- The CXX compiler identification is GNU 13.3.0
-- Detecting C compiler ABI info
-- Detecting C compiler ABI info - done
-- Check for working C compiler: /usr/bin/gcc-13 - skipped
-- Detecting C compile features
-- Detecting C compile features - done
-- Detecting CXX compiler ABI info
-- Detecting CXX compiler ABI info - done
-- Check for working CXX compiler: /usr/bin/g++-13 - skipped
-- Detecting CXX compile features
-- Detecting CXX compile features - done
-- Configuring done (0.3s)
-- Generating done (0.0s)
-- Build files have been written to: /scratch/luisr/mlir-aie/programming_examples/basic/block_datatypes/matrix_multiplication/whole_array/_build
cd _build &&  cmake --build . --config Release
gmake[1]: Entering directory '/scratch/luisr/mlir-aie/programming_examples/basic/block_datatypes/matrix_multiplication/whole_array/_build'
gmake[2]: Entering directory '/scratch/luisr/mlir-aie/programming_examples/basic/block_datatypes/matrix_multiplication/whole_array/_build'
gmake[3]: Entering directory '/scratch/luisr/mlir-aie/programming_examples/basic/block_datatypes/matrix_multiplication/whole_array/_build'
gmake[3]: Leaving directory '/scratch/luisr/mlir-aie/programming_examples/basic/block_datatypes/matrix_multiplication/whole_array/_build'
gmake[3]: Entering directory '/scratch/luisr/mlir-aie/programming_examples/basic/block_datatypes/matrix_multiplication/whole_array/_build'
[ 33%] Building CXX object CMakeFiles/whole_array.dir/bfp_test.cpp.o
[ 66%] Building CXX object CMakeFiles/whole_array.dir/scratch/luisr/mlir-aie/runtime_lib/test_lib/test_utils.cpp.o
[100%] Linking CXX executable whole_array
gmake[3]: Leaving directory '/scratch/luisr/mlir-aie/programming_examples/basic/block_datatypes/matrix_multiplication/whole_array/_build'
[100%] Built target whole_array
gmake[2]: Leaving directory '/scratch/luisr/mlir-aie/programming_examples/basic/block_datatypes/matrix_multiplication/whole_array/_build'
gmake[1]: Leaving directory '/scratch/luisr/mlir-aie/programming_examples/basic/block_datatypes/matrix_multiplication/whole_array/_build'
cp _build/whole_array whole_array.exe 
mkdir -p build
python3 /scratch/luisr/mlir-aie/programming_examples/basic/block_datatypes/matrix_multiplication/whole_array/whole_array.py --n-aie-cols 8 -m 64 -k 128 -n 64 -M 2560 -K 2560 -N 512 > build/aie_2560x2560x512_64x128x64.mlir
mkdir -p build
cd build && xchesscc_wrapper aie2p -I /proj/xbuilds/2024.2_INT_1113_1001/installs/all_platforms/Vitis/2024.2/aietools/include  -DDIM_M=64 -DDIM_K=128 -DDIM_N=64 -DOPT_PERF_ENABLED -c /scratch/luisr/mlir-aie/programming_examples/basic/block_datatypes/matrix_multiplication/whole_array/../mm.cc -o mm_64x128x64.o
WARNING: Default location for XILINX_VIVADO_IP_OVERRIDE not found: /build/xfndry/IP_2024.2_INTEGRATION_VERIFIED/customer/vivado/data/ip
mkdir -p build
cd build && aiecc.py --alloc-scheme= --aie-generate-xclbin --no-compile-host --xclbin-name=final_2560x2560x512_64x128x64.xclbin \
			 --dynamic-objFifos \
			--aie-generate-npu-insts --npu-insts-name=insts_2560x2560x512_64x128x64.txt ../build/aie_2560x2560x512_64x128x64.mlir
[AIE ERROR] _XAie_LoadProgMemSection():231: Overflow of program memory
XAie_LoadElf failed with XAIE_INVALID_ELF
Generating: /scratch/luisr/mlir-aie/programming_examples/basic/block_datatypes/matrix_multiplication/whole_array/build/aie_2560x2560x512_64x128x64.mlir.prj/aie_cdo_elfs.bin
Traceback (most recent call last):
  File "/scratch/luisr/mlir-aie/install/bin/aiecc.py", line 12, in <module>
    main()
  File "/scratch/luisr/mlir-aie/install/python/aie/compiler/aiecc/main.py", line 1476, in main
    run(module_str)
  File "/scratch/luisr/mlir-aie/install/python/aie/compiler/aiecc/main.py", line 1450, in run
    asyncio.run(runner.run_flow())
  File "/usr/lib/python3.12/asyncio/runners.py", line 194, in run
    return runner.run(main)
           ^^^^^^^^^^^^^^^^
  File "/usr/lib/python3.12/asyncio/runners.py", line 118, in run
    return self._loop.run_until_complete(task)
           ^^^^^^^^^^^^^^^^^^^^^^^^^^^^^^^^^^^
  File "/usr/lib/python3.12/asyncio/base_events.py", line 687, in run_until_complete
    return future.result()
           ^^^^^^^^^^^^^^^
  File "/scratch/luisr/mlir-aie/install/python/aie/compiler/aiecc/main.py", line 1350, in run_flow
    await self.process_cdo(input_physical_str)
  File "/scratch/luisr/mlir-aie/install/python/aie/compiler/aiecc/main.py", line 600, in process_cdo
    aiedialect.generate_cdo(input_physical.operation, self.tmpdirname)
ValueError: Failed to generate cdo because: 
make: *** [/scratch/luisr/mlir-aie/programming_examples/basic/block_datatypes/matrix_multiplication/whole_array/../makefile_common:73: build/final_2560x2560x512_64x128x64.xclbin] Error 1
rm -rf build _build whole_array.exe
rm -rf _build
mkdir -p _build
cd _build &&  cmake -E env CXXFLAGS="-std=c++23 -ggdb -DDTYPE_IN= -DDTYPE_OUT= -DDTYPE_ACC=" \
	cmake `echo /scratch/luisr/mlir-aie/programming_examples/basic/block_datatypes/matrix_multiplication/whole_array/..` -D CMAKE_C_COMPILER=gcc-13 -D CMAKE_CXX_COMPILER=g++-13 -DTARGET_NAME=whole_array -Dhostsrc=/scratch/luisr/mlir-aie/programming_examples/basic/block_datatypes/matrix_multiplication/whole_array/../bfp_test.cpp
CMake Deprecation Warning at CMakeLists.txt:13 (cmake_minimum_required):
  Compatibility with CMake < 3.10 will be removed from a future version of
  CMake.

  Update the VERSION argument <min> value.  Or, use the <min>...<max> syntax
  to tell CMake that the project requires at least <min> but has been updated
  to work with policies introduced by <max> or earlier.


-- The C compiler identification is GNU 13.3.0
-- The CXX compiler identification is GNU 13.3.0
-- Detecting C compiler ABI info
-- Detecting C compiler ABI info - done
-- Check for working C compiler: /usr/bin/gcc-13 - skipped
-- Detecting C compile features
-- Detecting C compile features - done
-- Detecting CXX compiler ABI info
-- Detecting CXX compiler ABI info - done
-- Check for working CXX compiler: /usr/bin/g++-13 - skipped
-- Detecting CXX compile features
-- Detecting CXX compile features - done
-- Configuring done (0.3s)
-- Generating done (0.0s)
-- Build files have been written to: /scratch/luisr/mlir-aie/programming_examples/basic/block_datatypes/matrix_multiplication/whole_array/_build
cd _build &&  cmake --build . --config Release
gmake[1]: Entering directory '/scratch/luisr/mlir-aie/programming_examples/basic/block_datatypes/matrix_multiplication/whole_array/_build'
gmake[2]: Entering directory '/scratch/luisr/mlir-aie/programming_examples/basic/block_datatypes/matrix_multiplication/whole_array/_build'
gmake[3]: Entering directory '/scratch/luisr/mlir-aie/programming_examples/basic/block_datatypes/matrix_multiplication/whole_array/_build'
gmake[3]: Leaving directory '/scratch/luisr/mlir-aie/programming_examples/basic/block_datatypes/matrix_multiplication/whole_array/_build'
gmake[3]: Entering directory '/scratch/luisr/mlir-aie/programming_examples/basic/block_datatypes/matrix_multiplication/whole_array/_build'
[ 33%] Building CXX object CMakeFiles/whole_array.dir/bfp_test.cpp.o
[ 66%] Building CXX object CMakeFiles/whole_array.dir/scratch/luisr/mlir-aie/runtime_lib/test_lib/test_utils.cpp.o
[100%] Linking CXX executable whole_array
gmake[3]: Leaving directory '/scratch/luisr/mlir-aie/programming_examples/basic/block_datatypes/matrix_multiplication/whole_array/_build'
[100%] Built target whole_array
gmake[2]: Leaving directory '/scratch/luisr/mlir-aie/programming_examples/basic/block_datatypes/matrix_multiplication/whole_array/_build'
gmake[1]: Leaving directory '/scratch/luisr/mlir-aie/programming_examples/basic/block_datatypes/matrix_multiplication/whole_array/_build'
cp _build/whole_array whole_array.exe 
mkdir -p build
python3 /scratch/luisr/mlir-aie/programming_examples/basic/block_datatypes/matrix_multiplication/whole_array/whole_array.py --n-aie-cols 8 -m 64 -k 128 -n 64 -M 2560 -K 2560 -N 1024 > build/aie_2560x2560x1024_64x128x64.mlir
mkdir -p build
cd build && xchesscc_wrapper aie2p -I /proj/xbuilds/2024.2_INT_1113_1001/installs/all_platforms/Vitis/2024.2/aietools/include  -DDIM_M=64 -DDIM_K=128 -DDIM_N=64 -DOPT_PERF_ENABLED -c /scratch/luisr/mlir-aie/programming_examples/basic/block_datatypes/matrix_multiplication/whole_array/../mm.cc -o mm_64x128x64.o
WARNING: Default location for XILINX_VIVADO_IP_OVERRIDE not found: /build/xfndry/IP_2024.2_INTEGRATION_VERIFIED/customer/vivado/data/ip
mkdir -p build
cd build && aiecc.py --alloc-scheme= --aie-generate-xclbin --no-compile-host --xclbin-name=final_2560x2560x1024_64x128x64.xclbin \
			 --dynamic-objFifos \
			--aie-generate-npu-insts --npu-insts-name=insts_2560x2560x1024_64x128x64.txt ../build/aie_2560x2560x1024_64x128x64.mlir
[AIE ERROR] _XAie_LoadProgMemSection():231: Overflow of program memory
XAie_LoadElf failed with XAIE_INVALID_ELF
Generating: /scratch/luisr/mlir-aie/programming_examples/basic/block_datatypes/matrix_multiplication/whole_array/build/aie_2560x2560x1024_64x128x64.mlir.prj/aie_cdo_elfs.bin
Traceback (most recent call last):
  File "/scratch/luisr/mlir-aie/install/bin/aiecc.py", line 12, in <module>
    main()
  File "/scratch/luisr/mlir-aie/install/python/aie/compiler/aiecc/main.py", line 1476, in main
    run(module_str)
  File "/scratch/luisr/mlir-aie/install/python/aie/compiler/aiecc/main.py", line 1450, in run
    asyncio.run(runner.run_flow())
  File "/usr/lib/python3.12/asyncio/runners.py", line 194, in run
    return runner.run(main)
           ^^^^^^^^^^^^^^^^
  File "/usr/lib/python3.12/asyncio/runners.py", line 118, in run
    return self._loop.run_until_complete(task)
           ^^^^^^^^^^^^^^^^^^^^^^^^^^^^^^^^^^^
  File "/usr/lib/python3.12/asyncio/base_events.py", line 687, in run_until_complete
    return future.result()
           ^^^^^^^^^^^^^^^
  File "/scratch/luisr/mlir-aie/install/python/aie/compiler/aiecc/main.py", line 1350, in run_flow
    await self.process_cdo(input_physical_str)
  File "/scratch/luisr/mlir-aie/install/python/aie/compiler/aiecc/main.py", line 600, in process_cdo
    aiedialect.generate_cdo(input_physical.operation, self.tmpdirname)
ValueError: Failed to generate cdo because: 
make: *** [/scratch/luisr/mlir-aie/programming_examples/basic/block_datatypes/matrix_multiplication/whole_array/../makefile_common:73: build/final_2560x2560x1024_64x128x64.xclbin] Error 1
rm -rf build _build whole_array.exe
rm -rf _build
mkdir -p _build
cd _build &&  cmake -E env CXXFLAGS="-std=c++23 -ggdb -DDTYPE_IN= -DDTYPE_OUT= -DDTYPE_ACC=" \
	cmake `echo /scratch/luisr/mlir-aie/programming_examples/basic/block_datatypes/matrix_multiplication/whole_array/..` -D CMAKE_C_COMPILER=gcc-13 -D CMAKE_CXX_COMPILER=g++-13 -DTARGET_NAME=whole_array -Dhostsrc=/scratch/luisr/mlir-aie/programming_examples/basic/block_datatypes/matrix_multiplication/whole_array/../bfp_test.cpp
CMake Deprecation Warning at CMakeLists.txt:13 (cmake_minimum_required):
  Compatibility with CMake < 3.10 will be removed from a future version of
  CMake.

  Update the VERSION argument <min> value.  Or, use the <min>...<max> syntax
  to tell CMake that the project requires at least <min> but has been updated
  to work with policies introduced by <max> or earlier.


-- The C compiler identification is GNU 13.3.0
-- The CXX compiler identification is GNU 13.3.0
-- Detecting C compiler ABI info
-- Detecting C compiler ABI info - done
-- Check for working C compiler: /usr/bin/gcc-13 - skipped
-- Detecting C compile features
-- Detecting C compile features - done
-- Detecting CXX compiler ABI info
-- Detecting CXX compiler ABI info - done
-- Check for working CXX compiler: /usr/bin/g++-13 - skipped
-- Detecting CXX compile features
-- Detecting CXX compile features - done
-- Configuring done (0.3s)
-- Generating done (0.0s)
-- Build files have been written to: /scratch/luisr/mlir-aie/programming_examples/basic/block_datatypes/matrix_multiplication/whole_array/_build
cd _build &&  cmake --build . --config Release
gmake[1]: Entering directory '/scratch/luisr/mlir-aie/programming_examples/basic/block_datatypes/matrix_multiplication/whole_array/_build'
gmake[2]: Entering directory '/scratch/luisr/mlir-aie/programming_examples/basic/block_datatypes/matrix_multiplication/whole_array/_build'
gmake[3]: Entering directory '/scratch/luisr/mlir-aie/programming_examples/basic/block_datatypes/matrix_multiplication/whole_array/_build'
gmake[3]: Leaving directory '/scratch/luisr/mlir-aie/programming_examples/basic/block_datatypes/matrix_multiplication/whole_array/_build'
gmake[3]: Entering directory '/scratch/luisr/mlir-aie/programming_examples/basic/block_datatypes/matrix_multiplication/whole_array/_build'
[ 33%] Building CXX object CMakeFiles/whole_array.dir/bfp_test.cpp.o
[ 66%] Building CXX object CMakeFiles/whole_array.dir/scratch/luisr/mlir-aie/runtime_lib/test_lib/test_utils.cpp.o
[100%] Linking CXX executable whole_array
gmake[3]: Leaving directory '/scratch/luisr/mlir-aie/programming_examples/basic/block_datatypes/matrix_multiplication/whole_array/_build'
[100%] Built target whole_array
gmake[2]: Leaving directory '/scratch/luisr/mlir-aie/programming_examples/basic/block_datatypes/matrix_multiplication/whole_array/_build'
gmake[1]: Leaving directory '/scratch/luisr/mlir-aie/programming_examples/basic/block_datatypes/matrix_multiplication/whole_array/_build'
cp _build/whole_array whole_array.exe 
mkdir -p build
python3 /scratch/luisr/mlir-aie/programming_examples/basic/block_datatypes/matrix_multiplication/whole_array/whole_array.py --n-aie-cols 8 -m 64 -k 128 -n 64 -M 2560 -K 2560 -N 2560 > build/aie_2560x2560x2560_64x128x64.mlir
mkdir -p build
cd build && xchesscc_wrapper aie2p -I /proj/xbuilds/2024.2_INT_1113_1001/installs/all_platforms/Vitis/2024.2/aietools/include  -DDIM_M=64 -DDIM_K=128 -DDIM_N=64 -DOPT_PERF_ENABLED -c /scratch/luisr/mlir-aie/programming_examples/basic/block_datatypes/matrix_multiplication/whole_array/../mm.cc -o mm_64x128x64.o
WARNING: Default location for XILINX_VIVADO_IP_OVERRIDE not found: /build/xfndry/IP_2024.2_INTEGRATION_VERIFIED/customer/vivado/data/ip
mkdir -p build
cd build && aiecc.py --alloc-scheme= --aie-generate-xclbin --no-compile-host --xclbin-name=final_2560x2560x2560_64x128x64.xclbin \
			 --dynamic-objFifos \
			--aie-generate-npu-insts --npu-insts-name=insts_2560x2560x2560_64x128x64.txt ../build/aie_2560x2560x2560_64x128x64.mlir
[AIE ERROR] _XAie_LoadProgMemSection():231: Overflow of program memory
XAie_LoadElf failed with XAIE_INVALID_ELF
Generating: /scratch/luisr/mlir-aie/programming_examples/basic/block_datatypes/matrix_multiplication/whole_array/build/aie_2560x2560x2560_64x128x64.mlir.prj/aie_cdo_elfs.bin
Traceback (most recent call last):
  File "/scratch/luisr/mlir-aie/install/bin/aiecc.py", line 12, in <module>
    main()
  File "/scratch/luisr/mlir-aie/install/python/aie/compiler/aiecc/main.py", line 1476, in main
    run(module_str)
  File "/scratch/luisr/mlir-aie/install/python/aie/compiler/aiecc/main.py", line 1450, in run
    asyncio.run(runner.run_flow())
  File "/usr/lib/python3.12/asyncio/runners.py", line 194, in run
    return runner.run(main)
           ^^^^^^^^^^^^^^^^
  File "/usr/lib/python3.12/asyncio/runners.py", line 118, in run
    return self._loop.run_until_complete(task)
           ^^^^^^^^^^^^^^^^^^^^^^^^^^^^^^^^^^^
  File "/usr/lib/python3.12/asyncio/base_events.py", line 687, in run_until_complete
    return future.result()
           ^^^^^^^^^^^^^^^
  File "/scratch/luisr/mlir-aie/install/python/aie/compiler/aiecc/main.py", line 1350, in run_flow
    await self.process_cdo(input_physical_str)
  File "/scratch/luisr/mlir-aie/install/python/aie/compiler/aiecc/main.py", line 600, in process_cdo
    aiedialect.generate_cdo(input_physical.operation, self.tmpdirname)
ValueError: Failed to generate cdo because: 
make: *** [/scratch/luisr/mlir-aie/programming_examples/basic/block_datatypes/matrix_multiplication/whole_array/../makefile_common:73: build/final_2560x2560x2560_64x128x64.xclbin] Error 1
rm -rf build _build whole_array.exe
rm -rf _build
mkdir -p _build
cd _build &&  cmake -E env CXXFLAGS="-std=c++23 -ggdb -DDTYPE_IN= -DDTYPE_OUT= -DDTYPE_ACC=" \
	cmake `echo /scratch/luisr/mlir-aie/programming_examples/basic/block_datatypes/matrix_multiplication/whole_array/..` -D CMAKE_C_COMPILER=gcc-13 -D CMAKE_CXX_COMPILER=g++-13 -DTARGET_NAME=whole_array -Dhostsrc=/scratch/luisr/mlir-aie/programming_examples/basic/block_datatypes/matrix_multiplication/whole_array/../bfp_test.cpp
CMake Deprecation Warning at CMakeLists.txt:13 (cmake_minimum_required):
  Compatibility with CMake < 3.10 will be removed from a future version of
  CMake.

  Update the VERSION argument <min> value.  Or, use the <min>...<max> syntax
  to tell CMake that the project requires at least <min> but has been updated
  to work with policies introduced by <max> or earlier.


-- The C compiler identification is GNU 13.3.0
-- The CXX compiler identification is GNU 13.3.0
-- Detecting C compiler ABI info
-- Detecting C compiler ABI info - done
-- Check for working C compiler: /usr/bin/gcc-13 - skipped
-- Detecting C compile features
-- Detecting C compile features - done
-- Detecting CXX compiler ABI info
-- Detecting CXX compiler ABI info - done
-- Check for working CXX compiler: /usr/bin/g++-13 - skipped
-- Detecting CXX compile features
-- Detecting CXX compile features - done
-- Configuring done (0.3s)
-- Generating done (0.0s)
-- Build files have been written to: /scratch/luisr/mlir-aie/programming_examples/basic/block_datatypes/matrix_multiplication/whole_array/_build
cd _build &&  cmake --build . --config Release
gmake[1]: Entering directory '/scratch/luisr/mlir-aie/programming_examples/basic/block_datatypes/matrix_multiplication/whole_array/_build'
gmake[2]: Entering directory '/scratch/luisr/mlir-aie/programming_examples/basic/block_datatypes/matrix_multiplication/whole_array/_build'
gmake[3]: Entering directory '/scratch/luisr/mlir-aie/programming_examples/basic/block_datatypes/matrix_multiplication/whole_array/_build'
gmake[3]: Leaving directory '/scratch/luisr/mlir-aie/programming_examples/basic/block_datatypes/matrix_multiplication/whole_array/_build'
gmake[3]: Entering directory '/scratch/luisr/mlir-aie/programming_examples/basic/block_datatypes/matrix_multiplication/whole_array/_build'
[ 33%] Building CXX object CMakeFiles/whole_array.dir/bfp_test.cpp.o
[ 66%] Building CXX object CMakeFiles/whole_array.dir/scratch/luisr/mlir-aie/runtime_lib/test_lib/test_utils.cpp.o
[100%] Linking CXX executable whole_array
gmake[3]: Leaving directory '/scratch/luisr/mlir-aie/programming_examples/basic/block_datatypes/matrix_multiplication/whole_array/_build'
[100%] Built target whole_array
gmake[2]: Leaving directory '/scratch/luisr/mlir-aie/programming_examples/basic/block_datatypes/matrix_multiplication/whole_array/_build'
gmake[1]: Leaving directory '/scratch/luisr/mlir-aie/programming_examples/basic/block_datatypes/matrix_multiplication/whole_array/_build'
cp _build/whole_array whole_array.exe 
mkdir -p build
python3 /scratch/luisr/mlir-aie/programming_examples/basic/block_datatypes/matrix_multiplication/whole_array/whole_array.py --n-aie-cols 8 -m 64 -k 128 -n 64 -M 2560 -K 2560 -N 4096 > build/aie_2560x2560x4096_64x128x64.mlir
mkdir -p build
cd build && xchesscc_wrapper aie2p -I /proj/xbuilds/2024.2_INT_1113_1001/installs/all_platforms/Vitis/2024.2/aietools/include  -DDIM_M=64 -DDIM_K=128 -DDIM_N=64 -DOPT_PERF_ENABLED -c /scratch/luisr/mlir-aie/programming_examples/basic/block_datatypes/matrix_multiplication/whole_array/../mm.cc -o mm_64x128x64.o
WARNING: Default location for XILINX_VIVADO_IP_OVERRIDE not found: /build/xfndry/IP_2024.2_INTEGRATION_VERIFIED/customer/vivado/data/ip
mkdir -p build
cd build && aiecc.py --alloc-scheme= --aie-generate-xclbin --no-compile-host --xclbin-name=final_2560x2560x4096_64x128x64.xclbin \
			 --dynamic-objFifos \
			--aie-generate-npu-insts --npu-insts-name=insts_2560x2560x4096_64x128x64.txt ../build/aie_2560x2560x4096_64x128x64.mlir
[AIE ERROR] _XAie_LoadProgMemSection():231: Overflow of program memory
XAie_LoadElf failed with XAIE_INVALID_ELF
Generating: /scratch/luisr/mlir-aie/programming_examples/basic/block_datatypes/matrix_multiplication/whole_array/build/aie_2560x2560x4096_64x128x64.mlir.prj/aie_cdo_elfs.bin
Traceback (most recent call last):
  File "/scratch/luisr/mlir-aie/install/bin/aiecc.py", line 12, in <module>
    main()
  File "/scratch/luisr/mlir-aie/install/python/aie/compiler/aiecc/main.py", line 1476, in main
    run(module_str)
  File "/scratch/luisr/mlir-aie/install/python/aie/compiler/aiecc/main.py", line 1450, in run
    asyncio.run(runner.run_flow())
  File "/usr/lib/python3.12/asyncio/runners.py", line 194, in run
    return runner.run(main)
           ^^^^^^^^^^^^^^^^
  File "/usr/lib/python3.12/asyncio/runners.py", line 118, in run
    return self._loop.run_until_complete(task)
           ^^^^^^^^^^^^^^^^^^^^^^^^^^^^^^^^^^^
  File "/usr/lib/python3.12/asyncio/base_events.py", line 687, in run_until_complete
    return future.result()
           ^^^^^^^^^^^^^^^
  File "/scratch/luisr/mlir-aie/install/python/aie/compiler/aiecc/main.py", line 1350, in run_flow
    await self.process_cdo(input_physical_str)
  File "/scratch/luisr/mlir-aie/install/python/aie/compiler/aiecc/main.py", line 600, in process_cdo
    aiedialect.generate_cdo(input_physical.operation, self.tmpdirname)
ValueError: Failed to generate cdo because: 
make: *** [/scratch/luisr/mlir-aie/programming_examples/basic/block_datatypes/matrix_multiplication/whole_array/../makefile_common:73: build/final_2560x2560x4096_64x128x64.xclbin] Error 1
rm -rf build _build whole_array.exe
rm -rf _build
mkdir -p _build
cd _build &&  cmake -E env CXXFLAGS="-std=c++23 -ggdb -DDTYPE_IN= -DDTYPE_OUT= -DDTYPE_ACC=" \
	cmake `echo /scratch/luisr/mlir-aie/programming_examples/basic/block_datatypes/matrix_multiplication/whole_array/..` -D CMAKE_C_COMPILER=gcc-13 -D CMAKE_CXX_COMPILER=g++-13 -DTARGET_NAME=whole_array -Dhostsrc=/scratch/luisr/mlir-aie/programming_examples/basic/block_datatypes/matrix_multiplication/whole_array/../bfp_test.cpp
CMake Deprecation Warning at CMakeLists.txt:13 (cmake_minimum_required):
  Compatibility with CMake < 3.10 will be removed from a future version of
  CMake.

  Update the VERSION argument <min> value.  Or, use the <min>...<max> syntax
  to tell CMake that the project requires at least <min> but has been updated
  to work with policies introduced by <max> or earlier.


-- The C compiler identification is GNU 13.3.0
-- The CXX compiler identification is GNU 13.3.0
-- Detecting C compiler ABI info
-- Detecting C compiler ABI info - done
-- Check for working C compiler: /usr/bin/gcc-13 - skipped
-- Detecting C compile features
-- Detecting C compile features - done
-- Detecting CXX compiler ABI info
-- Detecting CXX compiler ABI info - done
-- Check for working CXX compiler: /usr/bin/g++-13 - skipped
-- Detecting CXX compile features
-- Detecting CXX compile features - done
-- Configuring done (0.3s)
-- Generating done (0.0s)
-- Build files have been written to: /scratch/luisr/mlir-aie/programming_examples/basic/block_datatypes/matrix_multiplication/whole_array/_build
cd _build &&  cmake --build . --config Release
gmake[1]: Entering directory '/scratch/luisr/mlir-aie/programming_examples/basic/block_datatypes/matrix_multiplication/whole_array/_build'
gmake[2]: Entering directory '/scratch/luisr/mlir-aie/programming_examples/basic/block_datatypes/matrix_multiplication/whole_array/_build'
gmake[3]: Entering directory '/scratch/luisr/mlir-aie/programming_examples/basic/block_datatypes/matrix_multiplication/whole_array/_build'
gmake[3]: Leaving directory '/scratch/luisr/mlir-aie/programming_examples/basic/block_datatypes/matrix_multiplication/whole_array/_build'
gmake[3]: Entering directory '/scratch/luisr/mlir-aie/programming_examples/basic/block_datatypes/matrix_multiplication/whole_array/_build'
[ 33%] Building CXX object CMakeFiles/whole_array.dir/bfp_test.cpp.o
[ 66%] Building CXX object CMakeFiles/whole_array.dir/scratch/luisr/mlir-aie/runtime_lib/test_lib/test_utils.cpp.o
[100%] Linking CXX executable whole_array
gmake[3]: Leaving directory '/scratch/luisr/mlir-aie/programming_examples/basic/block_datatypes/matrix_multiplication/whole_array/_build'
[100%] Built target whole_array
gmake[2]: Leaving directory '/scratch/luisr/mlir-aie/programming_examples/basic/block_datatypes/matrix_multiplication/whole_array/_build'
gmake[1]: Leaving directory '/scratch/luisr/mlir-aie/programming_examples/basic/block_datatypes/matrix_multiplication/whole_array/_build'
cp _build/whole_array whole_array.exe 
mkdir -p build
python3 /scratch/luisr/mlir-aie/programming_examples/basic/block_datatypes/matrix_multiplication/whole_array/whole_array.py --n-aie-cols 8 -m 64 -k 128 -n 64 -M 2560 -K 4096 -N 512 > build/aie_2560x4096x512_64x128x64.mlir
mkdir -p build
cd build && xchesscc_wrapper aie2p -I /proj/xbuilds/2024.2_INT_1113_1001/installs/all_platforms/Vitis/2024.2/aietools/include  -DDIM_M=64 -DDIM_K=128 -DDIM_N=64 -DOPT_PERF_ENABLED -c /scratch/luisr/mlir-aie/programming_examples/basic/block_datatypes/matrix_multiplication/whole_array/../mm.cc -o mm_64x128x64.o
WARNING: Default location for XILINX_VIVADO_IP_OVERRIDE not found: /build/xfndry/IP_2024.2_INTEGRATION_VERIFIED/customer/vivado/data/ip
mkdir -p build
cd build && aiecc.py --alloc-scheme= --aie-generate-xclbin --no-compile-host --xclbin-name=final_2560x4096x512_64x128x64.xclbin \
			 --dynamic-objFifos \
			--aie-generate-npu-insts --npu-insts-name=insts_2560x4096x512_64x128x64.txt ../build/aie_2560x4096x512_64x128x64.mlir
[AIE ERROR] _XAie_LoadProgMemSection():231: Overflow of program memory
XAie_LoadElf failed with XAIE_INVALID_ELF
Generating: /scratch/luisr/mlir-aie/programming_examples/basic/block_datatypes/matrix_multiplication/whole_array/build/aie_2560x4096x512_64x128x64.mlir.prj/aie_cdo_elfs.bin
Traceback (most recent call last):
  File "/scratch/luisr/mlir-aie/install/bin/aiecc.py", line 12, in <module>
    main()
  File "/scratch/luisr/mlir-aie/install/python/aie/compiler/aiecc/main.py", line 1476, in main
    run(module_str)
  File "/scratch/luisr/mlir-aie/install/python/aie/compiler/aiecc/main.py", line 1450, in run
    asyncio.run(runner.run_flow())
  File "/usr/lib/python3.12/asyncio/runners.py", line 194, in run
    return runner.run(main)
           ^^^^^^^^^^^^^^^^
  File "/usr/lib/python3.12/asyncio/runners.py", line 118, in run
    return self._loop.run_until_complete(task)
           ^^^^^^^^^^^^^^^^^^^^^^^^^^^^^^^^^^^
  File "/usr/lib/python3.12/asyncio/base_events.py", line 687, in run_until_complete
    return future.result()
           ^^^^^^^^^^^^^^^
  File "/scratch/luisr/mlir-aie/install/python/aie/compiler/aiecc/main.py", line 1350, in run_flow
    await self.process_cdo(input_physical_str)
  File "/scratch/luisr/mlir-aie/install/python/aie/compiler/aiecc/main.py", line 600, in process_cdo
    aiedialect.generate_cdo(input_physical.operation, self.tmpdirname)
ValueError: Failed to generate cdo because: 
make: *** [/scratch/luisr/mlir-aie/programming_examples/basic/block_datatypes/matrix_multiplication/whole_array/../makefile_common:73: build/final_2560x4096x512_64x128x64.xclbin] Error 1
rm -rf build _build whole_array.exe
rm -rf _build
mkdir -p _build
cd _build &&  cmake -E env CXXFLAGS="-std=c++23 -ggdb -DDTYPE_IN= -DDTYPE_OUT= -DDTYPE_ACC=" \
	cmake `echo /scratch/luisr/mlir-aie/programming_examples/basic/block_datatypes/matrix_multiplication/whole_array/..` -D CMAKE_C_COMPILER=gcc-13 -D CMAKE_CXX_COMPILER=g++-13 -DTARGET_NAME=whole_array -Dhostsrc=/scratch/luisr/mlir-aie/programming_examples/basic/block_datatypes/matrix_multiplication/whole_array/../bfp_test.cpp
CMake Deprecation Warning at CMakeLists.txt:13 (cmake_minimum_required):
  Compatibility with CMake < 3.10 will be removed from a future version of
  CMake.

  Update the VERSION argument <min> value.  Or, use the <min>...<max> syntax
  to tell CMake that the project requires at least <min> but has been updated
  to work with policies introduced by <max> or earlier.


-- The C compiler identification is GNU 13.3.0
-- The CXX compiler identification is GNU 13.3.0
-- Detecting C compiler ABI info
-- Detecting C compiler ABI info - done
-- Check for working C compiler: /usr/bin/gcc-13 - skipped
-- Detecting C compile features
-- Detecting C compile features - done
-- Detecting CXX compiler ABI info
-- Detecting CXX compiler ABI info - done
-- Check for working CXX compiler: /usr/bin/g++-13 - skipped
-- Detecting CXX compile features
-- Detecting CXX compile features - done
-- Configuring done (0.2s)
-- Generating done (0.0s)
-- Build files have been written to: /scratch/luisr/mlir-aie/programming_examples/basic/block_datatypes/matrix_multiplication/whole_array/_build
cd _build &&  cmake --build . --config Release
gmake[1]: Entering directory '/scratch/luisr/mlir-aie/programming_examples/basic/block_datatypes/matrix_multiplication/whole_array/_build'
gmake[2]: Entering directory '/scratch/luisr/mlir-aie/programming_examples/basic/block_datatypes/matrix_multiplication/whole_array/_build'
gmake[3]: Entering directory '/scratch/luisr/mlir-aie/programming_examples/basic/block_datatypes/matrix_multiplication/whole_array/_build'
gmake[3]: Leaving directory '/scratch/luisr/mlir-aie/programming_examples/basic/block_datatypes/matrix_multiplication/whole_array/_build'
gmake[3]: Entering directory '/scratch/luisr/mlir-aie/programming_examples/basic/block_datatypes/matrix_multiplication/whole_array/_build'
[ 33%] Building CXX object CMakeFiles/whole_array.dir/bfp_test.cpp.o
[ 66%] Building CXX object CMakeFiles/whole_array.dir/scratch/luisr/mlir-aie/runtime_lib/test_lib/test_utils.cpp.o
[100%] Linking CXX executable whole_array
gmake[3]: Leaving directory '/scratch/luisr/mlir-aie/programming_examples/basic/block_datatypes/matrix_multiplication/whole_array/_build'
[100%] Built target whole_array
gmake[2]: Leaving directory '/scratch/luisr/mlir-aie/programming_examples/basic/block_datatypes/matrix_multiplication/whole_array/_build'
gmake[1]: Leaving directory '/scratch/luisr/mlir-aie/programming_examples/basic/block_datatypes/matrix_multiplication/whole_array/_build'
cp _build/whole_array whole_array.exe 
mkdir -p build
python3 /scratch/luisr/mlir-aie/programming_examples/basic/block_datatypes/matrix_multiplication/whole_array/whole_array.py --n-aie-cols 8 -m 64 -k 128 -n 64 -M 2560 -K 4096 -N 1024 > build/aie_2560x4096x1024_64x128x64.mlir
mkdir -p build
cd build && xchesscc_wrapper aie2p -I /proj/xbuilds/2024.2_INT_1113_1001/installs/all_platforms/Vitis/2024.2/aietools/include  -DDIM_M=64 -DDIM_K=128 -DDIM_N=64 -DOPT_PERF_ENABLED -c /scratch/luisr/mlir-aie/programming_examples/basic/block_datatypes/matrix_multiplication/whole_array/../mm.cc -o mm_64x128x64.o
WARNING: Default location for XILINX_VIVADO_IP_OVERRIDE not found: /build/xfndry/IP_2024.2_INTEGRATION_VERIFIED/customer/vivado/data/ip
mkdir -p build
cd build && aiecc.py --alloc-scheme= --aie-generate-xclbin --no-compile-host --xclbin-name=final_2560x4096x1024_64x128x64.xclbin \
			 --dynamic-objFifos \
			--aie-generate-npu-insts --npu-insts-name=insts_2560x4096x1024_64x128x64.txt ../build/aie_2560x4096x1024_64x128x64.mlir
[AIE ERROR] _XAie_LoadProgMemSection():231: Overflow of program memory
XAie_LoadElf failed with XAIE_INVALID_ELF
Generating: /scratch/luisr/mlir-aie/programming_examples/basic/block_datatypes/matrix_multiplication/whole_array/build/aie_2560x4096x1024_64x128x64.mlir.prj/aie_cdo_elfs.bin
Traceback (most recent call last):
  File "/scratch/luisr/mlir-aie/install/bin/aiecc.py", line 12, in <module>
    main()
  File "/scratch/luisr/mlir-aie/install/python/aie/compiler/aiecc/main.py", line 1476, in main
    run(module_str)
  File "/scratch/luisr/mlir-aie/install/python/aie/compiler/aiecc/main.py", line 1450, in run
    asyncio.run(runner.run_flow())
  File "/usr/lib/python3.12/asyncio/runners.py", line 194, in run
    return runner.run(main)
           ^^^^^^^^^^^^^^^^
  File "/usr/lib/python3.12/asyncio/runners.py", line 118, in run
    return self._loop.run_until_complete(task)
           ^^^^^^^^^^^^^^^^^^^^^^^^^^^^^^^^^^^
  File "/usr/lib/python3.12/asyncio/base_events.py", line 687, in run_until_complete
    return future.result()
           ^^^^^^^^^^^^^^^
  File "/scratch/luisr/mlir-aie/install/python/aie/compiler/aiecc/main.py", line 1350, in run_flow
    await self.process_cdo(input_physical_str)
  File "/scratch/luisr/mlir-aie/install/python/aie/compiler/aiecc/main.py", line 600, in process_cdo
    aiedialect.generate_cdo(input_physical.operation, self.tmpdirname)
ValueError: Failed to generate cdo because: 
make: *** [/scratch/luisr/mlir-aie/programming_examples/basic/block_datatypes/matrix_multiplication/whole_array/../makefile_common:73: build/final_2560x4096x1024_64x128x64.xclbin] Error 1
rm -rf build _build whole_array.exe
rm -rf _build
mkdir -p _build
cd _build &&  cmake -E env CXXFLAGS="-std=c++23 -ggdb -DDTYPE_IN= -DDTYPE_OUT= -DDTYPE_ACC=" \
	cmake `echo /scratch/luisr/mlir-aie/programming_examples/basic/block_datatypes/matrix_multiplication/whole_array/..` -D CMAKE_C_COMPILER=gcc-13 -D CMAKE_CXX_COMPILER=g++-13 -DTARGET_NAME=whole_array -Dhostsrc=/scratch/luisr/mlir-aie/programming_examples/basic/block_datatypes/matrix_multiplication/whole_array/../bfp_test.cpp
CMake Deprecation Warning at CMakeLists.txt:13 (cmake_minimum_required):
  Compatibility with CMake < 3.10 will be removed from a future version of
  CMake.

  Update the VERSION argument <min> value.  Or, use the <min>...<max> syntax
  to tell CMake that the project requires at least <min> but has been updated
  to work with policies introduced by <max> or earlier.


-- The C compiler identification is GNU 13.3.0
-- The CXX compiler identification is GNU 13.3.0
-- Detecting C compiler ABI info
-- Detecting C compiler ABI info - done
-- Check for working C compiler: /usr/bin/gcc-13 - skipped
-- Detecting C compile features
-- Detecting C compile features - done
-- Detecting CXX compiler ABI info
-- Detecting CXX compiler ABI info - done
-- Check for working CXX compiler: /usr/bin/g++-13 - skipped
-- Detecting CXX compile features
-- Detecting CXX compile features - done
-- Configuring done (0.2s)
-- Generating done (0.0s)
-- Build files have been written to: /scratch/luisr/mlir-aie/programming_examples/basic/block_datatypes/matrix_multiplication/whole_array/_build
cd _build &&  cmake --build . --config Release
gmake[1]: Entering directory '/scratch/luisr/mlir-aie/programming_examples/basic/block_datatypes/matrix_multiplication/whole_array/_build'
gmake[2]: Entering directory '/scratch/luisr/mlir-aie/programming_examples/basic/block_datatypes/matrix_multiplication/whole_array/_build'
gmake[3]: Entering directory '/scratch/luisr/mlir-aie/programming_examples/basic/block_datatypes/matrix_multiplication/whole_array/_build'
gmake[3]: Leaving directory '/scratch/luisr/mlir-aie/programming_examples/basic/block_datatypes/matrix_multiplication/whole_array/_build'
gmake[3]: Entering directory '/scratch/luisr/mlir-aie/programming_examples/basic/block_datatypes/matrix_multiplication/whole_array/_build'
[ 33%] Building CXX object CMakeFiles/whole_array.dir/bfp_test.cpp.o
[ 66%] Building CXX object CMakeFiles/whole_array.dir/scratch/luisr/mlir-aie/runtime_lib/test_lib/test_utils.cpp.o
[100%] Linking CXX executable whole_array
gmake[3]: Leaving directory '/scratch/luisr/mlir-aie/programming_examples/basic/block_datatypes/matrix_multiplication/whole_array/_build'
[100%] Built target whole_array
gmake[2]: Leaving directory '/scratch/luisr/mlir-aie/programming_examples/basic/block_datatypes/matrix_multiplication/whole_array/_build'
gmake[1]: Leaving directory '/scratch/luisr/mlir-aie/programming_examples/basic/block_datatypes/matrix_multiplication/whole_array/_build'
cp _build/whole_array whole_array.exe 
mkdir -p build
python3 /scratch/luisr/mlir-aie/programming_examples/basic/block_datatypes/matrix_multiplication/whole_array/whole_array.py --n-aie-cols 8 -m 64 -k 128 -n 64 -M 2560 -K 4096 -N 2560 > build/aie_2560x4096x2560_64x128x64.mlir
mkdir -p build
cd build && xchesscc_wrapper aie2p -I /proj/xbuilds/2024.2_INT_1113_1001/installs/all_platforms/Vitis/2024.2/aietools/include  -DDIM_M=64 -DDIM_K=128 -DDIM_N=64 -DOPT_PERF_ENABLED -c /scratch/luisr/mlir-aie/programming_examples/basic/block_datatypes/matrix_multiplication/whole_array/../mm.cc -o mm_64x128x64.o
WARNING: Default location for XILINX_VIVADO_IP_OVERRIDE not found: /build/xfndry/IP_2024.2_INTEGRATION_VERIFIED/customer/vivado/data/ip
mkdir -p build
cd build && aiecc.py --alloc-scheme= --aie-generate-xclbin --no-compile-host --xclbin-name=final_2560x4096x2560_64x128x64.xclbin \
			 --dynamic-objFifos \
			--aie-generate-npu-insts --npu-insts-name=insts_2560x4096x2560_64x128x64.txt ../build/aie_2560x4096x2560_64x128x64.mlir
[AIE ERROR] _XAie_LoadProgMemSection():231: Overflow of program memory
XAie_LoadElf failed with XAIE_INVALID_ELF
Generating: /scratch/luisr/mlir-aie/programming_examples/basic/block_datatypes/matrix_multiplication/whole_array/build/aie_2560x4096x2560_64x128x64.mlir.prj/aie_cdo_elfs.bin
Traceback (most recent call last):
  File "/scratch/luisr/mlir-aie/install/bin/aiecc.py", line 12, in <module>
    main()
  File "/scratch/luisr/mlir-aie/install/python/aie/compiler/aiecc/main.py", line 1476, in main
    run(module_str)
  File "/scratch/luisr/mlir-aie/install/python/aie/compiler/aiecc/main.py", line 1450, in run
    asyncio.run(runner.run_flow())
  File "/usr/lib/python3.12/asyncio/runners.py", line 194, in run
    return runner.run(main)
           ^^^^^^^^^^^^^^^^
  File "/usr/lib/python3.12/asyncio/runners.py", line 118, in run
    return self._loop.run_until_complete(task)
           ^^^^^^^^^^^^^^^^^^^^^^^^^^^^^^^^^^^
  File "/usr/lib/python3.12/asyncio/base_events.py", line 687, in run_until_complete
    return future.result()
           ^^^^^^^^^^^^^^^
  File "/scratch/luisr/mlir-aie/install/python/aie/compiler/aiecc/main.py", line 1350, in run_flow
    await self.process_cdo(input_physical_str)
  File "/scratch/luisr/mlir-aie/install/python/aie/compiler/aiecc/main.py", line 600, in process_cdo
    aiedialect.generate_cdo(input_physical.operation, self.tmpdirname)
ValueError: Failed to generate cdo because: 
make: *** [/scratch/luisr/mlir-aie/programming_examples/basic/block_datatypes/matrix_multiplication/whole_array/../makefile_common:73: build/final_2560x4096x2560_64x128x64.xclbin] Error 1
rm -rf build _build whole_array.exe
rm -rf _build
mkdir -p _build
cd _build &&  cmake -E env CXXFLAGS="-std=c++23 -ggdb -DDTYPE_IN= -DDTYPE_OUT= -DDTYPE_ACC=" \
	cmake `echo /scratch/luisr/mlir-aie/programming_examples/basic/block_datatypes/matrix_multiplication/whole_array/..` -D CMAKE_C_COMPILER=gcc-13 -D CMAKE_CXX_COMPILER=g++-13 -DTARGET_NAME=whole_array -Dhostsrc=/scratch/luisr/mlir-aie/programming_examples/basic/block_datatypes/matrix_multiplication/whole_array/../bfp_test.cpp
CMake Deprecation Warning at CMakeLists.txt:13 (cmake_minimum_required):
  Compatibility with CMake < 3.10 will be removed from a future version of
  CMake.

  Update the VERSION argument <min> value.  Or, use the <min>...<max> syntax
  to tell CMake that the project requires at least <min> but has been updated
  to work with policies introduced by <max> or earlier.


-- The C compiler identification is GNU 13.3.0
-- The CXX compiler identification is GNU 13.3.0
-- Detecting C compiler ABI info
-- Detecting C compiler ABI info - done
-- Check for working C compiler: /usr/bin/gcc-13 - skipped
-- Detecting C compile features
-- Detecting C compile features - done
-- Detecting CXX compiler ABI info
-- Detecting CXX compiler ABI info - done
-- Check for working CXX compiler: /usr/bin/g++-13 - skipped
-- Detecting CXX compile features
-- Detecting CXX compile features - done
-- Configuring done (0.3s)
-- Generating done (0.0s)
-- Build files have been written to: /scratch/luisr/mlir-aie/programming_examples/basic/block_datatypes/matrix_multiplication/whole_array/_build
cd _build &&  cmake --build . --config Release
gmake[1]: Entering directory '/scratch/luisr/mlir-aie/programming_examples/basic/block_datatypes/matrix_multiplication/whole_array/_build'
gmake[2]: Entering directory '/scratch/luisr/mlir-aie/programming_examples/basic/block_datatypes/matrix_multiplication/whole_array/_build'
gmake[3]: Entering directory '/scratch/luisr/mlir-aie/programming_examples/basic/block_datatypes/matrix_multiplication/whole_array/_build'
gmake[3]: Leaving directory '/scratch/luisr/mlir-aie/programming_examples/basic/block_datatypes/matrix_multiplication/whole_array/_build'
gmake[3]: Entering directory '/scratch/luisr/mlir-aie/programming_examples/basic/block_datatypes/matrix_multiplication/whole_array/_build'
[ 33%] Building CXX object CMakeFiles/whole_array.dir/bfp_test.cpp.o
[ 66%] Building CXX object CMakeFiles/whole_array.dir/scratch/luisr/mlir-aie/runtime_lib/test_lib/test_utils.cpp.o
[100%] Linking CXX executable whole_array
gmake[3]: Leaving directory '/scratch/luisr/mlir-aie/programming_examples/basic/block_datatypes/matrix_multiplication/whole_array/_build'
[100%] Built target whole_array
gmake[2]: Leaving directory '/scratch/luisr/mlir-aie/programming_examples/basic/block_datatypes/matrix_multiplication/whole_array/_build'
gmake[1]: Leaving directory '/scratch/luisr/mlir-aie/programming_examples/basic/block_datatypes/matrix_multiplication/whole_array/_build'
cp _build/whole_array whole_array.exe 
mkdir -p build
python3 /scratch/luisr/mlir-aie/programming_examples/basic/block_datatypes/matrix_multiplication/whole_array/whole_array.py --n-aie-cols 8 -m 64 -k 128 -n 64 -M 2560 -K 4096 -N 4096 > build/aie_2560x4096x4096_64x128x64.mlir
mkdir -p build
cd build && xchesscc_wrapper aie2p -I /proj/xbuilds/2024.2_INT_1113_1001/installs/all_platforms/Vitis/2024.2/aietools/include  -DDIM_M=64 -DDIM_K=128 -DDIM_N=64 -DOPT_PERF_ENABLED -c /scratch/luisr/mlir-aie/programming_examples/basic/block_datatypes/matrix_multiplication/whole_array/../mm.cc -o mm_64x128x64.o
WARNING: Default location for XILINX_VIVADO_IP_OVERRIDE not found: /build/xfndry/IP_2024.2_INTEGRATION_VERIFIED/customer/vivado/data/ip
mkdir -p build
cd build && aiecc.py --alloc-scheme= --aie-generate-xclbin --no-compile-host --xclbin-name=final_2560x4096x4096_64x128x64.xclbin \
			 --dynamic-objFifos \
			--aie-generate-npu-insts --npu-insts-name=insts_2560x4096x4096_64x128x64.txt ../build/aie_2560x4096x4096_64x128x64.mlir
[AIE ERROR] _XAie_LoadProgMemSection():231: Overflow of program memory
XAie_LoadElf failed with XAIE_INVALID_ELF
Generating: /scratch/luisr/mlir-aie/programming_examples/basic/block_datatypes/matrix_multiplication/whole_array/build/aie_2560x4096x4096_64x128x64.mlir.prj/aie_cdo_elfs.bin
Traceback (most recent call last):
  File "/scratch/luisr/mlir-aie/install/bin/aiecc.py", line 12, in <module>
    main()
  File "/scratch/luisr/mlir-aie/install/python/aie/compiler/aiecc/main.py", line 1476, in main
    run(module_str)
  File "/scratch/luisr/mlir-aie/install/python/aie/compiler/aiecc/main.py", line 1450, in run
    asyncio.run(runner.run_flow())
  File "/usr/lib/python3.12/asyncio/runners.py", line 194, in run
    return runner.run(main)
           ^^^^^^^^^^^^^^^^
  File "/usr/lib/python3.12/asyncio/runners.py", line 118, in run
    return self._loop.run_until_complete(task)
           ^^^^^^^^^^^^^^^^^^^^^^^^^^^^^^^^^^^
  File "/usr/lib/python3.12/asyncio/base_events.py", line 687, in run_until_complete
    return future.result()
           ^^^^^^^^^^^^^^^
  File "/scratch/luisr/mlir-aie/install/python/aie/compiler/aiecc/main.py", line 1350, in run_flow
    await self.process_cdo(input_physical_str)
  File "/scratch/luisr/mlir-aie/install/python/aie/compiler/aiecc/main.py", line 600, in process_cdo
    aiedialect.generate_cdo(input_physical.operation, self.tmpdirname)
ValueError: Failed to generate cdo because: 
make: *** [/scratch/luisr/mlir-aie/programming_examples/basic/block_datatypes/matrix_multiplication/whole_array/../makefile_common:73: build/final_2560x4096x4096_64x128x64.xclbin] Error 1
rm -rf build _build whole_array.exe
rm -rf _build
mkdir -p _build
cd _build &&  cmake -E env CXXFLAGS="-std=c++23 -ggdb -DDTYPE_IN= -DDTYPE_OUT= -DDTYPE_ACC=" \
	cmake `echo /scratch/luisr/mlir-aie/programming_examples/basic/block_datatypes/matrix_multiplication/whole_array/..` -D CMAKE_C_COMPILER=gcc-13 -D CMAKE_CXX_COMPILER=g++-13 -DTARGET_NAME=whole_array -Dhostsrc=/scratch/luisr/mlir-aie/programming_examples/basic/block_datatypes/matrix_multiplication/whole_array/../bfp_test.cpp
CMake Deprecation Warning at CMakeLists.txt:13 (cmake_minimum_required):
  Compatibility with CMake < 3.10 will be removed from a future version of
  CMake.

  Update the VERSION argument <min> value.  Or, use the <min>...<max> syntax
  to tell CMake that the project requires at least <min> but has been updated
  to work with policies introduced by <max> or earlier.


-- The C compiler identification is GNU 13.3.0
-- The CXX compiler identification is GNU 13.3.0
-- Detecting C compiler ABI info
-- Detecting C compiler ABI info - done
-- Check for working C compiler: /usr/bin/gcc-13 - skipped
-- Detecting C compile features
-- Detecting C compile features - done
-- Detecting CXX compiler ABI info
-- Detecting CXX compiler ABI info - done
-- Check for working CXX compiler: /usr/bin/g++-13 - skipped
-- Detecting CXX compile features
-- Detecting CXX compile features - done
-- Configuring done (0.3s)
-- Generating done (0.0s)
-- Build files have been written to: /scratch/luisr/mlir-aie/programming_examples/basic/block_datatypes/matrix_multiplication/whole_array/_build
cd _build &&  cmake --build . --config Release
gmake[1]: Entering directory '/scratch/luisr/mlir-aie/programming_examples/basic/block_datatypes/matrix_multiplication/whole_array/_build'
gmake[2]: Entering directory '/scratch/luisr/mlir-aie/programming_examples/basic/block_datatypes/matrix_multiplication/whole_array/_build'
gmake[3]: Entering directory '/scratch/luisr/mlir-aie/programming_examples/basic/block_datatypes/matrix_multiplication/whole_array/_build'
gmake[3]: Leaving directory '/scratch/luisr/mlir-aie/programming_examples/basic/block_datatypes/matrix_multiplication/whole_array/_build'
gmake[3]: Entering directory '/scratch/luisr/mlir-aie/programming_examples/basic/block_datatypes/matrix_multiplication/whole_array/_build'
[ 33%] Building CXX object CMakeFiles/whole_array.dir/bfp_test.cpp.o
[ 66%] Building CXX object CMakeFiles/whole_array.dir/scratch/luisr/mlir-aie/runtime_lib/test_lib/test_utils.cpp.o
[100%] Linking CXX executable whole_array
gmake[3]: Leaving directory '/scratch/luisr/mlir-aie/programming_examples/basic/block_datatypes/matrix_multiplication/whole_array/_build'
[100%] Built target whole_array
gmake[2]: Leaving directory '/scratch/luisr/mlir-aie/programming_examples/basic/block_datatypes/matrix_multiplication/whole_array/_build'
gmake[1]: Leaving directory '/scratch/luisr/mlir-aie/programming_examples/basic/block_datatypes/matrix_multiplication/whole_array/_build'
cp _build/whole_array whole_array.exe 
mkdir -p build
python3 /scratch/luisr/mlir-aie/programming_examples/basic/block_datatypes/matrix_multiplication/whole_array/whole_array.py --n-aie-cols 8 -m 64 -k 128 -n 64 -M 4096 -K 512 -N 512 > build/aie_4096x512x512_64x128x64.mlir
mkdir -p build
cd build && xchesscc_wrapper aie2p -I /proj/xbuilds/2024.2_INT_1113_1001/installs/all_platforms/Vitis/2024.2/aietools/include  -DDIM_M=64 -DDIM_K=128 -DDIM_N=64 -DOPT_PERF_ENABLED -c /scratch/luisr/mlir-aie/programming_examples/basic/block_datatypes/matrix_multiplication/whole_array/../mm.cc -o mm_64x128x64.o
WARNING: Default location for XILINX_VIVADO_IP_OVERRIDE not found: /build/xfndry/IP_2024.2_INTEGRATION_VERIFIED/customer/vivado/data/ip
mkdir -p build
cd build && aiecc.py --alloc-scheme= --aie-generate-xclbin --no-compile-host --xclbin-name=final_4096x512x512_64x128x64.xclbin \
			 --dynamic-objFifos \
			--aie-generate-npu-insts --npu-insts-name=insts_4096x512x512_64x128x64.txt ../build/aie_4096x512x512_64x128x64.mlir
[AIE ERROR] _XAie_LoadProgMemSection():231: Overflow of program memory
XAie_LoadElf failed with XAIE_INVALID_ELF
Generating: /scratch/luisr/mlir-aie/programming_examples/basic/block_datatypes/matrix_multiplication/whole_array/build/aie_4096x512x512_64x128x64.mlir.prj/aie_cdo_elfs.bin
Traceback (most recent call last):
  File "/scratch/luisr/mlir-aie/install/bin/aiecc.py", line 12, in <module>
    main()
  File "/scratch/luisr/mlir-aie/install/python/aie/compiler/aiecc/main.py", line 1476, in main
    run(module_str)
  File "/scratch/luisr/mlir-aie/install/python/aie/compiler/aiecc/main.py", line 1450, in run
    asyncio.run(runner.run_flow())
  File "/usr/lib/python3.12/asyncio/runners.py", line 194, in run
    return runner.run(main)
           ^^^^^^^^^^^^^^^^
  File "/usr/lib/python3.12/asyncio/runners.py", line 118, in run
    return self._loop.run_until_complete(task)
           ^^^^^^^^^^^^^^^^^^^^^^^^^^^^^^^^^^^
  File "/usr/lib/python3.12/asyncio/base_events.py", line 687, in run_until_complete
    return future.result()
           ^^^^^^^^^^^^^^^
  File "/scratch/luisr/mlir-aie/install/python/aie/compiler/aiecc/main.py", line 1350, in run_flow
    await self.process_cdo(input_physical_str)
  File "/scratch/luisr/mlir-aie/install/python/aie/compiler/aiecc/main.py", line 600, in process_cdo
    aiedialect.generate_cdo(input_physical.operation, self.tmpdirname)
ValueError: Failed to generate cdo because: 
make: *** [/scratch/luisr/mlir-aie/programming_examples/basic/block_datatypes/matrix_multiplication/whole_array/../makefile_common:73: build/final_4096x512x512_64x128x64.xclbin] Error 1
rm -rf build _build whole_array.exe
rm -rf _build
mkdir -p _build
cd _build &&  cmake -E env CXXFLAGS="-std=c++23 -ggdb -DDTYPE_IN= -DDTYPE_OUT= -DDTYPE_ACC=" \
	cmake `echo /scratch/luisr/mlir-aie/programming_examples/basic/block_datatypes/matrix_multiplication/whole_array/..` -D CMAKE_C_COMPILER=gcc-13 -D CMAKE_CXX_COMPILER=g++-13 -DTARGET_NAME=whole_array -Dhostsrc=/scratch/luisr/mlir-aie/programming_examples/basic/block_datatypes/matrix_multiplication/whole_array/../bfp_test.cpp
CMake Deprecation Warning at CMakeLists.txt:13 (cmake_minimum_required):
  Compatibility with CMake < 3.10 will be removed from a future version of
  CMake.

  Update the VERSION argument <min> value.  Or, use the <min>...<max> syntax
  to tell CMake that the project requires at least <min> but has been updated
  to work with policies introduced by <max> or earlier.


-- The C compiler identification is GNU 13.3.0
-- The CXX compiler identification is GNU 13.3.0
-- Detecting C compiler ABI info
-- Detecting C compiler ABI info - done
-- Check for working C compiler: /usr/bin/gcc-13 - skipped
-- Detecting C compile features
-- Detecting C compile features - done
-- Detecting CXX compiler ABI info
-- Detecting CXX compiler ABI info - done
-- Check for working CXX compiler: /usr/bin/g++-13 - skipped
-- Detecting CXX compile features
-- Detecting CXX compile features - done
-- Configuring done (0.3s)
-- Generating done (0.0s)
-- Build files have been written to: /scratch/luisr/mlir-aie/programming_examples/basic/block_datatypes/matrix_multiplication/whole_array/_build
cd _build &&  cmake --build . --config Release
gmake[1]: Entering directory '/scratch/luisr/mlir-aie/programming_examples/basic/block_datatypes/matrix_multiplication/whole_array/_build'
gmake[2]: Entering directory '/scratch/luisr/mlir-aie/programming_examples/basic/block_datatypes/matrix_multiplication/whole_array/_build'
gmake[3]: Entering directory '/scratch/luisr/mlir-aie/programming_examples/basic/block_datatypes/matrix_multiplication/whole_array/_build'
gmake[3]: Leaving directory '/scratch/luisr/mlir-aie/programming_examples/basic/block_datatypes/matrix_multiplication/whole_array/_build'
gmake[3]: Entering directory '/scratch/luisr/mlir-aie/programming_examples/basic/block_datatypes/matrix_multiplication/whole_array/_build'
[ 33%] Building CXX object CMakeFiles/whole_array.dir/bfp_test.cpp.o
[ 66%] Building CXX object CMakeFiles/whole_array.dir/scratch/luisr/mlir-aie/runtime_lib/test_lib/test_utils.cpp.o
[100%] Linking CXX executable whole_array
gmake[3]: Leaving directory '/scratch/luisr/mlir-aie/programming_examples/basic/block_datatypes/matrix_multiplication/whole_array/_build'
[100%] Built target whole_array
gmake[2]: Leaving directory '/scratch/luisr/mlir-aie/programming_examples/basic/block_datatypes/matrix_multiplication/whole_array/_build'
gmake[1]: Leaving directory '/scratch/luisr/mlir-aie/programming_examples/basic/block_datatypes/matrix_multiplication/whole_array/_build'
cp _build/whole_array whole_array.exe 
mkdir -p build
python3 /scratch/luisr/mlir-aie/programming_examples/basic/block_datatypes/matrix_multiplication/whole_array/whole_array.py --n-aie-cols 8 -m 64 -k 128 -n 64 -M 4096 -K 512 -N 1024 > build/aie_4096x512x1024_64x128x64.mlir
mkdir -p build
cd build && xchesscc_wrapper aie2p -I /proj/xbuilds/2024.2_INT_1113_1001/installs/all_platforms/Vitis/2024.2/aietools/include  -DDIM_M=64 -DDIM_K=128 -DDIM_N=64 -DOPT_PERF_ENABLED -c /scratch/luisr/mlir-aie/programming_examples/basic/block_datatypes/matrix_multiplication/whole_array/../mm.cc -o mm_64x128x64.o
WARNING: Default location for XILINX_VIVADO_IP_OVERRIDE not found: /build/xfndry/IP_2024.2_INTEGRATION_VERIFIED/customer/vivado/data/ip
mkdir -p build
cd build && aiecc.py --alloc-scheme= --aie-generate-xclbin --no-compile-host --xclbin-name=final_4096x512x1024_64x128x64.xclbin \
			 --dynamic-objFifos \
			--aie-generate-npu-insts --npu-insts-name=insts_4096x512x1024_64x128x64.txt ../build/aie_4096x512x1024_64x128x64.mlir
[AIE ERROR] _XAie_LoadProgMemSection():231: Overflow of program memory
XAie_LoadElf failed with XAIE_INVALID_ELF
Generating: /scratch/luisr/mlir-aie/programming_examples/basic/block_datatypes/matrix_multiplication/whole_array/build/aie_4096x512x1024_64x128x64.mlir.prj/aie_cdo_elfs.bin
Traceback (most recent call last):
  File "/scratch/luisr/mlir-aie/install/bin/aiecc.py", line 12, in <module>
    main()
  File "/scratch/luisr/mlir-aie/install/python/aie/compiler/aiecc/main.py", line 1476, in main
    run(module_str)
  File "/scratch/luisr/mlir-aie/install/python/aie/compiler/aiecc/main.py", line 1450, in run
    asyncio.run(runner.run_flow())
  File "/usr/lib/python3.12/asyncio/runners.py", line 194, in run
    return runner.run(main)
           ^^^^^^^^^^^^^^^^
  File "/usr/lib/python3.12/asyncio/runners.py", line 118, in run
    return self._loop.run_until_complete(task)
           ^^^^^^^^^^^^^^^^^^^^^^^^^^^^^^^^^^^
  File "/usr/lib/python3.12/asyncio/base_events.py", line 687, in run_until_complete
    return future.result()
           ^^^^^^^^^^^^^^^
  File "/scratch/luisr/mlir-aie/install/python/aie/compiler/aiecc/main.py", line 1350, in run_flow
    await self.process_cdo(input_physical_str)
  File "/scratch/luisr/mlir-aie/install/python/aie/compiler/aiecc/main.py", line 600, in process_cdo
    aiedialect.generate_cdo(input_physical.operation, self.tmpdirname)
ValueError: Failed to generate cdo because: 
make: *** [/scratch/luisr/mlir-aie/programming_examples/basic/block_datatypes/matrix_multiplication/whole_array/../makefile_common:73: build/final_4096x512x1024_64x128x64.xclbin] Error 1
rm -rf build _build whole_array.exe
rm -rf _build
mkdir -p _build
cd _build &&  cmake -E env CXXFLAGS="-std=c++23 -ggdb -DDTYPE_IN= -DDTYPE_OUT= -DDTYPE_ACC=" \
	cmake `echo /scratch/luisr/mlir-aie/programming_examples/basic/block_datatypes/matrix_multiplication/whole_array/..` -D CMAKE_C_COMPILER=gcc-13 -D CMAKE_CXX_COMPILER=g++-13 -DTARGET_NAME=whole_array -Dhostsrc=/scratch/luisr/mlir-aie/programming_examples/basic/block_datatypes/matrix_multiplication/whole_array/../bfp_test.cpp
CMake Deprecation Warning at CMakeLists.txt:13 (cmake_minimum_required):
  Compatibility with CMake < 3.10 will be removed from a future version of
  CMake.

  Update the VERSION argument <min> value.  Or, use the <min>...<max> syntax
  to tell CMake that the project requires at least <min> but has been updated
  to work with policies introduced by <max> or earlier.


-- The C compiler identification is GNU 13.3.0
-- The CXX compiler identification is GNU 13.3.0
-- Detecting C compiler ABI info
-- Detecting C compiler ABI info - done
-- Check for working C compiler: /usr/bin/gcc-13 - skipped
-- Detecting C compile features
-- Detecting C compile features - done
-- Detecting CXX compiler ABI info
-- Detecting CXX compiler ABI info - done
-- Check for working CXX compiler: /usr/bin/g++-13 - skipped
-- Detecting CXX compile features
-- Detecting CXX compile features - done
-- Configuring done (0.3s)
-- Generating done (0.0s)
-- Build files have been written to: /scratch/luisr/mlir-aie/programming_examples/basic/block_datatypes/matrix_multiplication/whole_array/_build
cd _build &&  cmake --build . --config Release
gmake[1]: Entering directory '/scratch/luisr/mlir-aie/programming_examples/basic/block_datatypes/matrix_multiplication/whole_array/_build'
gmake[2]: Entering directory '/scratch/luisr/mlir-aie/programming_examples/basic/block_datatypes/matrix_multiplication/whole_array/_build'
gmake[3]: Entering directory '/scratch/luisr/mlir-aie/programming_examples/basic/block_datatypes/matrix_multiplication/whole_array/_build'
gmake[3]: Leaving directory '/scratch/luisr/mlir-aie/programming_examples/basic/block_datatypes/matrix_multiplication/whole_array/_build'
gmake[3]: Entering directory '/scratch/luisr/mlir-aie/programming_examples/basic/block_datatypes/matrix_multiplication/whole_array/_build'
[ 33%] Building CXX object CMakeFiles/whole_array.dir/bfp_test.cpp.o
[ 66%] Building CXX object CMakeFiles/whole_array.dir/scratch/luisr/mlir-aie/runtime_lib/test_lib/test_utils.cpp.o
[100%] Linking CXX executable whole_array
gmake[3]: Leaving directory '/scratch/luisr/mlir-aie/programming_examples/basic/block_datatypes/matrix_multiplication/whole_array/_build'
[100%] Built target whole_array
gmake[2]: Leaving directory '/scratch/luisr/mlir-aie/programming_examples/basic/block_datatypes/matrix_multiplication/whole_array/_build'
gmake[1]: Leaving directory '/scratch/luisr/mlir-aie/programming_examples/basic/block_datatypes/matrix_multiplication/whole_array/_build'
cp _build/whole_array whole_array.exe 
mkdir -p build
python3 /scratch/luisr/mlir-aie/programming_examples/basic/block_datatypes/matrix_multiplication/whole_array/whole_array.py --n-aie-cols 8 -m 64 -k 128 -n 64 -M 4096 -K 512 -N 2560 > build/aie_4096x512x2560_64x128x64.mlir
mkdir -p build
cd build && xchesscc_wrapper aie2p -I /proj/xbuilds/2024.2_INT_1113_1001/installs/all_platforms/Vitis/2024.2/aietools/include  -DDIM_M=64 -DDIM_K=128 -DDIM_N=64 -DOPT_PERF_ENABLED -c /scratch/luisr/mlir-aie/programming_examples/basic/block_datatypes/matrix_multiplication/whole_array/../mm.cc -o mm_64x128x64.o
WARNING: Default location for XILINX_VIVADO_IP_OVERRIDE not found: /build/xfndry/IP_2024.2_INTEGRATION_VERIFIED/customer/vivado/data/ip
mkdir -p build
cd build && aiecc.py --alloc-scheme= --aie-generate-xclbin --no-compile-host --xclbin-name=final_4096x512x2560_64x128x64.xclbin \
			 --dynamic-objFifos \
			--aie-generate-npu-insts --npu-insts-name=insts_4096x512x2560_64x128x64.txt ../build/aie_4096x512x2560_64x128x64.mlir
[AIE ERROR] _XAie_LoadProgMemSection():231: Overflow of program memory
XAie_LoadElf failed with XAIE_INVALID_ELF
Generating: /scratch/luisr/mlir-aie/programming_examples/basic/block_datatypes/matrix_multiplication/whole_array/build/aie_4096x512x2560_64x128x64.mlir.prj/aie_cdo_elfs.bin
Traceback (most recent call last):
  File "/scratch/luisr/mlir-aie/install/bin/aiecc.py", line 12, in <module>
    main()
  File "/scratch/luisr/mlir-aie/install/python/aie/compiler/aiecc/main.py", line 1476, in main
    run(module_str)
  File "/scratch/luisr/mlir-aie/install/python/aie/compiler/aiecc/main.py", line 1450, in run
    asyncio.run(runner.run_flow())
  File "/usr/lib/python3.12/asyncio/runners.py", line 194, in run
    return runner.run(main)
           ^^^^^^^^^^^^^^^^
  File "/usr/lib/python3.12/asyncio/runners.py", line 118, in run
    return self._loop.run_until_complete(task)
           ^^^^^^^^^^^^^^^^^^^^^^^^^^^^^^^^^^^
  File "/usr/lib/python3.12/asyncio/base_events.py", line 687, in run_until_complete
    return future.result()
           ^^^^^^^^^^^^^^^
  File "/scratch/luisr/mlir-aie/install/python/aie/compiler/aiecc/main.py", line 1350, in run_flow
    await self.process_cdo(input_physical_str)
  File "/scratch/luisr/mlir-aie/install/python/aie/compiler/aiecc/main.py", line 600, in process_cdo
    aiedialect.generate_cdo(input_physical.operation, self.tmpdirname)
ValueError: Failed to generate cdo because: 
make: *** [/scratch/luisr/mlir-aie/programming_examples/basic/block_datatypes/matrix_multiplication/whole_array/../makefile_common:73: build/final_4096x512x2560_64x128x64.xclbin] Error 1
rm -rf build _build whole_array.exe
rm -rf _build
mkdir -p _build
cd _build &&  cmake -E env CXXFLAGS="-std=c++23 -ggdb -DDTYPE_IN= -DDTYPE_OUT= -DDTYPE_ACC=" \
	cmake `echo /scratch/luisr/mlir-aie/programming_examples/basic/block_datatypes/matrix_multiplication/whole_array/..` -D CMAKE_C_COMPILER=gcc-13 -D CMAKE_CXX_COMPILER=g++-13 -DTARGET_NAME=whole_array -Dhostsrc=/scratch/luisr/mlir-aie/programming_examples/basic/block_datatypes/matrix_multiplication/whole_array/../bfp_test.cpp
CMake Deprecation Warning at CMakeLists.txt:13 (cmake_minimum_required):
  Compatibility with CMake < 3.10 will be removed from a future version of
  CMake.

  Update the VERSION argument <min> value.  Or, use the <min>...<max> syntax
  to tell CMake that the project requires at least <min> but has been updated
  to work with policies introduced by <max> or earlier.


-- The C compiler identification is GNU 13.3.0
-- The CXX compiler identification is GNU 13.3.0
-- Detecting C compiler ABI info
-- Detecting C compiler ABI info - done
-- Check for working C compiler: /usr/bin/gcc-13 - skipped
-- Detecting C compile features
-- Detecting C compile features - done
-- Detecting CXX compiler ABI info
-- Detecting CXX compiler ABI info - done
-- Check for working CXX compiler: /usr/bin/g++-13 - skipped
-- Detecting CXX compile features
-- Detecting CXX compile features - done
-- Configuring done (0.3s)
-- Generating done (0.0s)
-- Build files have been written to: /scratch/luisr/mlir-aie/programming_examples/basic/block_datatypes/matrix_multiplication/whole_array/_build
cd _build &&  cmake --build . --config Release
gmake[1]: Entering directory '/scratch/luisr/mlir-aie/programming_examples/basic/block_datatypes/matrix_multiplication/whole_array/_build'
gmake[2]: Entering directory '/scratch/luisr/mlir-aie/programming_examples/basic/block_datatypes/matrix_multiplication/whole_array/_build'
gmake[3]: Entering directory '/scratch/luisr/mlir-aie/programming_examples/basic/block_datatypes/matrix_multiplication/whole_array/_build'
gmake[3]: Leaving directory '/scratch/luisr/mlir-aie/programming_examples/basic/block_datatypes/matrix_multiplication/whole_array/_build'
gmake[3]: Entering directory '/scratch/luisr/mlir-aie/programming_examples/basic/block_datatypes/matrix_multiplication/whole_array/_build'
[ 33%] Building CXX object CMakeFiles/whole_array.dir/bfp_test.cpp.o
[ 66%] Building CXX object CMakeFiles/whole_array.dir/scratch/luisr/mlir-aie/runtime_lib/test_lib/test_utils.cpp.o
[100%] Linking CXX executable whole_array
gmake[3]: Leaving directory '/scratch/luisr/mlir-aie/programming_examples/basic/block_datatypes/matrix_multiplication/whole_array/_build'
[100%] Built target whole_array
gmake[2]: Leaving directory '/scratch/luisr/mlir-aie/programming_examples/basic/block_datatypes/matrix_multiplication/whole_array/_build'
gmake[1]: Leaving directory '/scratch/luisr/mlir-aie/programming_examples/basic/block_datatypes/matrix_multiplication/whole_array/_build'
cp _build/whole_array whole_array.exe 
mkdir -p build
python3 /scratch/luisr/mlir-aie/programming_examples/basic/block_datatypes/matrix_multiplication/whole_array/whole_array.py --n-aie-cols 8 -m 64 -k 128 -n 64 -M 4096 -K 512 -N 4096 > build/aie_4096x512x4096_64x128x64.mlir
mkdir -p build
cd build && xchesscc_wrapper aie2p -I /proj/xbuilds/2024.2_INT_1113_1001/installs/all_platforms/Vitis/2024.2/aietools/include  -DDIM_M=64 -DDIM_K=128 -DDIM_N=64 -DOPT_PERF_ENABLED -c /scratch/luisr/mlir-aie/programming_examples/basic/block_datatypes/matrix_multiplication/whole_array/../mm.cc -o mm_64x128x64.o
WARNING: Default location for XILINX_VIVADO_IP_OVERRIDE not found: /build/xfndry/IP_2024.2_INTEGRATION_VERIFIED/customer/vivado/data/ip
mkdir -p build
cd build && aiecc.py --alloc-scheme= --aie-generate-xclbin --no-compile-host --xclbin-name=final_4096x512x4096_64x128x64.xclbin \
			 --dynamic-objFifos \
			--aie-generate-npu-insts --npu-insts-name=insts_4096x512x4096_64x128x64.txt ../build/aie_4096x512x4096_64x128x64.mlir
[AIE ERROR] _XAie_LoadProgMemSection():231: Overflow of program memory
XAie_LoadElf failed with XAIE_INVALID_ELF
Generating: /scratch/luisr/mlir-aie/programming_examples/basic/block_datatypes/matrix_multiplication/whole_array/build/aie_4096x512x4096_64x128x64.mlir.prj/aie_cdo_elfs.bin
Traceback (most recent call last):
  File "/scratch/luisr/mlir-aie/install/bin/aiecc.py", line 12, in <module>
    main()
  File "/scratch/luisr/mlir-aie/install/python/aie/compiler/aiecc/main.py", line 1476, in main
    run(module_str)
  File "/scratch/luisr/mlir-aie/install/python/aie/compiler/aiecc/main.py", line 1450, in run
    asyncio.run(runner.run_flow())
  File "/usr/lib/python3.12/asyncio/runners.py", line 194, in run
    return runner.run(main)
           ^^^^^^^^^^^^^^^^
  File "/usr/lib/python3.12/asyncio/runners.py", line 118, in run
    return self._loop.run_until_complete(task)
           ^^^^^^^^^^^^^^^^^^^^^^^^^^^^^^^^^^^
  File "/usr/lib/python3.12/asyncio/base_events.py", line 687, in run_until_complete
    return future.result()
           ^^^^^^^^^^^^^^^
  File "/scratch/luisr/mlir-aie/install/python/aie/compiler/aiecc/main.py", line 1350, in run_flow
    await self.process_cdo(input_physical_str)
  File "/scratch/luisr/mlir-aie/install/python/aie/compiler/aiecc/main.py", line 600, in process_cdo
    aiedialect.generate_cdo(input_physical.operation, self.tmpdirname)
ValueError: Failed to generate cdo because: 
make: *** [/scratch/luisr/mlir-aie/programming_examples/basic/block_datatypes/matrix_multiplication/whole_array/../makefile_common:73: build/final_4096x512x4096_64x128x64.xclbin] Error 1
rm -rf build _build whole_array.exe
rm -rf _build
mkdir -p _build
cd _build &&  cmake -E env CXXFLAGS="-std=c++23 -ggdb -DDTYPE_IN= -DDTYPE_OUT= -DDTYPE_ACC=" \
	cmake `echo /scratch/luisr/mlir-aie/programming_examples/basic/block_datatypes/matrix_multiplication/whole_array/..` -D CMAKE_C_COMPILER=gcc-13 -D CMAKE_CXX_COMPILER=g++-13 -DTARGET_NAME=whole_array -Dhostsrc=/scratch/luisr/mlir-aie/programming_examples/basic/block_datatypes/matrix_multiplication/whole_array/../bfp_test.cpp
CMake Deprecation Warning at CMakeLists.txt:13 (cmake_minimum_required):
  Compatibility with CMake < 3.10 will be removed from a future version of
  CMake.

  Update the VERSION argument <min> value.  Or, use the <min>...<max> syntax
  to tell CMake that the project requires at least <min> but has been updated
  to work with policies introduced by <max> or earlier.


-- The C compiler identification is GNU 13.3.0
-- The CXX compiler identification is GNU 13.3.0
-- Detecting C compiler ABI info
-- Detecting C compiler ABI info - done
-- Check for working C compiler: /usr/bin/gcc-13 - skipped
-- Detecting C compile features
-- Detecting C compile features - done
-- Detecting CXX compiler ABI info
-- Detecting CXX compiler ABI info - done
-- Check for working CXX compiler: /usr/bin/g++-13 - skipped
-- Detecting CXX compile features
-- Detecting CXX compile features - done
-- Configuring done (0.3s)
-- Generating done (0.0s)
-- Build files have been written to: /scratch/luisr/mlir-aie/programming_examples/basic/block_datatypes/matrix_multiplication/whole_array/_build
cd _build &&  cmake --build . --config Release
gmake[1]: Entering directory '/scratch/luisr/mlir-aie/programming_examples/basic/block_datatypes/matrix_multiplication/whole_array/_build'
gmake[2]: Entering directory '/scratch/luisr/mlir-aie/programming_examples/basic/block_datatypes/matrix_multiplication/whole_array/_build'
gmake[3]: Entering directory '/scratch/luisr/mlir-aie/programming_examples/basic/block_datatypes/matrix_multiplication/whole_array/_build'
gmake[3]: Leaving directory '/scratch/luisr/mlir-aie/programming_examples/basic/block_datatypes/matrix_multiplication/whole_array/_build'
gmake[3]: Entering directory '/scratch/luisr/mlir-aie/programming_examples/basic/block_datatypes/matrix_multiplication/whole_array/_build'
[ 33%] Building CXX object CMakeFiles/whole_array.dir/bfp_test.cpp.o
[ 66%] Building CXX object CMakeFiles/whole_array.dir/scratch/luisr/mlir-aie/runtime_lib/test_lib/test_utils.cpp.o
[100%] Linking CXX executable whole_array
gmake[3]: Leaving directory '/scratch/luisr/mlir-aie/programming_examples/basic/block_datatypes/matrix_multiplication/whole_array/_build'
[100%] Built target whole_array
gmake[2]: Leaving directory '/scratch/luisr/mlir-aie/programming_examples/basic/block_datatypes/matrix_multiplication/whole_array/_build'
gmake[1]: Leaving directory '/scratch/luisr/mlir-aie/programming_examples/basic/block_datatypes/matrix_multiplication/whole_array/_build'
cp _build/whole_array whole_array.exe 
mkdir -p build
python3 /scratch/luisr/mlir-aie/programming_examples/basic/block_datatypes/matrix_multiplication/whole_array/whole_array.py --n-aie-cols 8 -m 64 -k 128 -n 64 -M 4096 -K 1024 -N 512 > build/aie_4096x1024x512_64x128x64.mlir
mkdir -p build
cd build && xchesscc_wrapper aie2p -I /proj/xbuilds/2024.2_INT_1113_1001/installs/all_platforms/Vitis/2024.2/aietools/include  -DDIM_M=64 -DDIM_K=128 -DDIM_N=64 -DOPT_PERF_ENABLED -c /scratch/luisr/mlir-aie/programming_examples/basic/block_datatypes/matrix_multiplication/whole_array/../mm.cc -o mm_64x128x64.o
WARNING: Default location for XILINX_VIVADO_IP_OVERRIDE not found: /build/xfndry/IP_2024.2_INTEGRATION_VERIFIED/customer/vivado/data/ip
mkdir -p build
cd build && aiecc.py --alloc-scheme= --aie-generate-xclbin --no-compile-host --xclbin-name=final_4096x1024x512_64x128x64.xclbin \
			 --dynamic-objFifos \
			--aie-generate-npu-insts --npu-insts-name=insts_4096x1024x512_64x128x64.txt ../build/aie_4096x1024x512_64x128x64.mlir
[AIE ERROR] _XAie_LoadProgMemSection():231: Overflow of program memory
XAie_LoadElf failed with XAIE_INVALID_ELF
Generating: /scratch/luisr/mlir-aie/programming_examples/basic/block_datatypes/matrix_multiplication/whole_array/build/aie_4096x1024x512_64x128x64.mlir.prj/aie_cdo_elfs.bin
Traceback (most recent call last):
  File "/scratch/luisr/mlir-aie/install/bin/aiecc.py", line 12, in <module>
    main()
  File "/scratch/luisr/mlir-aie/install/python/aie/compiler/aiecc/main.py", line 1476, in main
    run(module_str)
  File "/scratch/luisr/mlir-aie/install/python/aie/compiler/aiecc/main.py", line 1450, in run
    asyncio.run(runner.run_flow())
  File "/usr/lib/python3.12/asyncio/runners.py", line 194, in run
    return runner.run(main)
           ^^^^^^^^^^^^^^^^
  File "/usr/lib/python3.12/asyncio/runners.py", line 118, in run
    return self._loop.run_until_complete(task)
           ^^^^^^^^^^^^^^^^^^^^^^^^^^^^^^^^^^^
  File "/usr/lib/python3.12/asyncio/base_events.py", line 687, in run_until_complete
    return future.result()
           ^^^^^^^^^^^^^^^
  File "/scratch/luisr/mlir-aie/install/python/aie/compiler/aiecc/main.py", line 1350, in run_flow
    await self.process_cdo(input_physical_str)
  File "/scratch/luisr/mlir-aie/install/python/aie/compiler/aiecc/main.py", line 600, in process_cdo
    aiedialect.generate_cdo(input_physical.operation, self.tmpdirname)
ValueError: Failed to generate cdo because: 
make: *** [/scratch/luisr/mlir-aie/programming_examples/basic/block_datatypes/matrix_multiplication/whole_array/../makefile_common:73: build/final_4096x1024x512_64x128x64.xclbin] Error 1
rm -rf build _build whole_array.exe
rm -rf _build
mkdir -p _build
cd _build &&  cmake -E env CXXFLAGS="-std=c++23 -ggdb -DDTYPE_IN= -DDTYPE_OUT= -DDTYPE_ACC=" \
	cmake `echo /scratch/luisr/mlir-aie/programming_examples/basic/block_datatypes/matrix_multiplication/whole_array/..` -D CMAKE_C_COMPILER=gcc-13 -D CMAKE_CXX_COMPILER=g++-13 -DTARGET_NAME=whole_array -Dhostsrc=/scratch/luisr/mlir-aie/programming_examples/basic/block_datatypes/matrix_multiplication/whole_array/../bfp_test.cpp
CMake Deprecation Warning at CMakeLists.txt:13 (cmake_minimum_required):
  Compatibility with CMake < 3.10 will be removed from a future version of
  CMake.

  Update the VERSION argument <min> value.  Or, use the <min>...<max> syntax
  to tell CMake that the project requires at least <min> but has been updated
  to work with policies introduced by <max> or earlier.


-- The C compiler identification is GNU 13.3.0
-- The CXX compiler identification is GNU 13.3.0
-- Detecting C compiler ABI info
-- Detecting C compiler ABI info - done
-- Check for working C compiler: /usr/bin/gcc-13 - skipped
-- Detecting C compile features
-- Detecting C compile features - done
-- Detecting CXX compiler ABI info
-- Detecting CXX compiler ABI info - done
-- Check for working CXX compiler: /usr/bin/g++-13 - skipped
-- Detecting CXX compile features
-- Detecting CXX compile features - done
-- Configuring done (0.3s)
-- Generating done (0.0s)
-- Build files have been written to: /scratch/luisr/mlir-aie/programming_examples/basic/block_datatypes/matrix_multiplication/whole_array/_build
cd _build &&  cmake --build . --config Release
gmake[1]: Entering directory '/scratch/luisr/mlir-aie/programming_examples/basic/block_datatypes/matrix_multiplication/whole_array/_build'
gmake[2]: Entering directory '/scratch/luisr/mlir-aie/programming_examples/basic/block_datatypes/matrix_multiplication/whole_array/_build'
gmake[3]: Entering directory '/scratch/luisr/mlir-aie/programming_examples/basic/block_datatypes/matrix_multiplication/whole_array/_build'
gmake[3]: Leaving directory '/scratch/luisr/mlir-aie/programming_examples/basic/block_datatypes/matrix_multiplication/whole_array/_build'
gmake[3]: Entering directory '/scratch/luisr/mlir-aie/programming_examples/basic/block_datatypes/matrix_multiplication/whole_array/_build'
[ 33%] Building CXX object CMakeFiles/whole_array.dir/bfp_test.cpp.o
[ 66%] Building CXX object CMakeFiles/whole_array.dir/scratch/luisr/mlir-aie/runtime_lib/test_lib/test_utils.cpp.o
[100%] Linking CXX executable whole_array
gmake[3]: Leaving directory '/scratch/luisr/mlir-aie/programming_examples/basic/block_datatypes/matrix_multiplication/whole_array/_build'
[100%] Built target whole_array
gmake[2]: Leaving directory '/scratch/luisr/mlir-aie/programming_examples/basic/block_datatypes/matrix_multiplication/whole_array/_build'
gmake[1]: Leaving directory '/scratch/luisr/mlir-aie/programming_examples/basic/block_datatypes/matrix_multiplication/whole_array/_build'
cp _build/whole_array whole_array.exe 
mkdir -p build
python3 /scratch/luisr/mlir-aie/programming_examples/basic/block_datatypes/matrix_multiplication/whole_array/whole_array.py --n-aie-cols 8 -m 64 -k 128 -n 64 -M 4096 -K 1024 -N 1024 > build/aie_4096x1024x1024_64x128x64.mlir
mkdir -p build
cd build && xchesscc_wrapper aie2p -I /proj/xbuilds/2024.2_INT_1113_1001/installs/all_platforms/Vitis/2024.2/aietools/include  -DDIM_M=64 -DDIM_K=128 -DDIM_N=64 -DOPT_PERF_ENABLED -c /scratch/luisr/mlir-aie/programming_examples/basic/block_datatypes/matrix_multiplication/whole_array/../mm.cc -o mm_64x128x64.o
WARNING: Default location for XILINX_VIVADO_IP_OVERRIDE not found: /build/xfndry/IP_2024.2_INTEGRATION_VERIFIED/customer/vivado/data/ip
mkdir -p build
cd build && aiecc.py --alloc-scheme= --aie-generate-xclbin --no-compile-host --xclbin-name=final_4096x1024x1024_64x128x64.xclbin \
			 --dynamic-objFifos \
			--aie-generate-npu-insts --npu-insts-name=insts_4096x1024x1024_64x128x64.txt ../build/aie_4096x1024x1024_64x128x64.mlir
[AIE ERROR] _XAie_LoadProgMemSection():231: Overflow of program memory
XAie_LoadElf failed with XAIE_INVALID_ELF
Generating: /scratch/luisr/mlir-aie/programming_examples/basic/block_datatypes/matrix_multiplication/whole_array/build/aie_4096x1024x1024_64x128x64.mlir.prj/aie_cdo_elfs.bin
Traceback (most recent call last):
  File "/scratch/luisr/mlir-aie/install/bin/aiecc.py", line 12, in <module>
    main()
  File "/scratch/luisr/mlir-aie/install/python/aie/compiler/aiecc/main.py", line 1476, in main
    run(module_str)
  File "/scratch/luisr/mlir-aie/install/python/aie/compiler/aiecc/main.py", line 1450, in run
    asyncio.run(runner.run_flow())
  File "/usr/lib/python3.12/asyncio/runners.py", line 194, in run
    return runner.run(main)
           ^^^^^^^^^^^^^^^^
  File "/usr/lib/python3.12/asyncio/runners.py", line 118, in run
    return self._loop.run_until_complete(task)
           ^^^^^^^^^^^^^^^^^^^^^^^^^^^^^^^^^^^
  File "/usr/lib/python3.12/asyncio/base_events.py", line 687, in run_until_complete
    return future.result()
           ^^^^^^^^^^^^^^^
  File "/scratch/luisr/mlir-aie/install/python/aie/compiler/aiecc/main.py", line 1350, in run_flow
    await self.process_cdo(input_physical_str)
  File "/scratch/luisr/mlir-aie/install/python/aie/compiler/aiecc/main.py", line 600, in process_cdo
    aiedialect.generate_cdo(input_physical.operation, self.tmpdirname)
ValueError: Failed to generate cdo because: 
make: *** [/scratch/luisr/mlir-aie/programming_examples/basic/block_datatypes/matrix_multiplication/whole_array/../makefile_common:73: build/final_4096x1024x1024_64x128x64.xclbin] Error 1
rm -rf build _build whole_array.exe
rm -rf _build
mkdir -p _build
cd _build &&  cmake -E env CXXFLAGS="-std=c++23 -ggdb -DDTYPE_IN= -DDTYPE_OUT= -DDTYPE_ACC=" \
	cmake `echo /scratch/luisr/mlir-aie/programming_examples/basic/block_datatypes/matrix_multiplication/whole_array/..` -D CMAKE_C_COMPILER=gcc-13 -D CMAKE_CXX_COMPILER=g++-13 -DTARGET_NAME=whole_array -Dhostsrc=/scratch/luisr/mlir-aie/programming_examples/basic/block_datatypes/matrix_multiplication/whole_array/../bfp_test.cpp
CMake Deprecation Warning at CMakeLists.txt:13 (cmake_minimum_required):
  Compatibility with CMake < 3.10 will be removed from a future version of
  CMake.

  Update the VERSION argument <min> value.  Or, use the <min>...<max> syntax
  to tell CMake that the project requires at least <min> but has been updated
  to work with policies introduced by <max> or earlier.


-- The C compiler identification is GNU 13.3.0
-- The CXX compiler identification is GNU 13.3.0
-- Detecting C compiler ABI info
-- Detecting C compiler ABI info - done
-- Check for working C compiler: /usr/bin/gcc-13 - skipped
-- Detecting C compile features
-- Detecting C compile features - done
-- Detecting CXX compiler ABI info
-- Detecting CXX compiler ABI info - done
-- Check for working CXX compiler: /usr/bin/g++-13 - skipped
-- Detecting CXX compile features
-- Detecting CXX compile features - done
-- Configuring done (0.3s)
-- Generating done (0.0s)
-- Build files have been written to: /scratch/luisr/mlir-aie/programming_examples/basic/block_datatypes/matrix_multiplication/whole_array/_build
cd _build &&  cmake --build . --config Release
gmake[1]: Entering directory '/scratch/luisr/mlir-aie/programming_examples/basic/block_datatypes/matrix_multiplication/whole_array/_build'
gmake[2]: Entering directory '/scratch/luisr/mlir-aie/programming_examples/basic/block_datatypes/matrix_multiplication/whole_array/_build'
gmake[3]: Entering directory '/scratch/luisr/mlir-aie/programming_examples/basic/block_datatypes/matrix_multiplication/whole_array/_build'
gmake[3]: Leaving directory '/scratch/luisr/mlir-aie/programming_examples/basic/block_datatypes/matrix_multiplication/whole_array/_build'
gmake[3]: Entering directory '/scratch/luisr/mlir-aie/programming_examples/basic/block_datatypes/matrix_multiplication/whole_array/_build'
[ 33%] Building CXX object CMakeFiles/whole_array.dir/bfp_test.cpp.o
[ 66%] Building CXX object CMakeFiles/whole_array.dir/scratch/luisr/mlir-aie/runtime_lib/test_lib/test_utils.cpp.o
[100%] Linking CXX executable whole_array
gmake[3]: Leaving directory '/scratch/luisr/mlir-aie/programming_examples/basic/block_datatypes/matrix_multiplication/whole_array/_build'
[100%] Built target whole_array
gmake[2]: Leaving directory '/scratch/luisr/mlir-aie/programming_examples/basic/block_datatypes/matrix_multiplication/whole_array/_build'
gmake[1]: Leaving directory '/scratch/luisr/mlir-aie/programming_examples/basic/block_datatypes/matrix_multiplication/whole_array/_build'
cp _build/whole_array whole_array.exe 
mkdir -p build
python3 /scratch/luisr/mlir-aie/programming_examples/basic/block_datatypes/matrix_multiplication/whole_array/whole_array.py --n-aie-cols 8 -m 64 -k 128 -n 64 -M 4096 -K 1024 -N 2560 > build/aie_4096x1024x2560_64x128x64.mlir
mkdir -p build
cd build && xchesscc_wrapper aie2p -I /proj/xbuilds/2024.2_INT_1113_1001/installs/all_platforms/Vitis/2024.2/aietools/include  -DDIM_M=64 -DDIM_K=128 -DDIM_N=64 -DOPT_PERF_ENABLED -c /scratch/luisr/mlir-aie/programming_examples/basic/block_datatypes/matrix_multiplication/whole_array/../mm.cc -o mm_64x128x64.o
WARNING: Default location for XILINX_VIVADO_IP_OVERRIDE not found: /build/xfndry/IP_2024.2_INTEGRATION_VERIFIED/customer/vivado/data/ip
mkdir -p build
cd build && aiecc.py --alloc-scheme= --aie-generate-xclbin --no-compile-host --xclbin-name=final_4096x1024x2560_64x128x64.xclbin \
			 --dynamic-objFifos \
			--aie-generate-npu-insts --npu-insts-name=insts_4096x1024x2560_64x128x64.txt ../build/aie_4096x1024x2560_64x128x64.mlir
[AIE ERROR] _XAie_LoadProgMemSection():231: Overflow of program memory
XAie_LoadElf failed with XAIE_INVALID_ELF
Generating: /scratch/luisr/mlir-aie/programming_examples/basic/block_datatypes/matrix_multiplication/whole_array/build/aie_4096x1024x2560_64x128x64.mlir.prj/aie_cdo_elfs.bin
Traceback (most recent call last):
  File "/scratch/luisr/mlir-aie/install/bin/aiecc.py", line 12, in <module>
    main()
  File "/scratch/luisr/mlir-aie/install/python/aie/compiler/aiecc/main.py", line 1476, in main
    run(module_str)
  File "/scratch/luisr/mlir-aie/install/python/aie/compiler/aiecc/main.py", line 1450, in run
    asyncio.run(runner.run_flow())
  File "/usr/lib/python3.12/asyncio/runners.py", line 194, in run
    return runner.run(main)
           ^^^^^^^^^^^^^^^^
  File "/usr/lib/python3.12/asyncio/runners.py", line 118, in run
    return self._loop.run_until_complete(task)
           ^^^^^^^^^^^^^^^^^^^^^^^^^^^^^^^^^^^
  File "/usr/lib/python3.12/asyncio/base_events.py", line 687, in run_until_complete
    return future.result()
           ^^^^^^^^^^^^^^^
  File "/scratch/luisr/mlir-aie/install/python/aie/compiler/aiecc/main.py", line 1350, in run_flow
    await self.process_cdo(input_physical_str)
  File "/scratch/luisr/mlir-aie/install/python/aie/compiler/aiecc/main.py", line 600, in process_cdo
    aiedialect.generate_cdo(input_physical.operation, self.tmpdirname)
ValueError: Failed to generate cdo because: 
make: *** [/scratch/luisr/mlir-aie/programming_examples/basic/block_datatypes/matrix_multiplication/whole_array/../makefile_common:73: build/final_4096x1024x2560_64x128x64.xclbin] Error 1
rm -rf build _build whole_array.exe
rm -rf _build
mkdir -p _build
cd _build &&  cmake -E env CXXFLAGS="-std=c++23 -ggdb -DDTYPE_IN= -DDTYPE_OUT= -DDTYPE_ACC=" \
	cmake `echo /scratch/luisr/mlir-aie/programming_examples/basic/block_datatypes/matrix_multiplication/whole_array/..` -D CMAKE_C_COMPILER=gcc-13 -D CMAKE_CXX_COMPILER=g++-13 -DTARGET_NAME=whole_array -Dhostsrc=/scratch/luisr/mlir-aie/programming_examples/basic/block_datatypes/matrix_multiplication/whole_array/../bfp_test.cpp
CMake Deprecation Warning at CMakeLists.txt:13 (cmake_minimum_required):
  Compatibility with CMake < 3.10 will be removed from a future version of
  CMake.

  Update the VERSION argument <min> value.  Or, use the <min>...<max> syntax
  to tell CMake that the project requires at least <min> but has been updated
  to work with policies introduced by <max> or earlier.


-- The C compiler identification is GNU 13.3.0
-- The CXX compiler identification is GNU 13.3.0
-- Detecting C compiler ABI info
-- Detecting C compiler ABI info - done
-- Check for working C compiler: /usr/bin/gcc-13 - skipped
-- Detecting C compile features
-- Detecting C compile features - done
-- Detecting CXX compiler ABI info
-- Detecting CXX compiler ABI info - done
-- Check for working CXX compiler: /usr/bin/g++-13 - skipped
-- Detecting CXX compile features
-- Detecting CXX compile features - done
-- Configuring done (0.3s)
-- Generating done (0.0s)
-- Build files have been written to: /scratch/luisr/mlir-aie/programming_examples/basic/block_datatypes/matrix_multiplication/whole_array/_build
cd _build &&  cmake --build . --config Release
gmake[1]: Entering directory '/scratch/luisr/mlir-aie/programming_examples/basic/block_datatypes/matrix_multiplication/whole_array/_build'
gmake[2]: Entering directory '/scratch/luisr/mlir-aie/programming_examples/basic/block_datatypes/matrix_multiplication/whole_array/_build'
gmake[3]: Entering directory '/scratch/luisr/mlir-aie/programming_examples/basic/block_datatypes/matrix_multiplication/whole_array/_build'
gmake[3]: Leaving directory '/scratch/luisr/mlir-aie/programming_examples/basic/block_datatypes/matrix_multiplication/whole_array/_build'
gmake[3]: Entering directory '/scratch/luisr/mlir-aie/programming_examples/basic/block_datatypes/matrix_multiplication/whole_array/_build'
[ 33%] Building CXX object CMakeFiles/whole_array.dir/bfp_test.cpp.o
[ 66%] Building CXX object CMakeFiles/whole_array.dir/scratch/luisr/mlir-aie/runtime_lib/test_lib/test_utils.cpp.o
[100%] Linking CXX executable whole_array
gmake[3]: Leaving directory '/scratch/luisr/mlir-aie/programming_examples/basic/block_datatypes/matrix_multiplication/whole_array/_build'
[100%] Built target whole_array
gmake[2]: Leaving directory '/scratch/luisr/mlir-aie/programming_examples/basic/block_datatypes/matrix_multiplication/whole_array/_build'
gmake[1]: Leaving directory '/scratch/luisr/mlir-aie/programming_examples/basic/block_datatypes/matrix_multiplication/whole_array/_build'
cp _build/whole_array whole_array.exe 
mkdir -p build
python3 /scratch/luisr/mlir-aie/programming_examples/basic/block_datatypes/matrix_multiplication/whole_array/whole_array.py --n-aie-cols 8 -m 64 -k 128 -n 64 -M 4096 -K 1024 -N 4096 > build/aie_4096x1024x4096_64x128x64.mlir
mkdir -p build
cd build && xchesscc_wrapper aie2p -I /proj/xbuilds/2024.2_INT_1113_1001/installs/all_platforms/Vitis/2024.2/aietools/include  -DDIM_M=64 -DDIM_K=128 -DDIM_N=64 -DOPT_PERF_ENABLED -c /scratch/luisr/mlir-aie/programming_examples/basic/block_datatypes/matrix_multiplication/whole_array/../mm.cc -o mm_64x128x64.o
WARNING: Default location for XILINX_VIVADO_IP_OVERRIDE not found: /build/xfndry/IP_2024.2_INTEGRATION_VERIFIED/customer/vivado/data/ip
mkdir -p build
cd build && aiecc.py --alloc-scheme= --aie-generate-xclbin --no-compile-host --xclbin-name=final_4096x1024x4096_64x128x64.xclbin \
			 --dynamic-objFifos \
			--aie-generate-npu-insts --npu-insts-name=insts_4096x1024x4096_64x128x64.txt ../build/aie_4096x1024x4096_64x128x64.mlir
[AIE ERROR] _XAie_LoadProgMemSection():231: Overflow of program memory
XAie_LoadElf failed with XAIE_INVALID_ELF
Generating: /scratch/luisr/mlir-aie/programming_examples/basic/block_datatypes/matrix_multiplication/whole_array/build/aie_4096x1024x4096_64x128x64.mlir.prj/aie_cdo_elfs.bin
Traceback (most recent call last):
  File "/scratch/luisr/mlir-aie/install/bin/aiecc.py", line 12, in <module>
    main()
  File "/scratch/luisr/mlir-aie/install/python/aie/compiler/aiecc/main.py", line 1476, in main
    run(module_str)
  File "/scratch/luisr/mlir-aie/install/python/aie/compiler/aiecc/main.py", line 1450, in run
    asyncio.run(runner.run_flow())
  File "/usr/lib/python3.12/asyncio/runners.py", line 194, in run
    return runner.run(main)
           ^^^^^^^^^^^^^^^^
  File "/usr/lib/python3.12/asyncio/runners.py", line 118, in run
    return self._loop.run_until_complete(task)
           ^^^^^^^^^^^^^^^^^^^^^^^^^^^^^^^^^^^
  File "/usr/lib/python3.12/asyncio/base_events.py", line 687, in run_until_complete
    return future.result()
           ^^^^^^^^^^^^^^^
  File "/scratch/luisr/mlir-aie/install/python/aie/compiler/aiecc/main.py", line 1350, in run_flow
    await self.process_cdo(input_physical_str)
  File "/scratch/luisr/mlir-aie/install/python/aie/compiler/aiecc/main.py", line 600, in process_cdo
    aiedialect.generate_cdo(input_physical.operation, self.tmpdirname)
ValueError: Failed to generate cdo because: 
make: *** [/scratch/luisr/mlir-aie/programming_examples/basic/block_datatypes/matrix_multiplication/whole_array/../makefile_common:73: build/final_4096x1024x4096_64x128x64.xclbin] Error 1
rm -rf build _build whole_array.exe
rm -rf _build
mkdir -p _build
cd _build &&  cmake -E env CXXFLAGS="-std=c++23 -ggdb -DDTYPE_IN= -DDTYPE_OUT= -DDTYPE_ACC=" \
	cmake `echo /scratch/luisr/mlir-aie/programming_examples/basic/block_datatypes/matrix_multiplication/whole_array/..` -D CMAKE_C_COMPILER=gcc-13 -D CMAKE_CXX_COMPILER=g++-13 -DTARGET_NAME=whole_array -Dhostsrc=/scratch/luisr/mlir-aie/programming_examples/basic/block_datatypes/matrix_multiplication/whole_array/../bfp_test.cpp
CMake Deprecation Warning at CMakeLists.txt:13 (cmake_minimum_required):
  Compatibility with CMake < 3.10 will be removed from a future version of
  CMake.

  Update the VERSION argument <min> value.  Or, use the <min>...<max> syntax
  to tell CMake that the project requires at least <min> but has been updated
  to work with policies introduced by <max> or earlier.


-- The C compiler identification is GNU 13.3.0
-- The CXX compiler identification is GNU 13.3.0
-- Detecting C compiler ABI info
-- Detecting C compiler ABI info - done
-- Check for working C compiler: /usr/bin/gcc-13 - skipped
-- Detecting C compile features
-- Detecting C compile features - done
-- Detecting CXX compiler ABI info
-- Detecting CXX compiler ABI info - done
-- Check for working CXX compiler: /usr/bin/g++-13 - skipped
-- Detecting CXX compile features
-- Detecting CXX compile features - done
-- Configuring done (0.3s)
-- Generating done (0.0s)
-- Build files have been written to: /scratch/luisr/mlir-aie/programming_examples/basic/block_datatypes/matrix_multiplication/whole_array/_build
cd _build &&  cmake --build . --config Release
gmake[1]: Entering directory '/scratch/luisr/mlir-aie/programming_examples/basic/block_datatypes/matrix_multiplication/whole_array/_build'
gmake[2]: Entering directory '/scratch/luisr/mlir-aie/programming_examples/basic/block_datatypes/matrix_multiplication/whole_array/_build'
gmake[3]: Entering directory '/scratch/luisr/mlir-aie/programming_examples/basic/block_datatypes/matrix_multiplication/whole_array/_build'
gmake[3]: Leaving directory '/scratch/luisr/mlir-aie/programming_examples/basic/block_datatypes/matrix_multiplication/whole_array/_build'
gmake[3]: Entering directory '/scratch/luisr/mlir-aie/programming_examples/basic/block_datatypes/matrix_multiplication/whole_array/_build'
[ 33%] Building CXX object CMakeFiles/whole_array.dir/bfp_test.cpp.o
[ 66%] Building CXX object CMakeFiles/whole_array.dir/scratch/luisr/mlir-aie/runtime_lib/test_lib/test_utils.cpp.o
[100%] Linking CXX executable whole_array
gmake[3]: Leaving directory '/scratch/luisr/mlir-aie/programming_examples/basic/block_datatypes/matrix_multiplication/whole_array/_build'
[100%] Built target whole_array
gmake[2]: Leaving directory '/scratch/luisr/mlir-aie/programming_examples/basic/block_datatypes/matrix_multiplication/whole_array/_build'
gmake[1]: Leaving directory '/scratch/luisr/mlir-aie/programming_examples/basic/block_datatypes/matrix_multiplication/whole_array/_build'
cp _build/whole_array whole_array.exe 
mkdir -p build
python3 /scratch/luisr/mlir-aie/programming_examples/basic/block_datatypes/matrix_multiplication/whole_array/whole_array.py --n-aie-cols 8 -m 64 -k 128 -n 64 -M 4096 -K 2560 -N 512 > build/aie_4096x2560x512_64x128x64.mlir
mkdir -p build
cd build && xchesscc_wrapper aie2p -I /proj/xbuilds/2024.2_INT_1113_1001/installs/all_platforms/Vitis/2024.2/aietools/include  -DDIM_M=64 -DDIM_K=128 -DDIM_N=64 -DOPT_PERF_ENABLED -c /scratch/luisr/mlir-aie/programming_examples/basic/block_datatypes/matrix_multiplication/whole_array/../mm.cc -o mm_64x128x64.o
WARNING: Default location for XILINX_VIVADO_IP_OVERRIDE not found: /build/xfndry/IP_2024.2_INTEGRATION_VERIFIED/customer/vivado/data/ip
mkdir -p build
cd build && aiecc.py --alloc-scheme= --aie-generate-xclbin --no-compile-host --xclbin-name=final_4096x2560x512_64x128x64.xclbin \
			 --dynamic-objFifos \
			--aie-generate-npu-insts --npu-insts-name=insts_4096x2560x512_64x128x64.txt ../build/aie_4096x2560x512_64x128x64.mlir
[AIE ERROR] _XAie_LoadProgMemSection():231: Overflow of program memory
XAie_LoadElf failed with XAIE_INVALID_ELF
Generating: /scratch/luisr/mlir-aie/programming_examples/basic/block_datatypes/matrix_multiplication/whole_array/build/aie_4096x2560x512_64x128x64.mlir.prj/aie_cdo_elfs.bin
Traceback (most recent call last):
  File "/scratch/luisr/mlir-aie/install/bin/aiecc.py", line 12, in <module>
    main()
  File "/scratch/luisr/mlir-aie/install/python/aie/compiler/aiecc/main.py", line 1476, in main
    run(module_str)
  File "/scratch/luisr/mlir-aie/install/python/aie/compiler/aiecc/main.py", line 1450, in run
    asyncio.run(runner.run_flow())
  File "/usr/lib/python3.12/asyncio/runners.py", line 194, in run
    return runner.run(main)
           ^^^^^^^^^^^^^^^^
  File "/usr/lib/python3.12/asyncio/runners.py", line 118, in run
    return self._loop.run_until_complete(task)
           ^^^^^^^^^^^^^^^^^^^^^^^^^^^^^^^^^^^
  File "/usr/lib/python3.12/asyncio/base_events.py", line 687, in run_until_complete
    return future.result()
           ^^^^^^^^^^^^^^^
  File "/scratch/luisr/mlir-aie/install/python/aie/compiler/aiecc/main.py", line 1350, in run_flow
    await self.process_cdo(input_physical_str)
  File "/scratch/luisr/mlir-aie/install/python/aie/compiler/aiecc/main.py", line 600, in process_cdo
    aiedialect.generate_cdo(input_physical.operation, self.tmpdirname)
ValueError: Failed to generate cdo because: 
make: *** [/scratch/luisr/mlir-aie/programming_examples/basic/block_datatypes/matrix_multiplication/whole_array/../makefile_common:73: build/final_4096x2560x512_64x128x64.xclbin] Error 1
rm -rf build _build whole_array.exe
rm -rf _build
mkdir -p _build
cd _build &&  cmake -E env CXXFLAGS="-std=c++23 -ggdb -DDTYPE_IN= -DDTYPE_OUT= -DDTYPE_ACC=" \
	cmake `echo /scratch/luisr/mlir-aie/programming_examples/basic/block_datatypes/matrix_multiplication/whole_array/..` -D CMAKE_C_COMPILER=gcc-13 -D CMAKE_CXX_COMPILER=g++-13 -DTARGET_NAME=whole_array -Dhostsrc=/scratch/luisr/mlir-aie/programming_examples/basic/block_datatypes/matrix_multiplication/whole_array/../bfp_test.cpp
CMake Deprecation Warning at CMakeLists.txt:13 (cmake_minimum_required):
  Compatibility with CMake < 3.10 will be removed from a future version of
  CMake.

  Update the VERSION argument <min> value.  Or, use the <min>...<max> syntax
  to tell CMake that the project requires at least <min> but has been updated
  to work with policies introduced by <max> or earlier.


-- The C compiler identification is GNU 13.3.0
-- The CXX compiler identification is GNU 13.3.0
-- Detecting C compiler ABI info
-- Detecting C compiler ABI info - done
-- Check for working C compiler: /usr/bin/gcc-13 - skipped
-- Detecting C compile features
-- Detecting C compile features - done
-- Detecting CXX compiler ABI info
-- Detecting CXX compiler ABI info - done
-- Check for working CXX compiler: /usr/bin/g++-13 - skipped
-- Detecting CXX compile features
-- Detecting CXX compile features - done
-- Configuring done (0.3s)
-- Generating done (0.0s)
-- Build files have been written to: /scratch/luisr/mlir-aie/programming_examples/basic/block_datatypes/matrix_multiplication/whole_array/_build
cd _build &&  cmake --build . --config Release
gmake[1]: Entering directory '/scratch/luisr/mlir-aie/programming_examples/basic/block_datatypes/matrix_multiplication/whole_array/_build'
gmake[2]: Entering directory '/scratch/luisr/mlir-aie/programming_examples/basic/block_datatypes/matrix_multiplication/whole_array/_build'
gmake[3]: Entering directory '/scratch/luisr/mlir-aie/programming_examples/basic/block_datatypes/matrix_multiplication/whole_array/_build'
gmake[3]: Leaving directory '/scratch/luisr/mlir-aie/programming_examples/basic/block_datatypes/matrix_multiplication/whole_array/_build'
gmake[3]: Entering directory '/scratch/luisr/mlir-aie/programming_examples/basic/block_datatypes/matrix_multiplication/whole_array/_build'
[ 33%] Building CXX object CMakeFiles/whole_array.dir/bfp_test.cpp.o
[ 66%] Building CXX object CMakeFiles/whole_array.dir/scratch/luisr/mlir-aie/runtime_lib/test_lib/test_utils.cpp.o
[100%] Linking CXX executable whole_array
gmake[3]: Leaving directory '/scratch/luisr/mlir-aie/programming_examples/basic/block_datatypes/matrix_multiplication/whole_array/_build'
[100%] Built target whole_array
gmake[2]: Leaving directory '/scratch/luisr/mlir-aie/programming_examples/basic/block_datatypes/matrix_multiplication/whole_array/_build'
gmake[1]: Leaving directory '/scratch/luisr/mlir-aie/programming_examples/basic/block_datatypes/matrix_multiplication/whole_array/_build'
cp _build/whole_array whole_array.exe 
mkdir -p build
python3 /scratch/luisr/mlir-aie/programming_examples/basic/block_datatypes/matrix_multiplication/whole_array/whole_array.py --n-aie-cols 8 -m 64 -k 128 -n 64 -M 4096 -K 2560 -N 1024 > build/aie_4096x2560x1024_64x128x64.mlir
mkdir -p build
cd build && xchesscc_wrapper aie2p -I /proj/xbuilds/2024.2_INT_1113_1001/installs/all_platforms/Vitis/2024.2/aietools/include  -DDIM_M=64 -DDIM_K=128 -DDIM_N=64 -DOPT_PERF_ENABLED -c /scratch/luisr/mlir-aie/programming_examples/basic/block_datatypes/matrix_multiplication/whole_array/../mm.cc -o mm_64x128x64.o
WARNING: Default location for XILINX_VIVADO_IP_OVERRIDE not found: /build/xfndry/IP_2024.2_INTEGRATION_VERIFIED/customer/vivado/data/ip
mkdir -p build
cd build && aiecc.py --alloc-scheme= --aie-generate-xclbin --no-compile-host --xclbin-name=final_4096x2560x1024_64x128x64.xclbin \
			 --dynamic-objFifos \
			--aie-generate-npu-insts --npu-insts-name=insts_4096x2560x1024_64x128x64.txt ../build/aie_4096x2560x1024_64x128x64.mlir
[AIE ERROR] _XAie_LoadProgMemSection():231: Overflow of program memory
XAie_LoadElf failed with XAIE_INVALID_ELF
Generating: /scratch/luisr/mlir-aie/programming_examples/basic/block_datatypes/matrix_multiplication/whole_array/build/aie_4096x2560x1024_64x128x64.mlir.prj/aie_cdo_elfs.bin
Traceback (most recent call last):
  File "/scratch/luisr/mlir-aie/install/bin/aiecc.py", line 12, in <module>
    main()
  File "/scratch/luisr/mlir-aie/install/python/aie/compiler/aiecc/main.py", line 1476, in main
    run(module_str)
  File "/scratch/luisr/mlir-aie/install/python/aie/compiler/aiecc/main.py", line 1450, in run
    asyncio.run(runner.run_flow())
  File "/usr/lib/python3.12/asyncio/runners.py", line 194, in run
    return runner.run(main)
           ^^^^^^^^^^^^^^^^
  File "/usr/lib/python3.12/asyncio/runners.py", line 118, in run
    return self._loop.run_until_complete(task)
           ^^^^^^^^^^^^^^^^^^^^^^^^^^^^^^^^^^^
  File "/usr/lib/python3.12/asyncio/base_events.py", line 687, in run_until_complete
    return future.result()
           ^^^^^^^^^^^^^^^
  File "/scratch/luisr/mlir-aie/install/python/aie/compiler/aiecc/main.py", line 1350, in run_flow
    await self.process_cdo(input_physical_str)
  File "/scratch/luisr/mlir-aie/install/python/aie/compiler/aiecc/main.py", line 600, in process_cdo
    aiedialect.generate_cdo(input_physical.operation, self.tmpdirname)
ValueError: Failed to generate cdo because: 
make: *** [/scratch/luisr/mlir-aie/programming_examples/basic/block_datatypes/matrix_multiplication/whole_array/../makefile_common:73: build/final_4096x2560x1024_64x128x64.xclbin] Error 1
rm -rf build _build whole_array.exe
rm -rf _build
mkdir -p _build
cd _build &&  cmake -E env CXXFLAGS="-std=c++23 -ggdb -DDTYPE_IN= -DDTYPE_OUT= -DDTYPE_ACC=" \
	cmake `echo /scratch/luisr/mlir-aie/programming_examples/basic/block_datatypes/matrix_multiplication/whole_array/..` -D CMAKE_C_COMPILER=gcc-13 -D CMAKE_CXX_COMPILER=g++-13 -DTARGET_NAME=whole_array -Dhostsrc=/scratch/luisr/mlir-aie/programming_examples/basic/block_datatypes/matrix_multiplication/whole_array/../bfp_test.cpp
CMake Deprecation Warning at CMakeLists.txt:13 (cmake_minimum_required):
  Compatibility with CMake < 3.10 will be removed from a future version of
  CMake.

  Update the VERSION argument <min> value.  Or, use the <min>...<max> syntax
  to tell CMake that the project requires at least <min> but has been updated
  to work with policies introduced by <max> or earlier.


-- The C compiler identification is GNU 13.3.0
-- The CXX compiler identification is GNU 13.3.0
-- Detecting C compiler ABI info
-- Detecting C compiler ABI info - done
-- Check for working C compiler: /usr/bin/gcc-13 - skipped
-- Detecting C compile features
-- Detecting C compile features - done
-- Detecting CXX compiler ABI info
-- Detecting CXX compiler ABI info - done
-- Check for working CXX compiler: /usr/bin/g++-13 - skipped
-- Detecting CXX compile features
-- Detecting CXX compile features - done
-- Configuring done (0.3s)
-- Generating done (0.0s)
-- Build files have been written to: /scratch/luisr/mlir-aie/programming_examples/basic/block_datatypes/matrix_multiplication/whole_array/_build
cd _build &&  cmake --build . --config Release
gmake[1]: Entering directory '/scratch/luisr/mlir-aie/programming_examples/basic/block_datatypes/matrix_multiplication/whole_array/_build'
gmake[2]: Entering directory '/scratch/luisr/mlir-aie/programming_examples/basic/block_datatypes/matrix_multiplication/whole_array/_build'
gmake[3]: Entering directory '/scratch/luisr/mlir-aie/programming_examples/basic/block_datatypes/matrix_multiplication/whole_array/_build'
gmake[3]: Leaving directory '/scratch/luisr/mlir-aie/programming_examples/basic/block_datatypes/matrix_multiplication/whole_array/_build'
gmake[3]: Entering directory '/scratch/luisr/mlir-aie/programming_examples/basic/block_datatypes/matrix_multiplication/whole_array/_build'
[ 33%] Building CXX object CMakeFiles/whole_array.dir/bfp_test.cpp.o
[ 66%] Building CXX object CMakeFiles/whole_array.dir/scratch/luisr/mlir-aie/runtime_lib/test_lib/test_utils.cpp.o
[100%] Linking CXX executable whole_array
gmake[3]: Leaving directory '/scratch/luisr/mlir-aie/programming_examples/basic/block_datatypes/matrix_multiplication/whole_array/_build'
[100%] Built target whole_array
gmake[2]: Leaving directory '/scratch/luisr/mlir-aie/programming_examples/basic/block_datatypes/matrix_multiplication/whole_array/_build'
gmake[1]: Leaving directory '/scratch/luisr/mlir-aie/programming_examples/basic/block_datatypes/matrix_multiplication/whole_array/_build'
cp _build/whole_array whole_array.exe 
mkdir -p build
python3 /scratch/luisr/mlir-aie/programming_examples/basic/block_datatypes/matrix_multiplication/whole_array/whole_array.py --n-aie-cols 8 -m 64 -k 128 -n 64 -M 4096 -K 2560 -N 2560 > build/aie_4096x2560x2560_64x128x64.mlir
mkdir -p build
cd build && xchesscc_wrapper aie2p -I /proj/xbuilds/2024.2_INT_1113_1001/installs/all_platforms/Vitis/2024.2/aietools/include  -DDIM_M=64 -DDIM_K=128 -DDIM_N=64 -DOPT_PERF_ENABLED -c /scratch/luisr/mlir-aie/programming_examples/basic/block_datatypes/matrix_multiplication/whole_array/../mm.cc -o mm_64x128x64.o
WARNING: Default location for XILINX_VIVADO_IP_OVERRIDE not found: /build/xfndry/IP_2024.2_INTEGRATION_VERIFIED/customer/vivado/data/ip
mkdir -p build
cd build && aiecc.py --alloc-scheme= --aie-generate-xclbin --no-compile-host --xclbin-name=final_4096x2560x2560_64x128x64.xclbin \
			 --dynamic-objFifos \
			--aie-generate-npu-insts --npu-insts-name=insts_4096x2560x2560_64x128x64.txt ../build/aie_4096x2560x2560_64x128x64.mlir
[AIE ERROR] _XAie_LoadProgMemSection():231: Overflow of program memory
XAie_LoadElf failed with XAIE_INVALID_ELF
Generating: /scratch/luisr/mlir-aie/programming_examples/basic/block_datatypes/matrix_multiplication/whole_array/build/aie_4096x2560x2560_64x128x64.mlir.prj/aie_cdo_elfs.bin
Traceback (most recent call last):
  File "/scratch/luisr/mlir-aie/install/bin/aiecc.py", line 12, in <module>
    main()
  File "/scratch/luisr/mlir-aie/install/python/aie/compiler/aiecc/main.py", line 1476, in main
    run(module_str)
  File "/scratch/luisr/mlir-aie/install/python/aie/compiler/aiecc/main.py", line 1450, in run
    asyncio.run(runner.run_flow())
  File "/usr/lib/python3.12/asyncio/runners.py", line 194, in run
    return runner.run(main)
           ^^^^^^^^^^^^^^^^
  File "/usr/lib/python3.12/asyncio/runners.py", line 118, in run
    return self._loop.run_until_complete(task)
           ^^^^^^^^^^^^^^^^^^^^^^^^^^^^^^^^^^^
  File "/usr/lib/python3.12/asyncio/base_events.py", line 687, in run_until_complete
    return future.result()
           ^^^^^^^^^^^^^^^
  File "/scratch/luisr/mlir-aie/install/python/aie/compiler/aiecc/main.py", line 1350, in run_flow
    await self.process_cdo(input_physical_str)
  File "/scratch/luisr/mlir-aie/install/python/aie/compiler/aiecc/main.py", line 600, in process_cdo
    aiedialect.generate_cdo(input_physical.operation, self.tmpdirname)
ValueError: Failed to generate cdo because: 
make: *** [/scratch/luisr/mlir-aie/programming_examples/basic/block_datatypes/matrix_multiplication/whole_array/../makefile_common:73: build/final_4096x2560x2560_64x128x64.xclbin] Error 1
rm -rf build _build whole_array.exe
rm -rf _build
mkdir -p _build
cd _build &&  cmake -E env CXXFLAGS="-std=c++23 -ggdb -DDTYPE_IN= -DDTYPE_OUT= -DDTYPE_ACC=" \
	cmake `echo /scratch/luisr/mlir-aie/programming_examples/basic/block_datatypes/matrix_multiplication/whole_array/..` -D CMAKE_C_COMPILER=gcc-13 -D CMAKE_CXX_COMPILER=g++-13 -DTARGET_NAME=whole_array -Dhostsrc=/scratch/luisr/mlir-aie/programming_examples/basic/block_datatypes/matrix_multiplication/whole_array/../bfp_test.cpp
CMake Deprecation Warning at CMakeLists.txt:13 (cmake_minimum_required):
  Compatibility with CMake < 3.10 will be removed from a future version of
  CMake.

  Update the VERSION argument <min> value.  Or, use the <min>...<max> syntax
  to tell CMake that the project requires at least <min> but has been updated
  to work with policies introduced by <max> or earlier.


-- The C compiler identification is GNU 13.3.0
-- The CXX compiler identification is GNU 13.3.0
-- Detecting C compiler ABI info
-- Detecting C compiler ABI info - done
-- Check for working C compiler: /usr/bin/gcc-13 - skipped
-- Detecting C compile features
-- Detecting C compile features - done
-- Detecting CXX compiler ABI info
-- Detecting CXX compiler ABI info - done
-- Check for working CXX compiler: /usr/bin/g++-13 - skipped
-- Detecting CXX compile features
-- Detecting CXX compile features - done
-- Configuring done (0.3s)
-- Generating done (0.0s)
-- Build files have been written to: /scratch/luisr/mlir-aie/programming_examples/basic/block_datatypes/matrix_multiplication/whole_array/_build
cd _build &&  cmake --build . --config Release
gmake[1]: Entering directory '/scratch/luisr/mlir-aie/programming_examples/basic/block_datatypes/matrix_multiplication/whole_array/_build'
gmake[2]: Entering directory '/scratch/luisr/mlir-aie/programming_examples/basic/block_datatypes/matrix_multiplication/whole_array/_build'
gmake[3]: Entering directory '/scratch/luisr/mlir-aie/programming_examples/basic/block_datatypes/matrix_multiplication/whole_array/_build'
gmake[3]: Leaving directory '/scratch/luisr/mlir-aie/programming_examples/basic/block_datatypes/matrix_multiplication/whole_array/_build'
gmake[3]: Entering directory '/scratch/luisr/mlir-aie/programming_examples/basic/block_datatypes/matrix_multiplication/whole_array/_build'
[ 33%] Building CXX object CMakeFiles/whole_array.dir/bfp_test.cpp.o
[ 66%] Building CXX object CMakeFiles/whole_array.dir/scratch/luisr/mlir-aie/runtime_lib/test_lib/test_utils.cpp.o
[100%] Linking CXX executable whole_array
gmake[3]: Leaving directory '/scratch/luisr/mlir-aie/programming_examples/basic/block_datatypes/matrix_multiplication/whole_array/_build'
[100%] Built target whole_array
gmake[2]: Leaving directory '/scratch/luisr/mlir-aie/programming_examples/basic/block_datatypes/matrix_multiplication/whole_array/_build'
gmake[1]: Leaving directory '/scratch/luisr/mlir-aie/programming_examples/basic/block_datatypes/matrix_multiplication/whole_array/_build'
cp _build/whole_array whole_array.exe 
mkdir -p build
python3 /scratch/luisr/mlir-aie/programming_examples/basic/block_datatypes/matrix_multiplication/whole_array/whole_array.py --n-aie-cols 8 -m 64 -k 128 -n 64 -M 4096 -K 2560 -N 4096 > build/aie_4096x2560x4096_64x128x64.mlir
mkdir -p build
cd build && xchesscc_wrapper aie2p -I /proj/xbuilds/2024.2_INT_1113_1001/installs/all_platforms/Vitis/2024.2/aietools/include  -DDIM_M=64 -DDIM_K=128 -DDIM_N=64 -DOPT_PERF_ENABLED -c /scratch/luisr/mlir-aie/programming_examples/basic/block_datatypes/matrix_multiplication/whole_array/../mm.cc -o mm_64x128x64.o
WARNING: Default location for XILINX_VIVADO_IP_OVERRIDE not found: /build/xfndry/IP_2024.2_INTEGRATION_VERIFIED/customer/vivado/data/ip
mkdir -p build
cd build && aiecc.py --alloc-scheme= --aie-generate-xclbin --no-compile-host --xclbin-name=final_4096x2560x4096_64x128x64.xclbin \
			 --dynamic-objFifos \
			--aie-generate-npu-insts --npu-insts-name=insts_4096x2560x4096_64x128x64.txt ../build/aie_4096x2560x4096_64x128x64.mlir
[AIE ERROR] _XAie_LoadProgMemSection():231: Overflow of program memory
XAie_LoadElf failed with XAIE_INVALID_ELF
Generating: /scratch/luisr/mlir-aie/programming_examples/basic/block_datatypes/matrix_multiplication/whole_array/build/aie_4096x2560x4096_64x128x64.mlir.prj/aie_cdo_elfs.bin
Traceback (most recent call last):
  File "/scratch/luisr/mlir-aie/install/bin/aiecc.py", line 12, in <module>
    main()
  File "/scratch/luisr/mlir-aie/install/python/aie/compiler/aiecc/main.py", line 1476, in main
    run(module_str)
  File "/scratch/luisr/mlir-aie/install/python/aie/compiler/aiecc/main.py", line 1450, in run
    asyncio.run(runner.run_flow())
  File "/usr/lib/python3.12/asyncio/runners.py", line 194, in run
    return runner.run(main)
           ^^^^^^^^^^^^^^^^
  File "/usr/lib/python3.12/asyncio/runners.py", line 118, in run
    return self._loop.run_until_complete(task)
           ^^^^^^^^^^^^^^^^^^^^^^^^^^^^^^^^^^^
  File "/usr/lib/python3.12/asyncio/base_events.py", line 687, in run_until_complete
    return future.result()
           ^^^^^^^^^^^^^^^
  File "/scratch/luisr/mlir-aie/install/python/aie/compiler/aiecc/main.py", line 1350, in run_flow
    await self.process_cdo(input_physical_str)
  File "/scratch/luisr/mlir-aie/install/python/aie/compiler/aiecc/main.py", line 600, in process_cdo
    aiedialect.generate_cdo(input_physical.operation, self.tmpdirname)
ValueError: Failed to generate cdo because: 
make: *** [/scratch/luisr/mlir-aie/programming_examples/basic/block_datatypes/matrix_multiplication/whole_array/../makefile_common:73: build/final_4096x2560x4096_64x128x64.xclbin] Error 1
rm -rf build _build whole_array.exe
rm -rf _build
mkdir -p _build
cd _build &&  cmake -E env CXXFLAGS="-std=c++23 -ggdb -DDTYPE_IN= -DDTYPE_OUT= -DDTYPE_ACC=" \
	cmake `echo /scratch/luisr/mlir-aie/programming_examples/basic/block_datatypes/matrix_multiplication/whole_array/..` -D CMAKE_C_COMPILER=gcc-13 -D CMAKE_CXX_COMPILER=g++-13 -DTARGET_NAME=whole_array -Dhostsrc=/scratch/luisr/mlir-aie/programming_examples/basic/block_datatypes/matrix_multiplication/whole_array/../bfp_test.cpp
CMake Deprecation Warning at CMakeLists.txt:13 (cmake_minimum_required):
  Compatibility with CMake < 3.10 will be removed from a future version of
  CMake.

  Update the VERSION argument <min> value.  Or, use the <min>...<max> syntax
  to tell CMake that the project requires at least <min> but has been updated
  to work with policies introduced by <max> or earlier.


-- The C compiler identification is GNU 13.3.0
-- The CXX compiler identification is GNU 13.3.0
-- Detecting C compiler ABI info
-- Detecting C compiler ABI info - done
-- Check for working C compiler: /usr/bin/gcc-13 - skipped
-- Detecting C compile features
-- Detecting C compile features - done
-- Detecting CXX compiler ABI info
-- Detecting CXX compiler ABI info - done
-- Check for working CXX compiler: /usr/bin/g++-13 - skipped
-- Detecting CXX compile features
-- Detecting CXX compile features - done
-- Configuring done (0.3s)
-- Generating done (0.0s)
-- Build files have been written to: /scratch/luisr/mlir-aie/programming_examples/basic/block_datatypes/matrix_multiplication/whole_array/_build
cd _build &&  cmake --build . --config Release
gmake[1]: Entering directory '/scratch/luisr/mlir-aie/programming_examples/basic/block_datatypes/matrix_multiplication/whole_array/_build'
gmake[2]: Entering directory '/scratch/luisr/mlir-aie/programming_examples/basic/block_datatypes/matrix_multiplication/whole_array/_build'
gmake[3]: Entering directory '/scratch/luisr/mlir-aie/programming_examples/basic/block_datatypes/matrix_multiplication/whole_array/_build'
gmake[3]: Leaving directory '/scratch/luisr/mlir-aie/programming_examples/basic/block_datatypes/matrix_multiplication/whole_array/_build'
gmake[3]: Entering directory '/scratch/luisr/mlir-aie/programming_examples/basic/block_datatypes/matrix_multiplication/whole_array/_build'
[ 33%] Building CXX object CMakeFiles/whole_array.dir/bfp_test.cpp.o
[ 66%] Building CXX object CMakeFiles/whole_array.dir/scratch/luisr/mlir-aie/runtime_lib/test_lib/test_utils.cpp.o
[100%] Linking CXX executable whole_array
gmake[3]: Leaving directory '/scratch/luisr/mlir-aie/programming_examples/basic/block_datatypes/matrix_multiplication/whole_array/_build'
[100%] Built target whole_array
gmake[2]: Leaving directory '/scratch/luisr/mlir-aie/programming_examples/basic/block_datatypes/matrix_multiplication/whole_array/_build'
gmake[1]: Leaving directory '/scratch/luisr/mlir-aie/programming_examples/basic/block_datatypes/matrix_multiplication/whole_array/_build'
cp _build/whole_array whole_array.exe 
mkdir -p build
python3 /scratch/luisr/mlir-aie/programming_examples/basic/block_datatypes/matrix_multiplication/whole_array/whole_array.py --n-aie-cols 8 -m 64 -k 128 -n 64 -M 4096 -K 4096 -N 512 > build/aie_4096x4096x512_64x128x64.mlir
mkdir -p build
cd build && xchesscc_wrapper aie2p -I /proj/xbuilds/2024.2_INT_1113_1001/installs/all_platforms/Vitis/2024.2/aietools/include  -DDIM_M=64 -DDIM_K=128 -DDIM_N=64 -DOPT_PERF_ENABLED -c /scratch/luisr/mlir-aie/programming_examples/basic/block_datatypes/matrix_multiplication/whole_array/../mm.cc -o mm_64x128x64.o
WARNING: Default location for XILINX_VIVADO_IP_OVERRIDE not found: /build/xfndry/IP_2024.2_INTEGRATION_VERIFIED/customer/vivado/data/ip
mkdir -p build
cd build && aiecc.py --alloc-scheme= --aie-generate-xclbin --no-compile-host --xclbin-name=final_4096x4096x512_64x128x64.xclbin \
			 --dynamic-objFifos \
			--aie-generate-npu-insts --npu-insts-name=insts_4096x4096x512_64x128x64.txt ../build/aie_4096x4096x512_64x128x64.mlir
[AIE ERROR] _XAie_LoadProgMemSection():231: Overflow of program memory
XAie_LoadElf failed with XAIE_INVALID_ELF
Generating: /scratch/luisr/mlir-aie/programming_examples/basic/block_datatypes/matrix_multiplication/whole_array/build/aie_4096x4096x512_64x128x64.mlir.prj/aie_cdo_elfs.bin
Traceback (most recent call last):
  File "/scratch/luisr/mlir-aie/install/bin/aiecc.py", line 12, in <module>
    main()
  File "/scratch/luisr/mlir-aie/install/python/aie/compiler/aiecc/main.py", line 1476, in main
    run(module_str)
  File "/scratch/luisr/mlir-aie/install/python/aie/compiler/aiecc/main.py", line 1450, in run
    asyncio.run(runner.run_flow())
  File "/usr/lib/python3.12/asyncio/runners.py", line 194, in run
    return runner.run(main)
           ^^^^^^^^^^^^^^^^
  File "/usr/lib/python3.12/asyncio/runners.py", line 118, in run
    return self._loop.run_until_complete(task)
           ^^^^^^^^^^^^^^^^^^^^^^^^^^^^^^^^^^^
  File "/usr/lib/python3.12/asyncio/base_events.py", line 687, in run_until_complete
    return future.result()
           ^^^^^^^^^^^^^^^
  File "/scratch/luisr/mlir-aie/install/python/aie/compiler/aiecc/main.py", line 1350, in run_flow
    await self.process_cdo(input_physical_str)
  File "/scratch/luisr/mlir-aie/install/python/aie/compiler/aiecc/main.py", line 600, in process_cdo
    aiedialect.generate_cdo(input_physical.operation, self.tmpdirname)
ValueError: Failed to generate cdo because: 
make: *** [/scratch/luisr/mlir-aie/programming_examples/basic/block_datatypes/matrix_multiplication/whole_array/../makefile_common:73: build/final_4096x4096x512_64x128x64.xclbin] Error 1
rm -rf build _build whole_array.exe
rm -rf _build
mkdir -p _build
cd _build &&  cmake -E env CXXFLAGS="-std=c++23 -ggdb -DDTYPE_IN= -DDTYPE_OUT= -DDTYPE_ACC=" \
	cmake `echo /scratch/luisr/mlir-aie/programming_examples/basic/block_datatypes/matrix_multiplication/whole_array/..` -D CMAKE_C_COMPILER=gcc-13 -D CMAKE_CXX_COMPILER=g++-13 -DTARGET_NAME=whole_array -Dhostsrc=/scratch/luisr/mlir-aie/programming_examples/basic/block_datatypes/matrix_multiplication/whole_array/../bfp_test.cpp
CMake Deprecation Warning at CMakeLists.txt:13 (cmake_minimum_required):
  Compatibility with CMake < 3.10 will be removed from a future version of
  CMake.

  Update the VERSION argument <min> value.  Or, use the <min>...<max> syntax
  to tell CMake that the project requires at least <min> but has been updated
  to work with policies introduced by <max> or earlier.


-- The C compiler identification is GNU 13.3.0
-- The CXX compiler identification is GNU 13.3.0
-- Detecting C compiler ABI info
-- Detecting C compiler ABI info - done
-- Check for working C compiler: /usr/bin/gcc-13 - skipped
-- Detecting C compile features
-- Detecting C compile features - done
-- Detecting CXX compiler ABI info
-- Detecting CXX compiler ABI info - done
-- Check for working CXX compiler: /usr/bin/g++-13 - skipped
-- Detecting CXX compile features
-- Detecting CXX compile features - done
-- Configuring done (0.3s)
-- Generating done (0.0s)
-- Build files have been written to: /scratch/luisr/mlir-aie/programming_examples/basic/block_datatypes/matrix_multiplication/whole_array/_build
cd _build &&  cmake --build . --config Release
gmake[1]: Entering directory '/scratch/luisr/mlir-aie/programming_examples/basic/block_datatypes/matrix_multiplication/whole_array/_build'
gmake[2]: Entering directory '/scratch/luisr/mlir-aie/programming_examples/basic/block_datatypes/matrix_multiplication/whole_array/_build'
gmake[3]: Entering directory '/scratch/luisr/mlir-aie/programming_examples/basic/block_datatypes/matrix_multiplication/whole_array/_build'
gmake[3]: Leaving directory '/scratch/luisr/mlir-aie/programming_examples/basic/block_datatypes/matrix_multiplication/whole_array/_build'
gmake[3]: Entering directory '/scratch/luisr/mlir-aie/programming_examples/basic/block_datatypes/matrix_multiplication/whole_array/_build'
[ 33%] Building CXX object CMakeFiles/whole_array.dir/bfp_test.cpp.o
[ 66%] Building CXX object CMakeFiles/whole_array.dir/scratch/luisr/mlir-aie/runtime_lib/test_lib/test_utils.cpp.o
[100%] Linking CXX executable whole_array
gmake[3]: Leaving directory '/scratch/luisr/mlir-aie/programming_examples/basic/block_datatypes/matrix_multiplication/whole_array/_build'
[100%] Built target whole_array
gmake[2]: Leaving directory '/scratch/luisr/mlir-aie/programming_examples/basic/block_datatypes/matrix_multiplication/whole_array/_build'
gmake[1]: Leaving directory '/scratch/luisr/mlir-aie/programming_examples/basic/block_datatypes/matrix_multiplication/whole_array/_build'
cp _build/whole_array whole_array.exe 
mkdir -p build
python3 /scratch/luisr/mlir-aie/programming_examples/basic/block_datatypes/matrix_multiplication/whole_array/whole_array.py --n-aie-cols 8 -m 64 -k 128 -n 64 -M 4096 -K 4096 -N 1024 > build/aie_4096x4096x1024_64x128x64.mlir
mkdir -p build
cd build && xchesscc_wrapper aie2p -I /proj/xbuilds/2024.2_INT_1113_1001/installs/all_platforms/Vitis/2024.2/aietools/include  -DDIM_M=64 -DDIM_K=128 -DDIM_N=64 -DOPT_PERF_ENABLED -c /scratch/luisr/mlir-aie/programming_examples/basic/block_datatypes/matrix_multiplication/whole_array/../mm.cc -o mm_64x128x64.o
WARNING: Default location for XILINX_VIVADO_IP_OVERRIDE not found: /build/xfndry/IP_2024.2_INTEGRATION_VERIFIED/customer/vivado/data/ip
mkdir -p build
cd build && aiecc.py --alloc-scheme= --aie-generate-xclbin --no-compile-host --xclbin-name=final_4096x4096x1024_64x128x64.xclbin \
			 --dynamic-objFifos \
			--aie-generate-npu-insts --npu-insts-name=insts_4096x4096x1024_64x128x64.txt ../build/aie_4096x4096x1024_64x128x64.mlir
[AIE ERROR] _XAie_LoadProgMemSection():231: Overflow of program memory
XAie_LoadElf failed with XAIE_INVALID_ELF
Generating: /scratch/luisr/mlir-aie/programming_examples/basic/block_datatypes/matrix_multiplication/whole_array/build/aie_4096x4096x1024_64x128x64.mlir.prj/aie_cdo_elfs.bin
Traceback (most recent call last):
  File "/scratch/luisr/mlir-aie/install/bin/aiecc.py", line 12, in <module>
    main()
  File "/scratch/luisr/mlir-aie/install/python/aie/compiler/aiecc/main.py", line 1476, in main
    run(module_str)
  File "/scratch/luisr/mlir-aie/install/python/aie/compiler/aiecc/main.py", line 1450, in run
    asyncio.run(runner.run_flow())
  File "/usr/lib/python3.12/asyncio/runners.py", line 194, in run
    return runner.run(main)
           ^^^^^^^^^^^^^^^^
  File "/usr/lib/python3.12/asyncio/runners.py", line 118, in run
    return self._loop.run_until_complete(task)
           ^^^^^^^^^^^^^^^^^^^^^^^^^^^^^^^^^^^
  File "/usr/lib/python3.12/asyncio/base_events.py", line 687, in run_until_complete
    return future.result()
           ^^^^^^^^^^^^^^^
  File "/scratch/luisr/mlir-aie/install/python/aie/compiler/aiecc/main.py", line 1350, in run_flow
    await self.process_cdo(input_physical_str)
  File "/scratch/luisr/mlir-aie/install/python/aie/compiler/aiecc/main.py", line 600, in process_cdo
    aiedialect.generate_cdo(input_physical.operation, self.tmpdirname)
ValueError: Failed to generate cdo because: 
make: *** [/scratch/luisr/mlir-aie/programming_examples/basic/block_datatypes/matrix_multiplication/whole_array/../makefile_common:73: build/final_4096x4096x1024_64x128x64.xclbin] Error 1
rm -rf build _build whole_array.exe
rm -rf _build
mkdir -p _build
cd _build &&  cmake -E env CXXFLAGS="-std=c++23 -ggdb -DDTYPE_IN= -DDTYPE_OUT= -DDTYPE_ACC=" \
	cmake `echo /scratch/luisr/mlir-aie/programming_examples/basic/block_datatypes/matrix_multiplication/whole_array/..` -D CMAKE_C_COMPILER=gcc-13 -D CMAKE_CXX_COMPILER=g++-13 -DTARGET_NAME=whole_array -Dhostsrc=/scratch/luisr/mlir-aie/programming_examples/basic/block_datatypes/matrix_multiplication/whole_array/../bfp_test.cpp
CMake Deprecation Warning at CMakeLists.txt:13 (cmake_minimum_required):
  Compatibility with CMake < 3.10 will be removed from a future version of
  CMake.

  Update the VERSION argument <min> value.  Or, use the <min>...<max> syntax
  to tell CMake that the project requires at least <min> but has been updated
  to work with policies introduced by <max> or earlier.


-- The C compiler identification is GNU 13.3.0
-- The CXX compiler identification is GNU 13.3.0
-- Detecting C compiler ABI info
-- Detecting C compiler ABI info - done
-- Check for working C compiler: /usr/bin/gcc-13 - skipped
-- Detecting C compile features
-- Detecting C compile features - done
-- Detecting CXX compiler ABI info
-- Detecting CXX compiler ABI info - done
-- Check for working CXX compiler: /usr/bin/g++-13 - skipped
-- Detecting CXX compile features
-- Detecting CXX compile features - done
-- Configuring done (0.3s)
-- Generating done (0.0s)
-- Build files have been written to: /scratch/luisr/mlir-aie/programming_examples/basic/block_datatypes/matrix_multiplication/whole_array/_build
cd _build &&  cmake --build . --config Release
gmake[1]: Entering directory '/scratch/luisr/mlir-aie/programming_examples/basic/block_datatypes/matrix_multiplication/whole_array/_build'
gmake[2]: Entering directory '/scratch/luisr/mlir-aie/programming_examples/basic/block_datatypes/matrix_multiplication/whole_array/_build'
gmake[3]: Entering directory '/scratch/luisr/mlir-aie/programming_examples/basic/block_datatypes/matrix_multiplication/whole_array/_build'
gmake[3]: Leaving directory '/scratch/luisr/mlir-aie/programming_examples/basic/block_datatypes/matrix_multiplication/whole_array/_build'
gmake[3]: Entering directory '/scratch/luisr/mlir-aie/programming_examples/basic/block_datatypes/matrix_multiplication/whole_array/_build'
[ 33%] Building CXX object CMakeFiles/whole_array.dir/bfp_test.cpp.o
[ 66%] Building CXX object CMakeFiles/whole_array.dir/scratch/luisr/mlir-aie/runtime_lib/test_lib/test_utils.cpp.o
[100%] Linking CXX executable whole_array
gmake[3]: Leaving directory '/scratch/luisr/mlir-aie/programming_examples/basic/block_datatypes/matrix_multiplication/whole_array/_build'
[100%] Built target whole_array
gmake[2]: Leaving directory '/scratch/luisr/mlir-aie/programming_examples/basic/block_datatypes/matrix_multiplication/whole_array/_build'
gmake[1]: Leaving directory '/scratch/luisr/mlir-aie/programming_examples/basic/block_datatypes/matrix_multiplication/whole_array/_build'
cp _build/whole_array whole_array.exe 
mkdir -p build
python3 /scratch/luisr/mlir-aie/programming_examples/basic/block_datatypes/matrix_multiplication/whole_array/whole_array.py --n-aie-cols 8 -m 64 -k 128 -n 64 -M 4096 -K 4096 -N 2560 > build/aie_4096x4096x2560_64x128x64.mlir
mkdir -p build
cd build && xchesscc_wrapper aie2p -I /proj/xbuilds/2024.2_INT_1113_1001/installs/all_platforms/Vitis/2024.2/aietools/include  -DDIM_M=64 -DDIM_K=128 -DDIM_N=64 -DOPT_PERF_ENABLED -c /scratch/luisr/mlir-aie/programming_examples/basic/block_datatypes/matrix_multiplication/whole_array/../mm.cc -o mm_64x128x64.o
WARNING: Default location for XILINX_VIVADO_IP_OVERRIDE not found: /build/xfndry/IP_2024.2_INTEGRATION_VERIFIED/customer/vivado/data/ip
mkdir -p build
cd build && aiecc.py --alloc-scheme= --aie-generate-xclbin --no-compile-host --xclbin-name=final_4096x4096x2560_64x128x64.xclbin \
			 --dynamic-objFifos \
			--aie-generate-npu-insts --npu-insts-name=insts_4096x4096x2560_64x128x64.txt ../build/aie_4096x4096x2560_64x128x64.mlir
[AIE ERROR] _XAie_LoadProgMemSection():231: Overflow of program memory
XAie_LoadElf failed with XAIE_INVALID_ELF
Generating: /scratch/luisr/mlir-aie/programming_examples/basic/block_datatypes/matrix_multiplication/whole_array/build/aie_4096x4096x2560_64x128x64.mlir.prj/aie_cdo_elfs.bin
Traceback (most recent call last):
  File "/scratch/luisr/mlir-aie/install/bin/aiecc.py", line 12, in <module>
    main()
  File "/scratch/luisr/mlir-aie/install/python/aie/compiler/aiecc/main.py", line 1476, in main
    run(module_str)
  File "/scratch/luisr/mlir-aie/install/python/aie/compiler/aiecc/main.py", line 1450, in run
    asyncio.run(runner.run_flow())
  File "/usr/lib/python3.12/asyncio/runners.py", line 194, in run
    return runner.run(main)
           ^^^^^^^^^^^^^^^^
  File "/usr/lib/python3.12/asyncio/runners.py", line 118, in run
    return self._loop.run_until_complete(task)
           ^^^^^^^^^^^^^^^^^^^^^^^^^^^^^^^^^^^
  File "/usr/lib/python3.12/asyncio/base_events.py", line 687, in run_until_complete
    return future.result()
           ^^^^^^^^^^^^^^^
  File "/scratch/luisr/mlir-aie/install/python/aie/compiler/aiecc/main.py", line 1350, in run_flow
    await self.process_cdo(input_physical_str)
  File "/scratch/luisr/mlir-aie/install/python/aie/compiler/aiecc/main.py", line 600, in process_cdo
    aiedialect.generate_cdo(input_physical.operation, self.tmpdirname)
ValueError: Failed to generate cdo because: 
make: *** [/scratch/luisr/mlir-aie/programming_examples/basic/block_datatypes/matrix_multiplication/whole_array/../makefile_common:73: build/final_4096x4096x2560_64x128x64.xclbin] Error 1
rm -rf build _build whole_array.exe
rm -rf _build
mkdir -p _build
cd _build &&  cmake -E env CXXFLAGS="-std=c++23 -ggdb -DDTYPE_IN= -DDTYPE_OUT= -DDTYPE_ACC=" \
	cmake `echo /scratch/luisr/mlir-aie/programming_examples/basic/block_datatypes/matrix_multiplication/whole_array/..` -D CMAKE_C_COMPILER=gcc-13 -D CMAKE_CXX_COMPILER=g++-13 -DTARGET_NAME=whole_array -Dhostsrc=/scratch/luisr/mlir-aie/programming_examples/basic/block_datatypes/matrix_multiplication/whole_array/../bfp_test.cpp
CMake Deprecation Warning at CMakeLists.txt:13 (cmake_minimum_required):
  Compatibility with CMake < 3.10 will be removed from a future version of
  CMake.

  Update the VERSION argument <min> value.  Or, use the <min>...<max> syntax
  to tell CMake that the project requires at least <min> but has been updated
  to work with policies introduced by <max> or earlier.


-- The C compiler identification is GNU 13.3.0
-- The CXX compiler identification is GNU 13.3.0
-- Detecting C compiler ABI info
-- Detecting C compiler ABI info - done
-- Check for working C compiler: /usr/bin/gcc-13 - skipped
-- Detecting C compile features
-- Detecting C compile features - done
-- Detecting CXX compiler ABI info
-- Detecting CXX compiler ABI info - done
-- Check for working CXX compiler: /usr/bin/g++-13 - skipped
-- Detecting CXX compile features
-- Detecting CXX compile features - done
-- Configuring done (0.3s)
-- Generating done (0.0s)
-- Build files have been written to: /scratch/luisr/mlir-aie/programming_examples/basic/block_datatypes/matrix_multiplication/whole_array/_build
cd _build &&  cmake --build . --config Release
gmake[1]: Entering directory '/scratch/luisr/mlir-aie/programming_examples/basic/block_datatypes/matrix_multiplication/whole_array/_build'
gmake[2]: Entering directory '/scratch/luisr/mlir-aie/programming_examples/basic/block_datatypes/matrix_multiplication/whole_array/_build'
gmake[3]: Entering directory '/scratch/luisr/mlir-aie/programming_examples/basic/block_datatypes/matrix_multiplication/whole_array/_build'
gmake[3]: Leaving directory '/scratch/luisr/mlir-aie/programming_examples/basic/block_datatypes/matrix_multiplication/whole_array/_build'
gmake[3]: Entering directory '/scratch/luisr/mlir-aie/programming_examples/basic/block_datatypes/matrix_multiplication/whole_array/_build'
[ 33%] Building CXX object CMakeFiles/whole_array.dir/bfp_test.cpp.o
[ 66%] Building CXX object CMakeFiles/whole_array.dir/scratch/luisr/mlir-aie/runtime_lib/test_lib/test_utils.cpp.o
[100%] Linking CXX executable whole_array
gmake[3]: Leaving directory '/scratch/luisr/mlir-aie/programming_examples/basic/block_datatypes/matrix_multiplication/whole_array/_build'
[100%] Built target whole_array
gmake[2]: Leaving directory '/scratch/luisr/mlir-aie/programming_examples/basic/block_datatypes/matrix_multiplication/whole_array/_build'
gmake[1]: Leaving directory '/scratch/luisr/mlir-aie/programming_examples/basic/block_datatypes/matrix_multiplication/whole_array/_build'
cp _build/whole_array whole_array.exe 
mkdir -p build
python3 /scratch/luisr/mlir-aie/programming_examples/basic/block_datatypes/matrix_multiplication/whole_array/whole_array.py --n-aie-cols 8 -m 64 -k 128 -n 64 -M 4096 -K 4096 -N 4096 > build/aie_4096x4096x4096_64x128x64.mlir
mkdir -p build
cd build && xchesscc_wrapper aie2p -I /proj/xbuilds/2024.2_INT_1113_1001/installs/all_platforms/Vitis/2024.2/aietools/include  -DDIM_M=64 -DDIM_K=128 -DDIM_N=64 -DOPT_PERF_ENABLED -c /scratch/luisr/mlir-aie/programming_examples/basic/block_datatypes/matrix_multiplication/whole_array/../mm.cc -o mm_64x128x64.o
WARNING: Default location for XILINX_VIVADO_IP_OVERRIDE not found: /build/xfndry/IP_2024.2_INTEGRATION_VERIFIED/customer/vivado/data/ip
mkdir -p build
cd build && aiecc.py --alloc-scheme= --aie-generate-xclbin --no-compile-host --xclbin-name=final_4096x4096x4096_64x128x64.xclbin \
			 --dynamic-objFifos \
			--aie-generate-npu-insts --npu-insts-name=insts_4096x4096x4096_64x128x64.txt ../build/aie_4096x4096x4096_64x128x64.mlir
[AIE ERROR] _XAie_LoadProgMemSection():231: Overflow of program memory
XAie_LoadElf failed with XAIE_INVALID_ELF
Generating: /scratch/luisr/mlir-aie/programming_examples/basic/block_datatypes/matrix_multiplication/whole_array/build/aie_4096x4096x4096_64x128x64.mlir.prj/aie_cdo_elfs.bin
Traceback (most recent call last):
  File "/scratch/luisr/mlir-aie/install/bin/aiecc.py", line 12, in <module>
    main()
  File "/scratch/luisr/mlir-aie/install/python/aie/compiler/aiecc/main.py", line 1476, in main
    run(module_str)
  File "/scratch/luisr/mlir-aie/install/python/aie/compiler/aiecc/main.py", line 1450, in run
    asyncio.run(runner.run_flow())
  File "/usr/lib/python3.12/asyncio/runners.py", line 194, in run
    return runner.run(main)
           ^^^^^^^^^^^^^^^^
  File "/usr/lib/python3.12/asyncio/runners.py", line 118, in run
    return self._loop.run_until_complete(task)
           ^^^^^^^^^^^^^^^^^^^^^^^^^^^^^^^^^^^
  File "/usr/lib/python3.12/asyncio/base_events.py", line 687, in run_until_complete
    return future.result()
           ^^^^^^^^^^^^^^^
  File "/scratch/luisr/mlir-aie/install/python/aie/compiler/aiecc/main.py", line 1350, in run_flow
    await self.process_cdo(input_physical_str)
  File "/scratch/luisr/mlir-aie/install/python/aie/compiler/aiecc/main.py", line 600, in process_cdo
    aiedialect.generate_cdo(input_physical.operation, self.tmpdirname)
ValueError: Failed to generate cdo because: 
make: *** [/scratch/luisr/mlir-aie/programming_examples/basic/block_datatypes/matrix_multiplication/whole_array/../makefile_common:73: build/final_4096x4096x4096_64x128x64.xclbin] Error 1
