XILINX_LOC=/proj/xbuilds/2024.2_INT_daily_latest/installs/lin64/Vitis/2024.2
SHELL=/bin/csh
MYXILINX_VER=2024.2
HISTCONTROL=ignoreboth:erasedups
TERM_PROGRAM_VERSION=3.4
GROUP=newhiredefaultgrp
MACHTYPE=x86_64
TMUX=/tmp/tmux-50093633/default,2175750,0
AIETOOLS_ROOT=/proj/xbuilds/2024.2_INT_daily_latest/installs/lin64/Vitis/2024.2/aietools
XILINX_XRT=/opt/xilinx/xrt
n_aie_cols=8
PWD=/scratch/luisr/mlir-aie/programming_examples/basic/matrix_multiplication/whole_array
LOGNAME=lromeror
NPU2=1
XDG_SESSION_TYPE=tty
MLIR_AIE_INSTALL_DIR=/scratch/luisr/mlir-aie/install
N=8192
M=8192
K=6144
n=64
m=64
k=64
HOME=/home/lromeror
LANG=en_US.UTF-8
PEANO_INSTALL_DIR=/scratch/luisr/mlir-aie/ironenv/lib/python3.12/site-packages/llvm-aie
VIRTUAL_ENV=/scratch/luisr/mlir-aie/ironenv
OSTYPE=linux
SSH_CONNECTION=172.21.39.59 54406 172.20.10.58 22
XDG_SESSION_CLASS=user
PYTHONPATH=/scratch/luisr/mlir-aie/install/python:/opt/xilinx/xrt/python:/scratch/luisr/mlir-aie/install/python:/opt/xilinx/xrt/python
TERM=tmux-256color
HOST=xcoradaie213
USER=lromeror
use_chess=1
TMUX_PANE=%0
emulate_bfloat16_mmul_with_bfp16=1
SHLVL=4
XDG_SESSION_ID=2023
VIRTUAL_ENV_PROMPT=(ironenv) 
LM_LICENSE_FILE=2100@aiengine
LD_LIBRARY_PATH=/scratch/luisr/mlir-aie/install/lib:/opt/xilinx/xrt/lib:/scratch/luisr/mlir-aie/install/lib:/opt/xilinx/xrt/lib
XDG_RUNTIME_DIR=/run/user/50093633
MYXILINX_BASE=/proj/xbuilds/2024.2_INT_daily_latest
dtype_out=bf16
SSH_CLIENT=172.21.39.59 54406 22
NLSPATH=/usr/share/locale/%L/LC_MESSAGES/%N.cat:/usr/share/locale/%l/LC_MESSAGES/%N.cat
VENDOR=unknown
PATH=/scratch/luisr/mlir-aie/install/bin:/scratch/luisr/mlir-aie/ironenv/bin:/opt/xilinx/xrt/bin:/scratch/luisr/mlir-aie/install/bin:/scratch/luisr/mlir-aie/ironenv/bin:/opt/xilinx/xrt/bin:/usr/local/sbin:/usr/local/bin:/usr/sbin:/usr/bin:/sbin:/bin:/usr/games:/usr/local/games:/snap/bin:/proj/xbuilds/2024.2_INT_daily_latest/installs/lin64/Vitis/2024.2/aietools/bin:/proj/xbuilds/2024.2_INT_daily_latest/installs/lin64/Vitis/2024.2/bin:/proj/xbuilds/2024.2_INT_daily_latest/installs/lin64/Vitis/2024.2/aietools/bin:/proj/xbuilds/2024.2_INT_daily_latest/installs/lin64/Vitis/2024.2/bin
dtype_in=bf16
DBUS_SESSION_BUS_ADDRESS=unix:path=/run/user/50093633/bus
opt_perf=0
SSH_TTY=/dev/pts/1
HOSTTYPE=x86_64-linux
REMOTEHOST=172.21.39.59
OLDPWD=/scratch/luisr/mlir-aie/programming_examples/basic/block_datatypes/matrix_multiplication/whole_array
runargs=--iters 40 --warmup 10 --verify=false
TERM_PROGRAM=tmux
_=/usr/bin/env
##===- Makefile -----------------------------------------------------------===##
# 
# This file licensed under the Apache License v2.0 with LLVM Exceptions.
# See https://llvm.org/LICENSE.txt for license information.
# SPDX-License-Identifier: Apache-2.0 WITH LLVM-exception
#
# Copyright (C) 2025, Advanced Micro Devices, Inc.
# 
##===----------------------------------------------------------------------===##
srcdir := $(shell dirname $(realpath $(firstword $(MAKEFILE_LIST))))
subdir=whole_array
targetname=whole_array


# M, K, N: final GEMM dimensions
M?=512
K?=512
N?=512

# m, k, n: single AIE core GEMM dimensions
m?=32
k?=32
n?=32

n_aie_cols?=4
b_col_maj?=0

kernels=mm_${m}x${k}x${n}
aieargs+=-m $m -k $k -n $n --n-aie-cols ${n_aie_cols} --b-col-maj ${b_col_maj}
runargs+=--b_col_maj ${b_col_maj}
target_suffix=${M}x${K}x${N}_${m}x${k}x${n}_${n_aie_cols}c
use_placed?=0
use_iron?=0

# set this flag to 1 for linear buffer allocation
# else, 0 for bank-aware
use_linear_buf_alloc?=1

ifeq (${use_linear_buf_alloc}, 1)
buffer_aloc_flag=basic-sequential
else
buffer_aloc_flag=bank-aware
endif

ifeq (${use_placed}, 1)
aie_py_src=${targetname}_placed.py
ifeq (${use_iron}, 1)
$(error Cannot specify both placed design and IRON)
endif
endif

ifeq (${use_iron}, 1)
aie_py_src=${targetname}_iron.py
endif

KERNEL_DEFINES=-D${dtype_in}_${dtype_out}_ONLY -DDIM_M=${m} -DDIM_K=${k} -DDIM_N=${n}
ifeq (${b_col_maj}, 1)
	KERNEL_DEFINES+=-DB_COL_MAJ
endif

include ${srcdir}/../makefile-common

build/mm_${m}x${k}x${n}.o: ${kernels_dir}/mm.cc
	mkdir -p ${@D}
	cd ${@D} && ${KERNEL_CC} ${KERNEL_CFLAGS} ${KERNEL_DEFINES} -c $< -o ${@F}
rm -rf tmpTrace parse*.json trace*json trace.txt
rm -rf build _build whole_array.exe
rm -rf _build
mkdir -p _build
cd _build &&  cmake -E env CXXFLAGS="-std=c++23 -ggdb -DDTYPE_IN=std::bfloat16_t -DDTYPE_OUT=std::bfloat16_t -DDTYPE_ACC=float" \
	cmake `echo /scratch/luisr/mlir-aie/programming_examples/basic/matrix_multiplication/whole_array/..` -D CMAKE_C_COMPILER=gcc-13 -D CMAKE_CXX_COMPILER=g++-13 -DTARGET_NAME=whole_array -Dsubdir=whole_array
-- The C compiler identification is GNU 13.3.0
-- The CXX compiler identification is GNU 13.3.0
-- Detecting C compiler ABI info
-- Detecting C compiler ABI info - done
-- Check for working C compiler: /usr/bin/gcc-13 - skipped
-- Detecting C compile features
-- Detecting C compile features - done
-- Detecting CXX compiler ABI info
-- Detecting CXX compiler ABI info - done
-- Check for working CXX compiler: /usr/bin/g++-13 - skipped
-- Detecting CXX compile features
-- Detecting CXX compile features - done
-- Configuring done (0.3s)
-- Generating done (0.0s)
-- Build files have been written to: /scratch/luisr/mlir-aie/programming_examples/basic/matrix_multiplication/whole_array/_build
cd _build &&  cmake --build . --config Release
gmake[1]: Entering directory '/scratch/luisr/mlir-aie/programming_examples/basic/matrix_multiplication/whole_array/_build'
gmake[2]: Entering directory '/scratch/luisr/mlir-aie/programming_examples/basic/matrix_multiplication/whole_array/_build'
gmake[3]: Entering directory '/scratch/luisr/mlir-aie/programming_examples/basic/matrix_multiplication/whole_array/_build'
gmake[3]: Leaving directory '/scratch/luisr/mlir-aie/programming_examples/basic/matrix_multiplication/whole_array/_build'
gmake[3]: Entering directory '/scratch/luisr/mlir-aie/programming_examples/basic/matrix_multiplication/whole_array/_build'
[ 33%] Building CXX object CMakeFiles/whole_array.dir/scratch/luisr/mlir-aie/runtime_lib/test_lib/test_utils.cpp.o
[ 66%] Building CXX object CMakeFiles/whole_array.dir/whole_array/test.cpp.o
[100%] Linking CXX executable whole_array
gmake[3]: Leaving directory '/scratch/luisr/mlir-aie/programming_examples/basic/matrix_multiplication/whole_array/_build'
[100%] Built target whole_array
gmake[2]: Leaving directory '/scratch/luisr/mlir-aie/programming_examples/basic/matrix_multiplication/whole_array/_build'
gmake[1]: Leaving directory '/scratch/luisr/mlir-aie/programming_examples/basic/matrix_multiplication/whole_array/_build'
cp _build/whole_array whole_array.exe 
mkdir -p build
python3 /scratch/luisr/mlir-aie/programming_examples/basic/matrix_multiplication/whole_array/whole_array.py -m 64 -k 64 -n 64 --n-aie-cols 8 --b-col-maj 0 --dev npu2 -M 512 -K 512 -N 512 --dtype_in bf16 --dtype_out bf16 --emulate-bf16-mmul-with-bfp16 true --trace_size 0 > build/aie_512x512x512_64x64x64_8c.mlir
mkdir -p build
cd build && xchesscc_wrapper aie2p -I /proj/xbuilds/2024.2_INT_1113_1001/installs/all_platforms/Vitis/2024.2/aietools/include  -Dbf16_bf16_ONLY -DDIM_M=64 -DDIM_K=64 -DDIM_N=64 -DAIE_API_EMULATE_BFLOAT16_MMUL_WITH_BFP16 -c /scratch/luisr/mlir-aie/programming_examples/basic/matrix_multiplication/whole_array/../../../../aie_kernels/aie2p/mm.cc -o mm_64x64x64.o
WARNING: Default location for XILINX_VIVADO_IP_OVERRIDE not found: /build/xfndry/IP_2024.2_INTEGRATION_VERIFIED/customer/vivado/data/ip
mkdir -p build
cd build && aiecc.py --alloc-scheme=basic-sequential --aie-generate-xclbin --no-compile-host --xclbin-name=final_512x512x512_64x64x64_8c.xclbin \
			 \
			--aie-generate-npu-insts --npu-insts-name=insts_512x512x512_64x64x64_8c.txt ../build/aie_512x512x512_64x64x64_8c.mlir

Generating: /scratch/luisr/mlir-aie/programming_examples/basic/matrix_multiplication/whole_array/build/aie_512x512x512_64x64x64_8c.mlir.prj/aie_cdo_elfs.bin
Generating: /scratch/luisr/mlir-aie/programming_examples/basic/matrix_multiplication/whole_array/build/aie_512x512x512_64x64x64_8c.mlir.prj/aie_cdo_init.bin
Generating: /scratch/luisr/mlir-aie/programming_examples/basic/matrix_multiplication/whole_array/build/aie_512x512x512_64x64x64_8c.mlir.prj/aie_cdo_enable.bin
export XRT_HACK_UNSECURE_LOADING_XCLBIN=1 && \
 ./whole_array.exe -x build/final_512x512x512_64x64x64_8c.xclbin -i build/insts_512x512x512_64x64x64_8c.txt -k MLIR_AIE -M 512 -K 512 -N 512 --iters 40 --warmup 10 --verify=false --b_col_maj 0

Avg NPU matmul time: 152.225us.
Avg NPU gflops: 1763.41

Min NPU matmul time: 142us.
Max NPU gflops: 1890.39

Max NPU matmul time: 156us.
Min NPU gflops: 1720.74

PASS!

rm -rf tmpTrace parse*.json trace*json trace.txt
rm -rf build _build whole_array.exe
rm -rf _build
mkdir -p _build
cd _build &&  cmake -E env CXXFLAGS="-std=c++23 -ggdb -DDTYPE_IN=std::bfloat16_t -DDTYPE_OUT=std::bfloat16_t -DDTYPE_ACC=float" \
	cmake `echo /scratch/luisr/mlir-aie/programming_examples/basic/matrix_multiplication/whole_array/..` -D CMAKE_C_COMPILER=gcc-13 -D CMAKE_CXX_COMPILER=g++-13 -DTARGET_NAME=whole_array -Dsubdir=whole_array
-- The C compiler identification is GNU 13.3.0
-- The CXX compiler identification is GNU 13.3.0
-- Detecting C compiler ABI info
-- Detecting C compiler ABI info - done
-- Check for working C compiler: /usr/bin/gcc-13 - skipped
-- Detecting C compile features
-- Detecting C compile features - done
-- Detecting CXX compiler ABI info
-- Detecting CXX compiler ABI info - done
-- Check for working CXX compiler: /usr/bin/g++-13 - skipped
-- Detecting CXX compile features
-- Detecting CXX compile features - done
-- Configuring done (0.3s)
-- Generating done (0.0s)
-- Build files have been written to: /scratch/luisr/mlir-aie/programming_examples/basic/matrix_multiplication/whole_array/_build
cd _build &&  cmake --build . --config Release
gmake[1]: Entering directory '/scratch/luisr/mlir-aie/programming_examples/basic/matrix_multiplication/whole_array/_build'
gmake[2]: Entering directory '/scratch/luisr/mlir-aie/programming_examples/basic/matrix_multiplication/whole_array/_build'
gmake[3]: Entering directory '/scratch/luisr/mlir-aie/programming_examples/basic/matrix_multiplication/whole_array/_build'
gmake[3]: Leaving directory '/scratch/luisr/mlir-aie/programming_examples/basic/matrix_multiplication/whole_array/_build'
gmake[3]: Entering directory '/scratch/luisr/mlir-aie/programming_examples/basic/matrix_multiplication/whole_array/_build'
[ 33%] Building CXX object CMakeFiles/whole_array.dir/scratch/luisr/mlir-aie/runtime_lib/test_lib/test_utils.cpp.o
[ 66%] Building CXX object CMakeFiles/whole_array.dir/whole_array/test.cpp.o
[100%] Linking CXX executable whole_array
gmake[3]: Leaving directory '/scratch/luisr/mlir-aie/programming_examples/basic/matrix_multiplication/whole_array/_build'
[100%] Built target whole_array
gmake[2]: Leaving directory '/scratch/luisr/mlir-aie/programming_examples/basic/matrix_multiplication/whole_array/_build'
gmake[1]: Leaving directory '/scratch/luisr/mlir-aie/programming_examples/basic/matrix_multiplication/whole_array/_build'
cp _build/whole_array whole_array.exe 
mkdir -p build
python3 /scratch/luisr/mlir-aie/programming_examples/basic/matrix_multiplication/whole_array/whole_array.py -m 64 -k 64 -n 64 --n-aie-cols 8 --b-col-maj 0 --dev npu2 -M 512 -K 512 -N 1024 --dtype_in bf16 --dtype_out bf16 --emulate-bf16-mmul-with-bfp16 true --trace_size 0 > build/aie_512x512x1024_64x64x64_8c.mlir
mkdir -p build
cd build && xchesscc_wrapper aie2p -I /proj/xbuilds/2024.2_INT_1113_1001/installs/all_platforms/Vitis/2024.2/aietools/include  -Dbf16_bf16_ONLY -DDIM_M=64 -DDIM_K=64 -DDIM_N=64 -DAIE_API_EMULATE_BFLOAT16_MMUL_WITH_BFP16 -c /scratch/luisr/mlir-aie/programming_examples/basic/matrix_multiplication/whole_array/../../../../aie_kernels/aie2p/mm.cc -o mm_64x64x64.o
WARNING: Default location for XILINX_VIVADO_IP_OVERRIDE not found: /build/xfndry/IP_2024.2_INTEGRATION_VERIFIED/customer/vivado/data/ip
mkdir -p build
cd build && aiecc.py --alloc-scheme=basic-sequential --aie-generate-xclbin --no-compile-host --xclbin-name=final_512x512x1024_64x64x64_8c.xclbin \
			 \
			--aie-generate-npu-insts --npu-insts-name=insts_512x512x1024_64x64x64_8c.txt ../build/aie_512x512x1024_64x64x64_8c.mlir

Generating: /scratch/luisr/mlir-aie/programming_examples/basic/matrix_multiplication/whole_array/build/aie_512x512x1024_64x64x64_8c.mlir.prj/aie_cdo_elfs.bin
Generating: /scratch/luisr/mlir-aie/programming_examples/basic/matrix_multiplication/whole_array/build/aie_512x512x1024_64x64x64_8c.mlir.prj/aie_cdo_init.bin
Generating: /scratch/luisr/mlir-aie/programming_examples/basic/matrix_multiplication/whole_array/build/aie_512x512x1024_64x64x64_8c.mlir.prj/aie_cdo_enable.bin
export XRT_HACK_UNSECURE_LOADING_XCLBIN=1 && \
 ./whole_array.exe -x build/final_512x512x1024_64x64x64_8c.xclbin -i build/insts_512x512x1024_64x64x64_8c.txt -k MLIR_AIE -M 512 -K 512 -N 1024 --iters 40 --warmup 10 --verify=false --b_col_maj 0

Avg NPU matmul time: 207.725us.
Avg NPU gflops: 2584.53

Min NPU matmul time: 199us.
Max NPU gflops: 2697.84

Max NPU matmul time: 213us.
Min NPU gflops: 2520.52

PASS!

rm -rf tmpTrace parse*.json trace*json trace.txt
rm -rf build _build whole_array.exe
rm -rf _build
mkdir -p _build
cd _build &&  cmake -E env CXXFLAGS="-std=c++23 -ggdb -DDTYPE_IN=std::bfloat16_t -DDTYPE_OUT=std::bfloat16_t -DDTYPE_ACC=float" \
	cmake `echo /scratch/luisr/mlir-aie/programming_examples/basic/matrix_multiplication/whole_array/..` -D CMAKE_C_COMPILER=gcc-13 -D CMAKE_CXX_COMPILER=g++-13 -DTARGET_NAME=whole_array -Dsubdir=whole_array
-- The C compiler identification is GNU 13.3.0
-- The CXX compiler identification is GNU 13.3.0
-- Detecting C compiler ABI info
-- Detecting C compiler ABI info - done
-- Check for working C compiler: /usr/bin/gcc-13 - skipped
-- Detecting C compile features
-- Detecting C compile features - done
-- Detecting CXX compiler ABI info
-- Detecting CXX compiler ABI info - done
-- Check for working CXX compiler: /usr/bin/g++-13 - skipped
-- Detecting CXX compile features
-- Detecting CXX compile features - done
-- Configuring done (0.3s)
-- Generating done (0.0s)
-- Build files have been written to: /scratch/luisr/mlir-aie/programming_examples/basic/matrix_multiplication/whole_array/_build
cd _build &&  cmake --build . --config Release
gmake[1]: Entering directory '/scratch/luisr/mlir-aie/programming_examples/basic/matrix_multiplication/whole_array/_build'
gmake[2]: Entering directory '/scratch/luisr/mlir-aie/programming_examples/basic/matrix_multiplication/whole_array/_build'
gmake[3]: Entering directory '/scratch/luisr/mlir-aie/programming_examples/basic/matrix_multiplication/whole_array/_build'
gmake[3]: Leaving directory '/scratch/luisr/mlir-aie/programming_examples/basic/matrix_multiplication/whole_array/_build'
gmake[3]: Entering directory '/scratch/luisr/mlir-aie/programming_examples/basic/matrix_multiplication/whole_array/_build'
[ 33%] Building CXX object CMakeFiles/whole_array.dir/scratch/luisr/mlir-aie/runtime_lib/test_lib/test_utils.cpp.o
[ 66%] Building CXX object CMakeFiles/whole_array.dir/whole_array/test.cpp.o
[100%] Linking CXX executable whole_array
gmake[3]: Leaving directory '/scratch/luisr/mlir-aie/programming_examples/basic/matrix_multiplication/whole_array/_build'
[100%] Built target whole_array
gmake[2]: Leaving directory '/scratch/luisr/mlir-aie/programming_examples/basic/matrix_multiplication/whole_array/_build'
gmake[1]: Leaving directory '/scratch/luisr/mlir-aie/programming_examples/basic/matrix_multiplication/whole_array/_build'
cp _build/whole_array whole_array.exe 
mkdir -p build
python3 /scratch/luisr/mlir-aie/programming_examples/basic/matrix_multiplication/whole_array/whole_array.py -m 64 -k 64 -n 64 --n-aie-cols 8 --b-col-maj 0 --dev npu2 -M 512 -K 512 -N 4096 --dtype_in bf16 --dtype_out bf16 --emulate-bf16-mmul-with-bfp16 true --trace_size 0 > build/aie_512x512x4096_64x64x64_8c.mlir
mkdir -p build
cd build && xchesscc_wrapper aie2p -I /proj/xbuilds/2024.2_INT_1113_1001/installs/all_platforms/Vitis/2024.2/aietools/include  -Dbf16_bf16_ONLY -DDIM_M=64 -DDIM_K=64 -DDIM_N=64 -DAIE_API_EMULATE_BFLOAT16_MMUL_WITH_BFP16 -c /scratch/luisr/mlir-aie/programming_examples/basic/matrix_multiplication/whole_array/../../../../aie_kernels/aie2p/mm.cc -o mm_64x64x64.o
WARNING: Default location for XILINX_VIVADO_IP_OVERRIDE not found: /build/xfndry/IP_2024.2_INTEGRATION_VERIFIED/customer/vivado/data/ip
mkdir -p build
cd build && aiecc.py --alloc-scheme=basic-sequential --aie-generate-xclbin --no-compile-host --xclbin-name=final_512x512x4096_64x64x64_8c.xclbin \
			 \
			--aie-generate-npu-insts --npu-insts-name=insts_512x512x4096_64x64x64_8c.txt ../build/aie_512x512x4096_64x64x64_8c.mlir

Generating: /scratch/luisr/mlir-aie/programming_examples/basic/matrix_multiplication/whole_array/build/aie_512x512x4096_64x64x64_8c.mlir.prj/aie_cdo_elfs.bin
Generating: /scratch/luisr/mlir-aie/programming_examples/basic/matrix_multiplication/whole_array/build/aie_512x512x4096_64x64x64_8c.mlir.prj/aie_cdo_init.bin
Generating: /scratch/luisr/mlir-aie/programming_examples/basic/matrix_multiplication/whole_array/build/aie_512x512x4096_64x64x64_8c.mlir.prj/aie_cdo_enable.bin
export XRT_HACK_UNSECURE_LOADING_XCLBIN=1 && \
 ./whole_array.exe -x build/final_512x512x4096_64x64x64_8c.xclbin -i build/insts_512x512x4096_64x64x64_8c.txt -k MLIR_AIE -M 512 -K 512 -N 4096 --iters 40 --warmup 10 --verify=false --b_col_maj 0

Avg NPU matmul time: 562.1us.
Avg NPU gflops: 3820.47

Min NPU matmul time: 554us.
Max NPU gflops: 3876.32

Max NPU matmul time: 568us.
Min NPU gflops: 3780.78

PASS!

rm -rf tmpTrace parse*.json trace*json trace.txt
rm -rf build _build whole_array.exe
rm -rf _build
mkdir -p _build
cd _build &&  cmake -E env CXXFLAGS="-std=c++23 -ggdb -DDTYPE_IN=std::bfloat16_t -DDTYPE_OUT=std::bfloat16_t -DDTYPE_ACC=float" \
	cmake `echo /scratch/luisr/mlir-aie/programming_examples/basic/matrix_multiplication/whole_array/..` -D CMAKE_C_COMPILER=gcc-13 -D CMAKE_CXX_COMPILER=g++-13 -DTARGET_NAME=whole_array -Dsubdir=whole_array
-- The C compiler identification is GNU 13.3.0
-- The CXX compiler identification is GNU 13.3.0
-- Detecting C compiler ABI info
-- Detecting C compiler ABI info - done
-- Check for working C compiler: /usr/bin/gcc-13 - skipped
-- Detecting C compile features
-- Detecting C compile features - done
-- Detecting CXX compiler ABI info
-- Detecting CXX compiler ABI info - done
-- Check for working CXX compiler: /usr/bin/g++-13 - skipped
-- Detecting CXX compile features
-- Detecting CXX compile features - done
-- Configuring done (0.3s)
-- Generating done (0.0s)
-- Build files have been written to: /scratch/luisr/mlir-aie/programming_examples/basic/matrix_multiplication/whole_array/_build
cd _build &&  cmake --build . --config Release
gmake[1]: Entering directory '/scratch/luisr/mlir-aie/programming_examples/basic/matrix_multiplication/whole_array/_build'
gmake[2]: Entering directory '/scratch/luisr/mlir-aie/programming_examples/basic/matrix_multiplication/whole_array/_build'
gmake[3]: Entering directory '/scratch/luisr/mlir-aie/programming_examples/basic/matrix_multiplication/whole_array/_build'
gmake[3]: Leaving directory '/scratch/luisr/mlir-aie/programming_examples/basic/matrix_multiplication/whole_array/_build'
gmake[3]: Entering directory '/scratch/luisr/mlir-aie/programming_examples/basic/matrix_multiplication/whole_array/_build'
[ 33%] Building CXX object CMakeFiles/whole_array.dir/scratch/luisr/mlir-aie/runtime_lib/test_lib/test_utils.cpp.o
[ 66%] Building CXX object CMakeFiles/whole_array.dir/whole_array/test.cpp.o
[100%] Linking CXX executable whole_array
gmake[3]: Leaving directory '/scratch/luisr/mlir-aie/programming_examples/basic/matrix_multiplication/whole_array/_build'
[100%] Built target whole_array
gmake[2]: Leaving directory '/scratch/luisr/mlir-aie/programming_examples/basic/matrix_multiplication/whole_array/_build'
gmake[1]: Leaving directory '/scratch/luisr/mlir-aie/programming_examples/basic/matrix_multiplication/whole_array/_build'
cp _build/whole_array whole_array.exe 
mkdir -p build
python3 /scratch/luisr/mlir-aie/programming_examples/basic/matrix_multiplication/whole_array/whole_array.py -m 64 -k 64 -n 64 --n-aie-cols 8 --b-col-maj 0 --dev npu2 -M 512 -K 512 -N 8192 --dtype_in bf16 --dtype_out bf16 --emulate-bf16-mmul-with-bfp16 true --trace_size 0 > build/aie_512x512x8192_64x64x64_8c.mlir
mkdir -p build
cd build && xchesscc_wrapper aie2p -I /proj/xbuilds/2024.2_INT_1113_1001/installs/all_platforms/Vitis/2024.2/aietools/include  -Dbf16_bf16_ONLY -DDIM_M=64 -DDIM_K=64 -DDIM_N=64 -DAIE_API_EMULATE_BFLOAT16_MMUL_WITH_BFP16 -c /scratch/luisr/mlir-aie/programming_examples/basic/matrix_multiplication/whole_array/../../../../aie_kernels/aie2p/mm.cc -o mm_64x64x64.o
WARNING: Default location for XILINX_VIVADO_IP_OVERRIDE not found: /build/xfndry/IP_2024.2_INTEGRATION_VERIFIED/customer/vivado/data/ip
mkdir -p build
cd build && aiecc.py --alloc-scheme=basic-sequential --aie-generate-xclbin --no-compile-host --xclbin-name=final_512x512x8192_64x64x64_8c.xclbin \
			 \
			--aie-generate-npu-insts --npu-insts-name=insts_512x512x8192_64x64x64_8c.txt ../build/aie_512x512x8192_64x64x64_8c.mlir

Generating: /scratch/luisr/mlir-aie/programming_examples/basic/matrix_multiplication/whole_array/build/aie_512x512x8192_64x64x64_8c.mlir.prj/aie_cdo_elfs.bin
Generating: /scratch/luisr/mlir-aie/programming_examples/basic/matrix_multiplication/whole_array/build/aie_512x512x8192_64x64x64_8c.mlir.prj/aie_cdo_init.bin
Generating: /scratch/luisr/mlir-aie/programming_examples/basic/matrix_multiplication/whole_array/build/aie_512x512x8192_64x64x64_8c.mlir.prj/aie_cdo_enable.bin
export XRT_HACK_UNSECURE_LOADING_XCLBIN=1 && \
 ./whole_array.exe -x build/final_512x512x8192_64x64x64_8c.xclbin -i build/insts_512x512x8192_64x64x64_8c.txt -k MLIR_AIE -M 512 -K 512 -N 8192 --iters 40 --warmup 10 --verify=false --b_col_maj 0

Avg NPU matmul time: 1318.82us.
Avg NPU gflops: 3256.66

Min NPU matmul time: 1073us.
Max NPU gflops: 4002.77

Max NPU matmul time: 1966us.
Min NPU gflops: 2184.62

PASS!

rm -rf tmpTrace parse*.json trace*json trace.txt
rm -rf build _build whole_array.exe
rm -rf _build
mkdir -p _build
cd _build &&  cmake -E env CXXFLAGS="-std=c++23 -ggdb -DDTYPE_IN=std::bfloat16_t -DDTYPE_OUT=std::bfloat16_t -DDTYPE_ACC=float" \
	cmake `echo /scratch/luisr/mlir-aie/programming_examples/basic/matrix_multiplication/whole_array/..` -D CMAKE_C_COMPILER=gcc-13 -D CMAKE_CXX_COMPILER=g++-13 -DTARGET_NAME=whole_array -Dsubdir=whole_array
-- The C compiler identification is GNU 13.3.0
-- The CXX compiler identification is GNU 13.3.0
-- Detecting C compiler ABI info
-- Detecting C compiler ABI info - done
-- Check for working C compiler: /usr/bin/gcc-13 - skipped
-- Detecting C compile features
-- Detecting C compile features - done
-- Detecting CXX compiler ABI info
-- Detecting CXX compiler ABI info - done
-- Check for working CXX compiler: /usr/bin/g++-13 - skipped
-- Detecting CXX compile features
-- Detecting CXX compile features - done
-- Configuring done (0.3s)
-- Generating done (0.0s)
-- Build files have been written to: /scratch/luisr/mlir-aie/programming_examples/basic/matrix_multiplication/whole_array/_build
cd _build &&  cmake --build . --config Release
gmake[1]: Entering directory '/scratch/luisr/mlir-aie/programming_examples/basic/matrix_multiplication/whole_array/_build'
gmake[2]: Entering directory '/scratch/luisr/mlir-aie/programming_examples/basic/matrix_multiplication/whole_array/_build'
gmake[3]: Entering directory '/scratch/luisr/mlir-aie/programming_examples/basic/matrix_multiplication/whole_array/_build'
gmake[3]: Leaving directory '/scratch/luisr/mlir-aie/programming_examples/basic/matrix_multiplication/whole_array/_build'
gmake[3]: Entering directory '/scratch/luisr/mlir-aie/programming_examples/basic/matrix_multiplication/whole_array/_build'
[ 33%] Building CXX object CMakeFiles/whole_array.dir/scratch/luisr/mlir-aie/runtime_lib/test_lib/test_utils.cpp.o
[ 66%] Building CXX object CMakeFiles/whole_array.dir/whole_array/test.cpp.o
[100%] Linking CXX executable whole_array
gmake[3]: Leaving directory '/scratch/luisr/mlir-aie/programming_examples/basic/matrix_multiplication/whole_array/_build'
[100%] Built target whole_array
gmake[2]: Leaving directory '/scratch/luisr/mlir-aie/programming_examples/basic/matrix_multiplication/whole_array/_build'
gmake[1]: Leaving directory '/scratch/luisr/mlir-aie/programming_examples/basic/matrix_multiplication/whole_array/_build'
cp _build/whole_array whole_array.exe 
mkdir -p build
python3 /scratch/luisr/mlir-aie/programming_examples/basic/matrix_multiplication/whole_array/whole_array.py -m 64 -k 64 -n 64 --n-aie-cols 8 --b-col-maj 0 --dev npu2 -M 512 -K 1024 -N 512 --dtype_in bf16 --dtype_out bf16 --emulate-bf16-mmul-with-bfp16 true --trace_size 0 > build/aie_512x1024x512_64x64x64_8c.mlir
mkdir -p build
cd build && xchesscc_wrapper aie2p -I /proj/xbuilds/2024.2_INT_1113_1001/installs/all_platforms/Vitis/2024.2/aietools/include  -Dbf16_bf16_ONLY -DDIM_M=64 -DDIM_K=64 -DDIM_N=64 -DAIE_API_EMULATE_BFLOAT16_MMUL_WITH_BFP16 -c /scratch/luisr/mlir-aie/programming_examples/basic/matrix_multiplication/whole_array/../../../../aie_kernels/aie2p/mm.cc -o mm_64x64x64.o
WARNING: Default location for XILINX_VIVADO_IP_OVERRIDE not found: /build/xfndry/IP_2024.2_INTEGRATION_VERIFIED/customer/vivado/data/ip
mkdir -p build
cd build && aiecc.py --alloc-scheme=basic-sequential --aie-generate-xclbin --no-compile-host --xclbin-name=final_512x1024x512_64x64x64_8c.xclbin \
			 \
			--aie-generate-npu-insts --npu-insts-name=insts_512x1024x512_64x64x64_8c.txt ../build/aie_512x1024x512_64x64x64_8c.mlir

Generating: /scratch/luisr/mlir-aie/programming_examples/basic/matrix_multiplication/whole_array/build/aie_512x1024x512_64x64x64_8c.mlir.prj/aie_cdo_elfs.bin
rm -rf tmpTrace parse*.json trace*json trace.txt
rm -rf build _build whole_array.exe
rm -rf _build
mkdir -p _build
cd _build &&  cmake -E env CXXFLAGS="-std=c++23 -ggdb -DDTYPE_IN=std::bfloat16_t -DDTYPE_OUT=std::bfloat16_t -DDTYPE_ACC=float" \
	cmake `echo /scratch/luisr/mlir-aie/programming_examples/basic/matrix_multiplication/whole_array/..` -D CMAKE_C_COMPILER=gcc-13 -D CMAKE_CXX_COMPILER=g++-13 -DTARGET_NAME=whole_array -Dsubdir=whole_array
-- The C compiler identification is GNU 13.3.0
-- The CXX compiler identification is GNU 13.3.0
-- Detecting C compiler ABI info
-- Detecting C compiler ABI info - done
-- Check for working C compiler: /usr/bin/gcc-13 - skipped
-- Detecting C compile features
-- Detecting C compile features - done
-- Detecting CXX compiler ABI info
-- Detecting CXX compiler ABI info - done
-- Check for working CXX compiler: /usr/bin/g++-13 - skipped
-- Detecting CXX compile features
-- Detecting CXX compile features - done
-- Configuring done (0.3s)
-- Generating done (0.0s)
-- Build files have been written to: /scratch/luisr/mlir-aie/programming_examples/basic/matrix_multiplication/whole_array/_build
cd _build &&  cmake --build . --config Release
gmake[1]: Entering directory '/scratch/luisr/mlir-aie/programming_examples/basic/matrix_multiplication/whole_array/_build'
gmake[2]: Entering directory '/scratch/luisr/mlir-aie/programming_examples/basic/matrix_multiplication/whole_array/_build'
gmake[3]: Entering directory '/scratch/luisr/mlir-aie/programming_examples/basic/matrix_multiplication/whole_array/_build'
gmake[3]: Leaving directory '/scratch/luisr/mlir-aie/programming_examples/basic/matrix_multiplication/whole_array/_build'
gmake[3]: Entering directory '/scratch/luisr/mlir-aie/programming_examples/basic/matrix_multiplication/whole_array/_build'
[ 33%] Building CXX object CMakeFiles/whole_array.dir/scratch/luisr/mlir-aie/runtime_lib/test_lib/test_utils.cpp.o
[ 66%] Building CXX object CMakeFiles/whole_array.dir/whole_array/test.cpp.o
[100%] Linking CXX executable whole_array
gmake[3]: Leaving directory '/scratch/luisr/mlir-aie/programming_examples/basic/matrix_multiplication/whole_array/_build'
[100%] Built target whole_array
gmake[2]: Leaving directory '/scratch/luisr/mlir-aie/programming_examples/basic/matrix_multiplication/whole_array/_build'
gmake[1]: Leaving directory '/scratch/luisr/mlir-aie/programming_examples/basic/matrix_multiplication/whole_array/_build'
cp _build/whole_array whole_array.exe 
mkdir -p build
python3 /scratch/luisr/mlir-aie/programming_examples/basic/matrix_multiplication/whole_array/whole_array.py -m 64 -k 64 -n 64 --n-aie-cols 8 --b-col-maj 0 --dev npu2 -M 512 -K 1024 -N 1024 --dtype_in bf16 --dtype_out bf16 --emulate-bf16-mmul-with-bfp16 true --trace_size 0 > build/aie_512x1024x1024_64x64x64_8c.mlir
mkdir -p build
cd build && xchesscc_wrapper aie2p -I /proj/xbuilds/2024.2_INT_1113_1001/installs/all_platforms/Vitis/2024.2/aietools/include  -Dbf16_bf16_ONLY -DDIM_M=64 -DDIM_K=64 -DDIM_N=64 -DAIE_API_EMULATE_BFLOAT16_MMUL_WITH_BFP16 -c /scratch/luisr/mlir-aie/programming_examples/basic/matrix_multiplication/whole_array/../../../../aie_kernels/aie2p/mm.cc -o mm_64x64x64.o
WARNING: Default location for XILINX_VIVADO_IP_OVERRIDE not found: /build/xfndry/IP_2024.2_INTEGRATION_VERIFIED/customer/vivado/data/ip
mkdir -p build
cd build && aiecc.py --alloc-scheme=basic-sequential --aie-generate-xclbin --no-compile-host --xclbin-name=final_512x1024x1024_64x64x64_8c.xclbin \
			 \
			--aie-generate-npu-insts --npu-insts-name=insts_512x1024x1024_64x64x64_8c.txt ../build/aie_512x1024x1024_64x64x64_8c.mlir

Generating: /scratch/luisr/mlir-aie/programming_examples/basic/matrix_multiplication/whole_array/build/aie_512x1024x1024_64x64x64_8c.mlir.prj/aie_cdo_elfs.bin
Generating: /scratch/luisr/mlir-aie/programming_examples/basic/matrix_multiplication/whole_array/build/aie_512x1024x1024_64x64x64_8c.mlir.prj/aie_cdo_init.bin
Generating: /scratch/luisr/mlir-aie/programming_examples/basic/matrix_multiplication/whole_array/build/aie_512x1024x1024_64x64x64_8c.mlir.prj/aie_cdo_enable.bin
export XRT_HACK_UNSECURE_LOADING_XCLBIN=1 && \
 ./whole_array.exe -x build/final_512x1024x1024_64x64x64_8c.xclbin -i build/insts_512x1024x1024_64x64x64_8c.txt -k MLIR_AIE -M 512 -K 1024 -N 1024 --iters 40 --warmup 10 --verify=false --b_col_maj 0

Avg NPU matmul time: 316.25us.
Avg NPU gflops: 3395.23

Min NPU matmul time: 309us.
Max NPU gflops: 3474.89

Max NPU matmul time: 336us.
Min NPU gflops: 3195.66

PASS!

rm -rf tmpTrace parse*.json trace*json trace.txt
rm -rf build _build whole_array.exe
rm -rf _build
mkdir -p _build
cd _build &&  cmake -E env CXXFLAGS="-std=c++23 -ggdb -DDTYPE_IN=std::bfloat16_t -DDTYPE_OUT=std::bfloat16_t -DDTYPE_ACC=float" \
	cmake `echo /scratch/luisr/mlir-aie/programming_examples/basic/matrix_multiplication/whole_array/..` -D CMAKE_C_COMPILER=gcc-13 -D CMAKE_CXX_COMPILER=g++-13 -DTARGET_NAME=whole_array -Dsubdir=whole_array
-- The C compiler identification is GNU 13.3.0
-- The CXX compiler identification is GNU 13.3.0
-- Detecting C compiler ABI info
-- Detecting C compiler ABI info - done
-- Check for working C compiler: /usr/bin/gcc-13 - skipped
-- Detecting C compile features
-- Detecting C compile features - done
-- Detecting CXX compiler ABI info
-- Detecting CXX compiler ABI info - done
-- Check for working CXX compiler: /usr/bin/g++-13 - skipped
-- Detecting CXX compile features
-- Detecting CXX compile features - done
-- Configuring done (0.3s)
-- Generating done (0.0s)
-- Build files have been written to: /scratch/luisr/mlir-aie/programming_examples/basic/matrix_multiplication/whole_array/_build
cd _build &&  cmake --build . --config Release
gmake[1]: Entering directory '/scratch/luisr/mlir-aie/programming_examples/basic/matrix_multiplication/whole_array/_build'
gmake[2]: Entering directory '/scratch/luisr/mlir-aie/programming_examples/basic/matrix_multiplication/whole_array/_build'
gmake[3]: Entering directory '/scratch/luisr/mlir-aie/programming_examples/basic/matrix_multiplication/whole_array/_build'
gmake[3]: Leaving directory '/scratch/luisr/mlir-aie/programming_examples/basic/matrix_multiplication/whole_array/_build'
gmake[3]: Entering directory '/scratch/luisr/mlir-aie/programming_examples/basic/matrix_multiplication/whole_array/_build'
[ 33%] Building CXX object CMakeFiles/whole_array.dir/scratch/luisr/mlir-aie/runtime_lib/test_lib/test_utils.cpp.o
[ 66%] Building CXX object CMakeFiles/whole_array.dir/whole_array/test.cpp.o
[100%] Linking CXX executable whole_array
gmake[3]: Leaving directory '/scratch/luisr/mlir-aie/programming_examples/basic/matrix_multiplication/whole_array/_build'
[100%] Built target whole_array
gmake[2]: Leaving directory '/scratch/luisr/mlir-aie/programming_examples/basic/matrix_multiplication/whole_array/_build'
gmake[1]: Leaving directory '/scratch/luisr/mlir-aie/programming_examples/basic/matrix_multiplication/whole_array/_build'
cp _build/whole_array whole_array.exe 
mkdir -p build
python3 /scratch/luisr/mlir-aie/programming_examples/basic/matrix_multiplication/whole_array/whole_array.py -m 64 -k 64 -n 64 --n-aie-cols 8 --b-col-maj 0 --dev npu2 -M 512 -K 1024 -N 4096 --dtype_in bf16 --dtype_out bf16 --emulate-bf16-mmul-with-bfp16 true --trace_size 0 > build/aie_512x1024x4096_64x64x64_8c.mlir
mkdir -p build
cd build && xchesscc_wrapper aie2p -I /proj/xbuilds/2024.2_INT_1113_1001/installs/all_platforms/Vitis/2024.2/aietools/include  -Dbf16_bf16_ONLY -DDIM_M=64 -DDIM_K=64 -DDIM_N=64 -DAIE_API_EMULATE_BFLOAT16_MMUL_WITH_BFP16 -c /scratch/luisr/mlir-aie/programming_examples/basic/matrix_multiplication/whole_array/../../../../aie_kernels/aie2p/mm.cc -o mm_64x64x64.o
WARNING: Default location for XILINX_VIVADO_IP_OVERRIDE not found: /build/xfndry/IP_2024.2_INTEGRATION_VERIFIED/customer/vivado/data/ip
mkdir -p build
cd build && aiecc.py --alloc-scheme=basic-sequential --aie-generate-xclbin --no-compile-host --xclbin-name=final_512x1024x4096_64x64x64_8c.xclbin \
			 \
			--aie-generate-npu-insts --npu-insts-name=insts_512x1024x4096_64x64x64_8c.txt ../build/aie_512x1024x4096_64x64x64_8c.mlir

Generating: /scratch/luisr/mlir-aie/programming_examples/basic/matrix_multiplication/whole_array/build/aie_512x1024x4096_64x64x64_8c.mlir.prj/aie_cdo_elfs.bin
Generating: /scratch/luisr/mlir-aie/programming_examples/basic/matrix_multiplication/whole_array/build/aie_512x1024x4096_64x64x64_8c.mlir.prj/aie_cdo_init.bin
Generating: /scratch/luisr/mlir-aie/programming_examples/basic/matrix_multiplication/whole_array/build/aie_512x1024x4096_64x64x64_8c.mlir.prj/aie_cdo_enable.bin
export XRT_HACK_UNSECURE_LOADING_XCLBIN=1 && \
 ./whole_array.exe -x build/final_512x1024x4096_64x64x64_8c.xclbin -i build/insts_512x1024x4096_64x64x64_8c.txt -k MLIR_AIE -M 512 -K 1024 -N 4096 --iters 40 --warmup 10 --verify=false --b_col_maj 0

Avg NPU matmul time: 1103.45us.
Avg NPU gflops: 3892.31

Min NPU matmul time: 1026us.
Max NPU gflops: 4186.13

Max NPU matmul time: 1524us.
Min NPU gflops: 2818.22

PASS!

rm -rf tmpTrace parse*.json trace*json trace.txt
rm -rf build _build whole_array.exe
rm -rf _build
mkdir -p _build
cd _build &&  cmake -E env CXXFLAGS="-std=c++23 -ggdb -DDTYPE_IN=std::bfloat16_t -DDTYPE_OUT=std::bfloat16_t -DDTYPE_ACC=float" \
	cmake `echo /scratch/luisr/mlir-aie/programming_examples/basic/matrix_multiplication/whole_array/..` -D CMAKE_C_COMPILER=gcc-13 -D CMAKE_CXX_COMPILER=g++-13 -DTARGET_NAME=whole_array -Dsubdir=whole_array
-- The C compiler identification is GNU 13.3.0
-- The CXX compiler identification is GNU 13.3.0
-- Detecting C compiler ABI info
-- Detecting C compiler ABI info - done
-- Check for working C compiler: /usr/bin/gcc-13 - skipped
-- Detecting C compile features
-- Detecting C compile features - done
-- Detecting CXX compiler ABI info
-- Detecting CXX compiler ABI info - done
-- Check for working CXX compiler: /usr/bin/g++-13 - skipped
-- Detecting CXX compile features
-- Detecting CXX compile features - done
-- Configuring done (0.3s)
-- Generating done (0.0s)
-- Build files have been written to: /scratch/luisr/mlir-aie/programming_examples/basic/matrix_multiplication/whole_array/_build
cd _build &&  cmake --build . --config Release
gmake[1]: Entering directory '/scratch/luisr/mlir-aie/programming_examples/basic/matrix_multiplication/whole_array/_build'
gmake[2]: Entering directory '/scratch/luisr/mlir-aie/programming_examples/basic/matrix_multiplication/whole_array/_build'
gmake[3]: Entering directory '/scratch/luisr/mlir-aie/programming_examples/basic/matrix_multiplication/whole_array/_build'
gmake[3]: Leaving directory '/scratch/luisr/mlir-aie/programming_examples/basic/matrix_multiplication/whole_array/_build'
gmake[3]: Entering directory '/scratch/luisr/mlir-aie/programming_examples/basic/matrix_multiplication/whole_array/_build'
[ 33%] Building CXX object CMakeFiles/whole_array.dir/scratch/luisr/mlir-aie/runtime_lib/test_lib/test_utils.cpp.o
[ 66%] Building CXX object CMakeFiles/whole_array.dir/whole_array/test.cpp.o
[100%] Linking CXX executable whole_array
gmake[3]: Leaving directory '/scratch/luisr/mlir-aie/programming_examples/basic/matrix_multiplication/whole_array/_build'
[100%] Built target whole_array
gmake[2]: Leaving directory '/scratch/luisr/mlir-aie/programming_examples/basic/matrix_multiplication/whole_array/_build'
gmake[1]: Leaving directory '/scratch/luisr/mlir-aie/programming_examples/basic/matrix_multiplication/whole_array/_build'
cp _build/whole_array whole_array.exe 
mkdir -p build
python3 /scratch/luisr/mlir-aie/programming_examples/basic/matrix_multiplication/whole_array/whole_array.py -m 64 -k 64 -n 64 --n-aie-cols 8 --b-col-maj 0 --dev npu2 -M 512 -K 1024 -N 8192 --dtype_in bf16 --dtype_out bf16 --emulate-bf16-mmul-with-bfp16 true --trace_size 0 > build/aie_512x1024x8192_64x64x64_8c.mlir
mkdir -p build
cd build && xchesscc_wrapper aie2p -I /proj/xbuilds/2024.2_INT_1113_1001/installs/all_platforms/Vitis/2024.2/aietools/include  -Dbf16_bf16_ONLY -DDIM_M=64 -DDIM_K=64 -DDIM_N=64 -DAIE_API_EMULATE_BFLOAT16_MMUL_WITH_BFP16 -c /scratch/luisr/mlir-aie/programming_examples/basic/matrix_multiplication/whole_array/../../../../aie_kernels/aie2p/mm.cc -o mm_64x64x64.o
WARNING: Default location for XILINX_VIVADO_IP_OVERRIDE not found: /build/xfndry/IP_2024.2_INTEGRATION_VERIFIED/customer/vivado/data/ip
mkdir -p build
cd build && aiecc.py --alloc-scheme=basic-sequential --aie-generate-xclbin --no-compile-host --xclbin-name=final_512x1024x8192_64x64x64_8c.xclbin \
			 \
			--aie-generate-npu-insts --npu-insts-name=insts_512x1024x8192_64x64x64_8c.txt ../build/aie_512x1024x8192_64x64x64_8c.mlir

Generating: /scratch/luisr/mlir-aie/programming_examples/basic/matrix_multiplication/whole_array/build/aie_512x1024x8192_64x64x64_8c.mlir.prj/aie_cdo_elfs.bin
Generating: /scratch/luisr/mlir-aie/programming_examples/basic/matrix_multiplication/whole_array/build/aie_512x1024x8192_64x64x64_8c.mlir.prj/aie_cdo_init.bin
Generating: /scratch/luisr/mlir-aie/programming_examples/basic/matrix_multiplication/whole_array/build/aie_512x1024x8192_64x64x64_8c.mlir.prj/aie_cdo_enable.bin
export XRT_HACK_UNSECURE_LOADING_XCLBIN=1 && \
 ./whole_array.exe -x build/final_512x1024x8192_64x64x64_8c.xclbin -i build/insts_512x1024x8192_64x64x64_8c.txt -k MLIR_AIE -M 512 -K 1024 -N 8192 --iters 40 --warmup 10 --verify=false --b_col_maj 0

Avg NPU matmul time: 2404.95us.
Avg NPU gflops: 3571.77

Min NPU matmul time: 2141us.
Max NPU gflops: 4012.11

Max NPU matmul time: 2776us.
Min NPU gflops: 3094.36

PASS!

rm -rf tmpTrace parse*.json trace*json trace.txt
rm -rf build _build whole_array.exe
rm -rf _build
mkdir -p _build
cd _build &&  cmake -E env CXXFLAGS="-std=c++23 -ggdb -DDTYPE_IN=std::bfloat16_t -DDTYPE_OUT=std::bfloat16_t -DDTYPE_ACC=float" \
	cmake `echo /scratch/luisr/mlir-aie/programming_examples/basic/matrix_multiplication/whole_array/..` -D CMAKE_C_COMPILER=gcc-13 -D CMAKE_CXX_COMPILER=g++-13 -DTARGET_NAME=whole_array -Dsubdir=whole_array
-- The C compiler identification is GNU 13.3.0
-- The CXX compiler identification is GNU 13.3.0
-- Detecting C compiler ABI info
-- Detecting C compiler ABI info - done
-- Check for working C compiler: /usr/bin/gcc-13 - skipped
-- Detecting C compile features
-- Detecting C compile features - done
-- Detecting CXX compiler ABI info
-- Detecting CXX compiler ABI info - done
-- Check for working CXX compiler: /usr/bin/g++-13 - skipped
-- Detecting CXX compile features
-- Detecting CXX compile features - done
-- Configuring done (0.3s)
-- Generating done (0.0s)
-- Build files have been written to: /scratch/luisr/mlir-aie/programming_examples/basic/matrix_multiplication/whole_array/_build
cd _build &&  cmake --build . --config Release
gmake[1]: Entering directory '/scratch/luisr/mlir-aie/programming_examples/basic/matrix_multiplication/whole_array/_build'
gmake[2]: Entering directory '/scratch/luisr/mlir-aie/programming_examples/basic/matrix_multiplication/whole_array/_build'
gmake[3]: Entering directory '/scratch/luisr/mlir-aie/programming_examples/basic/matrix_multiplication/whole_array/_build'
gmake[3]: Leaving directory '/scratch/luisr/mlir-aie/programming_examples/basic/matrix_multiplication/whole_array/_build'
gmake[3]: Entering directory '/scratch/luisr/mlir-aie/programming_examples/basic/matrix_multiplication/whole_array/_build'
[ 33%] Building CXX object CMakeFiles/whole_array.dir/scratch/luisr/mlir-aie/runtime_lib/test_lib/test_utils.cpp.o
[ 66%] Building CXX object CMakeFiles/whole_array.dir/whole_array/test.cpp.o
[100%] Linking CXX executable whole_array
gmake[3]: Leaving directory '/scratch/luisr/mlir-aie/programming_examples/basic/matrix_multiplication/whole_array/_build'
[100%] Built target whole_array
gmake[2]: Leaving directory '/scratch/luisr/mlir-aie/programming_examples/basic/matrix_multiplication/whole_array/_build'
gmake[1]: Leaving directory '/scratch/luisr/mlir-aie/programming_examples/basic/matrix_multiplication/whole_array/_build'
cp _build/whole_array whole_array.exe 
mkdir -p build
python3 /scratch/luisr/mlir-aie/programming_examples/basic/matrix_multiplication/whole_array/whole_array.py -m 64 -k 64 -n 64 --n-aie-cols 8 --b-col-maj 0 --dev npu2 -M 512 -K 4096 -N 512 --dtype_in bf16 --dtype_out bf16 --emulate-bf16-mmul-with-bfp16 true --trace_size 0 > build/aie_512x4096x512_64x64x64_8c.mlir
mkdir -p build
cd build && xchesscc_wrapper aie2p -I /proj/xbuilds/2024.2_INT_1113_1001/installs/all_platforms/Vitis/2024.2/aietools/include  -Dbf16_bf16_ONLY -DDIM_M=64 -DDIM_K=64 -DDIM_N=64 -DAIE_API_EMULATE_BFLOAT16_MMUL_WITH_BFP16 -c /scratch/luisr/mlir-aie/programming_examples/basic/matrix_multiplication/whole_array/../../../../aie_kernels/aie2p/mm.cc -o mm_64x64x64.o
WARNING: Default location for XILINX_VIVADO_IP_OVERRIDE not found: /build/xfndry/IP_2024.2_INTEGRATION_VERIFIED/customer/vivado/data/ip
mkdir -p build
cd build && aiecc.py --alloc-scheme=basic-sequential --aie-generate-xclbin --no-compile-host --xclbin-name=final_512x4096x512_64x64x64_8c.xclbin \
			 \
			--aie-generate-npu-insts --npu-insts-name=insts_512x4096x512_64x64x64_8c.txt ../build/aie_512x4096x512_64x64x64_8c.mlir

Generating: /scratch/luisr/mlir-aie/programming_examples/basic/matrix_multiplication/whole_array/build/aie_512x4096x512_64x64x64_8c.mlir.prj/aie_cdo_elfs.bin
Generating: /scratch/luisr/mlir-aie/programming_examples/basic/matrix_multiplication/whole_array/build/aie_512x4096x512_64x64x64_8c.mlir.prj/aie_cdo_init.bin
Generating: /scratch/luisr/mlir-aie/programming_examples/basic/matrix_multiplication/whole_array/build/aie_512x4096x512_64x64x64_8c.mlir.prj/aie_cdo_enable.bin
export XRT_HACK_UNSECURE_LOADING_XCLBIN=1 && \
 ./whole_array.exe -x build/final_512x4096x512_64x64x64_8c.xclbin -i build/insts_512x4096x512_64x64x64_8c.txt -k MLIR_AIE -M 512 -K 4096 -N 512 --iters 40 --warmup 10 --verify=false --b_col_maj 0

Avg NPU matmul time: 533.975us.
Avg NPU gflops: 4021.69

Min NPU matmul time: 531us.
Max NPU gflops: 4044.23

Max NPU matmul time: 540us.
Min NPU gflops: 3976.82

PASS!

rm -rf tmpTrace parse*.json trace*json trace.txt
rm -rf build _build whole_array.exe
rm -rf _build
mkdir -p _build
cd _build &&  cmake -E env CXXFLAGS="-std=c++23 -ggdb -DDTYPE_IN=std::bfloat16_t -DDTYPE_OUT=std::bfloat16_t -DDTYPE_ACC=float" \
	cmake `echo /scratch/luisr/mlir-aie/programming_examples/basic/matrix_multiplication/whole_array/..` -D CMAKE_C_COMPILER=gcc-13 -D CMAKE_CXX_COMPILER=g++-13 -DTARGET_NAME=whole_array -Dsubdir=whole_array
-- The C compiler identification is GNU 13.3.0
-- The CXX compiler identification is GNU 13.3.0
-- Detecting C compiler ABI info
-- Detecting C compiler ABI info - done
-- Check for working C compiler: /usr/bin/gcc-13 - skipped
-- Detecting C compile features
-- Detecting C compile features - done
-- Detecting CXX compiler ABI info
-- Detecting CXX compiler ABI info - done
-- Check for working CXX compiler: /usr/bin/g++-13 - skipped
-- Detecting CXX compile features
-- Detecting CXX compile features - done
-- Configuring done (0.3s)
-- Generating done (0.0s)
-- Build files have been written to: /scratch/luisr/mlir-aie/programming_examples/basic/matrix_multiplication/whole_array/_build
cd _build &&  cmake --build . --config Release
gmake[1]: Entering directory '/scratch/luisr/mlir-aie/programming_examples/basic/matrix_multiplication/whole_array/_build'
gmake[2]: Entering directory '/scratch/luisr/mlir-aie/programming_examples/basic/matrix_multiplication/whole_array/_build'
gmake[3]: Entering directory '/scratch/luisr/mlir-aie/programming_examples/basic/matrix_multiplication/whole_array/_build'
gmake[3]: Leaving directory '/scratch/luisr/mlir-aie/programming_examples/basic/matrix_multiplication/whole_array/_build'
gmake[3]: Entering directory '/scratch/luisr/mlir-aie/programming_examples/basic/matrix_multiplication/whole_array/_build'
[ 33%] Building CXX object CMakeFiles/whole_array.dir/scratch/luisr/mlir-aie/runtime_lib/test_lib/test_utils.cpp.o
[ 66%] Building CXX object CMakeFiles/whole_array.dir/whole_array/test.cpp.o
[100%] Linking CXX executable whole_array
gmake[3]: Leaving directory '/scratch/luisr/mlir-aie/programming_examples/basic/matrix_multiplication/whole_array/_build'
[100%] Built target whole_array
gmake[2]: Leaving directory '/scratch/luisr/mlir-aie/programming_examples/basic/matrix_multiplication/whole_array/_build'
gmake[1]: Leaving directory '/scratch/luisr/mlir-aie/programming_examples/basic/matrix_multiplication/whole_array/_build'
cp _build/whole_array whole_array.exe 
mkdir -p build
python3 /scratch/luisr/mlir-aie/programming_examples/basic/matrix_multiplication/whole_array/whole_array.py -m 64 -k 64 -n 64 --n-aie-cols 8 --b-col-maj 0 --dev npu2 -M 512 -K 4096 -N 1024 --dtype_in bf16 --dtype_out bf16 --emulate-bf16-mmul-with-bfp16 true --trace_size 0 > build/aie_512x4096x1024_64x64x64_8c.mlir
mkdir -p build
cd build && xchesscc_wrapper aie2p -I /proj/xbuilds/2024.2_INT_1113_1001/installs/all_platforms/Vitis/2024.2/aietools/include  -Dbf16_bf16_ONLY -DDIM_M=64 -DDIM_K=64 -DDIM_N=64 -DAIE_API_EMULATE_BFLOAT16_MMUL_WITH_BFP16 -c /scratch/luisr/mlir-aie/programming_examples/basic/matrix_multiplication/whole_array/../../../../aie_kernels/aie2p/mm.cc -o mm_64x64x64.o
WARNING: Default location for XILINX_VIVADO_IP_OVERRIDE not found: /build/xfndry/IP_2024.2_INTEGRATION_VERIFIED/customer/vivado/data/ip
mkdir -p build
cd build && aiecc.py --alloc-scheme=basic-sequential --aie-generate-xclbin --no-compile-host --xclbin-name=final_512x4096x1024_64x64x64_8c.xclbin \
			 \
			--aie-generate-npu-insts --npu-insts-name=insts_512x4096x1024_64x64x64_8c.txt ../build/aie_512x4096x1024_64x64x64_8c.mlir

Generating: /scratch/luisr/mlir-aie/programming_examples/basic/matrix_multiplication/whole_array/build/aie_512x4096x1024_64x64x64_8c.mlir.prj/aie_cdo_elfs.bin
Generating: /scratch/luisr/mlir-aie/programming_examples/basic/matrix_multiplication/whole_array/build/aie_512x4096x1024_64x64x64_8c.mlir.prj/aie_cdo_init.bin
Generating: /scratch/luisr/mlir-aie/programming_examples/basic/matrix_multiplication/whole_array/build/aie_512x4096x1024_64x64x64_8c.mlir.prj/aie_cdo_enable.bin
export XRT_HACK_UNSECURE_LOADING_XCLBIN=1 && \
 ./whole_array.exe -x build/final_512x4096x1024_64x64x64_8c.xclbin -i build/insts_512x4096x1024_64x64x64_8c.txt -k MLIR_AIE -M 512 -K 4096 -N 1024 --iters 40 --warmup 10 --verify=false --b_col_maj 0

Avg NPU matmul time: 974.95us.
Avg NPU gflops: 4405.32

Min NPU matmul time: 967us.
Max NPU gflops: 4441.54

Max NPU matmul time: 979us.
Min NPU gflops: 4387.1

PASS!

rm -rf tmpTrace parse*.json trace*json trace.txt
rm -rf build _build whole_array.exe
rm -rf _build
mkdir -p _build
cd _build &&  cmake -E env CXXFLAGS="-std=c++23 -ggdb -DDTYPE_IN=std::bfloat16_t -DDTYPE_OUT=std::bfloat16_t -DDTYPE_ACC=float" \
	cmake `echo /scratch/luisr/mlir-aie/programming_examples/basic/matrix_multiplication/whole_array/..` -D CMAKE_C_COMPILER=gcc-13 -D CMAKE_CXX_COMPILER=g++-13 -DTARGET_NAME=whole_array -Dsubdir=whole_array
-- The C compiler identification is GNU 13.3.0
-- The CXX compiler identification is GNU 13.3.0
-- Detecting C compiler ABI info
-- Detecting C compiler ABI info - done
-- Check for working C compiler: /usr/bin/gcc-13 - skipped
-- Detecting C compile features
-- Detecting C compile features - done
-- Detecting CXX compiler ABI info
-- Detecting CXX compiler ABI info - done
-- Check for working CXX compiler: /usr/bin/g++-13 - skipped
-- Detecting CXX compile features
-- Detecting CXX compile features - done
-- Configuring done (0.2s)
-- Generating done (0.0s)
-- Build files have been written to: /scratch/luisr/mlir-aie/programming_examples/basic/matrix_multiplication/whole_array/_build
cd _build &&  cmake --build . --config Release
gmake[1]: Entering directory '/scratch/luisr/mlir-aie/programming_examples/basic/matrix_multiplication/whole_array/_build'
gmake[2]: Entering directory '/scratch/luisr/mlir-aie/programming_examples/basic/matrix_multiplication/whole_array/_build'
gmake[3]: Entering directory '/scratch/luisr/mlir-aie/programming_examples/basic/matrix_multiplication/whole_array/_build'
gmake[3]: Leaving directory '/scratch/luisr/mlir-aie/programming_examples/basic/matrix_multiplication/whole_array/_build'
gmake[3]: Entering directory '/scratch/luisr/mlir-aie/programming_examples/basic/matrix_multiplication/whole_array/_build'
[ 33%] Building CXX object CMakeFiles/whole_array.dir/scratch/luisr/mlir-aie/runtime_lib/test_lib/test_utils.cpp.o
[ 66%] Building CXX object CMakeFiles/whole_array.dir/whole_array/test.cpp.o
[100%] Linking CXX executable whole_array
gmake[3]: Leaving directory '/scratch/luisr/mlir-aie/programming_examples/basic/matrix_multiplication/whole_array/_build'
[100%] Built target whole_array
gmake[2]: Leaving directory '/scratch/luisr/mlir-aie/programming_examples/basic/matrix_multiplication/whole_array/_build'
gmake[1]: Leaving directory '/scratch/luisr/mlir-aie/programming_examples/basic/matrix_multiplication/whole_array/_build'
cp _build/whole_array whole_array.exe 
mkdir -p build
python3 /scratch/luisr/mlir-aie/programming_examples/basic/matrix_multiplication/whole_array/whole_array.py -m 64 -k 64 -n 64 --n-aie-cols 8 --b-col-maj 0 --dev npu2 -M 512 -K 4096 -N 4096 --dtype_in bf16 --dtype_out bf16 --emulate-bf16-mmul-with-bfp16 true --trace_size 0 > build/aie_512x4096x4096_64x64x64_8c.mlir
mkdir -p build
cd build && xchesscc_wrapper aie2p -I /proj/xbuilds/2024.2_INT_1113_1001/installs/all_platforms/Vitis/2024.2/aietools/include  -Dbf16_bf16_ONLY -DDIM_M=64 -DDIM_K=64 -DDIM_N=64 -DAIE_API_EMULATE_BFLOAT16_MMUL_WITH_BFP16 -c /scratch/luisr/mlir-aie/programming_examples/basic/matrix_multiplication/whole_array/../../../../aie_kernels/aie2p/mm.cc -o mm_64x64x64.o
WARNING: Default location for XILINX_VIVADO_IP_OVERRIDE not found: /build/xfndry/IP_2024.2_INTEGRATION_VERIFIED/customer/vivado/data/ip
mkdir -p build
cd build && aiecc.py --alloc-scheme=basic-sequential --aie-generate-xclbin --no-compile-host --xclbin-name=final_512x4096x4096_64x64x64_8c.xclbin \
			 \
			--aie-generate-npu-insts --npu-insts-name=insts_512x4096x4096_64x64x64_8c.txt ../build/aie_512x4096x4096_64x64x64_8c.mlir

Generating: /scratch/luisr/mlir-aie/programming_examples/basic/matrix_multiplication/whole_array/build/aie_512x4096x4096_64x64x64_8c.mlir.prj/aie_cdo_elfs.bin
Generating: /scratch/luisr/mlir-aie/programming_examples/basic/matrix_multiplication/whole_array/build/aie_512x4096x4096_64x64x64_8c.mlir.prj/aie_cdo_init.bin
Generating: /scratch/luisr/mlir-aie/programming_examples/basic/matrix_multiplication/whole_array/build/aie_512x4096x4096_64x64x64_8c.mlir.prj/aie_cdo_enable.bin
export XRT_HACK_UNSECURE_LOADING_XCLBIN=1 && \
 ./whole_array.exe -x build/final_512x4096x4096_64x64x64_8c.xclbin -i build/insts_512x4096x4096_64x64x64_8c.txt -k MLIR_AIE -M 512 -K 4096 -N 4096 --iters 40 --warmup 10 --verify=false --b_col_maj 0

Avg NPU matmul time: 4046.2us.
Avg NPU gflops: 4245.93

Min NPU matmul time: 3813us.
Max NPU gflops: 4505.6

Max NPU matmul time: 4790us.
Min NPU gflops: 3586.61

PASS!

rm -rf tmpTrace parse*.json trace*json trace.txt
rm -rf build _build whole_array.exe
rm -rf _build
mkdir -p _build
cd _build &&  cmake -E env CXXFLAGS="-std=c++23 -ggdb -DDTYPE_IN=std::bfloat16_t -DDTYPE_OUT=std::bfloat16_t -DDTYPE_ACC=float" \
	cmake `echo /scratch/luisr/mlir-aie/programming_examples/basic/matrix_multiplication/whole_array/..` -D CMAKE_C_COMPILER=gcc-13 -D CMAKE_CXX_COMPILER=g++-13 -DTARGET_NAME=whole_array -Dsubdir=whole_array
-- The C compiler identification is GNU 13.3.0
-- The CXX compiler identification is GNU 13.3.0
-- Detecting C compiler ABI info
-- Detecting C compiler ABI info - done
-- Check for working C compiler: /usr/bin/gcc-13 - skipped
-- Detecting C compile features
-- Detecting C compile features - done
-- Detecting CXX compiler ABI info
-- Detecting CXX compiler ABI info - done
-- Check for working CXX compiler: /usr/bin/g++-13 - skipped
-- Detecting CXX compile features
-- Detecting CXX compile features - done
-- Configuring done (0.3s)
-- Generating done (0.0s)
-- Build files have been written to: /scratch/luisr/mlir-aie/programming_examples/basic/matrix_multiplication/whole_array/_build
cd _build &&  cmake --build . --config Release
gmake[1]: Entering directory '/scratch/luisr/mlir-aie/programming_examples/basic/matrix_multiplication/whole_array/_build'
gmake[2]: Entering directory '/scratch/luisr/mlir-aie/programming_examples/basic/matrix_multiplication/whole_array/_build'
gmake[3]: Entering directory '/scratch/luisr/mlir-aie/programming_examples/basic/matrix_multiplication/whole_array/_build'
gmake[3]: Leaving directory '/scratch/luisr/mlir-aie/programming_examples/basic/matrix_multiplication/whole_array/_build'
gmake[3]: Entering directory '/scratch/luisr/mlir-aie/programming_examples/basic/matrix_multiplication/whole_array/_build'
[ 33%] Building CXX object CMakeFiles/whole_array.dir/scratch/luisr/mlir-aie/runtime_lib/test_lib/test_utils.cpp.o
[ 66%] Building CXX object CMakeFiles/whole_array.dir/whole_array/test.cpp.o
[100%] Linking CXX executable whole_array
gmake[3]: Leaving directory '/scratch/luisr/mlir-aie/programming_examples/basic/matrix_multiplication/whole_array/_build'
[100%] Built target whole_array
gmake[2]: Leaving directory '/scratch/luisr/mlir-aie/programming_examples/basic/matrix_multiplication/whole_array/_build'
gmake[1]: Leaving directory '/scratch/luisr/mlir-aie/programming_examples/basic/matrix_multiplication/whole_array/_build'
cp _build/whole_array whole_array.exe 
mkdir -p build
python3 /scratch/luisr/mlir-aie/programming_examples/basic/matrix_multiplication/whole_array/whole_array.py -m 64 -k 64 -n 64 --n-aie-cols 8 --b-col-maj 0 --dev npu2 -M 512 -K 4096 -N 8192 --dtype_in bf16 --dtype_out bf16 --emulate-bf16-mmul-with-bfp16 true --trace_size 0 > build/aie_512x4096x8192_64x64x64_8c.mlir
mkdir -p build
cd build && xchesscc_wrapper aie2p -I /proj/xbuilds/2024.2_INT_1113_1001/installs/all_platforms/Vitis/2024.2/aietools/include  -Dbf16_bf16_ONLY -DDIM_M=64 -DDIM_K=64 -DDIM_N=64 -DAIE_API_EMULATE_BFLOAT16_MMUL_WITH_BFP16 -c /scratch/luisr/mlir-aie/programming_examples/basic/matrix_multiplication/whole_array/../../../../aie_kernels/aie2p/mm.cc -o mm_64x64x64.o
WARNING: Default location for XILINX_VIVADO_IP_OVERRIDE not found: /build/xfndry/IP_2024.2_INTEGRATION_VERIFIED/customer/vivado/data/ip
mkdir -p build
cd build && aiecc.py --alloc-scheme=basic-sequential --aie-generate-xclbin --no-compile-host --xclbin-name=final_512x4096x8192_64x64x64_8c.xclbin \
			 \
			--aie-generate-npu-insts --npu-insts-name=insts_512x4096x8192_64x64x64_8c.txt ../build/aie_512x4096x8192_64x64x64_8c.mlir

Generating: /scratch/luisr/mlir-aie/programming_examples/basic/matrix_multiplication/whole_array/build/aie_512x4096x8192_64x64x64_8c.mlir.prj/aie_cdo_elfs.bin
Generating: /scratch/luisr/mlir-aie/programming_examples/basic/matrix_multiplication/whole_array/build/aie_512x4096x8192_64x64x64_8c.mlir.prj/aie_cdo_init.bin
Generating: /scratch/luisr/mlir-aie/programming_examples/basic/matrix_multiplication/whole_array/build/aie_512x4096x8192_64x64x64_8c.mlir.prj/aie_cdo_enable.bin
export XRT_HACK_UNSECURE_LOADING_XCLBIN=1 && \
 ./whole_array.exe -x build/final_512x4096x8192_64x64x64_8c.xclbin -i build/insts_512x4096x8192_64x64x64_8c.txt -k MLIR_AIE -M 512 -K 4096 -N 8192 --iters 40 --warmup 10 --verify=false --b_col_maj 0

Avg NPU matmul time: 9611.42us.
Avg NPU gflops: 3574.89

Min NPU matmul time: 8791us.
Max NPU gflops: 3908.51

Max NPU matmul time: 11366us.
Min NPU gflops: 3023.03

PASS!

rm -rf tmpTrace parse*.json trace*json trace.txt
rm -rf build _build whole_array.exe
rm -rf _build
mkdir -p _build
cd _build &&  cmake -E env CXXFLAGS="-std=c++23 -ggdb -DDTYPE_IN=std::bfloat16_t -DDTYPE_OUT=std::bfloat16_t -DDTYPE_ACC=float" \
	cmake `echo /scratch/luisr/mlir-aie/programming_examples/basic/matrix_multiplication/whole_array/..` -D CMAKE_C_COMPILER=gcc-13 -D CMAKE_CXX_COMPILER=g++-13 -DTARGET_NAME=whole_array -Dsubdir=whole_array
-- The C compiler identification is GNU 13.3.0
-- The CXX compiler identification is GNU 13.3.0
-- Detecting C compiler ABI info
-- Detecting C compiler ABI info - done
-- Check for working C compiler: /usr/bin/gcc-13 - skipped
-- Detecting C compile features
-- Detecting C compile features - done
-- Detecting CXX compiler ABI info
-- Detecting CXX compiler ABI info - done
-- Check for working CXX compiler: /usr/bin/g++-13 - skipped
-- Detecting CXX compile features
-- Detecting CXX compile features - done
-- Configuring done (0.3s)
-- Generating done (0.0s)
-- Build files have been written to: /scratch/luisr/mlir-aie/programming_examples/basic/matrix_multiplication/whole_array/_build
cd _build &&  cmake --build . --config Release
gmake[1]: Entering directory '/scratch/luisr/mlir-aie/programming_examples/basic/matrix_multiplication/whole_array/_build'
gmake[2]: Entering directory '/scratch/luisr/mlir-aie/programming_examples/basic/matrix_multiplication/whole_array/_build'
gmake[3]: Entering directory '/scratch/luisr/mlir-aie/programming_examples/basic/matrix_multiplication/whole_array/_build'
gmake[3]: Leaving directory '/scratch/luisr/mlir-aie/programming_examples/basic/matrix_multiplication/whole_array/_build'
gmake[3]: Entering directory '/scratch/luisr/mlir-aie/programming_examples/basic/matrix_multiplication/whole_array/_build'
[ 33%] Building CXX object CMakeFiles/whole_array.dir/scratch/luisr/mlir-aie/runtime_lib/test_lib/test_utils.cpp.o
[ 66%] Building CXX object CMakeFiles/whole_array.dir/whole_array/test.cpp.o
[100%] Linking CXX executable whole_array
gmake[3]: Leaving directory '/scratch/luisr/mlir-aie/programming_examples/basic/matrix_multiplication/whole_array/_build'
[100%] Built target whole_array
gmake[2]: Leaving directory '/scratch/luisr/mlir-aie/programming_examples/basic/matrix_multiplication/whole_array/_build'
gmake[1]: Leaving directory '/scratch/luisr/mlir-aie/programming_examples/basic/matrix_multiplication/whole_array/_build'
cp _build/whole_array whole_array.exe 
mkdir -p build
python3 /scratch/luisr/mlir-aie/programming_examples/basic/matrix_multiplication/whole_array/whole_array.py -m 64 -k 64 -n 64 --n-aie-cols 8 --b-col-maj 0 --dev npu2 -M 512 -K 6144 -N 512 --dtype_in bf16 --dtype_out bf16 --emulate-bf16-mmul-with-bfp16 true --trace_size 0 > build/aie_512x6144x512_64x64x64_8c.mlir
mkdir -p build
cd build && xchesscc_wrapper aie2p -I /proj/xbuilds/2024.2_INT_1113_1001/installs/all_platforms/Vitis/2024.2/aietools/include  -Dbf16_bf16_ONLY -DDIM_M=64 -DDIM_K=64 -DDIM_N=64 -DAIE_API_EMULATE_BFLOAT16_MMUL_WITH_BFP16 -c /scratch/luisr/mlir-aie/programming_examples/basic/matrix_multiplication/whole_array/../../../../aie_kernels/aie2p/mm.cc -o mm_64x64x64.o
WARNING: Default location for XILINX_VIVADO_IP_OVERRIDE not found: /build/xfndry/IP_2024.2_INTEGRATION_VERIFIED/customer/vivado/data/ip
mkdir -p build
cd build && aiecc.py --alloc-scheme=basic-sequential --aie-generate-xclbin --no-compile-host --xclbin-name=final_512x6144x512_64x64x64_8c.xclbin \
			 \
			--aie-generate-npu-insts --npu-insts-name=insts_512x6144x512_64x64x64_8c.txt ../build/aie_512x6144x512_64x64x64_8c.mlir

Generating: /scratch/luisr/mlir-aie/programming_examples/basic/matrix_multiplication/whole_array/build/aie_512x6144x512_64x64x64_8c.mlir.prj/aie_cdo_elfs.bin
Generating: /scratch/luisr/mlir-aie/programming_examples/basic/matrix_multiplication/whole_array/build/aie_512x6144x512_64x64x64_8c.mlir.prj/aie_cdo_init.bin
Generating: /scratch/luisr/mlir-aie/programming_examples/basic/matrix_multiplication/whole_array/build/aie_512x6144x512_64x64x64_8c.mlir.prj/aie_cdo_enable.bin
export XRT_HACK_UNSECURE_LOADING_XCLBIN=1 && \
 ./whole_array.exe -x build/final_512x6144x512_64x64x64_8c.xclbin -i build/insts_512x6144x512_64x64x64_8c.txt -k MLIR_AIE -M 512 -K 6144 -N 512 --iters 40 --warmup 10 --verify=false --b_col_maj 0

Avg NPU matmul time: 756.125us.
Avg NPU gflops: 4260.18

Min NPU matmul time: 743us.
Max NPU gflops: 4335.43

Max NPU matmul time: 787us.
Min NPU gflops: 4093.04

PASS!

rm -rf tmpTrace parse*.json trace*json trace.txt
rm -rf build _build whole_array.exe
rm -rf _build
mkdir -p _build
cd _build &&  cmake -E env CXXFLAGS="-std=c++23 -ggdb -DDTYPE_IN=std::bfloat16_t -DDTYPE_OUT=std::bfloat16_t -DDTYPE_ACC=float" \
	cmake `echo /scratch/luisr/mlir-aie/programming_examples/basic/matrix_multiplication/whole_array/..` -D CMAKE_C_COMPILER=gcc-13 -D CMAKE_CXX_COMPILER=g++-13 -DTARGET_NAME=whole_array -Dsubdir=whole_array
-- The C compiler identification is GNU 13.3.0
-- The CXX compiler identification is GNU 13.3.0
-- Detecting C compiler ABI info
-- Detecting C compiler ABI info - done
-- Check for working C compiler: /usr/bin/gcc-13 - skipped
-- Detecting C compile features
-- Detecting C compile features - done
-- Detecting CXX compiler ABI info
-- Detecting CXX compiler ABI info - done
-- Check for working CXX compiler: /usr/bin/g++-13 - skipped
-- Detecting CXX compile features
-- Detecting CXX compile features - done
-- Configuring done (0.2s)
-- Generating done (0.0s)
-- Build files have been written to: /scratch/luisr/mlir-aie/programming_examples/basic/matrix_multiplication/whole_array/_build
cd _build &&  cmake --build . --config Release
gmake[1]: Entering directory '/scratch/luisr/mlir-aie/programming_examples/basic/matrix_multiplication/whole_array/_build'
gmake[2]: Entering directory '/scratch/luisr/mlir-aie/programming_examples/basic/matrix_multiplication/whole_array/_build'
gmake[3]: Entering directory '/scratch/luisr/mlir-aie/programming_examples/basic/matrix_multiplication/whole_array/_build'
gmake[3]: Leaving directory '/scratch/luisr/mlir-aie/programming_examples/basic/matrix_multiplication/whole_array/_build'
gmake[3]: Entering directory '/scratch/luisr/mlir-aie/programming_examples/basic/matrix_multiplication/whole_array/_build'
[ 33%] Building CXX object CMakeFiles/whole_array.dir/scratch/luisr/mlir-aie/runtime_lib/test_lib/test_utils.cpp.o
[ 66%] Building CXX object CMakeFiles/whole_array.dir/whole_array/test.cpp.o
[100%] Linking CXX executable whole_array
gmake[3]: Leaving directory '/scratch/luisr/mlir-aie/programming_examples/basic/matrix_multiplication/whole_array/_build'
[100%] Built target whole_array
gmake[2]: Leaving directory '/scratch/luisr/mlir-aie/programming_examples/basic/matrix_multiplication/whole_array/_build'
gmake[1]: Leaving directory '/scratch/luisr/mlir-aie/programming_examples/basic/matrix_multiplication/whole_array/_build'
cp _build/whole_array whole_array.exe 
mkdir -p build
python3 /scratch/luisr/mlir-aie/programming_examples/basic/matrix_multiplication/whole_array/whole_array.py -m 64 -k 64 -n 64 --n-aie-cols 8 --b-col-maj 0 --dev npu2 -M 512 -K 6144 -N 1024 --dtype_in bf16 --dtype_out bf16 --emulate-bf16-mmul-with-bfp16 true --trace_size 0 > build/aie_512x6144x1024_64x64x64_8c.mlir
mkdir -p build
cd build && xchesscc_wrapper aie2p -I /proj/xbuilds/2024.2_INT_1113_1001/installs/all_platforms/Vitis/2024.2/aietools/include  -Dbf16_bf16_ONLY -DDIM_M=64 -DDIM_K=64 -DDIM_N=64 -DAIE_API_EMULATE_BFLOAT16_MMUL_WITH_BFP16 -c /scratch/luisr/mlir-aie/programming_examples/basic/matrix_multiplication/whole_array/../../../../aie_kernels/aie2p/mm.cc -o mm_64x64x64.o
WARNING: Default location for XILINX_VIVADO_IP_OVERRIDE not found: /build/xfndry/IP_2024.2_INTEGRATION_VERIFIED/customer/vivado/data/ip
mkdir -p build
cd build && aiecc.py --alloc-scheme=basic-sequential --aie-generate-xclbin --no-compile-host --xclbin-name=final_512x6144x1024_64x64x64_8c.xclbin \
			 \
			--aie-generate-npu-insts --npu-insts-name=insts_512x6144x1024_64x64x64_8c.txt ../build/aie_512x6144x1024_64x64x64_8c.mlir

Generating: /scratch/luisr/mlir-aie/programming_examples/basic/matrix_multiplication/whole_array/build/aie_512x6144x1024_64x64x64_8c.mlir.prj/aie_cdo_elfs.bin
Generating: /scratch/luisr/mlir-aie/programming_examples/basic/matrix_multiplication/whole_array/build/aie_512x6144x1024_64x64x64_8c.mlir.prj/aie_cdo_init.bin
Generating: /scratch/luisr/mlir-aie/programming_examples/basic/matrix_multiplication/whole_array/build/aie_512x6144x1024_64x64x64_8c.mlir.prj/aie_cdo_enable.bin
export XRT_HACK_UNSECURE_LOADING_XCLBIN=1 && \
 ./whole_array.exe -x build/final_512x6144x1024_64x64x64_8c.xclbin -i build/insts_512x6144x1024_64x64x64_8c.txt -k MLIR_AIE -M 512 -K 6144 -N 1024 --iters 40 --warmup 10 --verify=false --b_col_maj 0

Avg NPU matmul time: 1483.1us.
Avg NPU gflops: 4343.91

Min NPU matmul time: 1458us.
Max NPU gflops: 4418.69

Max NPU matmul time: 1511us.
Min NPU gflops: 4263.7

PASS!

rm -rf tmpTrace parse*.json trace*json trace.txt
rm -rf build _build whole_array.exe
rm -rf _build
mkdir -p _build
cd _build &&  cmake -E env CXXFLAGS="-std=c++23 -ggdb -DDTYPE_IN=std::bfloat16_t -DDTYPE_OUT=std::bfloat16_t -DDTYPE_ACC=float" \
	cmake `echo /scratch/luisr/mlir-aie/programming_examples/basic/matrix_multiplication/whole_array/..` -D CMAKE_C_COMPILER=gcc-13 -D CMAKE_CXX_COMPILER=g++-13 -DTARGET_NAME=whole_array -Dsubdir=whole_array
-- The C compiler identification is GNU 13.3.0
-- The CXX compiler identification is GNU 13.3.0
-- Detecting C compiler ABI info
-- Detecting C compiler ABI info - done
-- Check for working C compiler: /usr/bin/gcc-13 - skipped
-- Detecting C compile features
-- Detecting C compile features - done
-- Detecting CXX compiler ABI info
-- Detecting CXX compiler ABI info - done
-- Check for working CXX compiler: /usr/bin/g++-13 - skipped
-- Detecting CXX compile features
-- Detecting CXX compile features - done
-- Configuring done (0.2s)
-- Generating done (0.0s)
-- Build files have been written to: /scratch/luisr/mlir-aie/programming_examples/basic/matrix_multiplication/whole_array/_build
cd _build &&  cmake --build . --config Release
gmake[1]: Entering directory '/scratch/luisr/mlir-aie/programming_examples/basic/matrix_multiplication/whole_array/_build'
gmake[2]: Entering directory '/scratch/luisr/mlir-aie/programming_examples/basic/matrix_multiplication/whole_array/_build'
gmake[3]: Entering directory '/scratch/luisr/mlir-aie/programming_examples/basic/matrix_multiplication/whole_array/_build'
gmake[3]: Leaving directory '/scratch/luisr/mlir-aie/programming_examples/basic/matrix_multiplication/whole_array/_build'
gmake[3]: Entering directory '/scratch/luisr/mlir-aie/programming_examples/basic/matrix_multiplication/whole_array/_build'
[ 33%] Building CXX object CMakeFiles/whole_array.dir/scratch/luisr/mlir-aie/runtime_lib/test_lib/test_utils.cpp.o
[ 66%] Building CXX object CMakeFiles/whole_array.dir/whole_array/test.cpp.o
[100%] Linking CXX executable whole_array
gmake[3]: Leaving directory '/scratch/luisr/mlir-aie/programming_examples/basic/matrix_multiplication/whole_array/_build'
[100%] Built target whole_array
gmake[2]: Leaving directory '/scratch/luisr/mlir-aie/programming_examples/basic/matrix_multiplication/whole_array/_build'
gmake[1]: Leaving directory '/scratch/luisr/mlir-aie/programming_examples/basic/matrix_multiplication/whole_array/_build'
cp _build/whole_array whole_array.exe 
mkdir -p build
python3 /scratch/luisr/mlir-aie/programming_examples/basic/matrix_multiplication/whole_array/whole_array.py -m 64 -k 64 -n 64 --n-aie-cols 8 --b-col-maj 0 --dev npu2 -M 512 -K 6144 -N 4096 --dtype_in bf16 --dtype_out bf16 --emulate-bf16-mmul-with-bfp16 true --trace_size 0 > build/aie_512x6144x4096_64x64x64_8c.mlir
mkdir -p build
cd build && xchesscc_wrapper aie2p -I /proj/xbuilds/2024.2_INT_1113_1001/installs/all_platforms/Vitis/2024.2/aietools/include  -Dbf16_bf16_ONLY -DDIM_M=64 -DDIM_K=64 -DDIM_N=64 -DAIE_API_EMULATE_BFLOAT16_MMUL_WITH_BFP16 -c /scratch/luisr/mlir-aie/programming_examples/basic/matrix_multiplication/whole_array/../../../../aie_kernels/aie2p/mm.cc -o mm_64x64x64.o
WARNING: Default location for XILINX_VIVADO_IP_OVERRIDE not found: /build/xfndry/IP_2024.2_INTEGRATION_VERIFIED/customer/vivado/data/ip
mkdir -p build
cd build && aiecc.py --alloc-scheme=basic-sequential --aie-generate-xclbin --no-compile-host --xclbin-name=final_512x6144x4096_64x64x64_8c.xclbin \
			 \
			--aie-generate-npu-insts --npu-insts-name=insts_512x6144x4096_64x64x64_8c.txt ../build/aie_512x6144x4096_64x64x64_8c.mlir

Generating: /scratch/luisr/mlir-aie/programming_examples/basic/matrix_multiplication/whole_array/build/aie_512x6144x4096_64x64x64_8c.mlir.prj/aie_cdo_elfs.bin
Generating: /scratch/luisr/mlir-aie/programming_examples/basic/matrix_multiplication/whole_array/build/aie_512x6144x4096_64x64x64_8c.mlir.prj/aie_cdo_init.bin
Generating: /scratch/luisr/mlir-aie/programming_examples/basic/matrix_multiplication/whole_array/build/aie_512x6144x4096_64x64x64_8c.mlir.prj/aie_cdo_enable.bin
export XRT_HACK_UNSECURE_LOADING_XCLBIN=1 && \
 ./whole_array.exe -x build/final_512x6144x4096_64x64x64_8c.xclbin -i build/insts_512x6144x4096_64x64x64_8c.txt -k MLIR_AIE -M 512 -K 6144 -N 4096 --iters 40 --warmup 10 --verify=false --b_col_maj 0

Avg NPU matmul time: 6474.67us.
Avg NPU gflops: 3980.09

Min NPU matmul time: 5850us.
Max NPU gflops: 4405.09

Max NPU matmul time: 8138us.
Min NPU gflops: 3166.6

PASS!

rm -rf tmpTrace parse*.json trace*json trace.txt
rm -rf build _build whole_array.exe
rm -rf _build
mkdir -p _build
cd _build &&  cmake -E env CXXFLAGS="-std=c++23 -ggdb -DDTYPE_IN=std::bfloat16_t -DDTYPE_OUT=std::bfloat16_t -DDTYPE_ACC=float" \
	cmake `echo /scratch/luisr/mlir-aie/programming_examples/basic/matrix_multiplication/whole_array/..` -D CMAKE_C_COMPILER=gcc-13 -D CMAKE_CXX_COMPILER=g++-13 -DTARGET_NAME=whole_array -Dsubdir=whole_array
-- The C compiler identification is GNU 13.3.0
-- The CXX compiler identification is GNU 13.3.0
-- Detecting C compiler ABI info
-- Detecting C compiler ABI info - done
-- Check for working C compiler: /usr/bin/gcc-13 - skipped
-- Detecting C compile features
-- Detecting C compile features - done
-- Detecting CXX compiler ABI info
-- Detecting CXX compiler ABI info - done
-- Check for working CXX compiler: /usr/bin/g++-13 - skipped
-- Detecting CXX compile features
-- Detecting CXX compile features - done
-- Configuring done (0.3s)
-- Generating done (0.0s)
-- Build files have been written to: /scratch/luisr/mlir-aie/programming_examples/basic/matrix_multiplication/whole_array/_build
cd _build &&  cmake --build . --config Release
gmake[1]: Entering directory '/scratch/luisr/mlir-aie/programming_examples/basic/matrix_multiplication/whole_array/_build'
gmake[2]: Entering directory '/scratch/luisr/mlir-aie/programming_examples/basic/matrix_multiplication/whole_array/_build'
gmake[3]: Entering directory '/scratch/luisr/mlir-aie/programming_examples/basic/matrix_multiplication/whole_array/_build'
gmake[3]: Leaving directory '/scratch/luisr/mlir-aie/programming_examples/basic/matrix_multiplication/whole_array/_build'
gmake[3]: Entering directory '/scratch/luisr/mlir-aie/programming_examples/basic/matrix_multiplication/whole_array/_build'
[ 33%] Building CXX object CMakeFiles/whole_array.dir/scratch/luisr/mlir-aie/runtime_lib/test_lib/test_utils.cpp.o
[ 66%] Building CXX object CMakeFiles/whole_array.dir/whole_array/test.cpp.o
[100%] Linking CXX executable whole_array
gmake[3]: Leaving directory '/scratch/luisr/mlir-aie/programming_examples/basic/matrix_multiplication/whole_array/_build'
[100%] Built target whole_array
gmake[2]: Leaving directory '/scratch/luisr/mlir-aie/programming_examples/basic/matrix_multiplication/whole_array/_build'
gmake[1]: Leaving directory '/scratch/luisr/mlir-aie/programming_examples/basic/matrix_multiplication/whole_array/_build'
cp _build/whole_array whole_array.exe 
mkdir -p build
python3 /scratch/luisr/mlir-aie/programming_examples/basic/matrix_multiplication/whole_array/whole_array.py -m 64 -k 64 -n 64 --n-aie-cols 8 --b-col-maj 0 --dev npu2 -M 512 -K 6144 -N 8192 --dtype_in bf16 --dtype_out bf16 --emulate-bf16-mmul-with-bfp16 true --trace_size 0 > build/aie_512x6144x8192_64x64x64_8c.mlir
mkdir -p build
cd build && xchesscc_wrapper aie2p -I /proj/xbuilds/2024.2_INT_1113_1001/installs/all_platforms/Vitis/2024.2/aietools/include  -Dbf16_bf16_ONLY -DDIM_M=64 -DDIM_K=64 -DDIM_N=64 -DAIE_API_EMULATE_BFLOAT16_MMUL_WITH_BFP16 -c /scratch/luisr/mlir-aie/programming_examples/basic/matrix_multiplication/whole_array/../../../../aie_kernels/aie2p/mm.cc -o mm_64x64x64.o
WARNING: Default location for XILINX_VIVADO_IP_OVERRIDE not found: /build/xfndry/IP_2024.2_INTEGRATION_VERIFIED/customer/vivado/data/ip
mkdir -p build
cd build && aiecc.py --alloc-scheme=basic-sequential --aie-generate-xclbin --no-compile-host --xclbin-name=final_512x6144x8192_64x64x64_8c.xclbin \
			 \
			--aie-generate-npu-insts --npu-insts-name=insts_512x6144x8192_64x64x64_8c.txt ../build/aie_512x6144x8192_64x64x64_8c.mlir

Generating: /scratch/luisr/mlir-aie/programming_examples/basic/matrix_multiplication/whole_array/build/aie_512x6144x8192_64x64x64_8c.mlir.prj/aie_cdo_elfs.bin
Generating: /scratch/luisr/mlir-aie/programming_examples/basic/matrix_multiplication/whole_array/build/aie_512x6144x8192_64x64x64_8c.mlir.prj/aie_cdo_init.bin
Generating: /scratch/luisr/mlir-aie/programming_examples/basic/matrix_multiplication/whole_array/build/aie_512x6144x8192_64x64x64_8c.mlir.prj/aie_cdo_enable.bin
export XRT_HACK_UNSECURE_LOADING_XCLBIN=1 && \
 ./whole_array.exe -x build/final_512x6144x8192_64x64x64_8c.xclbin -i build/insts_512x6144x8192_64x64x64_8c.txt -k MLIR_AIE -M 512 -K 6144 -N 8192 --iters 40 --warmup 10 --verify=false --b_col_maj 0

Avg NPU matmul time: 14569.5us.
Avg NPU gflops: 3537.49

Min NPU matmul time: 12915us.
Max NPU gflops: 3990.68

Max NPU matmul time: 16385us.
Min NPU gflops: 3145.54

PASS!

rm -rf tmpTrace parse*.json trace*json trace.txt
rm -rf build _build whole_array.exe
rm -rf _build
mkdir -p _build
cd _build &&  cmake -E env CXXFLAGS="-std=c++23 -ggdb -DDTYPE_IN=std::bfloat16_t -DDTYPE_OUT=std::bfloat16_t -DDTYPE_ACC=float" \
	cmake `echo /scratch/luisr/mlir-aie/programming_examples/basic/matrix_multiplication/whole_array/..` -D CMAKE_C_COMPILER=gcc-13 -D CMAKE_CXX_COMPILER=g++-13 -DTARGET_NAME=whole_array -Dsubdir=whole_array
-- The C compiler identification is GNU 13.3.0
-- The CXX compiler identification is GNU 13.3.0
-- Detecting C compiler ABI info
-- Detecting C compiler ABI info - done
-- Check for working C compiler: /usr/bin/gcc-13 - skipped
-- Detecting C compile features
-- Detecting C compile features - done
-- Detecting CXX compiler ABI info
-- Detecting CXX compiler ABI info - done
-- Check for working CXX compiler: /usr/bin/g++-13 - skipped
-- Detecting CXX compile features
-- Detecting CXX compile features - done
-- Configuring done (0.3s)
-- Generating done (0.0s)
-- Build files have been written to: /scratch/luisr/mlir-aie/programming_examples/basic/matrix_multiplication/whole_array/_build
cd _build &&  cmake --build . --config Release
gmake[1]: Entering directory '/scratch/luisr/mlir-aie/programming_examples/basic/matrix_multiplication/whole_array/_build'
gmake[2]: Entering directory '/scratch/luisr/mlir-aie/programming_examples/basic/matrix_multiplication/whole_array/_build'
gmake[3]: Entering directory '/scratch/luisr/mlir-aie/programming_examples/basic/matrix_multiplication/whole_array/_build'
gmake[3]: Leaving directory '/scratch/luisr/mlir-aie/programming_examples/basic/matrix_multiplication/whole_array/_build'
gmake[3]: Entering directory '/scratch/luisr/mlir-aie/programming_examples/basic/matrix_multiplication/whole_array/_build'
[ 33%] Building CXX object CMakeFiles/whole_array.dir/scratch/luisr/mlir-aie/runtime_lib/test_lib/test_utils.cpp.o
[ 66%] Building CXX object CMakeFiles/whole_array.dir/whole_array/test.cpp.o
[100%] Linking CXX executable whole_array
gmake[3]: Leaving directory '/scratch/luisr/mlir-aie/programming_examples/basic/matrix_multiplication/whole_array/_build'
[100%] Built target whole_array
gmake[2]: Leaving directory '/scratch/luisr/mlir-aie/programming_examples/basic/matrix_multiplication/whole_array/_build'
gmake[1]: Leaving directory '/scratch/luisr/mlir-aie/programming_examples/basic/matrix_multiplication/whole_array/_build'
cp _build/whole_array whole_array.exe 
mkdir -p build
python3 /scratch/luisr/mlir-aie/programming_examples/basic/matrix_multiplication/whole_array/whole_array.py -m 64 -k 64 -n 64 --n-aie-cols 8 --b-col-maj 0 --dev npu2 -M 1024 -K 512 -N 512 --dtype_in bf16 --dtype_out bf16 --emulate-bf16-mmul-with-bfp16 true --trace_size 0 > build/aie_1024x512x512_64x64x64_8c.mlir
mkdir -p build
cd build && xchesscc_wrapper aie2p -I /proj/xbuilds/2024.2_INT_1113_1001/installs/all_platforms/Vitis/2024.2/aietools/include  -Dbf16_bf16_ONLY -DDIM_M=64 -DDIM_K=64 -DDIM_N=64 -DAIE_API_EMULATE_BFLOAT16_MMUL_WITH_BFP16 -c /scratch/luisr/mlir-aie/programming_examples/basic/matrix_multiplication/whole_array/../../../../aie_kernels/aie2p/mm.cc -o mm_64x64x64.o
WARNING: Default location for XILINX_VIVADO_IP_OVERRIDE not found: /build/xfndry/IP_2024.2_INTEGRATION_VERIFIED/customer/vivado/data/ip
mkdir -p build
cd build && aiecc.py --alloc-scheme=basic-sequential --aie-generate-xclbin --no-compile-host --xclbin-name=final_1024x512x512_64x64x64_8c.xclbin \
			 \
			--aie-generate-npu-insts --npu-insts-name=insts_1024x512x512_64x64x64_8c.txt ../build/aie_1024x512x512_64x64x64_8c.mlir

Generating: /scratch/luisr/mlir-aie/programming_examples/basic/matrix_multiplication/whole_array/build/aie_1024x512x512_64x64x64_8c.mlir.prj/aie_cdo_elfs.bin
Generating: /scratch/luisr/mlir-aie/programming_examples/basic/matrix_multiplication/whole_array/build/aie_1024x512x512_64x64x64_8c.mlir.prj/aie_cdo_init.bin
Generating: /scratch/luisr/mlir-aie/programming_examples/basic/matrix_multiplication/whole_array/build/aie_1024x512x512_64x64x64_8c.mlir.prj/aie_cdo_enable.bin
export XRT_HACK_UNSECURE_LOADING_XCLBIN=1 && \
 ./whole_array.exe -x build/final_1024x512x512_64x64x64_8c.xclbin -i build/insts_1024x512x512_64x64x64_8c.txt -k MLIR_AIE -M 1024 -K 512 -N 512 --iters 40 --warmup 10 --verify=false --b_col_maj 0

Avg NPU matmul time: 211.575us.
Avg NPU gflops: 2537.5

Min NPU matmul time: 202us.
Max NPU gflops: 2657.78

Max NPU matmul time: 251us.
Min NPU gflops: 2138.93

PASS!

rm -rf tmpTrace parse*.json trace*json trace.txt
rm -rf build _build whole_array.exe
rm -rf _build
mkdir -p _build
cd _build &&  cmake -E env CXXFLAGS="-std=c++23 -ggdb -DDTYPE_IN=std::bfloat16_t -DDTYPE_OUT=std::bfloat16_t -DDTYPE_ACC=float" \
	cmake `echo /scratch/luisr/mlir-aie/programming_examples/basic/matrix_multiplication/whole_array/..` -D CMAKE_C_COMPILER=gcc-13 -D CMAKE_CXX_COMPILER=g++-13 -DTARGET_NAME=whole_array -Dsubdir=whole_array
-- The C compiler identification is GNU 13.3.0
-- The CXX compiler identification is GNU 13.3.0
-- Detecting C compiler ABI info
-- Detecting C compiler ABI info - done
-- Check for working C compiler: /usr/bin/gcc-13 - skipped
-- Detecting C compile features
-- Detecting C compile features - done
-- Detecting CXX compiler ABI info
-- Detecting CXX compiler ABI info - done
-- Check for working CXX compiler: /usr/bin/g++-13 - skipped
-- Detecting CXX compile features
-- Detecting CXX compile features - done
-- Configuring done (0.3s)
-- Generating done (0.0s)
-- Build files have been written to: /scratch/luisr/mlir-aie/programming_examples/basic/matrix_multiplication/whole_array/_build
cd _build &&  cmake --build . --config Release
gmake[1]: Entering directory '/scratch/luisr/mlir-aie/programming_examples/basic/matrix_multiplication/whole_array/_build'
gmake[2]: Entering directory '/scratch/luisr/mlir-aie/programming_examples/basic/matrix_multiplication/whole_array/_build'
gmake[3]: Entering directory '/scratch/luisr/mlir-aie/programming_examples/basic/matrix_multiplication/whole_array/_build'
gmake[3]: Leaving directory '/scratch/luisr/mlir-aie/programming_examples/basic/matrix_multiplication/whole_array/_build'
gmake[3]: Entering directory '/scratch/luisr/mlir-aie/programming_examples/basic/matrix_multiplication/whole_array/_build'
[ 33%] Building CXX object CMakeFiles/whole_array.dir/scratch/luisr/mlir-aie/runtime_lib/test_lib/test_utils.cpp.o
[ 66%] Building CXX object CMakeFiles/whole_array.dir/whole_array/test.cpp.o
[100%] Linking CXX executable whole_array
gmake[3]: Leaving directory '/scratch/luisr/mlir-aie/programming_examples/basic/matrix_multiplication/whole_array/_build'
[100%] Built target whole_array
gmake[2]: Leaving directory '/scratch/luisr/mlir-aie/programming_examples/basic/matrix_multiplication/whole_array/_build'
gmake[1]: Leaving directory '/scratch/luisr/mlir-aie/programming_examples/basic/matrix_multiplication/whole_array/_build'
cp _build/whole_array whole_array.exe 
mkdir -p build
python3 /scratch/luisr/mlir-aie/programming_examples/basic/matrix_multiplication/whole_array/whole_array.py -m 64 -k 64 -n 64 --n-aie-cols 8 --b-col-maj 0 --dev npu2 -M 1024 -K 512 -N 1024 --dtype_in bf16 --dtype_out bf16 --emulate-bf16-mmul-with-bfp16 true --trace_size 0 > build/aie_1024x512x1024_64x64x64_8c.mlir
mkdir -p build
cd build && xchesscc_wrapper aie2p -I /proj/xbuilds/2024.2_INT_1113_1001/installs/all_platforms/Vitis/2024.2/aietools/include  -Dbf16_bf16_ONLY -DDIM_M=64 -DDIM_K=64 -DDIM_N=64 -DAIE_API_EMULATE_BFLOAT16_MMUL_WITH_BFP16 -c /scratch/luisr/mlir-aie/programming_examples/basic/matrix_multiplication/whole_array/../../../../aie_kernels/aie2p/mm.cc -o mm_64x64x64.o
WARNING: Default location for XILINX_VIVADO_IP_OVERRIDE not found: /build/xfndry/IP_2024.2_INTEGRATION_VERIFIED/customer/vivado/data/ip
mkdir -p build
cd build && aiecc.py --alloc-scheme=basic-sequential --aie-generate-xclbin --no-compile-host --xclbin-name=final_1024x512x1024_64x64x64_8c.xclbin \
			 \
			--aie-generate-npu-insts --npu-insts-name=insts_1024x512x1024_64x64x64_8c.txt ../build/aie_1024x512x1024_64x64x64_8c.mlir

Generating: /scratch/luisr/mlir-aie/programming_examples/basic/matrix_multiplication/whole_array/build/aie_1024x512x1024_64x64x64_8c.mlir.prj/aie_cdo_elfs.bin
Generating: /scratch/luisr/mlir-aie/programming_examples/basic/matrix_multiplication/whole_array/build/aie_1024x512x1024_64x64x64_8c.mlir.prj/aie_cdo_init.bin
Generating: /scratch/luisr/mlir-aie/programming_examples/basic/matrix_multiplication/whole_array/build/aie_1024x512x1024_64x64x64_8c.mlir.prj/aie_cdo_enable.bin
export XRT_HACK_UNSECURE_LOADING_XCLBIN=1 && \
 ./whole_array.exe -x build/final_1024x512x1024_64x64x64_8c.xclbin -i build/insts_1024x512x1024_64x64x64_8c.txt -k MLIR_AIE -M 1024 -K 512 -N 1024 --iters 40 --warmup 10 --verify=false --b_col_maj 0

Avg NPU matmul time: 319.125us.
Avg NPU gflops: 3364.64

Min NPU matmul time: 304us.
Max NPU gflops: 3532.05

Max NPU matmul time: 343us.
Min NPU gflops: 3130.44

PASS!

rm -rf tmpTrace parse*.json trace*json trace.txt
rm -rf build _build whole_array.exe
rm -rf _build
mkdir -p _build
cd _build &&  cmake -E env CXXFLAGS="-std=c++23 -ggdb -DDTYPE_IN=std::bfloat16_t -DDTYPE_OUT=std::bfloat16_t -DDTYPE_ACC=float" \
	cmake `echo /scratch/luisr/mlir-aie/programming_examples/basic/matrix_multiplication/whole_array/..` -D CMAKE_C_COMPILER=gcc-13 -D CMAKE_CXX_COMPILER=g++-13 -DTARGET_NAME=whole_array -Dsubdir=whole_array
-- The C compiler identification is GNU 13.3.0
-- The CXX compiler identification is GNU 13.3.0
-- Detecting C compiler ABI info
-- Detecting C compiler ABI info - done
-- Check for working C compiler: /usr/bin/gcc-13 - skipped
-- Detecting C compile features
-- Detecting C compile features - done
-- Detecting CXX compiler ABI info
-- Detecting CXX compiler ABI info - done
-- Check for working CXX compiler: /usr/bin/g++-13 - skipped
-- Detecting CXX compile features
-- Detecting CXX compile features - done
-- Configuring done (0.3s)
-- Generating done (0.0s)
-- Build files have been written to: /scratch/luisr/mlir-aie/programming_examples/basic/matrix_multiplication/whole_array/_build
cd _build &&  cmake --build . --config Release
gmake[1]: Entering directory '/scratch/luisr/mlir-aie/programming_examples/basic/matrix_multiplication/whole_array/_build'
gmake[2]: Entering directory '/scratch/luisr/mlir-aie/programming_examples/basic/matrix_multiplication/whole_array/_build'
gmake[3]: Entering directory '/scratch/luisr/mlir-aie/programming_examples/basic/matrix_multiplication/whole_array/_build'
gmake[3]: Leaving directory '/scratch/luisr/mlir-aie/programming_examples/basic/matrix_multiplication/whole_array/_build'
gmake[3]: Entering directory '/scratch/luisr/mlir-aie/programming_examples/basic/matrix_multiplication/whole_array/_build'
[ 33%] Building CXX object CMakeFiles/whole_array.dir/scratch/luisr/mlir-aie/runtime_lib/test_lib/test_utils.cpp.o
[ 66%] Building CXX object CMakeFiles/whole_array.dir/whole_array/test.cpp.o
[100%] Linking CXX executable whole_array
gmake[3]: Leaving directory '/scratch/luisr/mlir-aie/programming_examples/basic/matrix_multiplication/whole_array/_build'
[100%] Built target whole_array
gmake[2]: Leaving directory '/scratch/luisr/mlir-aie/programming_examples/basic/matrix_multiplication/whole_array/_build'
gmake[1]: Leaving directory '/scratch/luisr/mlir-aie/programming_examples/basic/matrix_multiplication/whole_array/_build'
cp _build/whole_array whole_array.exe 
mkdir -p build
python3 /scratch/luisr/mlir-aie/programming_examples/basic/matrix_multiplication/whole_array/whole_array.py -m 64 -k 64 -n 64 --n-aie-cols 8 --b-col-maj 0 --dev npu2 -M 1024 -K 512 -N 4096 --dtype_in bf16 --dtype_out bf16 --emulate-bf16-mmul-with-bfp16 true --trace_size 0 > build/aie_1024x512x4096_64x64x64_8c.mlir
mkdir -p build
cd build && xchesscc_wrapper aie2p -I /proj/xbuilds/2024.2_INT_1113_1001/installs/all_platforms/Vitis/2024.2/aietools/include  -Dbf16_bf16_ONLY -DDIM_M=64 -DDIM_K=64 -DDIM_N=64 -DAIE_API_EMULATE_BFLOAT16_MMUL_WITH_BFP16 -c /scratch/luisr/mlir-aie/programming_examples/basic/matrix_multiplication/whole_array/../../../../aie_kernels/aie2p/mm.cc -o mm_64x64x64.o
WARNING: Default location for XILINX_VIVADO_IP_OVERRIDE not found: /build/xfndry/IP_2024.2_INTEGRATION_VERIFIED/customer/vivado/data/ip
mkdir -p build
cd build && aiecc.py --alloc-scheme=basic-sequential --aie-generate-xclbin --no-compile-host --xclbin-name=final_1024x512x4096_64x64x64_8c.xclbin \
			 \
			--aie-generate-npu-insts --npu-insts-name=insts_1024x512x4096_64x64x64_8c.txt ../build/aie_1024x512x4096_64x64x64_8c.mlir

Generating: /scratch/luisr/mlir-aie/programming_examples/basic/matrix_multiplication/whole_array/build/aie_1024x512x4096_64x64x64_8c.mlir.prj/aie_cdo_elfs.bin
Generating: /scratch/luisr/mlir-aie/programming_examples/basic/matrix_multiplication/whole_array/build/aie_1024x512x4096_64x64x64_8c.mlir.prj/aie_cdo_init.bin
Generating: /scratch/luisr/mlir-aie/programming_examples/basic/matrix_multiplication/whole_array/build/aie_1024x512x4096_64x64x64_8c.mlir.prj/aie_cdo_enable.bin
export XRT_HACK_UNSECURE_LOADING_XCLBIN=1 && \
 ./whole_array.exe -x build/final_1024x512x4096_64x64x64_8c.xclbin -i build/insts_1024x512x4096_64x64x64_8c.txt -k MLIR_AIE -M 1024 -K 512 -N 4096 --iters 40 --warmup 10 --verify=false --b_col_maj 0

Avg NPU matmul time: 1070.47us.
Avg NPU gflops: 4012.21

Min NPU matmul time: 1039us.
Max NPU gflops: 4133.75

Max NPU matmul time: 1106us.
Min NPU gflops: 3883.33

PASS!

rm -rf tmpTrace parse*.json trace*json trace.txt
rm -rf build _build whole_array.exe
rm -rf _build
mkdir -p _build
cd _build &&  cmake -E env CXXFLAGS="-std=c++23 -ggdb -DDTYPE_IN=std::bfloat16_t -DDTYPE_OUT=std::bfloat16_t -DDTYPE_ACC=float" \
	cmake `echo /scratch/luisr/mlir-aie/programming_examples/basic/matrix_multiplication/whole_array/..` -D CMAKE_C_COMPILER=gcc-13 -D CMAKE_CXX_COMPILER=g++-13 -DTARGET_NAME=whole_array -Dsubdir=whole_array
-- The C compiler identification is GNU 13.3.0
-- The CXX compiler identification is GNU 13.3.0
-- Detecting C compiler ABI info
-- Detecting C compiler ABI info - done
-- Check for working C compiler: /usr/bin/gcc-13 - skipped
-- Detecting C compile features
-- Detecting C compile features - done
-- Detecting CXX compiler ABI info
-- Detecting CXX compiler ABI info - done
-- Check for working CXX compiler: /usr/bin/g++-13 - skipped
-- Detecting CXX compile features
-- Detecting CXX compile features - done
-- Configuring done (0.3s)
-- Generating done (0.0s)
-- Build files have been written to: /scratch/luisr/mlir-aie/programming_examples/basic/matrix_multiplication/whole_array/_build
cd _build &&  cmake --build . --config Release
gmake[1]: Entering directory '/scratch/luisr/mlir-aie/programming_examples/basic/matrix_multiplication/whole_array/_build'
gmake[2]: Entering directory '/scratch/luisr/mlir-aie/programming_examples/basic/matrix_multiplication/whole_array/_build'
gmake[3]: Entering directory '/scratch/luisr/mlir-aie/programming_examples/basic/matrix_multiplication/whole_array/_build'
gmake[3]: Leaving directory '/scratch/luisr/mlir-aie/programming_examples/basic/matrix_multiplication/whole_array/_build'
gmake[3]: Entering directory '/scratch/luisr/mlir-aie/programming_examples/basic/matrix_multiplication/whole_array/_build'
[ 33%] Building CXX object CMakeFiles/whole_array.dir/scratch/luisr/mlir-aie/runtime_lib/test_lib/test_utils.cpp.o
[ 66%] Building CXX object CMakeFiles/whole_array.dir/whole_array/test.cpp.o
[100%] Linking CXX executable whole_array
gmake[3]: Leaving directory '/scratch/luisr/mlir-aie/programming_examples/basic/matrix_multiplication/whole_array/_build'
[100%] Built target whole_array
gmake[2]: Leaving directory '/scratch/luisr/mlir-aie/programming_examples/basic/matrix_multiplication/whole_array/_build'
gmake[1]: Leaving directory '/scratch/luisr/mlir-aie/programming_examples/basic/matrix_multiplication/whole_array/_build'
cp _build/whole_array whole_array.exe 
mkdir -p build
python3 /scratch/luisr/mlir-aie/programming_examples/basic/matrix_multiplication/whole_array/whole_array.py -m 64 -k 64 -n 64 --n-aie-cols 8 --b-col-maj 0 --dev npu2 -M 1024 -K 512 -N 8192 --dtype_in bf16 --dtype_out bf16 --emulate-bf16-mmul-with-bfp16 true --trace_size 0 > build/aie_1024x512x8192_64x64x64_8c.mlir
mkdir -p build
cd build && xchesscc_wrapper aie2p -I /proj/xbuilds/2024.2_INT_1113_1001/installs/all_platforms/Vitis/2024.2/aietools/include  -Dbf16_bf16_ONLY -DDIM_M=64 -DDIM_K=64 -DDIM_N=64 -DAIE_API_EMULATE_BFLOAT16_MMUL_WITH_BFP16 -c /scratch/luisr/mlir-aie/programming_examples/basic/matrix_multiplication/whole_array/../../../../aie_kernels/aie2p/mm.cc -o mm_64x64x64.o
WARNING: Default location for XILINX_VIVADO_IP_OVERRIDE not found: /build/xfndry/IP_2024.2_INTEGRATION_VERIFIED/customer/vivado/data/ip
mkdir -p build
cd build && aiecc.py --alloc-scheme=basic-sequential --aie-generate-xclbin --no-compile-host --xclbin-name=final_1024x512x8192_64x64x64_8c.xclbin \
			 \
			--aie-generate-npu-insts --npu-insts-name=insts_1024x512x8192_64x64x64_8c.txt ../build/aie_1024x512x8192_64x64x64_8c.mlir

Generating: /scratch/luisr/mlir-aie/programming_examples/basic/matrix_multiplication/whole_array/build/aie_1024x512x8192_64x64x64_8c.mlir.prj/aie_cdo_elfs.bin
Generating: /scratch/luisr/mlir-aie/programming_examples/basic/matrix_multiplication/whole_array/build/aie_1024x512x8192_64x64x64_8c.mlir.prj/aie_cdo_init.bin
Generating: /scratch/luisr/mlir-aie/programming_examples/basic/matrix_multiplication/whole_array/build/aie_1024x512x8192_64x64x64_8c.mlir.prj/aie_cdo_enable.bin
export XRT_HACK_UNSECURE_LOADING_XCLBIN=1 && \
 ./whole_array.exe -x build/final_1024x512x8192_64x64x64_8c.xclbin -i build/insts_1024x512x8192_64x64x64_8c.txt -k MLIR_AIE -M 1024 -K 512 -N 8192 --iters 40 --warmup 10 --verify=false --b_col_maj 0

Avg NPU matmul time: 2464.77us.
Avg NPU gflops: 3485.08

Min NPU matmul time: 2214us.
Max NPU gflops: 3879.83

Max NPU matmul time: 3078us.
Min NPU gflops: 2790.75

PASS!

rm -rf tmpTrace parse*.json trace*json trace.txt
rm -rf build _build whole_array.exe
rm -rf _build
mkdir -p _build
cd _build &&  cmake -E env CXXFLAGS="-std=c++23 -ggdb -DDTYPE_IN=std::bfloat16_t -DDTYPE_OUT=std::bfloat16_t -DDTYPE_ACC=float" \
	cmake `echo /scratch/luisr/mlir-aie/programming_examples/basic/matrix_multiplication/whole_array/..` -D CMAKE_C_COMPILER=gcc-13 -D CMAKE_CXX_COMPILER=g++-13 -DTARGET_NAME=whole_array -Dsubdir=whole_array
-- The C compiler identification is GNU 13.3.0
-- The CXX compiler identification is GNU 13.3.0
-- Detecting C compiler ABI info
-- Detecting C compiler ABI info - done
-- Check for working C compiler: /usr/bin/gcc-13 - skipped
-- Detecting C compile features
-- Detecting C compile features - done
-- Detecting CXX compiler ABI info
-- Detecting CXX compiler ABI info - done
-- Check for working CXX compiler: /usr/bin/g++-13 - skipped
-- Detecting CXX compile features
-- Detecting CXX compile features - done
-- Configuring done (0.3s)
-- Generating done (0.0s)
-- Build files have been written to: /scratch/luisr/mlir-aie/programming_examples/basic/matrix_multiplication/whole_array/_build
cd _build &&  cmake --build . --config Release
gmake[1]: Entering directory '/scratch/luisr/mlir-aie/programming_examples/basic/matrix_multiplication/whole_array/_build'
gmake[2]: Entering directory '/scratch/luisr/mlir-aie/programming_examples/basic/matrix_multiplication/whole_array/_build'
gmake[3]: Entering directory '/scratch/luisr/mlir-aie/programming_examples/basic/matrix_multiplication/whole_array/_build'
gmake[3]: Leaving directory '/scratch/luisr/mlir-aie/programming_examples/basic/matrix_multiplication/whole_array/_build'
gmake[3]: Entering directory '/scratch/luisr/mlir-aie/programming_examples/basic/matrix_multiplication/whole_array/_build'
[ 33%] Building CXX object CMakeFiles/whole_array.dir/scratch/luisr/mlir-aie/runtime_lib/test_lib/test_utils.cpp.o
[ 66%] Building CXX object CMakeFiles/whole_array.dir/whole_array/test.cpp.o
[100%] Linking CXX executable whole_array
gmake[3]: Leaving directory '/scratch/luisr/mlir-aie/programming_examples/basic/matrix_multiplication/whole_array/_build'
[100%] Built target whole_array
gmake[2]: Leaving directory '/scratch/luisr/mlir-aie/programming_examples/basic/matrix_multiplication/whole_array/_build'
gmake[1]: Leaving directory '/scratch/luisr/mlir-aie/programming_examples/basic/matrix_multiplication/whole_array/_build'
cp _build/whole_array whole_array.exe 
mkdir -p build
python3 /scratch/luisr/mlir-aie/programming_examples/basic/matrix_multiplication/whole_array/whole_array.py -m 64 -k 64 -n 64 --n-aie-cols 8 --b-col-maj 0 --dev npu2 -M 1024 -K 1024 -N 512 --dtype_in bf16 --dtype_out bf16 --emulate-bf16-mmul-with-bfp16 true --trace_size 0 > build/aie_1024x1024x512_64x64x64_8c.mlir
mkdir -p build
cd build && xchesscc_wrapper aie2p -I /proj/xbuilds/2024.2_INT_1113_1001/installs/all_platforms/Vitis/2024.2/aietools/include  -Dbf16_bf16_ONLY -DDIM_M=64 -DDIM_K=64 -DDIM_N=64 -DAIE_API_EMULATE_BFLOAT16_MMUL_WITH_BFP16 -c /scratch/luisr/mlir-aie/programming_examples/basic/matrix_multiplication/whole_array/../../../../aie_kernels/aie2p/mm.cc -o mm_64x64x64.o
WARNING: Default location for XILINX_VIVADO_IP_OVERRIDE not found: /build/xfndry/IP_2024.2_INTEGRATION_VERIFIED/customer/vivado/data/ip
mkdir -p build
cd build && aiecc.py --alloc-scheme=basic-sequential --aie-generate-xclbin --no-compile-host --xclbin-name=final_1024x1024x512_64x64x64_8c.xclbin \
			 \
			--aie-generate-npu-insts --npu-insts-name=insts_1024x1024x512_64x64x64_8c.txt ../build/aie_1024x1024x512_64x64x64_8c.mlir

Generating: /scratch/luisr/mlir-aie/programming_examples/basic/matrix_multiplication/whole_array/build/aie_1024x1024x512_64x64x64_8c.mlir.prj/aie_cdo_elfs.bin
Generating: /scratch/luisr/mlir-aie/programming_examples/basic/matrix_multiplication/whole_array/build/aie_1024x1024x512_64x64x64_8c.mlir.prj/aie_cdo_init.bin
Generating: /scratch/luisr/mlir-aie/programming_examples/basic/matrix_multiplication/whole_array/build/aie_1024x1024x512_64x64x64_8c.mlir.prj/aie_cdo_enable.bin
export XRT_HACK_UNSECURE_LOADING_XCLBIN=1 && \
 ./whole_array.exe -x build/final_1024x1024x512_64x64x64_8c.xclbin -i build/insts_1024x1024x512_64x64x64_8c.txt -k MLIR_AIE -M 1024 -K 1024 -N 512 --iters 40 --warmup 10 --verify=false --b_col_maj 0

Avg NPU matmul time: 312.325us.
Avg NPU gflops: 3437.9

Min NPU matmul time: 295us.
Max NPU gflops: 3639.8

Max NPU matmul time: 336us.
Min NPU gflops: 3195.66

PASS!

rm -rf tmpTrace parse*.json trace*json trace.txt
rm -rf build _build whole_array.exe
rm -rf _build
mkdir -p _build
cd _build &&  cmake -E env CXXFLAGS="-std=c++23 -ggdb -DDTYPE_IN=std::bfloat16_t -DDTYPE_OUT=std::bfloat16_t -DDTYPE_ACC=float" \
	cmake `echo /scratch/luisr/mlir-aie/programming_examples/basic/matrix_multiplication/whole_array/..` -D CMAKE_C_COMPILER=gcc-13 -D CMAKE_CXX_COMPILER=g++-13 -DTARGET_NAME=whole_array -Dsubdir=whole_array
-- The C compiler identification is GNU 13.3.0
-- The CXX compiler identification is GNU 13.3.0
-- Detecting C compiler ABI info
-- Detecting C compiler ABI info - done
-- Check for working C compiler: /usr/bin/gcc-13 - skipped
-- Detecting C compile features
-- Detecting C compile features - done
-- Detecting CXX compiler ABI info
-- Detecting CXX compiler ABI info - done
-- Check for working CXX compiler: /usr/bin/g++-13 - skipped
-- Detecting CXX compile features
-- Detecting CXX compile features - done
-- Configuring done (0.3s)
-- Generating done (0.0s)
-- Build files have been written to: /scratch/luisr/mlir-aie/programming_examples/basic/matrix_multiplication/whole_array/_build
cd _build &&  cmake --build . --config Release
gmake[1]: Entering directory '/scratch/luisr/mlir-aie/programming_examples/basic/matrix_multiplication/whole_array/_build'
gmake[2]: Entering directory '/scratch/luisr/mlir-aie/programming_examples/basic/matrix_multiplication/whole_array/_build'
gmake[3]: Entering directory '/scratch/luisr/mlir-aie/programming_examples/basic/matrix_multiplication/whole_array/_build'
gmake[3]: Leaving directory '/scratch/luisr/mlir-aie/programming_examples/basic/matrix_multiplication/whole_array/_build'
gmake[3]: Entering directory '/scratch/luisr/mlir-aie/programming_examples/basic/matrix_multiplication/whole_array/_build'
[ 33%] Building CXX object CMakeFiles/whole_array.dir/scratch/luisr/mlir-aie/runtime_lib/test_lib/test_utils.cpp.o
[ 66%] Building CXX object CMakeFiles/whole_array.dir/whole_array/test.cpp.o
[100%] Linking CXX executable whole_array
gmake[3]: Leaving directory '/scratch/luisr/mlir-aie/programming_examples/basic/matrix_multiplication/whole_array/_build'
[100%] Built target whole_array
gmake[2]: Leaving directory '/scratch/luisr/mlir-aie/programming_examples/basic/matrix_multiplication/whole_array/_build'
gmake[1]: Leaving directory '/scratch/luisr/mlir-aie/programming_examples/basic/matrix_multiplication/whole_array/_build'
cp _build/whole_array whole_array.exe 
mkdir -p build
python3 /scratch/luisr/mlir-aie/programming_examples/basic/matrix_multiplication/whole_array/whole_array.py -m 64 -k 64 -n 64 --n-aie-cols 8 --b-col-maj 0 --dev npu2 -M 1024 -K 1024 -N 1024 --dtype_in bf16 --dtype_out bf16 --emulate-bf16-mmul-with-bfp16 true --trace_size 0 > build/aie_1024x1024x1024_64x64x64_8c.mlir
mkdir -p build
cd build && xchesscc_wrapper aie2p -I /proj/xbuilds/2024.2_INT_1113_1001/installs/all_platforms/Vitis/2024.2/aietools/include  -Dbf16_bf16_ONLY -DDIM_M=64 -DDIM_K=64 -DDIM_N=64 -DAIE_API_EMULATE_BFLOAT16_MMUL_WITH_BFP16 -c /scratch/luisr/mlir-aie/programming_examples/basic/matrix_multiplication/whole_array/../../../../aie_kernels/aie2p/mm.cc -o mm_64x64x64.o
WARNING: Default location for XILINX_VIVADO_IP_OVERRIDE not found: /build/xfndry/IP_2024.2_INTEGRATION_VERIFIED/customer/vivado/data/ip
mkdir -p build
cd build && aiecc.py --alloc-scheme=basic-sequential --aie-generate-xclbin --no-compile-host --xclbin-name=final_1024x1024x1024_64x64x64_8c.xclbin \
			 \
			--aie-generate-npu-insts --npu-insts-name=insts_1024x1024x1024_64x64x64_8c.txt ../build/aie_1024x1024x1024_64x64x64_8c.mlir

Generating: /scratch/luisr/mlir-aie/programming_examples/basic/matrix_multiplication/whole_array/build/aie_1024x1024x1024_64x64x64_8c.mlir.prj/aie_cdo_elfs.bin
Generating: /scratch/luisr/mlir-aie/programming_examples/basic/matrix_multiplication/whole_array/build/aie_1024x1024x1024_64x64x64_8c.mlir.prj/aie_cdo_init.bin
Generating: /scratch/luisr/mlir-aie/programming_examples/basic/matrix_multiplication/whole_array/build/aie_1024x1024x1024_64x64x64_8c.mlir.prj/aie_cdo_enable.bin
export XRT_HACK_UNSECURE_LOADING_XCLBIN=1 && \
 ./whole_array.exe -x build/final_1024x1024x1024_64x64x64_8c.xclbin -i build/insts_1024x1024x1024_64x64x64_8c.txt -k MLIR_AIE -M 1024 -K 1024 -N 1024 --iters 40 --warmup 10 --verify=false --b_col_maj 0

Avg NPU matmul time: 544.65us.
Avg NPU gflops: 3942.87

Min NPU matmul time: 523us.
Max NPU gflops: 4106.09

Max NPU matmul time: 579us.
Min NPU gflops: 3708.95

PASS!

rm -rf tmpTrace parse*.json trace*json trace.txt
rm -rf build _build whole_array.exe
rm -rf _build
mkdir -p _build
cd _build &&  cmake -E env CXXFLAGS="-std=c++23 -ggdb -DDTYPE_IN=std::bfloat16_t -DDTYPE_OUT=std::bfloat16_t -DDTYPE_ACC=float" \
	cmake `echo /scratch/luisr/mlir-aie/programming_examples/basic/matrix_multiplication/whole_array/..` -D CMAKE_C_COMPILER=gcc-13 -D CMAKE_CXX_COMPILER=g++-13 -DTARGET_NAME=whole_array -Dsubdir=whole_array
-- The C compiler identification is GNU 13.3.0
-- The CXX compiler identification is GNU 13.3.0
-- Detecting C compiler ABI info
-- Detecting C compiler ABI info - done
-- Check for working C compiler: /usr/bin/gcc-13 - skipped
-- Detecting C compile features
-- Detecting C compile features - done
-- Detecting CXX compiler ABI info
-- Detecting CXX compiler ABI info - done
-- Check for working CXX compiler: /usr/bin/g++-13 - skipped
-- Detecting CXX compile features
-- Detecting CXX compile features - done
-- Configuring done (0.3s)
-- Generating done (0.0s)
-- Build files have been written to: /scratch/luisr/mlir-aie/programming_examples/basic/matrix_multiplication/whole_array/_build
cd _build &&  cmake --build . --config Release
gmake[1]: Entering directory '/scratch/luisr/mlir-aie/programming_examples/basic/matrix_multiplication/whole_array/_build'
gmake[2]: Entering directory '/scratch/luisr/mlir-aie/programming_examples/basic/matrix_multiplication/whole_array/_build'
gmake[3]: Entering directory '/scratch/luisr/mlir-aie/programming_examples/basic/matrix_multiplication/whole_array/_build'
gmake[3]: Leaving directory '/scratch/luisr/mlir-aie/programming_examples/basic/matrix_multiplication/whole_array/_build'
gmake[3]: Entering directory '/scratch/luisr/mlir-aie/programming_examples/basic/matrix_multiplication/whole_array/_build'
[ 33%] Building CXX object CMakeFiles/whole_array.dir/scratch/luisr/mlir-aie/runtime_lib/test_lib/test_utils.cpp.o
[ 66%] Building CXX object CMakeFiles/whole_array.dir/whole_array/test.cpp.o
[100%] Linking CXX executable whole_array
gmake[3]: Leaving directory '/scratch/luisr/mlir-aie/programming_examples/basic/matrix_multiplication/whole_array/_build'
[100%] Built target whole_array
gmake[2]: Leaving directory '/scratch/luisr/mlir-aie/programming_examples/basic/matrix_multiplication/whole_array/_build'
gmake[1]: Leaving directory '/scratch/luisr/mlir-aie/programming_examples/basic/matrix_multiplication/whole_array/_build'
cp _build/whole_array whole_array.exe 
mkdir -p build
python3 /scratch/luisr/mlir-aie/programming_examples/basic/matrix_multiplication/whole_array/whole_array.py -m 64 -k 64 -n 64 --n-aie-cols 8 --b-col-maj 0 --dev npu2 -M 1024 -K 1024 -N 4096 --dtype_in bf16 --dtype_out bf16 --emulate-bf16-mmul-with-bfp16 true --trace_size 0 > build/aie_1024x1024x4096_64x64x64_8c.mlir
mkdir -p build
cd build && xchesscc_wrapper aie2p -I /proj/xbuilds/2024.2_INT_1113_1001/installs/all_platforms/Vitis/2024.2/aietools/include  -Dbf16_bf16_ONLY -DDIM_M=64 -DDIM_K=64 -DDIM_N=64 -DAIE_API_EMULATE_BFLOAT16_MMUL_WITH_BFP16 -c /scratch/luisr/mlir-aie/programming_examples/basic/matrix_multiplication/whole_array/../../../../aie_kernels/aie2p/mm.cc -o mm_64x64x64.o
WARNING: Default location for XILINX_VIVADO_IP_OVERRIDE not found: /build/xfndry/IP_2024.2_INTEGRATION_VERIFIED/customer/vivado/data/ip
mkdir -p build
cd build && aiecc.py --alloc-scheme=basic-sequential --aie-generate-xclbin --no-compile-host --xclbin-name=final_1024x1024x4096_64x64x64_8c.xclbin \
			 \
			--aie-generate-npu-insts --npu-insts-name=insts_1024x1024x4096_64x64x64_8c.txt ../build/aie_1024x1024x4096_64x64x64_8c.mlir

Generating: /scratch/luisr/mlir-aie/programming_examples/basic/matrix_multiplication/whole_array/build/aie_1024x1024x4096_64x64x64_8c.mlir.prj/aie_cdo_elfs.bin
Generating: /scratch/luisr/mlir-aie/programming_examples/basic/matrix_multiplication/whole_array/build/aie_1024x1024x4096_64x64x64_8c.mlir.prj/aie_cdo_init.bin
Generating: /scratch/luisr/mlir-aie/programming_examples/basic/matrix_multiplication/whole_array/build/aie_1024x1024x4096_64x64x64_8c.mlir.prj/aie_cdo_enable.bin
export XRT_HACK_UNSECURE_LOADING_XCLBIN=1 && \
 ./whole_array.exe -x build/final_1024x1024x4096_64x64x64_8c.xclbin -i build/insts_1024x1024x4096_64x64x64_8c.txt -k MLIR_AIE -M 1024 -K 1024 -N 4096 --iters 40 --warmup 10 --verify=false --b_col_maj 0

Avg NPU matmul time: 2322.25us.
Avg NPU gflops: 3698.97

Min NPU matmul time: 2024us.
Max NPU gflops: 4244.04

Max NPU matmul time: 2598us.
Min NPU gflops: 3306.36

PASS!

rm -rf tmpTrace parse*.json trace*json trace.txt
rm -rf build _build whole_array.exe
rm -rf _build
mkdir -p _build
cd _build &&  cmake -E env CXXFLAGS="-std=c++23 -ggdb -DDTYPE_IN=std::bfloat16_t -DDTYPE_OUT=std::bfloat16_t -DDTYPE_ACC=float" \
	cmake `echo /scratch/luisr/mlir-aie/programming_examples/basic/matrix_multiplication/whole_array/..` -D CMAKE_C_COMPILER=gcc-13 -D CMAKE_CXX_COMPILER=g++-13 -DTARGET_NAME=whole_array -Dsubdir=whole_array
-- The C compiler identification is GNU 13.3.0
-- The CXX compiler identification is GNU 13.3.0
-- Detecting C compiler ABI info
-- Detecting C compiler ABI info - done
-- Check for working C compiler: /usr/bin/gcc-13 - skipped
-- Detecting C compile features
-- Detecting C compile features - done
-- Detecting CXX compiler ABI info
-- Detecting CXX compiler ABI info - done
-- Check for working CXX compiler: /usr/bin/g++-13 - skipped
-- Detecting CXX compile features
-- Detecting CXX compile features - done
-- Configuring done (0.3s)
-- Generating done (0.0s)
-- Build files have been written to: /scratch/luisr/mlir-aie/programming_examples/basic/matrix_multiplication/whole_array/_build
cd _build &&  cmake --build . --config Release
gmake[1]: Entering directory '/scratch/luisr/mlir-aie/programming_examples/basic/matrix_multiplication/whole_array/_build'
gmake[2]: Entering directory '/scratch/luisr/mlir-aie/programming_examples/basic/matrix_multiplication/whole_array/_build'
gmake[3]: Entering directory '/scratch/luisr/mlir-aie/programming_examples/basic/matrix_multiplication/whole_array/_build'
gmake[3]: Leaving directory '/scratch/luisr/mlir-aie/programming_examples/basic/matrix_multiplication/whole_array/_build'
gmake[3]: Entering directory '/scratch/luisr/mlir-aie/programming_examples/basic/matrix_multiplication/whole_array/_build'
[ 33%] Building CXX object CMakeFiles/whole_array.dir/scratch/luisr/mlir-aie/runtime_lib/test_lib/test_utils.cpp.o
[ 66%] Building CXX object CMakeFiles/whole_array.dir/whole_array/test.cpp.o
[100%] Linking CXX executable whole_array
gmake[3]: Leaving directory '/scratch/luisr/mlir-aie/programming_examples/basic/matrix_multiplication/whole_array/_build'
[100%] Built target whole_array
gmake[2]: Leaving directory '/scratch/luisr/mlir-aie/programming_examples/basic/matrix_multiplication/whole_array/_build'
gmake[1]: Leaving directory '/scratch/luisr/mlir-aie/programming_examples/basic/matrix_multiplication/whole_array/_build'
cp _build/whole_array whole_array.exe 
mkdir -p build
python3 /scratch/luisr/mlir-aie/programming_examples/basic/matrix_multiplication/whole_array/whole_array.py -m 64 -k 64 -n 64 --n-aie-cols 8 --b-col-maj 0 --dev npu2 -M 1024 -K 1024 -N 8192 --dtype_in bf16 --dtype_out bf16 --emulate-bf16-mmul-with-bfp16 true --trace_size 0 > build/aie_1024x1024x8192_64x64x64_8c.mlir
mkdir -p build
cd build && xchesscc_wrapper aie2p -I /proj/xbuilds/2024.2_INT_1113_1001/installs/all_platforms/Vitis/2024.2/aietools/include  -Dbf16_bf16_ONLY -DDIM_M=64 -DDIM_K=64 -DDIM_N=64 -DAIE_API_EMULATE_BFLOAT16_MMUL_WITH_BFP16 -c /scratch/luisr/mlir-aie/programming_examples/basic/matrix_multiplication/whole_array/../../../../aie_kernels/aie2p/mm.cc -o mm_64x64x64.o
WARNING: Default location for XILINX_VIVADO_IP_OVERRIDE not found: /build/xfndry/IP_2024.2_INTEGRATION_VERIFIED/customer/vivado/data/ip
mkdir -p build
cd build && aiecc.py --alloc-scheme=basic-sequential --aie-generate-xclbin --no-compile-host --xclbin-name=final_1024x1024x8192_64x64x64_8c.xclbin \
			 \
			--aie-generate-npu-insts --npu-insts-name=insts_1024x1024x8192_64x64x64_8c.txt ../build/aie_1024x1024x8192_64x64x64_8c.mlir

Generating: /scratch/luisr/mlir-aie/programming_examples/basic/matrix_multiplication/whole_array/build/aie_1024x1024x8192_64x64x64_8c.mlir.prj/aie_cdo_elfs.bin
Generating: /scratch/luisr/mlir-aie/programming_examples/basic/matrix_multiplication/whole_array/build/aie_1024x1024x8192_64x64x64_8c.mlir.prj/aie_cdo_init.bin
Generating: /scratch/luisr/mlir-aie/programming_examples/basic/matrix_multiplication/whole_array/build/aie_1024x1024x8192_64x64x64_8c.mlir.prj/aie_cdo_enable.bin
export XRT_HACK_UNSECURE_LOADING_XCLBIN=1 && \
 ./whole_array.exe -x build/final_1024x1024x8192_64x64x64_8c.xclbin -i build/insts_1024x1024x8192_64x64x64_8c.txt -k MLIR_AIE -M 1024 -K 1024 -N 8192 --iters 40 --warmup 10 --verify=false --b_col_maj 0

Avg NPU matmul time: 4596.5us.
Avg NPU gflops: 3737.6

Min NPU matmul time: 4282us.
Max NPU gflops: 4012.11

Max NPU matmul time: 5576us.
Min NPU gflops: 3081.04

PASS!

rm -rf tmpTrace parse*.json trace*json trace.txt
rm -rf build _build whole_array.exe
rm -rf _build
mkdir -p _build
cd _build &&  cmake -E env CXXFLAGS="-std=c++23 -ggdb -DDTYPE_IN=std::bfloat16_t -DDTYPE_OUT=std::bfloat16_t -DDTYPE_ACC=float" \
	cmake `echo /scratch/luisr/mlir-aie/programming_examples/basic/matrix_multiplication/whole_array/..` -D CMAKE_C_COMPILER=gcc-13 -D CMAKE_CXX_COMPILER=g++-13 -DTARGET_NAME=whole_array -Dsubdir=whole_array
-- The C compiler identification is GNU 13.3.0
-- The CXX compiler identification is GNU 13.3.0
-- Detecting C compiler ABI info
-- Detecting C compiler ABI info - done
-- Check for working C compiler: /usr/bin/gcc-13 - skipped
-- Detecting C compile features
-- Detecting C compile features - done
-- Detecting CXX compiler ABI info
-- Detecting CXX compiler ABI info - done
-- Check for working CXX compiler: /usr/bin/g++-13 - skipped
-- Detecting CXX compile features
-- Detecting CXX compile features - done
-- Configuring done (0.2s)
-- Generating done (0.0s)
-- Build files have been written to: /scratch/luisr/mlir-aie/programming_examples/basic/matrix_multiplication/whole_array/_build
cd _build &&  cmake --build . --config Release
gmake[1]: Entering directory '/scratch/luisr/mlir-aie/programming_examples/basic/matrix_multiplication/whole_array/_build'
gmake[2]: Entering directory '/scratch/luisr/mlir-aie/programming_examples/basic/matrix_multiplication/whole_array/_build'
gmake[3]: Entering directory '/scratch/luisr/mlir-aie/programming_examples/basic/matrix_multiplication/whole_array/_build'
gmake[3]: Leaving directory '/scratch/luisr/mlir-aie/programming_examples/basic/matrix_multiplication/whole_array/_build'
gmake[3]: Entering directory '/scratch/luisr/mlir-aie/programming_examples/basic/matrix_multiplication/whole_array/_build'
[ 33%] Building CXX object CMakeFiles/whole_array.dir/scratch/luisr/mlir-aie/runtime_lib/test_lib/test_utils.cpp.o
[ 66%] Building CXX object CMakeFiles/whole_array.dir/whole_array/test.cpp.o
[100%] Linking CXX executable whole_array
gmake[3]: Leaving directory '/scratch/luisr/mlir-aie/programming_examples/basic/matrix_multiplication/whole_array/_build'
[100%] Built target whole_array
gmake[2]: Leaving directory '/scratch/luisr/mlir-aie/programming_examples/basic/matrix_multiplication/whole_array/_build'
gmake[1]: Leaving directory '/scratch/luisr/mlir-aie/programming_examples/basic/matrix_multiplication/whole_array/_build'
cp _build/whole_array whole_array.exe 
mkdir -p build
python3 /scratch/luisr/mlir-aie/programming_examples/basic/matrix_multiplication/whole_array/whole_array.py -m 64 -k 64 -n 64 --n-aie-cols 8 --b-col-maj 0 --dev npu2 -M 1024 -K 4096 -N 512 --dtype_in bf16 --dtype_out bf16 --emulate-bf16-mmul-with-bfp16 true --trace_size 0 > build/aie_1024x4096x512_64x64x64_8c.mlir
mkdir -p build
cd build && xchesscc_wrapper aie2p -I /proj/xbuilds/2024.2_INT_1113_1001/installs/all_platforms/Vitis/2024.2/aietools/include  -Dbf16_bf16_ONLY -DDIM_M=64 -DDIM_K=64 -DDIM_N=64 -DAIE_API_EMULATE_BFLOAT16_MMUL_WITH_BFP16 -c /scratch/luisr/mlir-aie/programming_examples/basic/matrix_multiplication/whole_array/../../../../aie_kernels/aie2p/mm.cc -o mm_64x64x64.o
WARNING: Default location for XILINX_VIVADO_IP_OVERRIDE not found: /build/xfndry/IP_2024.2_INTEGRATION_VERIFIED/customer/vivado/data/ip
mkdir -p build
cd build && aiecc.py --alloc-scheme=basic-sequential --aie-generate-xclbin --no-compile-host --xclbin-name=final_1024x4096x512_64x64x64_8c.xclbin \
			 \
			--aie-generate-npu-insts --npu-insts-name=insts_1024x4096x512_64x64x64_8c.txt ../build/aie_1024x4096x512_64x64x64_8c.mlir

Generating: /scratch/luisr/mlir-aie/programming_examples/basic/matrix_multiplication/whole_array/build/aie_1024x4096x512_64x64x64_8c.mlir.prj/aie_cdo_elfs.bin
Generating: /scratch/luisr/mlir-aie/programming_examples/basic/matrix_multiplication/whole_array/build/aie_1024x4096x512_64x64x64_8c.mlir.prj/aie_cdo_init.bin
Generating: /scratch/luisr/mlir-aie/programming_examples/basic/matrix_multiplication/whole_array/build/aie_1024x4096x512_64x64x64_8c.mlir.prj/aie_cdo_enable.bin
export XRT_HACK_UNSECURE_LOADING_XCLBIN=1 && \
 ./whole_array.exe -x build/final_1024x4096x512_64x64x64_8c.xclbin -i build/insts_1024x4096x512_64x64x64_8c.txt -k MLIR_AIE -M 1024 -K 4096 -N 512 --iters 40 --warmup 10 --verify=false --b_col_maj 0

Avg NPU matmul time: 1250.3us.
Avg NPU gflops: 3435.15

Min NPU matmul time: 977us.
Max NPU gflops: 4396.08

Max NPU matmul time: 1551us.
Min NPU gflops: 2769.16

PASS!

rm -rf tmpTrace parse*.json trace*json trace.txt
rm -rf build _build whole_array.exe
rm -rf _build
mkdir -p _build
cd _build &&  cmake -E env CXXFLAGS="-std=c++23 -ggdb -DDTYPE_IN=std::bfloat16_t -DDTYPE_OUT=std::bfloat16_t -DDTYPE_ACC=float" \
	cmake `echo /scratch/luisr/mlir-aie/programming_examples/basic/matrix_multiplication/whole_array/..` -D CMAKE_C_COMPILER=gcc-13 -D CMAKE_CXX_COMPILER=g++-13 -DTARGET_NAME=whole_array -Dsubdir=whole_array
-- The C compiler identification is GNU 13.3.0
-- The CXX compiler identification is GNU 13.3.0
-- Detecting C compiler ABI info
-- Detecting C compiler ABI info - done
-- Check for working C compiler: /usr/bin/gcc-13 - skipped
-- Detecting C compile features
-- Detecting C compile features - done
-- Detecting CXX compiler ABI info
-- Detecting CXX compiler ABI info - done
-- Check for working CXX compiler: /usr/bin/g++-13 - skipped
-- Detecting CXX compile features
-- Detecting CXX compile features - done
-- Configuring done (0.2s)
-- Generating done (0.0s)
-- Build files have been written to: /scratch/luisr/mlir-aie/programming_examples/basic/matrix_multiplication/whole_array/_build
cd _build &&  cmake --build . --config Release
gmake[1]: Entering directory '/scratch/luisr/mlir-aie/programming_examples/basic/matrix_multiplication/whole_array/_build'
gmake[2]: Entering directory '/scratch/luisr/mlir-aie/programming_examples/basic/matrix_multiplication/whole_array/_build'
gmake[3]: Entering directory '/scratch/luisr/mlir-aie/programming_examples/basic/matrix_multiplication/whole_array/_build'
gmake[3]: Leaving directory '/scratch/luisr/mlir-aie/programming_examples/basic/matrix_multiplication/whole_array/_build'
gmake[3]: Entering directory '/scratch/luisr/mlir-aie/programming_examples/basic/matrix_multiplication/whole_array/_build'
[ 33%] Building CXX object CMakeFiles/whole_array.dir/scratch/luisr/mlir-aie/runtime_lib/test_lib/test_utils.cpp.o
[ 66%] Building CXX object CMakeFiles/whole_array.dir/whole_array/test.cpp.o
[100%] Linking CXX executable whole_array
gmake[3]: Leaving directory '/scratch/luisr/mlir-aie/programming_examples/basic/matrix_multiplication/whole_array/_build'
[100%] Built target whole_array
gmake[2]: Leaving directory '/scratch/luisr/mlir-aie/programming_examples/basic/matrix_multiplication/whole_array/_build'
gmake[1]: Leaving directory '/scratch/luisr/mlir-aie/programming_examples/basic/matrix_multiplication/whole_array/_build'
cp _build/whole_array whole_array.exe 
mkdir -p build
python3 /scratch/luisr/mlir-aie/programming_examples/basic/matrix_multiplication/whole_array/whole_array.py -m 64 -k 64 -n 64 --n-aie-cols 8 --b-col-maj 0 --dev npu2 -M 1024 -K 4096 -N 1024 --dtype_in bf16 --dtype_out bf16 --emulate-bf16-mmul-with-bfp16 true --trace_size 0 > build/aie_1024x4096x1024_64x64x64_8c.mlir
mkdir -p build
cd build && xchesscc_wrapper aie2p -I /proj/xbuilds/2024.2_INT_1113_1001/installs/all_platforms/Vitis/2024.2/aietools/include  -Dbf16_bf16_ONLY -DDIM_M=64 -DDIM_K=64 -DDIM_N=64 -DAIE_API_EMULATE_BFLOAT16_MMUL_WITH_BFP16 -c /scratch/luisr/mlir-aie/programming_examples/basic/matrix_multiplication/whole_array/../../../../aie_kernels/aie2p/mm.cc -o mm_64x64x64.o
WARNING: Default location for XILINX_VIVADO_IP_OVERRIDE not found: /build/xfndry/IP_2024.2_INTEGRATION_VERIFIED/customer/vivado/data/ip
mkdir -p build
cd build && aiecc.py --alloc-scheme=basic-sequential --aie-generate-xclbin --no-compile-host --xclbin-name=final_1024x4096x1024_64x64x64_8c.xclbin \
			 \
			--aie-generate-npu-insts --npu-insts-name=insts_1024x4096x1024_64x64x64_8c.txt ../build/aie_1024x4096x1024_64x64x64_8c.mlir

Generating: /scratch/luisr/mlir-aie/programming_examples/basic/matrix_multiplication/whole_array/build/aie_1024x4096x1024_64x64x64_8c.mlir.prj/aie_cdo_elfs.bin
Generating: /scratch/luisr/mlir-aie/programming_examples/basic/matrix_multiplication/whole_array/build/aie_1024x4096x1024_64x64x64_8c.mlir.prj/aie_cdo_init.bin
Generating: /scratch/luisr/mlir-aie/programming_examples/basic/matrix_multiplication/whole_array/build/aie_1024x4096x1024_64x64x64_8c.mlir.prj/aie_cdo_enable.bin
export XRT_HACK_UNSECURE_LOADING_XCLBIN=1 && \
 ./whole_array.exe -x build/final_1024x4096x1024_64x64x64_8c.xclbin -i build/insts_1024x4096x1024_64x64x64_8c.txt -k MLIR_AIE -M 1024 -K 4096 -N 1024 --iters 40 --warmup 10 --verify=false --b_col_maj 0

Avg NPU matmul time: 2168.2us.
Avg NPU gflops: 3961.78

Min NPU matmul time: 1890us.
Max NPU gflops: 4544.94

Max NPU matmul time: 2520us.
Min NPU gflops: 3408.7

PASS!

rm -rf tmpTrace parse*.json trace*json trace.txt
rm -rf build _build whole_array.exe
rm -rf _build
mkdir -p _build
cd _build &&  cmake -E env CXXFLAGS="-std=c++23 -ggdb -DDTYPE_IN=std::bfloat16_t -DDTYPE_OUT=std::bfloat16_t -DDTYPE_ACC=float" \
	cmake `echo /scratch/luisr/mlir-aie/programming_examples/basic/matrix_multiplication/whole_array/..` -D CMAKE_C_COMPILER=gcc-13 -D CMAKE_CXX_COMPILER=g++-13 -DTARGET_NAME=whole_array -Dsubdir=whole_array
-- The C compiler identification is GNU 13.3.0
-- The CXX compiler identification is GNU 13.3.0
-- Detecting C compiler ABI info
-- Detecting C compiler ABI info - done
-- Check for working C compiler: /usr/bin/gcc-13 - skipped
-- Detecting C compile features
-- Detecting C compile features - done
-- Detecting CXX compiler ABI info
-- Detecting CXX compiler ABI info - done
-- Check for working CXX compiler: /usr/bin/g++-13 - skipped
-- Detecting CXX compile features
-- Detecting CXX compile features - done
-- Configuring done (0.3s)
-- Generating done (0.0s)
-- Build files have been written to: /scratch/luisr/mlir-aie/programming_examples/basic/matrix_multiplication/whole_array/_build
cd _build &&  cmake --build . --config Release
gmake[1]: Entering directory '/scratch/luisr/mlir-aie/programming_examples/basic/matrix_multiplication/whole_array/_build'
gmake[2]: Entering directory '/scratch/luisr/mlir-aie/programming_examples/basic/matrix_multiplication/whole_array/_build'
gmake[3]: Entering directory '/scratch/luisr/mlir-aie/programming_examples/basic/matrix_multiplication/whole_array/_build'
gmake[3]: Leaving directory '/scratch/luisr/mlir-aie/programming_examples/basic/matrix_multiplication/whole_array/_build'
gmake[3]: Entering directory '/scratch/luisr/mlir-aie/programming_examples/basic/matrix_multiplication/whole_array/_build'
[ 33%] Building CXX object CMakeFiles/whole_array.dir/scratch/luisr/mlir-aie/runtime_lib/test_lib/test_utils.cpp.o
[ 66%] Building CXX object CMakeFiles/whole_array.dir/whole_array/test.cpp.o
[100%] Linking CXX executable whole_array
gmake[3]: Leaving directory '/scratch/luisr/mlir-aie/programming_examples/basic/matrix_multiplication/whole_array/_build'
[100%] Built target whole_array
gmake[2]: Leaving directory '/scratch/luisr/mlir-aie/programming_examples/basic/matrix_multiplication/whole_array/_build'
gmake[1]: Leaving directory '/scratch/luisr/mlir-aie/programming_examples/basic/matrix_multiplication/whole_array/_build'
cp _build/whole_array whole_array.exe 
mkdir -p build
python3 /scratch/luisr/mlir-aie/programming_examples/basic/matrix_multiplication/whole_array/whole_array.py -m 64 -k 64 -n 64 --n-aie-cols 8 --b-col-maj 0 --dev npu2 -M 1024 -K 4096 -N 4096 --dtype_in bf16 --dtype_out bf16 --emulate-bf16-mmul-with-bfp16 true --trace_size 0 > build/aie_1024x4096x4096_64x64x64_8c.mlir
mkdir -p build
cd build && xchesscc_wrapper aie2p -I /proj/xbuilds/2024.2_INT_1113_1001/installs/all_platforms/Vitis/2024.2/aietools/include  -Dbf16_bf16_ONLY -DDIM_M=64 -DDIM_K=64 -DDIM_N=64 -DAIE_API_EMULATE_BFLOAT16_MMUL_WITH_BFP16 -c /scratch/luisr/mlir-aie/programming_examples/basic/matrix_multiplication/whole_array/../../../../aie_kernels/aie2p/mm.cc -o mm_64x64x64.o
WARNING: Default location for XILINX_VIVADO_IP_OVERRIDE not found: /build/xfndry/IP_2024.2_INTEGRATION_VERIFIED/customer/vivado/data/ip
mkdir -p build
cd build && aiecc.py --alloc-scheme=basic-sequential --aie-generate-xclbin --no-compile-host --xclbin-name=final_1024x4096x4096_64x64x64_8c.xclbin \
			 \
			--aie-generate-npu-insts --npu-insts-name=insts_1024x4096x4096_64x64x64_8c.txt ../build/aie_1024x4096x4096_64x64x64_8c.mlir

Generating: /scratch/luisr/mlir-aie/programming_examples/basic/matrix_multiplication/whole_array/build/aie_1024x4096x4096_64x64x64_8c.mlir.prj/aie_cdo_elfs.bin
Generating: /scratch/luisr/mlir-aie/programming_examples/basic/matrix_multiplication/whole_array/build/aie_1024x4096x4096_64x64x64_8c.mlir.prj/aie_cdo_init.bin
Generating: /scratch/luisr/mlir-aie/programming_examples/basic/matrix_multiplication/whole_array/build/aie_1024x4096x4096_64x64x64_8c.mlir.prj/aie_cdo_enable.bin
export XRT_HACK_UNSECURE_LOADING_XCLBIN=1 && \
 ./whole_array.exe -x build/final_1024x4096x4096_64x64x64_8c.xclbin -i build/insts_1024x4096x4096_64x64x64_8c.txt -k MLIR_AIE -M 1024 -K 4096 -N 4096 --iters 40 --warmup 10 --verify=false --b_col_maj 0

Avg NPU matmul time: 8054.12us.
Avg NPU gflops: 4266.1

Min NPU matmul time: 7563us.
Max NPU gflops: 4543.14

Max NPU matmul time: 8660us.
Min NPU gflops: 3967.64

PASS!

rm -rf tmpTrace parse*.json trace*json trace.txt
rm -rf build _build whole_array.exe
rm -rf _build
mkdir -p _build
cd _build &&  cmake -E env CXXFLAGS="-std=c++23 -ggdb -DDTYPE_IN=std::bfloat16_t -DDTYPE_OUT=std::bfloat16_t -DDTYPE_ACC=float" \
	cmake `echo /scratch/luisr/mlir-aie/programming_examples/basic/matrix_multiplication/whole_array/..` -D CMAKE_C_COMPILER=gcc-13 -D CMAKE_CXX_COMPILER=g++-13 -DTARGET_NAME=whole_array -Dsubdir=whole_array
-- The C compiler identification is GNU 13.3.0
-- The CXX compiler identification is GNU 13.3.0
-- Detecting C compiler ABI info
-- Detecting C compiler ABI info - done
-- Check for working C compiler: /usr/bin/gcc-13 - skipped
-- Detecting C compile features
-- Detecting C compile features - done
-- Detecting CXX compiler ABI info
-- Detecting CXX compiler ABI info - done
-- Check for working CXX compiler: /usr/bin/g++-13 - skipped
-- Detecting CXX compile features
-- Detecting CXX compile features - done
-- Configuring done (0.3s)
-- Generating done (0.0s)
-- Build files have been written to: /scratch/luisr/mlir-aie/programming_examples/basic/matrix_multiplication/whole_array/_build
cd _build &&  cmake --build . --config Release
gmake[1]: Entering directory '/scratch/luisr/mlir-aie/programming_examples/basic/matrix_multiplication/whole_array/_build'
gmake[2]: Entering directory '/scratch/luisr/mlir-aie/programming_examples/basic/matrix_multiplication/whole_array/_build'
gmake[3]: Entering directory '/scratch/luisr/mlir-aie/programming_examples/basic/matrix_multiplication/whole_array/_build'
gmake[3]: Leaving directory '/scratch/luisr/mlir-aie/programming_examples/basic/matrix_multiplication/whole_array/_build'
gmake[3]: Entering directory '/scratch/luisr/mlir-aie/programming_examples/basic/matrix_multiplication/whole_array/_build'
[ 33%] Building CXX object CMakeFiles/whole_array.dir/scratch/luisr/mlir-aie/runtime_lib/test_lib/test_utils.cpp.o
[ 66%] Building CXX object CMakeFiles/whole_array.dir/whole_array/test.cpp.o
[100%] Linking CXX executable whole_array
gmake[3]: Leaving directory '/scratch/luisr/mlir-aie/programming_examples/basic/matrix_multiplication/whole_array/_build'
[100%] Built target whole_array
gmake[2]: Leaving directory '/scratch/luisr/mlir-aie/programming_examples/basic/matrix_multiplication/whole_array/_build'
gmake[1]: Leaving directory '/scratch/luisr/mlir-aie/programming_examples/basic/matrix_multiplication/whole_array/_build'
cp _build/whole_array whole_array.exe 
mkdir -p build
python3 /scratch/luisr/mlir-aie/programming_examples/basic/matrix_multiplication/whole_array/whole_array.py -m 64 -k 64 -n 64 --n-aie-cols 8 --b-col-maj 0 --dev npu2 -M 1024 -K 4096 -N 8192 --dtype_in bf16 --dtype_out bf16 --emulate-bf16-mmul-with-bfp16 true --trace_size 0 > build/aie_1024x4096x8192_64x64x64_8c.mlir
mkdir -p build
cd build && xchesscc_wrapper aie2p -I /proj/xbuilds/2024.2_INT_1113_1001/installs/all_platforms/Vitis/2024.2/aietools/include  -Dbf16_bf16_ONLY -DDIM_M=64 -DDIM_K=64 -DDIM_N=64 -DAIE_API_EMULATE_BFLOAT16_MMUL_WITH_BFP16 -c /scratch/luisr/mlir-aie/programming_examples/basic/matrix_multiplication/whole_array/../../../../aie_kernels/aie2p/mm.cc -o mm_64x64x64.o
WARNING: Default location for XILINX_VIVADO_IP_OVERRIDE not found: /build/xfndry/IP_2024.2_INTEGRATION_VERIFIED/customer/vivado/data/ip
mkdir -p build
cd build && aiecc.py --alloc-scheme=basic-sequential --aie-generate-xclbin --no-compile-host --xclbin-name=final_1024x4096x8192_64x64x64_8c.xclbin \
			 \
			--aie-generate-npu-insts --npu-insts-name=insts_1024x4096x8192_64x64x64_8c.txt ../build/aie_1024x4096x8192_64x64x64_8c.mlir

Generating: /scratch/luisr/mlir-aie/programming_examples/basic/matrix_multiplication/whole_array/build/aie_1024x4096x8192_64x64x64_8c.mlir.prj/aie_cdo_elfs.bin
Generating: /scratch/luisr/mlir-aie/programming_examples/basic/matrix_multiplication/whole_array/build/aie_1024x4096x8192_64x64x64_8c.mlir.prj/aie_cdo_init.bin
Generating: /scratch/luisr/mlir-aie/programming_examples/basic/matrix_multiplication/whole_array/build/aie_1024x4096x8192_64x64x64_8c.mlir.prj/aie_cdo_enable.bin
export XRT_HACK_UNSECURE_LOADING_XCLBIN=1 && \
 ./whole_array.exe -x build/final_1024x4096x8192_64x64x64_8c.xclbin -i build/insts_1024x4096x8192_64x64x64_8c.txt -k MLIR_AIE -M 1024 -K 4096 -N 8192 --iters 40 --warmup 10 --verify=false --b_col_maj 0

Avg NPU matmul time: 18143.1us.
Avg NPU gflops: 3787.64

Min NPU matmul time: 16777us.
Max NPU gflops: 4096.05

Max NPU matmul time: 20538us.
Min NPU gflops: 3345.97

PASS!

rm -rf tmpTrace parse*.json trace*json trace.txt
rm -rf build _build whole_array.exe
rm -rf _build
mkdir -p _build
cd _build &&  cmake -E env CXXFLAGS="-std=c++23 -ggdb -DDTYPE_IN=std::bfloat16_t -DDTYPE_OUT=std::bfloat16_t -DDTYPE_ACC=float" \
	cmake `echo /scratch/luisr/mlir-aie/programming_examples/basic/matrix_multiplication/whole_array/..` -D CMAKE_C_COMPILER=gcc-13 -D CMAKE_CXX_COMPILER=g++-13 -DTARGET_NAME=whole_array -Dsubdir=whole_array
-- The C compiler identification is GNU 13.3.0
-- The CXX compiler identification is GNU 13.3.0
-- Detecting C compiler ABI info
-- Detecting C compiler ABI info - done
-- Check for working C compiler: /usr/bin/gcc-13 - skipped
-- Detecting C compile features
-- Detecting C compile features - done
-- Detecting CXX compiler ABI info
-- Detecting CXX compiler ABI info - done
-- Check for working CXX compiler: /usr/bin/g++-13 - skipped
-- Detecting CXX compile features
-- Detecting CXX compile features - done
-- Configuring done (0.3s)
-- Generating done (0.0s)
-- Build files have been written to: /scratch/luisr/mlir-aie/programming_examples/basic/matrix_multiplication/whole_array/_build
cd _build &&  cmake --build . --config Release
gmake[1]: Entering directory '/scratch/luisr/mlir-aie/programming_examples/basic/matrix_multiplication/whole_array/_build'
gmake[2]: Entering directory '/scratch/luisr/mlir-aie/programming_examples/basic/matrix_multiplication/whole_array/_build'
gmake[3]: Entering directory '/scratch/luisr/mlir-aie/programming_examples/basic/matrix_multiplication/whole_array/_build'
gmake[3]: Leaving directory '/scratch/luisr/mlir-aie/programming_examples/basic/matrix_multiplication/whole_array/_build'
gmake[3]: Entering directory '/scratch/luisr/mlir-aie/programming_examples/basic/matrix_multiplication/whole_array/_build'
[ 33%] Building CXX object CMakeFiles/whole_array.dir/scratch/luisr/mlir-aie/runtime_lib/test_lib/test_utils.cpp.o
[ 66%] Building CXX object CMakeFiles/whole_array.dir/whole_array/test.cpp.o
[100%] Linking CXX executable whole_array
gmake[3]: Leaving directory '/scratch/luisr/mlir-aie/programming_examples/basic/matrix_multiplication/whole_array/_build'
[100%] Built target whole_array
gmake[2]: Leaving directory '/scratch/luisr/mlir-aie/programming_examples/basic/matrix_multiplication/whole_array/_build'
gmake[1]: Leaving directory '/scratch/luisr/mlir-aie/programming_examples/basic/matrix_multiplication/whole_array/_build'
cp _build/whole_array whole_array.exe 
mkdir -p build
python3 /scratch/luisr/mlir-aie/programming_examples/basic/matrix_multiplication/whole_array/whole_array.py -m 64 -k 64 -n 64 --n-aie-cols 8 --b-col-maj 0 --dev npu2 -M 1024 -K 6144 -N 512 --dtype_in bf16 --dtype_out bf16 --emulate-bf16-mmul-with-bfp16 true --trace_size 0 > build/aie_1024x6144x512_64x64x64_8c.mlir
mkdir -p build
cd build && xchesscc_wrapper aie2p -I /proj/xbuilds/2024.2_INT_1113_1001/installs/all_platforms/Vitis/2024.2/aietools/include  -Dbf16_bf16_ONLY -DDIM_M=64 -DDIM_K=64 -DDIM_N=64 -DAIE_API_EMULATE_BFLOAT16_MMUL_WITH_BFP16 -c /scratch/luisr/mlir-aie/programming_examples/basic/matrix_multiplication/whole_array/../../../../aie_kernels/aie2p/mm.cc -o mm_64x64x64.o
WARNING: Default location for XILINX_VIVADO_IP_OVERRIDE not found: /build/xfndry/IP_2024.2_INTEGRATION_VERIFIED/customer/vivado/data/ip
mkdir -p build
cd build && aiecc.py --alloc-scheme=basic-sequential --aie-generate-xclbin --no-compile-host --xclbin-name=final_1024x6144x512_64x64x64_8c.xclbin \
			 \
			--aie-generate-npu-insts --npu-insts-name=insts_1024x6144x512_64x64x64_8c.txt ../build/aie_1024x6144x512_64x64x64_8c.mlir

Generating: /scratch/luisr/mlir-aie/programming_examples/basic/matrix_multiplication/whole_array/build/aie_1024x6144x512_64x64x64_8c.mlir.prj/aie_cdo_elfs.bin
Generating: /scratch/luisr/mlir-aie/programming_examples/basic/matrix_multiplication/whole_array/build/aie_1024x6144x512_64x64x64_8c.mlir.prj/aie_cdo_init.bin
Generating: /scratch/luisr/mlir-aie/programming_examples/basic/matrix_multiplication/whole_array/build/aie_1024x6144x512_64x64x64_8c.mlir.prj/aie_cdo_enable.bin
export XRT_HACK_UNSECURE_LOADING_XCLBIN=1 && \
 ./whole_array.exe -x build/final_1024x6144x512_64x64x64_8c.xclbin -i build/insts_1024x6144x512_64x64x64_8c.txt -k MLIR_AIE -M 1024 -K 6144 -N 512 --iters 40 --warmup 10 --verify=false --b_col_maj 0

Avg NPU matmul time: 1459.43us.
Avg NPU gflops: 4414.38

Min NPU matmul time: 1411us.
Max NPU gflops: 4565.88

Max NPU matmul time: 1836us.
Min NPU gflops: 3508.96

PASS!

rm -rf tmpTrace parse*.json trace*json trace.txt
rm -rf build _build whole_array.exe
rm -rf _build
mkdir -p _build
cd _build &&  cmake -E env CXXFLAGS="-std=c++23 -ggdb -DDTYPE_IN=std::bfloat16_t -DDTYPE_OUT=std::bfloat16_t -DDTYPE_ACC=float" \
	cmake `echo /scratch/luisr/mlir-aie/programming_examples/basic/matrix_multiplication/whole_array/..` -D CMAKE_C_COMPILER=gcc-13 -D CMAKE_CXX_COMPILER=g++-13 -DTARGET_NAME=whole_array -Dsubdir=whole_array
-- The C compiler identification is GNU 13.3.0
-- The CXX compiler identification is GNU 13.3.0
-- Detecting C compiler ABI info
-- Detecting C compiler ABI info - done
-- Check for working C compiler: /usr/bin/gcc-13 - skipped
-- Detecting C compile features
-- Detecting C compile features - done
-- Detecting CXX compiler ABI info
-- Detecting CXX compiler ABI info - done
-- Check for working CXX compiler: /usr/bin/g++-13 - skipped
-- Detecting CXX compile features
-- Detecting CXX compile features - done
-- Configuring done (0.2s)
-- Generating done (0.0s)
-- Build files have been written to: /scratch/luisr/mlir-aie/programming_examples/basic/matrix_multiplication/whole_array/_build
cd _build &&  cmake --build . --config Release
gmake[1]: Entering directory '/scratch/luisr/mlir-aie/programming_examples/basic/matrix_multiplication/whole_array/_build'
gmake[2]: Entering directory '/scratch/luisr/mlir-aie/programming_examples/basic/matrix_multiplication/whole_array/_build'
gmake[3]: Entering directory '/scratch/luisr/mlir-aie/programming_examples/basic/matrix_multiplication/whole_array/_build'
gmake[3]: Leaving directory '/scratch/luisr/mlir-aie/programming_examples/basic/matrix_multiplication/whole_array/_build'
gmake[3]: Entering directory '/scratch/luisr/mlir-aie/programming_examples/basic/matrix_multiplication/whole_array/_build'
[ 33%] Building CXX object CMakeFiles/whole_array.dir/scratch/luisr/mlir-aie/runtime_lib/test_lib/test_utils.cpp.o
[ 66%] Building CXX object CMakeFiles/whole_array.dir/whole_array/test.cpp.o
[100%] Linking CXX executable whole_array
gmake[3]: Leaving directory '/scratch/luisr/mlir-aie/programming_examples/basic/matrix_multiplication/whole_array/_build'
[100%] Built target whole_array
gmake[2]: Leaving directory '/scratch/luisr/mlir-aie/programming_examples/basic/matrix_multiplication/whole_array/_build'
gmake[1]: Leaving directory '/scratch/luisr/mlir-aie/programming_examples/basic/matrix_multiplication/whole_array/_build'
cp _build/whole_array whole_array.exe 
mkdir -p build
python3 /scratch/luisr/mlir-aie/programming_examples/basic/matrix_multiplication/whole_array/whole_array.py -m 64 -k 64 -n 64 --n-aie-cols 8 --b-col-maj 0 --dev npu2 -M 1024 -K 6144 -N 1024 --dtype_in bf16 --dtype_out bf16 --emulate-bf16-mmul-with-bfp16 true --trace_size 0 > build/aie_1024x6144x1024_64x64x64_8c.mlir
mkdir -p build
cd build && xchesscc_wrapper aie2p -I /proj/xbuilds/2024.2_INT_1113_1001/installs/all_platforms/Vitis/2024.2/aietools/include  -Dbf16_bf16_ONLY -DDIM_M=64 -DDIM_K=64 -DDIM_N=64 -DAIE_API_EMULATE_BFLOAT16_MMUL_WITH_BFP16 -c /scratch/luisr/mlir-aie/programming_examples/basic/matrix_multiplication/whole_array/../../../../aie_kernels/aie2p/mm.cc -o mm_64x64x64.o
WARNING: Default location for XILINX_VIVADO_IP_OVERRIDE not found: /build/xfndry/IP_2024.2_INTEGRATION_VERIFIED/customer/vivado/data/ip
mkdir -p build
cd build && aiecc.py --alloc-scheme=basic-sequential --aie-generate-xclbin --no-compile-host --xclbin-name=final_1024x6144x1024_64x64x64_8c.xclbin \
			 \
			--aie-generate-npu-insts --npu-insts-name=insts_1024x6144x1024_64x64x64_8c.txt ../build/aie_1024x6144x1024_64x64x64_8c.mlir

Generating: /scratch/luisr/mlir-aie/programming_examples/basic/matrix_multiplication/whole_array/build/aie_1024x6144x1024_64x64x64_8c.mlir.prj/aie_cdo_elfs.bin
Generating: /scratch/luisr/mlir-aie/programming_examples/basic/matrix_multiplication/whole_array/build/aie_1024x6144x1024_64x64x64_8c.mlir.prj/aie_cdo_init.bin
Generating: /scratch/luisr/mlir-aie/programming_examples/basic/matrix_multiplication/whole_array/build/aie_1024x6144x1024_64x64x64_8c.mlir.prj/aie_cdo_enable.bin
export XRT_HACK_UNSECURE_LOADING_XCLBIN=1 && \
 ./whole_array.exe -x build/final_1024x6144x1024_64x64x64_8c.xclbin -i build/insts_1024x6144x1024_64x64x64_8c.txt -k MLIR_AIE -M 1024 -K 6144 -N 1024 --iters 40 --warmup 10 --verify=false --b_col_maj 0

Avg NPU matmul time: 3087.35us.
Avg NPU gflops: 4173.45

Min NPU matmul time: 2783us.
Max NPU gflops: 4629.86

Max NPU matmul time: 3652us.
Min NPU gflops: 3528.18

PASS!

rm -rf tmpTrace parse*.json trace*json trace.txt
rm -rf build _build whole_array.exe
rm -rf _build
mkdir -p _build
cd _build &&  cmake -E env CXXFLAGS="-std=c++23 -ggdb -DDTYPE_IN=std::bfloat16_t -DDTYPE_OUT=std::bfloat16_t -DDTYPE_ACC=float" \
	cmake `echo /scratch/luisr/mlir-aie/programming_examples/basic/matrix_multiplication/whole_array/..` -D CMAKE_C_COMPILER=gcc-13 -D CMAKE_CXX_COMPILER=g++-13 -DTARGET_NAME=whole_array -Dsubdir=whole_array
-- The C compiler identification is GNU 13.3.0
-- The CXX compiler identification is GNU 13.3.0
-- Detecting C compiler ABI info
-- Detecting C compiler ABI info - done
-- Check for working C compiler: /usr/bin/gcc-13 - skipped
-- Detecting C compile features
-- Detecting C compile features - done
-- Detecting CXX compiler ABI info
-- Detecting CXX compiler ABI info - done
-- Check for working CXX compiler: /usr/bin/g++-13 - skipped
-- Detecting CXX compile features
-- Detecting CXX compile features - done
-- Configuring done (0.3s)
-- Generating done (0.0s)
-- Build files have been written to: /scratch/luisr/mlir-aie/programming_examples/basic/matrix_multiplication/whole_array/_build
cd _build &&  cmake --build . --config Release
gmake[1]: Entering directory '/scratch/luisr/mlir-aie/programming_examples/basic/matrix_multiplication/whole_array/_build'
gmake[2]: Entering directory '/scratch/luisr/mlir-aie/programming_examples/basic/matrix_multiplication/whole_array/_build'
gmake[3]: Entering directory '/scratch/luisr/mlir-aie/programming_examples/basic/matrix_multiplication/whole_array/_build'
gmake[3]: Leaving directory '/scratch/luisr/mlir-aie/programming_examples/basic/matrix_multiplication/whole_array/_build'
gmake[3]: Entering directory '/scratch/luisr/mlir-aie/programming_examples/basic/matrix_multiplication/whole_array/_build'
[ 33%] Building CXX object CMakeFiles/whole_array.dir/scratch/luisr/mlir-aie/runtime_lib/test_lib/test_utils.cpp.o
[ 66%] Building CXX object CMakeFiles/whole_array.dir/whole_array/test.cpp.o
[100%] Linking CXX executable whole_array
gmake[3]: Leaving directory '/scratch/luisr/mlir-aie/programming_examples/basic/matrix_multiplication/whole_array/_build'
[100%] Built target whole_array
gmake[2]: Leaving directory '/scratch/luisr/mlir-aie/programming_examples/basic/matrix_multiplication/whole_array/_build'
gmake[1]: Leaving directory '/scratch/luisr/mlir-aie/programming_examples/basic/matrix_multiplication/whole_array/_build'
cp _build/whole_array whole_array.exe 
mkdir -p build
python3 /scratch/luisr/mlir-aie/programming_examples/basic/matrix_multiplication/whole_array/whole_array.py -m 64 -k 64 -n 64 --n-aie-cols 8 --b-col-maj 0 --dev npu2 -M 1024 -K 6144 -N 4096 --dtype_in bf16 --dtype_out bf16 --emulate-bf16-mmul-with-bfp16 true --trace_size 0 > build/aie_1024x6144x4096_64x64x64_8c.mlir
mkdir -p build
cd build && xchesscc_wrapper aie2p -I /proj/xbuilds/2024.2_INT_1113_1001/installs/all_platforms/Vitis/2024.2/aietools/include  -Dbf16_bf16_ONLY -DDIM_M=64 -DDIM_K=64 -DDIM_N=64 -DAIE_API_EMULATE_BFLOAT16_MMUL_WITH_BFP16 -c /scratch/luisr/mlir-aie/programming_examples/basic/matrix_multiplication/whole_array/../../../../aie_kernels/aie2p/mm.cc -o mm_64x64x64.o
WARNING: Default location for XILINX_VIVADO_IP_OVERRIDE not found: /build/xfndry/IP_2024.2_INTEGRATION_VERIFIED/customer/vivado/data/ip
mkdir -p build
cd build && aiecc.py --alloc-scheme=basic-sequential --aie-generate-xclbin --no-compile-host --xclbin-name=final_1024x6144x4096_64x64x64_8c.xclbin \
			 \
			--aie-generate-npu-insts --npu-insts-name=insts_1024x6144x4096_64x64x64_8c.txt ../build/aie_1024x6144x4096_64x64x64_8c.mlir

Generating: /scratch/luisr/mlir-aie/programming_examples/basic/matrix_multiplication/whole_array/build/aie_1024x6144x4096_64x64x64_8c.mlir.prj/aie_cdo_elfs.bin
Generating: /scratch/luisr/mlir-aie/programming_examples/basic/matrix_multiplication/whole_array/build/aie_1024x6144x4096_64x64x64_8c.mlir.prj/aie_cdo_init.bin
Generating: /scratch/luisr/mlir-aie/programming_examples/basic/matrix_multiplication/whole_array/build/aie_1024x6144x4096_64x64x64_8c.mlir.prj/aie_cdo_enable.bin
export XRT_HACK_UNSECURE_LOADING_XCLBIN=1 && \
 ./whole_array.exe -x build/final_1024x6144x4096_64x64x64_8c.xclbin -i build/insts_1024x6144x4096_64x64x64_8c.txt -k MLIR_AIE -M 1024 -K 6144 -N 4096 --iters 40 --warmup 10 --verify=false --b_col_maj 0

Avg NPU matmul time: 12404us.
Avg NPU gflops: 4155.1

Min NPU matmul time: 11586us.
Max NPU gflops: 4448.44

Max NPU matmul time: 12922us.
Min NPU gflops: 3988.52

PASS!

rm -rf tmpTrace parse*.json trace*json trace.txt
rm -rf build _build whole_array.exe
rm -rf _build
mkdir -p _build
cd _build &&  cmake -E env CXXFLAGS="-std=c++23 -ggdb -DDTYPE_IN=std::bfloat16_t -DDTYPE_OUT=std::bfloat16_t -DDTYPE_ACC=float" \
	cmake `echo /scratch/luisr/mlir-aie/programming_examples/basic/matrix_multiplication/whole_array/..` -D CMAKE_C_COMPILER=gcc-13 -D CMAKE_CXX_COMPILER=g++-13 -DTARGET_NAME=whole_array -Dsubdir=whole_array
-- The C compiler identification is GNU 13.3.0
-- The CXX compiler identification is GNU 13.3.0
-- Detecting C compiler ABI info
-- Detecting C compiler ABI info - done
-- Check for working C compiler: /usr/bin/gcc-13 - skipped
-- Detecting C compile features
-- Detecting C compile features - done
-- Detecting CXX compiler ABI info
-- Detecting CXX compiler ABI info - done
-- Check for working CXX compiler: /usr/bin/g++-13 - skipped
-- Detecting CXX compile features
-- Detecting CXX compile features - done
-- Configuring done (0.3s)
-- Generating done (0.0s)
-- Build files have been written to: /scratch/luisr/mlir-aie/programming_examples/basic/matrix_multiplication/whole_array/_build
cd _build &&  cmake --build . --config Release
gmake[1]: Entering directory '/scratch/luisr/mlir-aie/programming_examples/basic/matrix_multiplication/whole_array/_build'
gmake[2]: Entering directory '/scratch/luisr/mlir-aie/programming_examples/basic/matrix_multiplication/whole_array/_build'
gmake[3]: Entering directory '/scratch/luisr/mlir-aie/programming_examples/basic/matrix_multiplication/whole_array/_build'
gmake[3]: Leaving directory '/scratch/luisr/mlir-aie/programming_examples/basic/matrix_multiplication/whole_array/_build'
gmake[3]: Entering directory '/scratch/luisr/mlir-aie/programming_examples/basic/matrix_multiplication/whole_array/_build'
[ 33%] Building CXX object CMakeFiles/whole_array.dir/scratch/luisr/mlir-aie/runtime_lib/test_lib/test_utils.cpp.o
[ 66%] Building CXX object CMakeFiles/whole_array.dir/whole_array/test.cpp.o
[100%] Linking CXX executable whole_array
gmake[3]: Leaving directory '/scratch/luisr/mlir-aie/programming_examples/basic/matrix_multiplication/whole_array/_build'
[100%] Built target whole_array
gmake[2]: Leaving directory '/scratch/luisr/mlir-aie/programming_examples/basic/matrix_multiplication/whole_array/_build'
gmake[1]: Leaving directory '/scratch/luisr/mlir-aie/programming_examples/basic/matrix_multiplication/whole_array/_build'
cp _build/whole_array whole_array.exe 
mkdir -p build
python3 /scratch/luisr/mlir-aie/programming_examples/basic/matrix_multiplication/whole_array/whole_array.py -m 64 -k 64 -n 64 --n-aie-cols 8 --b-col-maj 0 --dev npu2 -M 1024 -K 6144 -N 8192 --dtype_in bf16 --dtype_out bf16 --emulate-bf16-mmul-with-bfp16 true --trace_size 0 > build/aie_1024x6144x8192_64x64x64_8c.mlir
mkdir -p build
cd build && xchesscc_wrapper aie2p -I /proj/xbuilds/2024.2_INT_1113_1001/installs/all_platforms/Vitis/2024.2/aietools/include  -Dbf16_bf16_ONLY -DDIM_M=64 -DDIM_K=64 -DDIM_N=64 -DAIE_API_EMULATE_BFLOAT16_MMUL_WITH_BFP16 -c /scratch/luisr/mlir-aie/programming_examples/basic/matrix_multiplication/whole_array/../../../../aie_kernels/aie2p/mm.cc -o mm_64x64x64.o
WARNING: Default location for XILINX_VIVADO_IP_OVERRIDE not found: /build/xfndry/IP_2024.2_INTEGRATION_VERIFIED/customer/vivado/data/ip
mkdir -p build
cd build && aiecc.py --alloc-scheme=basic-sequential --aie-generate-xclbin --no-compile-host --xclbin-name=final_1024x6144x8192_64x64x64_8c.xclbin \
			 \
			--aie-generate-npu-insts --npu-insts-name=insts_1024x6144x8192_64x64x64_8c.txt ../build/aie_1024x6144x8192_64x64x64_8c.mlir

Generating: /scratch/luisr/mlir-aie/programming_examples/basic/matrix_multiplication/whole_array/build/aie_1024x6144x8192_64x64x64_8c.mlir.prj/aie_cdo_elfs.bin
Generating: /scratch/luisr/mlir-aie/programming_examples/basic/matrix_multiplication/whole_array/build/aie_1024x6144x8192_64x64x64_8c.mlir.prj/aie_cdo_init.bin
Generating: /scratch/luisr/mlir-aie/programming_examples/basic/matrix_multiplication/whole_array/build/aie_1024x6144x8192_64x64x64_8c.mlir.prj/aie_cdo_enable.bin
export XRT_HACK_UNSECURE_LOADING_XCLBIN=1 && \
 ./whole_array.exe -x build/final_1024x6144x8192_64x64x64_8c.xclbin -i build/insts_1024x6144x8192_64x64x64_8c.txt -k MLIR_AIE -M 1024 -K 6144 -N 8192 --iters 40 --warmup 10 --verify=false --b_col_maj 0

Avg NPU matmul time: 28437.3us.
Avg NPU gflops: 3624.78

Min NPU matmul time: 25364us.
Max NPU gflops: 4064

Max NPU matmul time: 31572us.
Min NPU gflops: 3264.89

PASS!

rm -rf tmpTrace parse*.json trace*json trace.txt
rm -rf build _build whole_array.exe
rm -rf _build
mkdir -p _build
cd _build &&  cmake -E env CXXFLAGS="-std=c++23 -ggdb -DDTYPE_IN=std::bfloat16_t -DDTYPE_OUT=std::bfloat16_t -DDTYPE_ACC=float" \
	cmake `echo /scratch/luisr/mlir-aie/programming_examples/basic/matrix_multiplication/whole_array/..` -D CMAKE_C_COMPILER=gcc-13 -D CMAKE_CXX_COMPILER=g++-13 -DTARGET_NAME=whole_array -Dsubdir=whole_array
-- The C compiler identification is GNU 13.3.0
-- The CXX compiler identification is GNU 13.3.0
-- Detecting C compiler ABI info
-- Detecting C compiler ABI info - done
-- Check for working C compiler: /usr/bin/gcc-13 - skipped
-- Detecting C compile features
-- Detecting C compile features - done
-- Detecting CXX compiler ABI info
-- Detecting CXX compiler ABI info - done
-- Check for working CXX compiler: /usr/bin/g++-13 - skipped
-- Detecting CXX compile features
-- Detecting CXX compile features - done
-- Configuring done (0.3s)
-- Generating done (0.0s)
-- Build files have been written to: /scratch/luisr/mlir-aie/programming_examples/basic/matrix_multiplication/whole_array/_build
cd _build &&  cmake --build . --config Release
gmake[1]: Entering directory '/scratch/luisr/mlir-aie/programming_examples/basic/matrix_multiplication/whole_array/_build'
gmake[2]: Entering directory '/scratch/luisr/mlir-aie/programming_examples/basic/matrix_multiplication/whole_array/_build'
gmake[3]: Entering directory '/scratch/luisr/mlir-aie/programming_examples/basic/matrix_multiplication/whole_array/_build'
gmake[3]: Leaving directory '/scratch/luisr/mlir-aie/programming_examples/basic/matrix_multiplication/whole_array/_build'
gmake[3]: Entering directory '/scratch/luisr/mlir-aie/programming_examples/basic/matrix_multiplication/whole_array/_build'
[ 33%] Building CXX object CMakeFiles/whole_array.dir/scratch/luisr/mlir-aie/runtime_lib/test_lib/test_utils.cpp.o
[ 66%] Building CXX object CMakeFiles/whole_array.dir/whole_array/test.cpp.o
[100%] Linking CXX executable whole_array
gmake[3]: Leaving directory '/scratch/luisr/mlir-aie/programming_examples/basic/matrix_multiplication/whole_array/_build'
[100%] Built target whole_array
gmake[2]: Leaving directory '/scratch/luisr/mlir-aie/programming_examples/basic/matrix_multiplication/whole_array/_build'
gmake[1]: Leaving directory '/scratch/luisr/mlir-aie/programming_examples/basic/matrix_multiplication/whole_array/_build'
cp _build/whole_array whole_array.exe 
mkdir -p build
python3 /scratch/luisr/mlir-aie/programming_examples/basic/matrix_multiplication/whole_array/whole_array.py -m 64 -k 64 -n 64 --n-aie-cols 8 --b-col-maj 0 --dev npu2 -M 4096 -K 512 -N 512 --dtype_in bf16 --dtype_out bf16 --emulate-bf16-mmul-with-bfp16 true --trace_size 0 > build/aie_4096x512x512_64x64x64_8c.mlir
mkdir -p build
cd build && xchesscc_wrapper aie2p -I /proj/xbuilds/2024.2_INT_1113_1001/installs/all_platforms/Vitis/2024.2/aietools/include  -Dbf16_bf16_ONLY -DDIM_M=64 -DDIM_K=64 -DDIM_N=64 -DAIE_API_EMULATE_BFLOAT16_MMUL_WITH_BFP16 -c /scratch/luisr/mlir-aie/programming_examples/basic/matrix_multiplication/whole_array/../../../../aie_kernels/aie2p/mm.cc -o mm_64x64x64.o
WARNING: Default location for XILINX_VIVADO_IP_OVERRIDE not found: /build/xfndry/IP_2024.2_INTEGRATION_VERIFIED/customer/vivado/data/ip
mkdir -p build
cd build && aiecc.py --alloc-scheme=basic-sequential --aie-generate-xclbin --no-compile-host --xclbin-name=final_4096x512x512_64x64x64_8c.xclbin \
			 \
			--aie-generate-npu-insts --npu-insts-name=insts_4096x512x512_64x64x64_8c.txt ../build/aie_4096x512x512_64x64x64_8c.mlir

Generating: /scratch/luisr/mlir-aie/programming_examples/basic/matrix_multiplication/whole_array/build/aie_4096x512x512_64x64x64_8c.mlir.prj/aie_cdo_elfs.bin
Generating: /scratch/luisr/mlir-aie/programming_examples/basic/matrix_multiplication/whole_array/build/aie_4096x512x512_64x64x64_8c.mlir.prj/aie_cdo_init.bin
Generating: /scratch/luisr/mlir-aie/programming_examples/basic/matrix_multiplication/whole_array/build/aie_4096x512x512_64x64x64_8c.mlir.prj/aie_cdo_enable.bin
export XRT_HACK_UNSECURE_LOADING_XCLBIN=1 && \
 ./whole_array.exe -x build/final_4096x512x512_64x64x64_8c.xclbin -i build/insts_4096x512x512_64x64x64_8c.txt -k MLIR_AIE -M 4096 -K 512 -N 512 --iters 40 --warmup 10 --verify=false --b_col_maj 0

Avg NPU matmul time: 555.85us.
Avg NPU gflops: 3863.42

Min NPU matmul time: 543us.
Max NPU gflops: 3954.85

Max NPU matmul time: 564us.
Min NPU gflops: 3807.6

PASS!

rm -rf tmpTrace parse*.json trace*json trace.txt
rm -rf build _build whole_array.exe
rm -rf _build
mkdir -p _build
cd _build &&  cmake -E env CXXFLAGS="-std=c++23 -ggdb -DDTYPE_IN=std::bfloat16_t -DDTYPE_OUT=std::bfloat16_t -DDTYPE_ACC=float" \
	cmake `echo /scratch/luisr/mlir-aie/programming_examples/basic/matrix_multiplication/whole_array/..` -D CMAKE_C_COMPILER=gcc-13 -D CMAKE_CXX_COMPILER=g++-13 -DTARGET_NAME=whole_array -Dsubdir=whole_array
-- The C compiler identification is GNU 13.3.0
-- The CXX compiler identification is GNU 13.3.0
-- Detecting C compiler ABI info
-- Detecting C compiler ABI info - done
-- Check for working C compiler: /usr/bin/gcc-13 - skipped
-- Detecting C compile features
-- Detecting C compile features - done
-- Detecting CXX compiler ABI info
-- Detecting CXX compiler ABI info - done
-- Check for working CXX compiler: /usr/bin/g++-13 - skipped
-- Detecting CXX compile features
-- Detecting CXX compile features - done
-- Configuring done (0.3s)
-- Generating done (0.0s)
-- Build files have been written to: /scratch/luisr/mlir-aie/programming_examples/basic/matrix_multiplication/whole_array/_build
cd _build &&  cmake --build . --config Release
gmake[1]: Entering directory '/scratch/luisr/mlir-aie/programming_examples/basic/matrix_multiplication/whole_array/_build'
gmake[2]: Entering directory '/scratch/luisr/mlir-aie/programming_examples/basic/matrix_multiplication/whole_array/_build'
gmake[3]: Entering directory '/scratch/luisr/mlir-aie/programming_examples/basic/matrix_multiplication/whole_array/_build'
gmake[3]: Leaving directory '/scratch/luisr/mlir-aie/programming_examples/basic/matrix_multiplication/whole_array/_build'
gmake[3]: Entering directory '/scratch/luisr/mlir-aie/programming_examples/basic/matrix_multiplication/whole_array/_build'
[ 33%] Building CXX object CMakeFiles/whole_array.dir/scratch/luisr/mlir-aie/runtime_lib/test_lib/test_utils.cpp.o
[ 66%] Building CXX object CMakeFiles/whole_array.dir/whole_array/test.cpp.o
[100%] Linking CXX executable whole_array
gmake[3]: Leaving directory '/scratch/luisr/mlir-aie/programming_examples/basic/matrix_multiplication/whole_array/_build'
[100%] Built target whole_array
gmake[2]: Leaving directory '/scratch/luisr/mlir-aie/programming_examples/basic/matrix_multiplication/whole_array/_build'
gmake[1]: Leaving directory '/scratch/luisr/mlir-aie/programming_examples/basic/matrix_multiplication/whole_array/_build'
cp _build/whole_array whole_array.exe 
mkdir -p build
python3 /scratch/luisr/mlir-aie/programming_examples/basic/matrix_multiplication/whole_array/whole_array.py -m 64 -k 64 -n 64 --n-aie-cols 8 --b-col-maj 0 --dev npu2 -M 4096 -K 512 -N 1024 --dtype_in bf16 --dtype_out bf16 --emulate-bf16-mmul-with-bfp16 true --trace_size 0 > build/aie_4096x512x1024_64x64x64_8c.mlir
mkdir -p build
cd build && xchesscc_wrapper aie2p -I /proj/xbuilds/2024.2_INT_1113_1001/installs/all_platforms/Vitis/2024.2/aietools/include  -Dbf16_bf16_ONLY -DDIM_M=64 -DDIM_K=64 -DDIM_N=64 -DAIE_API_EMULATE_BFLOAT16_MMUL_WITH_BFP16 -c /scratch/luisr/mlir-aie/programming_examples/basic/matrix_multiplication/whole_array/../../../../aie_kernels/aie2p/mm.cc -o mm_64x64x64.o
WARNING: Default location for XILINX_VIVADO_IP_OVERRIDE not found: /build/xfndry/IP_2024.2_INTEGRATION_VERIFIED/customer/vivado/data/ip
mkdir -p build
cd build && aiecc.py --alloc-scheme=basic-sequential --aie-generate-xclbin --no-compile-host --xclbin-name=final_4096x512x1024_64x64x64_8c.xclbin \
			 \
			--aie-generate-npu-insts --npu-insts-name=insts_4096x512x1024_64x64x64_8c.txt ../build/aie_4096x512x1024_64x64x64_8c.mlir

Generating: /scratch/luisr/mlir-aie/programming_examples/basic/matrix_multiplication/whole_array/build/aie_4096x512x1024_64x64x64_8c.mlir.prj/aie_cdo_elfs.bin
Generating: /scratch/luisr/mlir-aie/programming_examples/basic/matrix_multiplication/whole_array/build/aie_4096x512x1024_64x64x64_8c.mlir.prj/aie_cdo_init.bin
Generating: /scratch/luisr/mlir-aie/programming_examples/basic/matrix_multiplication/whole_array/build/aie_4096x512x1024_64x64x64_8c.mlir.prj/aie_cdo_enable.bin
export XRT_HACK_UNSECURE_LOADING_XCLBIN=1 && \
 ./whole_array.exe -x build/final_4096x512x1024_64x64x64_8c.xclbin -i build/insts_4096x512x1024_64x64x64_8c.txt -k MLIR_AIE -M 4096 -K 512 -N 1024 --iters 40 --warmup 10 --verify=false --b_col_maj 0

Avg NPU matmul time: 1183.53us.
Avg NPU gflops: 3628.96

Min NPU matmul time: 1043us.
Max NPU gflops: 4117.9

Max NPU matmul time: 1575us.
Min NPU gflops: 2726.96

PASS!

rm -rf tmpTrace parse*.json trace*json trace.txt
rm -rf build _build whole_array.exe
rm -rf _build
mkdir -p _build
cd _build &&  cmake -E env CXXFLAGS="-std=c++23 -ggdb -DDTYPE_IN=std::bfloat16_t -DDTYPE_OUT=std::bfloat16_t -DDTYPE_ACC=float" \
	cmake `echo /scratch/luisr/mlir-aie/programming_examples/basic/matrix_multiplication/whole_array/..` -D CMAKE_C_COMPILER=gcc-13 -D CMAKE_CXX_COMPILER=g++-13 -DTARGET_NAME=whole_array -Dsubdir=whole_array
-- The C compiler identification is GNU 13.3.0
-- The CXX compiler identification is GNU 13.3.0
-- Detecting C compiler ABI info
-- Detecting C compiler ABI info - done
-- Check for working C compiler: /usr/bin/gcc-13 - skipped
-- Detecting C compile features
-- Detecting C compile features - done
-- Detecting CXX compiler ABI info
-- Detecting CXX compiler ABI info - done
-- Check for working CXX compiler: /usr/bin/g++-13 - skipped
-- Detecting CXX compile features
-- Detecting CXX compile features - done
-- Configuring done (0.2s)
-- Generating done (0.0s)
-- Build files have been written to: /scratch/luisr/mlir-aie/programming_examples/basic/matrix_multiplication/whole_array/_build
cd _build &&  cmake --build . --config Release
gmake[1]: Entering directory '/scratch/luisr/mlir-aie/programming_examples/basic/matrix_multiplication/whole_array/_build'
gmake[2]: Entering directory '/scratch/luisr/mlir-aie/programming_examples/basic/matrix_multiplication/whole_array/_build'
gmake[3]: Entering directory '/scratch/luisr/mlir-aie/programming_examples/basic/matrix_multiplication/whole_array/_build'
gmake[3]: Leaving directory '/scratch/luisr/mlir-aie/programming_examples/basic/matrix_multiplication/whole_array/_build'
gmake[3]: Entering directory '/scratch/luisr/mlir-aie/programming_examples/basic/matrix_multiplication/whole_array/_build'
[ 33%] Building CXX object CMakeFiles/whole_array.dir/scratch/luisr/mlir-aie/runtime_lib/test_lib/test_utils.cpp.o
[ 66%] Building CXX object CMakeFiles/whole_array.dir/whole_array/test.cpp.o
[100%] Linking CXX executable whole_array
gmake[3]: Leaving directory '/scratch/luisr/mlir-aie/programming_examples/basic/matrix_multiplication/whole_array/_build'
[100%] Built target whole_array
gmake[2]: Leaving directory '/scratch/luisr/mlir-aie/programming_examples/basic/matrix_multiplication/whole_array/_build'
gmake[1]: Leaving directory '/scratch/luisr/mlir-aie/programming_examples/basic/matrix_multiplication/whole_array/_build'
cp _build/whole_array whole_array.exe 
mkdir -p build
python3 /scratch/luisr/mlir-aie/programming_examples/basic/matrix_multiplication/whole_array/whole_array.py -m 64 -k 64 -n 64 --n-aie-cols 8 --b-col-maj 0 --dev npu2 -M 4096 -K 512 -N 4096 --dtype_in bf16 --dtype_out bf16 --emulate-bf16-mmul-with-bfp16 true --trace_size 0 > build/aie_4096x512x4096_64x64x64_8c.mlir
mkdir -p build
cd build && xchesscc_wrapper aie2p -I /proj/xbuilds/2024.2_INT_1113_1001/installs/all_platforms/Vitis/2024.2/aietools/include  -Dbf16_bf16_ONLY -DDIM_M=64 -DDIM_K=64 -DDIM_N=64 -DAIE_API_EMULATE_BFLOAT16_MMUL_WITH_BFP16 -c /scratch/luisr/mlir-aie/programming_examples/basic/matrix_multiplication/whole_array/../../../../aie_kernels/aie2p/mm.cc -o mm_64x64x64.o
WARNING: Default location for XILINX_VIVADO_IP_OVERRIDE not found: /build/xfndry/IP_2024.2_INTEGRATION_VERIFIED/customer/vivado/data/ip
mkdir -p build
cd build && aiecc.py --alloc-scheme=basic-sequential --aie-generate-xclbin --no-compile-host --xclbin-name=final_4096x512x4096_64x64x64_8c.xclbin \
			 \
			--aie-generate-npu-insts --npu-insts-name=insts_4096x512x4096_64x64x64_8c.txt ../build/aie_4096x512x4096_64x64x64_8c.mlir

Generating: /scratch/luisr/mlir-aie/programming_examples/basic/matrix_multiplication/whole_array/build/aie_4096x512x4096_64x64x64_8c.mlir.prj/aie_cdo_elfs.bin
Generating: /scratch/luisr/mlir-aie/programming_examples/basic/matrix_multiplication/whole_array/build/aie_4096x512x4096_64x64x64_8c.mlir.prj/aie_cdo_init.bin
Generating: /scratch/luisr/mlir-aie/programming_examples/basic/matrix_multiplication/whole_array/build/aie_4096x512x4096_64x64x64_8c.mlir.prj/aie_cdo_enable.bin
export XRT_HACK_UNSECURE_LOADING_XCLBIN=1 && \
 ./whole_array.exe -x build/final_4096x512x4096_64x64x64_8c.xclbin -i build/insts_4096x512x4096_64x64x64_8c.txt -k MLIR_AIE -M 4096 -K 512 -N 4096 --iters 40 --warmup 10 --verify=false --b_col_maj 0

Avg NPU matmul time: 4422.45us.
Avg NPU gflops: 3884.7

Min NPU matmul time: 3924us.
Max NPU gflops: 4378.15

Max NPU matmul time: 5470us.
Min NPU gflops: 3140.74

PASS!

rm -rf tmpTrace parse*.json trace*json trace.txt
rm -rf build _build whole_array.exe
rm -rf _build
mkdir -p _build
cd _build &&  cmake -E env CXXFLAGS="-std=c++23 -ggdb -DDTYPE_IN=std::bfloat16_t -DDTYPE_OUT=std::bfloat16_t -DDTYPE_ACC=float" \
	cmake `echo /scratch/luisr/mlir-aie/programming_examples/basic/matrix_multiplication/whole_array/..` -D CMAKE_C_COMPILER=gcc-13 -D CMAKE_CXX_COMPILER=g++-13 -DTARGET_NAME=whole_array -Dsubdir=whole_array
-- The C compiler identification is GNU 13.3.0
-- The CXX compiler identification is GNU 13.3.0
-- Detecting C compiler ABI info
-- Detecting C compiler ABI info - done
-- Check for working C compiler: /usr/bin/gcc-13 - skipped
-- Detecting C compile features
-- Detecting C compile features - done
-- Detecting CXX compiler ABI info
-- Detecting CXX compiler ABI info - done
-- Check for working CXX compiler: /usr/bin/g++-13 - skipped
-- Detecting CXX compile features
-- Detecting CXX compile features - done
-- Configuring done (0.3s)
-- Generating done (0.0s)
-- Build files have been written to: /scratch/luisr/mlir-aie/programming_examples/basic/matrix_multiplication/whole_array/_build
cd _build &&  cmake --build . --config Release
gmake[1]: Entering directory '/scratch/luisr/mlir-aie/programming_examples/basic/matrix_multiplication/whole_array/_build'
gmake[2]: Entering directory '/scratch/luisr/mlir-aie/programming_examples/basic/matrix_multiplication/whole_array/_build'
gmake[3]: Entering directory '/scratch/luisr/mlir-aie/programming_examples/basic/matrix_multiplication/whole_array/_build'
gmake[3]: Leaving directory '/scratch/luisr/mlir-aie/programming_examples/basic/matrix_multiplication/whole_array/_build'
gmake[3]: Entering directory '/scratch/luisr/mlir-aie/programming_examples/basic/matrix_multiplication/whole_array/_build'
[ 33%] Building CXX object CMakeFiles/whole_array.dir/scratch/luisr/mlir-aie/runtime_lib/test_lib/test_utils.cpp.o
[ 66%] Building CXX object CMakeFiles/whole_array.dir/whole_array/test.cpp.o
[100%] Linking CXX executable whole_array
gmake[3]: Leaving directory '/scratch/luisr/mlir-aie/programming_examples/basic/matrix_multiplication/whole_array/_build'
[100%] Built target whole_array
gmake[2]: Leaving directory '/scratch/luisr/mlir-aie/programming_examples/basic/matrix_multiplication/whole_array/_build'
gmake[1]: Leaving directory '/scratch/luisr/mlir-aie/programming_examples/basic/matrix_multiplication/whole_array/_build'
cp _build/whole_array whole_array.exe 
mkdir -p build
python3 /scratch/luisr/mlir-aie/programming_examples/basic/matrix_multiplication/whole_array/whole_array.py -m 64 -k 64 -n 64 --n-aie-cols 8 --b-col-maj 0 --dev npu2 -M 4096 -K 512 -N 8192 --dtype_in bf16 --dtype_out bf16 --emulate-bf16-mmul-with-bfp16 true --trace_size 0 > build/aie_4096x512x8192_64x64x64_8c.mlir
mkdir -p build
cd build && xchesscc_wrapper aie2p -I /proj/xbuilds/2024.2_INT_1113_1001/installs/all_platforms/Vitis/2024.2/aietools/include  -Dbf16_bf16_ONLY -DDIM_M=64 -DDIM_K=64 -DDIM_N=64 -DAIE_API_EMULATE_BFLOAT16_MMUL_WITH_BFP16 -c /scratch/luisr/mlir-aie/programming_examples/basic/matrix_multiplication/whole_array/../../../../aie_kernels/aie2p/mm.cc -o mm_64x64x64.o
WARNING: Default location for XILINX_VIVADO_IP_OVERRIDE not found: /build/xfndry/IP_2024.2_INTEGRATION_VERIFIED/customer/vivado/data/ip
mkdir -p build
cd build && aiecc.py --alloc-scheme=basic-sequential --aie-generate-xclbin --no-compile-host --xclbin-name=final_4096x512x8192_64x64x64_8c.xclbin \
			 \
			--aie-generate-npu-insts --npu-insts-name=insts_4096x512x8192_64x64x64_8c.txt ../build/aie_4096x512x8192_64x64x64_8c.mlir

Generating: /scratch/luisr/mlir-aie/programming_examples/basic/matrix_multiplication/whole_array/build/aie_4096x512x8192_64x64x64_8c.mlir.prj/aie_cdo_elfs.bin
Generating: /scratch/luisr/mlir-aie/programming_examples/basic/matrix_multiplication/whole_array/build/aie_4096x512x8192_64x64x64_8c.mlir.prj/aie_cdo_init.bin
Generating: /scratch/luisr/mlir-aie/programming_examples/basic/matrix_multiplication/whole_array/build/aie_4096x512x8192_64x64x64_8c.mlir.prj/aie_cdo_enable.bin
export XRT_HACK_UNSECURE_LOADING_XCLBIN=1 && \
 ./whole_array.exe -x build/final_4096x512x8192_64x64x64_8c.xclbin -i build/insts_4096x512x8192_64x64x64_8c.txt -k MLIR_AIE -M 4096 -K 512 -N 8192 --iters 40 --warmup 10 --verify=false --b_col_maj 0

Avg NPU matmul time: 8180.65us.
Avg NPU gflops: 4200.12

Min NPU matmul time: 7827us.
Max NPU gflops: 4389.9

Max NPU matmul time: 9232us.
Min NPU gflops: 3721.81

PASS!

rm -rf tmpTrace parse*.json trace*json trace.txt
rm -rf build _build whole_array.exe
rm -rf _build
mkdir -p _build
cd _build &&  cmake -E env CXXFLAGS="-std=c++23 -ggdb -DDTYPE_IN=std::bfloat16_t -DDTYPE_OUT=std::bfloat16_t -DDTYPE_ACC=float" \
	cmake `echo /scratch/luisr/mlir-aie/programming_examples/basic/matrix_multiplication/whole_array/..` -D CMAKE_C_COMPILER=gcc-13 -D CMAKE_CXX_COMPILER=g++-13 -DTARGET_NAME=whole_array -Dsubdir=whole_array
-- The C compiler identification is GNU 13.3.0
-- The CXX compiler identification is GNU 13.3.0
-- Detecting C compiler ABI info
-- Detecting C compiler ABI info - done
-- Check for working C compiler: /usr/bin/gcc-13 - skipped
-- Detecting C compile features
-- Detecting C compile features - done
-- Detecting CXX compiler ABI info
-- Detecting CXX compiler ABI info - done
-- Check for working CXX compiler: /usr/bin/g++-13 - skipped
-- Detecting CXX compile features
-- Detecting CXX compile features - done
-- Configuring done (0.3s)
-- Generating done (0.0s)
-- Build files have been written to: /scratch/luisr/mlir-aie/programming_examples/basic/matrix_multiplication/whole_array/_build
cd _build &&  cmake --build . --config Release
gmake[1]: Entering directory '/scratch/luisr/mlir-aie/programming_examples/basic/matrix_multiplication/whole_array/_build'
gmake[2]: Entering directory '/scratch/luisr/mlir-aie/programming_examples/basic/matrix_multiplication/whole_array/_build'
gmake[3]: Entering directory '/scratch/luisr/mlir-aie/programming_examples/basic/matrix_multiplication/whole_array/_build'
gmake[3]: Leaving directory '/scratch/luisr/mlir-aie/programming_examples/basic/matrix_multiplication/whole_array/_build'
gmake[3]: Entering directory '/scratch/luisr/mlir-aie/programming_examples/basic/matrix_multiplication/whole_array/_build'
[ 33%] Building CXX object CMakeFiles/whole_array.dir/scratch/luisr/mlir-aie/runtime_lib/test_lib/test_utils.cpp.o
[ 66%] Building CXX object CMakeFiles/whole_array.dir/whole_array/test.cpp.o
[100%] Linking CXX executable whole_array
gmake[3]: Leaving directory '/scratch/luisr/mlir-aie/programming_examples/basic/matrix_multiplication/whole_array/_build'
[100%] Built target whole_array
gmake[2]: Leaving directory '/scratch/luisr/mlir-aie/programming_examples/basic/matrix_multiplication/whole_array/_build'
gmake[1]: Leaving directory '/scratch/luisr/mlir-aie/programming_examples/basic/matrix_multiplication/whole_array/_build'
cp _build/whole_array whole_array.exe 
mkdir -p build
python3 /scratch/luisr/mlir-aie/programming_examples/basic/matrix_multiplication/whole_array/whole_array.py -m 64 -k 64 -n 64 --n-aie-cols 8 --b-col-maj 0 --dev npu2 -M 4096 -K 1024 -N 512 --dtype_in bf16 --dtype_out bf16 --emulate-bf16-mmul-with-bfp16 true --trace_size 0 > build/aie_4096x1024x512_64x64x64_8c.mlir
mkdir -p build
cd build && xchesscc_wrapper aie2p -I /proj/xbuilds/2024.2_INT_1113_1001/installs/all_platforms/Vitis/2024.2/aietools/include  -Dbf16_bf16_ONLY -DDIM_M=64 -DDIM_K=64 -DDIM_N=64 -DAIE_API_EMULATE_BFLOAT16_MMUL_WITH_BFP16 -c /scratch/luisr/mlir-aie/programming_examples/basic/matrix_multiplication/whole_array/../../../../aie_kernels/aie2p/mm.cc -o mm_64x64x64.o
WARNING: Default location for XILINX_VIVADO_IP_OVERRIDE not found: /build/xfndry/IP_2024.2_INTEGRATION_VERIFIED/customer/vivado/data/ip
mkdir -p build
cd build && aiecc.py --alloc-scheme=basic-sequential --aie-generate-xclbin --no-compile-host --xclbin-name=final_4096x1024x512_64x64x64_8c.xclbin \
			 \
			--aie-generate-npu-insts --npu-insts-name=insts_4096x1024x512_64x64x64_8c.txt ../build/aie_4096x1024x512_64x64x64_8c.mlir

Generating: /scratch/luisr/mlir-aie/programming_examples/basic/matrix_multiplication/whole_array/build/aie_4096x1024x512_64x64x64_8c.mlir.prj/aie_cdo_elfs.bin
Generating: /scratch/luisr/mlir-aie/programming_examples/basic/matrix_multiplication/whole_array/build/aie_4096x1024x512_64x64x64_8c.mlir.prj/aie_cdo_init.bin
Generating: /scratch/luisr/mlir-aie/programming_examples/basic/matrix_multiplication/whole_array/build/aie_4096x1024x512_64x64x64_8c.mlir.prj/aie_cdo_enable.bin
export XRT_HACK_UNSECURE_LOADING_XCLBIN=1 && \
 ./whole_array.exe -x build/final_4096x1024x512_64x64x64_8c.xclbin -i build/insts_4096x1024x512_64x64x64_8c.txt -k MLIR_AIE -M 4096 -K 1024 -N 512 --iters 40 --warmup 10 --verify=false --b_col_maj 0

Avg NPU matmul time: 994.375us.
Avg NPU gflops: 4319.26

Min NPU matmul time: 981us.
Max NPU gflops: 4378.15

Max NPU matmul time: 1001us.
Min NPU gflops: 4290.68

PASS!

rm -rf tmpTrace parse*.json trace*json trace.txt
rm -rf build _build whole_array.exe
rm -rf _build
mkdir -p _build
cd _build &&  cmake -E env CXXFLAGS="-std=c++23 -ggdb -DDTYPE_IN=std::bfloat16_t -DDTYPE_OUT=std::bfloat16_t -DDTYPE_ACC=float" \
	cmake `echo /scratch/luisr/mlir-aie/programming_examples/basic/matrix_multiplication/whole_array/..` -D CMAKE_C_COMPILER=gcc-13 -D CMAKE_CXX_COMPILER=g++-13 -DTARGET_NAME=whole_array -Dsubdir=whole_array
-- The C compiler identification is GNU 13.3.0
-- The CXX compiler identification is GNU 13.3.0
-- Detecting C compiler ABI info
-- Detecting C compiler ABI info - done
-- Check for working C compiler: /usr/bin/gcc-13 - skipped
-- Detecting C compile features
-- Detecting C compile features - done
-- Detecting CXX compiler ABI info
-- Detecting CXX compiler ABI info - done
-- Check for working CXX compiler: /usr/bin/g++-13 - skipped
-- Detecting CXX compile features
-- Detecting CXX compile features - done
-- Configuring done (0.3s)
-- Generating done (0.0s)
-- Build files have been written to: /scratch/luisr/mlir-aie/programming_examples/basic/matrix_multiplication/whole_array/_build
cd _build &&  cmake --build . --config Release
gmake[1]: Entering directory '/scratch/luisr/mlir-aie/programming_examples/basic/matrix_multiplication/whole_array/_build'
gmake[2]: Entering directory '/scratch/luisr/mlir-aie/programming_examples/basic/matrix_multiplication/whole_array/_build'
gmake[3]: Entering directory '/scratch/luisr/mlir-aie/programming_examples/basic/matrix_multiplication/whole_array/_build'
gmake[3]: Leaving directory '/scratch/luisr/mlir-aie/programming_examples/basic/matrix_multiplication/whole_array/_build'
gmake[3]: Entering directory '/scratch/luisr/mlir-aie/programming_examples/basic/matrix_multiplication/whole_array/_build'
[ 33%] Building CXX object CMakeFiles/whole_array.dir/scratch/luisr/mlir-aie/runtime_lib/test_lib/test_utils.cpp.o
[ 66%] Building CXX object CMakeFiles/whole_array.dir/whole_array/test.cpp.o
[100%] Linking CXX executable whole_array
gmake[3]: Leaving directory '/scratch/luisr/mlir-aie/programming_examples/basic/matrix_multiplication/whole_array/_build'
[100%] Built target whole_array
gmake[2]: Leaving directory '/scratch/luisr/mlir-aie/programming_examples/basic/matrix_multiplication/whole_array/_build'
gmake[1]: Leaving directory '/scratch/luisr/mlir-aie/programming_examples/basic/matrix_multiplication/whole_array/_build'
cp _build/whole_array whole_array.exe 
mkdir -p build
python3 /scratch/luisr/mlir-aie/programming_examples/basic/matrix_multiplication/whole_array/whole_array.py -m 64 -k 64 -n 64 --n-aie-cols 8 --b-col-maj 0 --dev npu2 -M 4096 -K 1024 -N 1024 --dtype_in bf16 --dtype_out bf16 --emulate-bf16-mmul-with-bfp16 true --trace_size 0 > build/aie_4096x1024x1024_64x64x64_8c.mlir
mkdir -p build
cd build && xchesscc_wrapper aie2p -I /proj/xbuilds/2024.2_INT_1113_1001/installs/all_platforms/Vitis/2024.2/aietools/include  -Dbf16_bf16_ONLY -DDIM_M=64 -DDIM_K=64 -DDIM_N=64 -DAIE_API_EMULATE_BFLOAT16_MMUL_WITH_BFP16 -c /scratch/luisr/mlir-aie/programming_examples/basic/matrix_multiplication/whole_array/../../../../aie_kernels/aie2p/mm.cc -o mm_64x64x64.o
WARNING: Default location for XILINX_VIVADO_IP_OVERRIDE not found: /build/xfndry/IP_2024.2_INTEGRATION_VERIFIED/customer/vivado/data/ip
mkdir -p build
cd build && aiecc.py --alloc-scheme=basic-sequential --aie-generate-xclbin --no-compile-host --xclbin-name=final_4096x1024x1024_64x64x64_8c.xclbin \
			 \
			--aie-generate-npu-insts --npu-insts-name=insts_4096x1024x1024_64x64x64_8c.txt ../build/aie_4096x1024x1024_64x64x64_8c.mlir

Generating: /scratch/luisr/mlir-aie/programming_examples/basic/matrix_multiplication/whole_array/build/aie_4096x1024x1024_64x64x64_8c.mlir.prj/aie_cdo_elfs.bin
Generating: /scratch/luisr/mlir-aie/programming_examples/basic/matrix_multiplication/whole_array/build/aie_4096x1024x1024_64x64x64_8c.mlir.prj/aie_cdo_init.bin
Generating: /scratch/luisr/mlir-aie/programming_examples/basic/matrix_multiplication/whole_array/build/aie_4096x1024x1024_64x64x64_8c.mlir.prj/aie_cdo_enable.bin
export XRT_HACK_UNSECURE_LOADING_XCLBIN=1 && \
 ./whole_array.exe -x build/final_4096x1024x1024_64x64x64_8c.xclbin -i build/insts_4096x1024x1024_64x64x64_8c.txt -k MLIR_AIE -M 4096 -K 1024 -N 1024 --iters 40 --warmup 10 --verify=false --b_col_maj 0

Avg NPU matmul time: 1892.9us.
Avg NPU gflops: 4537.98

Min NPU matmul time: 1878us.
Max NPU gflops: 4573.98

Max NPU matmul time: 1904us.
Min NPU gflops: 4511.52

PASS!

rm -rf tmpTrace parse*.json trace*json trace.txt
rm -rf build _build whole_array.exe
rm -rf _build
mkdir -p _build
cd _build &&  cmake -E env CXXFLAGS="-std=c++23 -ggdb -DDTYPE_IN=std::bfloat16_t -DDTYPE_OUT=std::bfloat16_t -DDTYPE_ACC=float" \
	cmake `echo /scratch/luisr/mlir-aie/programming_examples/basic/matrix_multiplication/whole_array/..` -D CMAKE_C_COMPILER=gcc-13 -D CMAKE_CXX_COMPILER=g++-13 -DTARGET_NAME=whole_array -Dsubdir=whole_array
-- The C compiler identification is GNU 13.3.0
-- The CXX compiler identification is GNU 13.3.0
-- Detecting C compiler ABI info
-- Detecting C compiler ABI info - done
-- Check for working C compiler: /usr/bin/gcc-13 - skipped
-- Detecting C compile features
-- Detecting C compile features - done
-- Detecting CXX compiler ABI info
-- Detecting CXX compiler ABI info - done
-- Check for working CXX compiler: /usr/bin/g++-13 - skipped
-- Detecting CXX compile features
-- Detecting CXX compile features - done
-- Configuring done (0.3s)
-- Generating done (0.0s)
-- Build files have been written to: /scratch/luisr/mlir-aie/programming_examples/basic/matrix_multiplication/whole_array/_build
cd _build &&  cmake --build . --config Release
gmake[1]: Entering directory '/scratch/luisr/mlir-aie/programming_examples/basic/matrix_multiplication/whole_array/_build'
gmake[2]: Entering directory '/scratch/luisr/mlir-aie/programming_examples/basic/matrix_multiplication/whole_array/_build'
gmake[3]: Entering directory '/scratch/luisr/mlir-aie/programming_examples/basic/matrix_multiplication/whole_array/_build'
gmake[3]: Leaving directory '/scratch/luisr/mlir-aie/programming_examples/basic/matrix_multiplication/whole_array/_build'
gmake[3]: Entering directory '/scratch/luisr/mlir-aie/programming_examples/basic/matrix_multiplication/whole_array/_build'
[ 33%] Building CXX object CMakeFiles/whole_array.dir/scratch/luisr/mlir-aie/runtime_lib/test_lib/test_utils.cpp.o
[ 66%] Building CXX object CMakeFiles/whole_array.dir/whole_array/test.cpp.o
[100%] Linking CXX executable whole_array
gmake[3]: Leaving directory '/scratch/luisr/mlir-aie/programming_examples/basic/matrix_multiplication/whole_array/_build'
[100%] Built target whole_array
gmake[2]: Leaving directory '/scratch/luisr/mlir-aie/programming_examples/basic/matrix_multiplication/whole_array/_build'
gmake[1]: Leaving directory '/scratch/luisr/mlir-aie/programming_examples/basic/matrix_multiplication/whole_array/_build'
cp _build/whole_array whole_array.exe 
mkdir -p build
python3 /scratch/luisr/mlir-aie/programming_examples/basic/matrix_multiplication/whole_array/whole_array.py -m 64 -k 64 -n 64 --n-aie-cols 8 --b-col-maj 0 --dev npu2 -M 4096 -K 1024 -N 4096 --dtype_in bf16 --dtype_out bf16 --emulate-bf16-mmul-with-bfp16 true --trace_size 0 > build/aie_4096x1024x4096_64x64x64_8c.mlir
mkdir -p build
cd build && xchesscc_wrapper aie2p -I /proj/xbuilds/2024.2_INT_1113_1001/installs/all_platforms/Vitis/2024.2/aietools/include  -Dbf16_bf16_ONLY -DDIM_M=64 -DDIM_K=64 -DDIM_N=64 -DAIE_API_EMULATE_BFLOAT16_MMUL_WITH_BFP16 -c /scratch/luisr/mlir-aie/programming_examples/basic/matrix_multiplication/whole_array/../../../../aie_kernels/aie2p/mm.cc -o mm_64x64x64.o
WARNING: Default location for XILINX_VIVADO_IP_OVERRIDE not found: /build/xfndry/IP_2024.2_INTEGRATION_VERIFIED/customer/vivado/data/ip
mkdir -p build
cd build && aiecc.py --alloc-scheme=basic-sequential --aie-generate-xclbin --no-compile-host --xclbin-name=final_4096x1024x4096_64x64x64_8c.xclbin \
			 \
			--aie-generate-npu-insts --npu-insts-name=insts_4096x1024x4096_64x64x64_8c.txt ../build/aie_4096x1024x4096_64x64x64_8c.mlir

Generating: /scratch/luisr/mlir-aie/programming_examples/basic/matrix_multiplication/whole_array/build/aie_4096x1024x4096_64x64x64_8c.mlir.prj/aie_cdo_elfs.bin
Generating: /scratch/luisr/mlir-aie/programming_examples/basic/matrix_multiplication/whole_array/build/aie_4096x1024x4096_64x64x64_8c.mlir.prj/aie_cdo_init.bin
Generating: /scratch/luisr/mlir-aie/programming_examples/basic/matrix_multiplication/whole_array/build/aie_4096x1024x4096_64x64x64_8c.mlir.prj/aie_cdo_enable.bin
export XRT_HACK_UNSECURE_LOADING_XCLBIN=1 && \
 ./whole_array.exe -x build/final_4096x1024x4096_64x64x64_8c.xclbin -i build/insts_4096x1024x4096_64x64x64_8c.txt -k MLIR_AIE -M 4096 -K 1024 -N 4096 --iters 40 --warmup 10 --verify=false --b_col_maj 0

Avg NPU matmul time: 7615.67us.
Avg NPU gflops: 4511.71

Min NPU matmul time: 7513us.
Max NPU gflops: 4573.37

Max NPU matmul time: 8268us.
Min NPU gflops: 4155.75

PASS!

rm -rf tmpTrace parse*.json trace*json trace.txt
rm -rf build _build whole_array.exe
rm -rf _build
mkdir -p _build
cd _build &&  cmake -E env CXXFLAGS="-std=c++23 -ggdb -DDTYPE_IN=std::bfloat16_t -DDTYPE_OUT=std::bfloat16_t -DDTYPE_ACC=float" \
	cmake `echo /scratch/luisr/mlir-aie/programming_examples/basic/matrix_multiplication/whole_array/..` -D CMAKE_C_COMPILER=gcc-13 -D CMAKE_CXX_COMPILER=g++-13 -DTARGET_NAME=whole_array -Dsubdir=whole_array
-- The C compiler identification is GNU 13.3.0
-- The CXX compiler identification is GNU 13.3.0
-- Detecting C compiler ABI info
-- Detecting C compiler ABI info - done
-- Check for working C compiler: /usr/bin/gcc-13 - skipped
-- Detecting C compile features
-- Detecting C compile features - done
-- Detecting CXX compiler ABI info
-- Detecting CXX compiler ABI info - done
-- Check for working CXX compiler: /usr/bin/g++-13 - skipped
-- Detecting CXX compile features
-- Detecting CXX compile features - done
-- Configuring done (0.3s)
-- Generating done (0.0s)
-- Build files have been written to: /scratch/luisr/mlir-aie/programming_examples/basic/matrix_multiplication/whole_array/_build
cd _build &&  cmake --build . --config Release
gmake[1]: Entering directory '/scratch/luisr/mlir-aie/programming_examples/basic/matrix_multiplication/whole_array/_build'
gmake[2]: Entering directory '/scratch/luisr/mlir-aie/programming_examples/basic/matrix_multiplication/whole_array/_build'
gmake[3]: Entering directory '/scratch/luisr/mlir-aie/programming_examples/basic/matrix_multiplication/whole_array/_build'
gmake[3]: Leaving directory '/scratch/luisr/mlir-aie/programming_examples/basic/matrix_multiplication/whole_array/_build'
gmake[3]: Entering directory '/scratch/luisr/mlir-aie/programming_examples/basic/matrix_multiplication/whole_array/_build'
[ 33%] Building CXX object CMakeFiles/whole_array.dir/scratch/luisr/mlir-aie/runtime_lib/test_lib/test_utils.cpp.o
[ 66%] Building CXX object CMakeFiles/whole_array.dir/whole_array/test.cpp.o
[100%] Linking CXX executable whole_array
gmake[3]: Leaving directory '/scratch/luisr/mlir-aie/programming_examples/basic/matrix_multiplication/whole_array/_build'
[100%] Built target whole_array
gmake[2]: Leaving directory '/scratch/luisr/mlir-aie/programming_examples/basic/matrix_multiplication/whole_array/_build'
gmake[1]: Leaving directory '/scratch/luisr/mlir-aie/programming_examples/basic/matrix_multiplication/whole_array/_build'
cp _build/whole_array whole_array.exe 
mkdir -p build
python3 /scratch/luisr/mlir-aie/programming_examples/basic/matrix_multiplication/whole_array/whole_array.py -m 64 -k 64 -n 64 --n-aie-cols 8 --b-col-maj 0 --dev npu2 -M 4096 -K 1024 -N 8192 --dtype_in bf16 --dtype_out bf16 --emulate-bf16-mmul-with-bfp16 true --trace_size 0 > build/aie_4096x1024x8192_64x64x64_8c.mlir
mkdir -p build
cd build && xchesscc_wrapper aie2p -I /proj/xbuilds/2024.2_INT_1113_1001/installs/all_platforms/Vitis/2024.2/aietools/include  -Dbf16_bf16_ONLY -DDIM_M=64 -DDIM_K=64 -DDIM_N=64 -DAIE_API_EMULATE_BFLOAT16_MMUL_WITH_BFP16 -c /scratch/luisr/mlir-aie/programming_examples/basic/matrix_multiplication/whole_array/../../../../aie_kernels/aie2p/mm.cc -o mm_64x64x64.o
WARNING: Default location for XILINX_VIVADO_IP_OVERRIDE not found: /build/xfndry/IP_2024.2_INTEGRATION_VERIFIED/customer/vivado/data/ip
mkdir -p build
cd build && aiecc.py --alloc-scheme=basic-sequential --aie-generate-xclbin --no-compile-host --xclbin-name=final_4096x1024x8192_64x64x64_8c.xclbin \
			 \
			--aie-generate-npu-insts --npu-insts-name=insts_4096x1024x8192_64x64x64_8c.txt ../build/aie_4096x1024x8192_64x64x64_8c.mlir

Generating: /scratch/luisr/mlir-aie/programming_examples/basic/matrix_multiplication/whole_array/build/aie_4096x1024x8192_64x64x64_8c.mlir.prj/aie_cdo_elfs.bin
Generating: /scratch/luisr/mlir-aie/programming_examples/basic/matrix_multiplication/whole_array/build/aie_4096x1024x8192_64x64x64_8c.mlir.prj/aie_cdo_init.bin
Generating: /scratch/luisr/mlir-aie/programming_examples/basic/matrix_multiplication/whole_array/build/aie_4096x1024x8192_64x64x64_8c.mlir.prj/aie_cdo_enable.bin
export XRT_HACK_UNSECURE_LOADING_XCLBIN=1 && \
 ./whole_array.exe -x build/final_4096x1024x8192_64x64x64_8c.xclbin -i build/insts_4096x1024x8192_64x64x64_8c.txt -k MLIR_AIE -M 4096 -K 1024 -N 8192 --iters 40 --warmup 10 --verify=false --b_col_maj 0

Avg NPU matmul time: 16640.7us.
Avg NPU gflops: 4129.61

Min NPU matmul time: 15713us.
Max NPU gflops: 4373.42

Max NPU matmul time: 18138us.
Min NPU gflops: 3788.7

PASS!

rm -rf tmpTrace parse*.json trace*json trace.txt
rm -rf build _build whole_array.exe
rm -rf _build
mkdir -p _build
cd _build &&  cmake -E env CXXFLAGS="-std=c++23 -ggdb -DDTYPE_IN=std::bfloat16_t -DDTYPE_OUT=std::bfloat16_t -DDTYPE_ACC=float" \
	cmake `echo /scratch/luisr/mlir-aie/programming_examples/basic/matrix_multiplication/whole_array/..` -D CMAKE_C_COMPILER=gcc-13 -D CMAKE_CXX_COMPILER=g++-13 -DTARGET_NAME=whole_array -Dsubdir=whole_array
-- The C compiler identification is GNU 13.3.0
-- The CXX compiler identification is GNU 13.3.0
-- Detecting C compiler ABI info
-- Detecting C compiler ABI info - done
-- Check for working C compiler: /usr/bin/gcc-13 - skipped
-- Detecting C compile features
-- Detecting C compile features - done
-- Detecting CXX compiler ABI info
-- Detecting CXX compiler ABI info - done
-- Check for working CXX compiler: /usr/bin/g++-13 - skipped
-- Detecting CXX compile features
-- Detecting CXX compile features - done
-- Configuring done (0.3s)
-- Generating done (0.0s)
-- Build files have been written to: /scratch/luisr/mlir-aie/programming_examples/basic/matrix_multiplication/whole_array/_build
cd _build &&  cmake --build . --config Release
gmake[1]: Entering directory '/scratch/luisr/mlir-aie/programming_examples/basic/matrix_multiplication/whole_array/_build'
gmake[2]: Entering directory '/scratch/luisr/mlir-aie/programming_examples/basic/matrix_multiplication/whole_array/_build'
gmake[3]: Entering directory '/scratch/luisr/mlir-aie/programming_examples/basic/matrix_multiplication/whole_array/_build'
gmake[3]: Leaving directory '/scratch/luisr/mlir-aie/programming_examples/basic/matrix_multiplication/whole_array/_build'
gmake[3]: Entering directory '/scratch/luisr/mlir-aie/programming_examples/basic/matrix_multiplication/whole_array/_build'
[ 33%] Building CXX object CMakeFiles/whole_array.dir/scratch/luisr/mlir-aie/runtime_lib/test_lib/test_utils.cpp.o
[ 66%] Building CXX object CMakeFiles/whole_array.dir/whole_array/test.cpp.o
[100%] Linking CXX executable whole_array
gmake[3]: Leaving directory '/scratch/luisr/mlir-aie/programming_examples/basic/matrix_multiplication/whole_array/_build'
[100%] Built target whole_array
gmake[2]: Leaving directory '/scratch/luisr/mlir-aie/programming_examples/basic/matrix_multiplication/whole_array/_build'
gmake[1]: Leaving directory '/scratch/luisr/mlir-aie/programming_examples/basic/matrix_multiplication/whole_array/_build'
cp _build/whole_array whole_array.exe 
mkdir -p build
python3 /scratch/luisr/mlir-aie/programming_examples/basic/matrix_multiplication/whole_array/whole_array.py -m 64 -k 64 -n 64 --n-aie-cols 8 --b-col-maj 0 --dev npu2 -M 4096 -K 4096 -N 512 --dtype_in bf16 --dtype_out bf16 --emulate-bf16-mmul-with-bfp16 true --trace_size 0 > build/aie_4096x4096x512_64x64x64_8c.mlir
mkdir -p build
cd build && xchesscc_wrapper aie2p -I /proj/xbuilds/2024.2_INT_1113_1001/installs/all_platforms/Vitis/2024.2/aietools/include  -Dbf16_bf16_ONLY -DDIM_M=64 -DDIM_K=64 -DDIM_N=64 -DAIE_API_EMULATE_BFLOAT16_MMUL_WITH_BFP16 -c /scratch/luisr/mlir-aie/programming_examples/basic/matrix_multiplication/whole_array/../../../../aie_kernels/aie2p/mm.cc -o mm_64x64x64.o
WARNING: Default location for XILINX_VIVADO_IP_OVERRIDE not found: /build/xfndry/IP_2024.2_INTEGRATION_VERIFIED/customer/vivado/data/ip
mkdir -p build
cd build && aiecc.py --alloc-scheme=basic-sequential --aie-generate-xclbin --no-compile-host --xclbin-name=final_4096x4096x512_64x64x64_8c.xclbin \
			 \
			--aie-generate-npu-insts --npu-insts-name=insts_4096x4096x512_64x64x64_8c.txt ../build/aie_4096x4096x512_64x64x64_8c.mlir

Generating: /scratch/luisr/mlir-aie/programming_examples/basic/matrix_multiplication/whole_array/build/aie_4096x4096x512_64x64x64_8c.mlir.prj/aie_cdo_elfs.bin
Generating: /scratch/luisr/mlir-aie/programming_examples/basic/matrix_multiplication/whole_array/build/aie_4096x4096x512_64x64x64_8c.mlir.prj/aie_cdo_init.bin
Generating: /scratch/luisr/mlir-aie/programming_examples/basic/matrix_multiplication/whole_array/build/aie_4096x4096x512_64x64x64_8c.mlir.prj/aie_cdo_enable.bin
export XRT_HACK_UNSECURE_LOADING_XCLBIN=1 && \
 ./whole_array.exe -x build/final_4096x4096x512_64x64x64_8c.xclbin -i build/insts_4096x4096x512_64x64x64_8c.txt -k MLIR_AIE -M 4096 -K 4096 -N 512 --iters 40 --warmup 10 --verify=false --b_col_maj 0

Avg NPU matmul time: 3976.77us.
Avg NPU gflops: 4320.05

Min NPU matmul time: 3722us.
Max NPU gflops: 4615.76

Max NPU matmul time: 4185us.
Min NPU gflops: 4105.11

PASS!

rm -rf tmpTrace parse*.json trace*json trace.txt
rm -rf build _build whole_array.exe
rm -rf _build
mkdir -p _build
cd _build &&  cmake -E env CXXFLAGS="-std=c++23 -ggdb -DDTYPE_IN=std::bfloat16_t -DDTYPE_OUT=std::bfloat16_t -DDTYPE_ACC=float" \
	cmake `echo /scratch/luisr/mlir-aie/programming_examples/basic/matrix_multiplication/whole_array/..` -D CMAKE_C_COMPILER=gcc-13 -D CMAKE_CXX_COMPILER=g++-13 -DTARGET_NAME=whole_array -Dsubdir=whole_array
-- The C compiler identification is GNU 13.3.0
-- The CXX compiler identification is GNU 13.3.0
-- Detecting C compiler ABI info
-- Detecting C compiler ABI info - done
-- Check for working C compiler: /usr/bin/gcc-13 - skipped
-- Detecting C compile features
-- Detecting C compile features - done
-- Detecting CXX compiler ABI info
-- Detecting CXX compiler ABI info - done
-- Check for working CXX compiler: /usr/bin/g++-13 - skipped
-- Detecting CXX compile features
-- Detecting CXX compile features - done
-- Configuring done (0.3s)
-- Generating done (0.0s)
-- Build files have been written to: /scratch/luisr/mlir-aie/programming_examples/basic/matrix_multiplication/whole_array/_build
cd _build &&  cmake --build . --config Release
gmake[1]: Entering directory '/scratch/luisr/mlir-aie/programming_examples/basic/matrix_multiplication/whole_array/_build'
gmake[2]: Entering directory '/scratch/luisr/mlir-aie/programming_examples/basic/matrix_multiplication/whole_array/_build'
gmake[3]: Entering directory '/scratch/luisr/mlir-aie/programming_examples/basic/matrix_multiplication/whole_array/_build'
gmake[3]: Leaving directory '/scratch/luisr/mlir-aie/programming_examples/basic/matrix_multiplication/whole_array/_build'
gmake[3]: Entering directory '/scratch/luisr/mlir-aie/programming_examples/basic/matrix_multiplication/whole_array/_build'
[ 33%] Building CXX object CMakeFiles/whole_array.dir/scratch/luisr/mlir-aie/runtime_lib/test_lib/test_utils.cpp.o
[ 66%] Building CXX object CMakeFiles/whole_array.dir/whole_array/test.cpp.o
[100%] Linking CXX executable whole_array
gmake[3]: Leaving directory '/scratch/luisr/mlir-aie/programming_examples/basic/matrix_multiplication/whole_array/_build'
[100%] Built target whole_array
gmake[2]: Leaving directory '/scratch/luisr/mlir-aie/programming_examples/basic/matrix_multiplication/whole_array/_build'
gmake[1]: Leaving directory '/scratch/luisr/mlir-aie/programming_examples/basic/matrix_multiplication/whole_array/_build'
cp _build/whole_array whole_array.exe 
mkdir -p build
python3 /scratch/luisr/mlir-aie/programming_examples/basic/matrix_multiplication/whole_array/whole_array.py -m 64 -k 64 -n 64 --n-aie-cols 8 --b-col-maj 0 --dev npu2 -M 4096 -K 4096 -N 1024 --dtype_in bf16 --dtype_out bf16 --emulate-bf16-mmul-with-bfp16 true --trace_size 0 > build/aie_4096x4096x1024_64x64x64_8c.mlir
mkdir -p build
cd build && xchesscc_wrapper aie2p -I /proj/xbuilds/2024.2_INT_1113_1001/installs/all_platforms/Vitis/2024.2/aietools/include  -Dbf16_bf16_ONLY -DDIM_M=64 -DDIM_K=64 -DDIM_N=64 -DAIE_API_EMULATE_BFLOAT16_MMUL_WITH_BFP16 -c /scratch/luisr/mlir-aie/programming_examples/basic/matrix_multiplication/whole_array/../../../../aie_kernels/aie2p/mm.cc -o mm_64x64x64.o
WARNING: Default location for XILINX_VIVADO_IP_OVERRIDE not found: /build/xfndry/IP_2024.2_INTEGRATION_VERIFIED/customer/vivado/data/ip
mkdir -p build
cd build && aiecc.py --alloc-scheme=basic-sequential --aie-generate-xclbin --no-compile-host --xclbin-name=final_4096x4096x1024_64x64x64_8c.xclbin \
			 \
			--aie-generate-npu-insts --npu-insts-name=insts_4096x4096x1024_64x64x64_8c.txt ../build/aie_4096x4096x1024_64x64x64_8c.mlir

Generating: /scratch/luisr/mlir-aie/programming_examples/basic/matrix_multiplication/whole_array/build/aie_4096x4096x1024_64x64x64_8c.mlir.prj/aie_cdo_elfs.bin
Generating: /scratch/luisr/mlir-aie/programming_examples/basic/matrix_multiplication/whole_array/build/aie_4096x4096x1024_64x64x64_8c.mlir.prj/aie_cdo_init.bin
Generating: /scratch/luisr/mlir-aie/programming_examples/basic/matrix_multiplication/whole_array/build/aie_4096x4096x1024_64x64x64_8c.mlir.prj/aie_cdo_enable.bin
export XRT_HACK_UNSECURE_LOADING_XCLBIN=1 && \
 ./whole_array.exe -x build/final_4096x4096x1024_64x64x64_8c.xclbin -i build/insts_4096x4096x1024_64x64x64_8c.txt -k MLIR_AIE -M 4096 -K 4096 -N 1024 --iters 40 --warmup 10 --verify=false --b_col_maj 0

Avg NPU matmul time: 7740.7us.
Avg NPU gflops: 4438.84

Min NPU matmul time: 7238us.
Max NPU gflops: 4747.13

Max NPU matmul time: 8855us.
Min NPU gflops: 3880.26

PASS!

rm -rf tmpTrace parse*.json trace*json trace.txt
rm -rf build _build whole_array.exe
rm -rf _build
mkdir -p _build
cd _build &&  cmake -E env CXXFLAGS="-std=c++23 -ggdb -DDTYPE_IN=std::bfloat16_t -DDTYPE_OUT=std::bfloat16_t -DDTYPE_ACC=float" \
	cmake `echo /scratch/luisr/mlir-aie/programming_examples/basic/matrix_multiplication/whole_array/..` -D CMAKE_C_COMPILER=gcc-13 -D CMAKE_CXX_COMPILER=g++-13 -DTARGET_NAME=whole_array -Dsubdir=whole_array
-- The C compiler identification is GNU 13.3.0
-- The CXX compiler identification is GNU 13.3.0
-- Detecting C compiler ABI info
-- Detecting C compiler ABI info - done
-- Check for working C compiler: /usr/bin/gcc-13 - skipped
-- Detecting C compile features
-- Detecting C compile features - done
-- Detecting CXX compiler ABI info
-- Detecting CXX compiler ABI info - done
-- Check for working CXX compiler: /usr/bin/g++-13 - skipped
-- Detecting CXX compile features
-- Detecting CXX compile features - done
-- Configuring done (0.3s)
-- Generating done (0.0s)
-- Build files have been written to: /scratch/luisr/mlir-aie/programming_examples/basic/matrix_multiplication/whole_array/_build
cd _build &&  cmake --build . --config Release
gmake[1]: Entering directory '/scratch/luisr/mlir-aie/programming_examples/basic/matrix_multiplication/whole_array/_build'
gmake[2]: Entering directory '/scratch/luisr/mlir-aie/programming_examples/basic/matrix_multiplication/whole_array/_build'
gmake[3]: Entering directory '/scratch/luisr/mlir-aie/programming_examples/basic/matrix_multiplication/whole_array/_build'
gmake[3]: Leaving directory '/scratch/luisr/mlir-aie/programming_examples/basic/matrix_multiplication/whole_array/_build'
gmake[3]: Entering directory '/scratch/luisr/mlir-aie/programming_examples/basic/matrix_multiplication/whole_array/_build'
[ 33%] Building CXX object CMakeFiles/whole_array.dir/scratch/luisr/mlir-aie/runtime_lib/test_lib/test_utils.cpp.o
[ 66%] Building CXX object CMakeFiles/whole_array.dir/whole_array/test.cpp.o
[100%] Linking CXX executable whole_array
gmake[3]: Leaving directory '/scratch/luisr/mlir-aie/programming_examples/basic/matrix_multiplication/whole_array/_build'
[100%] Built target whole_array
gmake[2]: Leaving directory '/scratch/luisr/mlir-aie/programming_examples/basic/matrix_multiplication/whole_array/_build'
gmake[1]: Leaving directory '/scratch/luisr/mlir-aie/programming_examples/basic/matrix_multiplication/whole_array/_build'
cp _build/whole_array whole_array.exe 
mkdir -p build
python3 /scratch/luisr/mlir-aie/programming_examples/basic/matrix_multiplication/whole_array/whole_array.py -m 64 -k 64 -n 64 --n-aie-cols 8 --b-col-maj 0 --dev npu2 -M 4096 -K 4096 -N 4096 --dtype_in bf16 --dtype_out bf16 --emulate-bf16-mmul-with-bfp16 true --trace_size 0 > build/aie_4096x4096x4096_64x64x64_8c.mlir
mkdir -p build
cd build && xchesscc_wrapper aie2p -I /proj/xbuilds/2024.2_INT_1113_1001/installs/all_platforms/Vitis/2024.2/aietools/include  -Dbf16_bf16_ONLY -DDIM_M=64 -DDIM_K=64 -DDIM_N=64 -DAIE_API_EMULATE_BFLOAT16_MMUL_WITH_BFP16 -c /scratch/luisr/mlir-aie/programming_examples/basic/matrix_multiplication/whole_array/../../../../aie_kernels/aie2p/mm.cc -o mm_64x64x64.o
WARNING: Default location for XILINX_VIVADO_IP_OVERRIDE not found: /build/xfndry/IP_2024.2_INTEGRATION_VERIFIED/customer/vivado/data/ip
mkdir -p build
cd build && aiecc.py --alloc-scheme=basic-sequential --aie-generate-xclbin --no-compile-host --xclbin-name=final_4096x4096x4096_64x64x64_8c.xclbin \
			 \
			--aie-generate-npu-insts --npu-insts-name=insts_4096x4096x4096_64x64x64_8c.txt ../build/aie_4096x4096x4096_64x64x64_8c.mlir

Generating: /scratch/luisr/mlir-aie/programming_examples/basic/matrix_multiplication/whole_array/build/aie_4096x4096x4096_64x64x64_8c.mlir.prj/aie_cdo_elfs.bin
Generating: /scratch/luisr/mlir-aie/programming_examples/basic/matrix_multiplication/whole_array/build/aie_4096x4096x4096_64x64x64_8c.mlir.prj/aie_cdo_init.bin
Generating: /scratch/luisr/mlir-aie/programming_examples/basic/matrix_multiplication/whole_array/build/aie_4096x4096x4096_64x64x64_8c.mlir.prj/aie_cdo_enable.bin
export XRT_HACK_UNSECURE_LOADING_XCLBIN=1 && \
 ./whole_array.exe -x build/final_4096x4096x4096_64x64x64_8c.xclbin -i build/insts_4096x4096x4096_64x64x64_8c.txt -k MLIR_AIE -M 4096 -K 4096 -N 4096 --iters 40 --warmup 10 --verify=false --b_col_maj 0

Avg NPU matmul time: 30147.5us.
Avg NPU gflops: 4558.89

Min NPU matmul time: 29654us.
Max NPU gflops: 4634.75

Max NPU matmul time: 31254us.
Min NPU gflops: 4397.48

PASS!

rm -rf tmpTrace parse*.json trace*json trace.txt
rm -rf build _build whole_array.exe
rm -rf _build
mkdir -p _build
cd _build &&  cmake -E env CXXFLAGS="-std=c++23 -ggdb -DDTYPE_IN=std::bfloat16_t -DDTYPE_OUT=std::bfloat16_t -DDTYPE_ACC=float" \
	cmake `echo /scratch/luisr/mlir-aie/programming_examples/basic/matrix_multiplication/whole_array/..` -D CMAKE_C_COMPILER=gcc-13 -D CMAKE_CXX_COMPILER=g++-13 -DTARGET_NAME=whole_array -Dsubdir=whole_array
-- The C compiler identification is GNU 13.3.0
-- The CXX compiler identification is GNU 13.3.0
-- Detecting C compiler ABI info
-- Detecting C compiler ABI info - done
-- Check for working C compiler: /usr/bin/gcc-13 - skipped
-- Detecting C compile features
-- Detecting C compile features - done
-- Detecting CXX compiler ABI info
-- Detecting CXX compiler ABI info - done
-- Check for working CXX compiler: /usr/bin/g++-13 - skipped
-- Detecting CXX compile features
-- Detecting CXX compile features - done
-- Configuring done (0.3s)
-- Generating done (0.0s)
-- Build files have been written to: /scratch/luisr/mlir-aie/programming_examples/basic/matrix_multiplication/whole_array/_build
cd _build &&  cmake --build . --config Release
gmake[1]: Entering directory '/scratch/luisr/mlir-aie/programming_examples/basic/matrix_multiplication/whole_array/_build'
gmake[2]: Entering directory '/scratch/luisr/mlir-aie/programming_examples/basic/matrix_multiplication/whole_array/_build'
gmake[3]: Entering directory '/scratch/luisr/mlir-aie/programming_examples/basic/matrix_multiplication/whole_array/_build'
gmake[3]: Leaving directory '/scratch/luisr/mlir-aie/programming_examples/basic/matrix_multiplication/whole_array/_build'
gmake[3]: Entering directory '/scratch/luisr/mlir-aie/programming_examples/basic/matrix_multiplication/whole_array/_build'
[ 33%] Building CXX object CMakeFiles/whole_array.dir/scratch/luisr/mlir-aie/runtime_lib/test_lib/test_utils.cpp.o
[ 66%] Building CXX object CMakeFiles/whole_array.dir/whole_array/test.cpp.o
[100%] Linking CXX executable whole_array
gmake[3]: Leaving directory '/scratch/luisr/mlir-aie/programming_examples/basic/matrix_multiplication/whole_array/_build'
[100%] Built target whole_array
gmake[2]: Leaving directory '/scratch/luisr/mlir-aie/programming_examples/basic/matrix_multiplication/whole_array/_build'
gmake[1]: Leaving directory '/scratch/luisr/mlir-aie/programming_examples/basic/matrix_multiplication/whole_array/_build'
cp _build/whole_array whole_array.exe 
mkdir -p build
python3 /scratch/luisr/mlir-aie/programming_examples/basic/matrix_multiplication/whole_array/whole_array.py -m 64 -k 64 -n 64 --n-aie-cols 8 --b-col-maj 0 --dev npu2 -M 4096 -K 4096 -N 8192 --dtype_in bf16 --dtype_out bf16 --emulate-bf16-mmul-with-bfp16 true --trace_size 0 > build/aie_4096x4096x8192_64x64x64_8c.mlir
mkdir -p build
cd build && xchesscc_wrapper aie2p -I /proj/xbuilds/2024.2_INT_1113_1001/installs/all_platforms/Vitis/2024.2/aietools/include  -Dbf16_bf16_ONLY -DDIM_M=64 -DDIM_K=64 -DDIM_N=64 -DAIE_API_EMULATE_BFLOAT16_MMUL_WITH_BFP16 -c /scratch/luisr/mlir-aie/programming_examples/basic/matrix_multiplication/whole_array/../../../../aie_kernels/aie2p/mm.cc -o mm_64x64x64.o
WARNING: Default location for XILINX_VIVADO_IP_OVERRIDE not found: /build/xfndry/IP_2024.2_INTEGRATION_VERIFIED/customer/vivado/data/ip
mkdir -p build
cd build && aiecc.py --alloc-scheme=basic-sequential --aie-generate-xclbin --no-compile-host --xclbin-name=final_4096x4096x8192_64x64x64_8c.xclbin \
			 \
			--aie-generate-npu-insts --npu-insts-name=insts_4096x4096x8192_64x64x64_8c.txt ../build/aie_4096x4096x8192_64x64x64_8c.mlir

Generating: /scratch/luisr/mlir-aie/programming_examples/basic/matrix_multiplication/whole_array/build/aie_4096x4096x8192_64x64x64_8c.mlir.prj/aie_cdo_elfs.bin
Generating: /scratch/luisr/mlir-aie/programming_examples/basic/matrix_multiplication/whole_array/build/aie_4096x4096x8192_64x64x64_8c.mlir.prj/aie_cdo_init.bin
Generating: /scratch/luisr/mlir-aie/programming_examples/basic/matrix_multiplication/whole_array/build/aie_4096x4096x8192_64x64x64_8c.mlir.prj/aie_cdo_enable.bin
export XRT_HACK_UNSECURE_LOADING_XCLBIN=1 && \
 ./whole_array.exe -x build/final_4096x4096x8192_64x64x64_8c.xclbin -i build/insts_4096x4096x8192_64x64x64_8c.txt -k MLIR_AIE -M 4096 -K 4096 -N 8192 --iters 40 --warmup 10 --verify=false --b_col_maj 0

Avg NPU matmul time: 67542.8us.
Avg NPU gflops: 4069.69

Min NPU matmul time: 62581us.
Max NPU gflops: 4392.35

Max NPU matmul time: 74511us.
Min NPU gflops: 3689.09

PASS!

rm -rf tmpTrace parse*.json trace*json trace.txt
rm -rf build _build whole_array.exe
rm -rf _build
mkdir -p _build
cd _build &&  cmake -E env CXXFLAGS="-std=c++23 -ggdb -DDTYPE_IN=std::bfloat16_t -DDTYPE_OUT=std::bfloat16_t -DDTYPE_ACC=float" \
	cmake `echo /scratch/luisr/mlir-aie/programming_examples/basic/matrix_multiplication/whole_array/..` -D CMAKE_C_COMPILER=gcc-13 -D CMAKE_CXX_COMPILER=g++-13 -DTARGET_NAME=whole_array -Dsubdir=whole_array
-- The C compiler identification is GNU 13.3.0
-- The CXX compiler identification is GNU 13.3.0
-- Detecting C compiler ABI info
-- Detecting C compiler ABI info - done
-- Check for working C compiler: /usr/bin/gcc-13 - skipped
-- Detecting C compile features
-- Detecting C compile features - done
-- Detecting CXX compiler ABI info
-- Detecting CXX compiler ABI info - done
-- Check for working CXX compiler: /usr/bin/g++-13 - skipped
-- Detecting CXX compile features
-- Detecting CXX compile features - done
-- Configuring done (0.3s)
-- Generating done (0.0s)
-- Build files have been written to: /scratch/luisr/mlir-aie/programming_examples/basic/matrix_multiplication/whole_array/_build
cd _build &&  cmake --build . --config Release
gmake[1]: Entering directory '/scratch/luisr/mlir-aie/programming_examples/basic/matrix_multiplication/whole_array/_build'
gmake[2]: Entering directory '/scratch/luisr/mlir-aie/programming_examples/basic/matrix_multiplication/whole_array/_build'
gmake[3]: Entering directory '/scratch/luisr/mlir-aie/programming_examples/basic/matrix_multiplication/whole_array/_build'
gmake[3]: Leaving directory '/scratch/luisr/mlir-aie/programming_examples/basic/matrix_multiplication/whole_array/_build'
gmake[3]: Entering directory '/scratch/luisr/mlir-aie/programming_examples/basic/matrix_multiplication/whole_array/_build'
[ 33%] Building CXX object CMakeFiles/whole_array.dir/scratch/luisr/mlir-aie/runtime_lib/test_lib/test_utils.cpp.o
[ 66%] Building CXX object CMakeFiles/whole_array.dir/whole_array/test.cpp.o
[100%] Linking CXX executable whole_array
gmake[3]: Leaving directory '/scratch/luisr/mlir-aie/programming_examples/basic/matrix_multiplication/whole_array/_build'
[100%] Built target whole_array
gmake[2]: Leaving directory '/scratch/luisr/mlir-aie/programming_examples/basic/matrix_multiplication/whole_array/_build'
gmake[1]: Leaving directory '/scratch/luisr/mlir-aie/programming_examples/basic/matrix_multiplication/whole_array/_build'
cp _build/whole_array whole_array.exe 
mkdir -p build
python3 /scratch/luisr/mlir-aie/programming_examples/basic/matrix_multiplication/whole_array/whole_array.py -m 64 -k 64 -n 64 --n-aie-cols 8 --b-col-maj 0 --dev npu2 -M 4096 -K 6144 -N 512 --dtype_in bf16 --dtype_out bf16 --emulate-bf16-mmul-with-bfp16 true --trace_size 0 > build/aie_4096x6144x512_64x64x64_8c.mlir
mkdir -p build
cd build && xchesscc_wrapper aie2p -I /proj/xbuilds/2024.2_INT_1113_1001/installs/all_platforms/Vitis/2024.2/aietools/include  -Dbf16_bf16_ONLY -DDIM_M=64 -DDIM_K=64 -DDIM_N=64 -DAIE_API_EMULATE_BFLOAT16_MMUL_WITH_BFP16 -c /scratch/luisr/mlir-aie/programming_examples/basic/matrix_multiplication/whole_array/../../../../aie_kernels/aie2p/mm.cc -o mm_64x64x64.o
WARNING: Default location for XILINX_VIVADO_IP_OVERRIDE not found: /build/xfndry/IP_2024.2_INTEGRATION_VERIFIED/customer/vivado/data/ip
mkdir -p build
cd build && aiecc.py --alloc-scheme=basic-sequential --aie-generate-xclbin --no-compile-host --xclbin-name=final_4096x6144x512_64x64x64_8c.xclbin \
			 \
			--aie-generate-npu-insts --npu-insts-name=insts_4096x6144x512_64x64x64_8c.txt ../build/aie_4096x6144x512_64x64x64_8c.mlir

Generating: /scratch/luisr/mlir-aie/programming_examples/basic/matrix_multiplication/whole_array/build/aie_4096x6144x512_64x64x64_8c.mlir.prj/aie_cdo_elfs.bin
Generating: /scratch/luisr/mlir-aie/programming_examples/basic/matrix_multiplication/whole_array/build/aie_4096x6144x512_64x64x64_8c.mlir.prj/aie_cdo_init.bin
Generating: /scratch/luisr/mlir-aie/programming_examples/basic/matrix_multiplication/whole_array/build/aie_4096x6144x512_64x64x64_8c.mlir.prj/aie_cdo_enable.bin
export XRT_HACK_UNSECURE_LOADING_XCLBIN=1 && \
 ./whole_array.exe -x build/final_4096x6144x512_64x64x64_8c.xclbin -i build/insts_4096x6144x512_64x64x64_8c.txt -k MLIR_AIE -M 4096 -K 6144 -N 512 --iters 40 --warmup 10 --verify=false --b_col_maj 0

Avg NPU matmul time: 5595.8us.
Avg NPU gflops: 4605.2

Min NPU matmul time: 5418us.
Max NPU gflops: 4756.33

Max NPU matmul time: 6202us.
Min NPU gflops: 4155.08

PASS!

rm -rf tmpTrace parse*.json trace*json trace.txt
rm -rf build _build whole_array.exe
rm -rf _build
mkdir -p _build
cd _build &&  cmake -E env CXXFLAGS="-std=c++23 -ggdb -DDTYPE_IN=std::bfloat16_t -DDTYPE_OUT=std::bfloat16_t -DDTYPE_ACC=float" \
	cmake `echo /scratch/luisr/mlir-aie/programming_examples/basic/matrix_multiplication/whole_array/..` -D CMAKE_C_COMPILER=gcc-13 -D CMAKE_CXX_COMPILER=g++-13 -DTARGET_NAME=whole_array -Dsubdir=whole_array
-- The C compiler identification is GNU 13.3.0
-- The CXX compiler identification is GNU 13.3.0
-- Detecting C compiler ABI info
-- Detecting C compiler ABI info - done
-- Check for working C compiler: /usr/bin/gcc-13 - skipped
-- Detecting C compile features
-- Detecting C compile features - done
-- Detecting CXX compiler ABI info
-- Detecting CXX compiler ABI info - done
-- Check for working CXX compiler: /usr/bin/g++-13 - skipped
-- Detecting CXX compile features
-- Detecting CXX compile features - done
-- Configuring done (0.2s)
-- Generating done (0.0s)
-- Build files have been written to: /scratch/luisr/mlir-aie/programming_examples/basic/matrix_multiplication/whole_array/_build
cd _build &&  cmake --build . --config Release
gmake[1]: Entering directory '/scratch/luisr/mlir-aie/programming_examples/basic/matrix_multiplication/whole_array/_build'
gmake[2]: Entering directory '/scratch/luisr/mlir-aie/programming_examples/basic/matrix_multiplication/whole_array/_build'
gmake[3]: Entering directory '/scratch/luisr/mlir-aie/programming_examples/basic/matrix_multiplication/whole_array/_build'
gmake[3]: Leaving directory '/scratch/luisr/mlir-aie/programming_examples/basic/matrix_multiplication/whole_array/_build'
gmake[3]: Entering directory '/scratch/luisr/mlir-aie/programming_examples/basic/matrix_multiplication/whole_array/_build'
[ 33%] Building CXX object CMakeFiles/whole_array.dir/scratch/luisr/mlir-aie/runtime_lib/test_lib/test_utils.cpp.o
[ 66%] Building CXX object CMakeFiles/whole_array.dir/whole_array/test.cpp.o
[100%] Linking CXX executable whole_array
gmake[3]: Leaving directory '/scratch/luisr/mlir-aie/programming_examples/basic/matrix_multiplication/whole_array/_build'
[100%] Built target whole_array
gmake[2]: Leaving directory '/scratch/luisr/mlir-aie/programming_examples/basic/matrix_multiplication/whole_array/_build'
gmake[1]: Leaving directory '/scratch/luisr/mlir-aie/programming_examples/basic/matrix_multiplication/whole_array/_build'
cp _build/whole_array whole_array.exe 
mkdir -p build
python3 /scratch/luisr/mlir-aie/programming_examples/basic/matrix_multiplication/whole_array/whole_array.py -m 64 -k 64 -n 64 --n-aie-cols 8 --b-col-maj 0 --dev npu2 -M 4096 -K 6144 -N 1024 --dtype_in bf16 --dtype_out bf16 --emulate-bf16-mmul-with-bfp16 true --trace_size 0 > build/aie_4096x6144x1024_64x64x64_8c.mlir
mkdir -p build
cd build && xchesscc_wrapper aie2p -I /proj/xbuilds/2024.2_INT_1113_1001/installs/all_platforms/Vitis/2024.2/aietools/include  -Dbf16_bf16_ONLY -DDIM_M=64 -DDIM_K=64 -DDIM_N=64 -DAIE_API_EMULATE_BFLOAT16_MMUL_WITH_BFP16 -c /scratch/luisr/mlir-aie/programming_examples/basic/matrix_multiplication/whole_array/../../../../aie_kernels/aie2p/mm.cc -o mm_64x64x64.o
WARNING: Default location for XILINX_VIVADO_IP_OVERRIDE not found: /build/xfndry/IP_2024.2_INTEGRATION_VERIFIED/customer/vivado/data/ip
mkdir -p build
cd build && aiecc.py --alloc-scheme=basic-sequential --aie-generate-xclbin --no-compile-host --xclbin-name=final_4096x6144x1024_64x64x64_8c.xclbin \
			 \
			--aie-generate-npu-insts --npu-insts-name=insts_4096x6144x1024_64x64x64_8c.txt ../build/aie_4096x6144x1024_64x64x64_8c.mlir

Generating: /scratch/luisr/mlir-aie/programming_examples/basic/matrix_multiplication/whole_array/build/aie_4096x6144x1024_64x64x64_8c.mlir.prj/aie_cdo_elfs.bin
Generating: /scratch/luisr/mlir-aie/programming_examples/basic/matrix_multiplication/whole_array/build/aie_4096x6144x1024_64x64x64_8c.mlir.prj/aie_cdo_init.bin
Generating: /scratch/luisr/mlir-aie/programming_examples/basic/matrix_multiplication/whole_array/build/aie_4096x6144x1024_64x64x64_8c.mlir.prj/aie_cdo_enable.bin
export XRT_HACK_UNSECURE_LOADING_XCLBIN=1 && \
 ./whole_array.exe -x build/final_4096x6144x1024_64x64x64_8c.xclbin -i build/insts_4096x6144x1024_64x64x64_8c.txt -k MLIR_AIE -M 4096 -K 6144 -N 1024 --iters 40 --warmup 10 --verify=false --b_col_maj 0

Avg NPU matmul time: 11522.3us.
Avg NPU gflops: 4473.01

Min NPU matmul time: 10856us.
Max NPU gflops: 4747.57

Max NPU matmul time: 12119us.
Min NPU gflops: 4252.79

PASS!

rm -rf tmpTrace parse*.json trace*json trace.txt
rm -rf build _build whole_array.exe
rm -rf _build
mkdir -p _build
cd _build &&  cmake -E env CXXFLAGS="-std=c++23 -ggdb -DDTYPE_IN=std::bfloat16_t -DDTYPE_OUT=std::bfloat16_t -DDTYPE_ACC=float" \
	cmake `echo /scratch/luisr/mlir-aie/programming_examples/basic/matrix_multiplication/whole_array/..` -D CMAKE_C_COMPILER=gcc-13 -D CMAKE_CXX_COMPILER=g++-13 -DTARGET_NAME=whole_array -Dsubdir=whole_array
-- The C compiler identification is GNU 13.3.0
-- The CXX compiler identification is GNU 13.3.0
-- Detecting C compiler ABI info
-- Detecting C compiler ABI info - done
-- Check for working C compiler: /usr/bin/gcc-13 - skipped
-- Detecting C compile features
-- Detecting C compile features - done
-- Detecting CXX compiler ABI info
-- Detecting CXX compiler ABI info - done
-- Check for working CXX compiler: /usr/bin/g++-13 - skipped
-- Detecting CXX compile features
-- Detecting CXX compile features - done
-- Configuring done (0.3s)
-- Generating done (0.0s)
-- Build files have been written to: /scratch/luisr/mlir-aie/programming_examples/basic/matrix_multiplication/whole_array/_build
cd _build &&  cmake --build . --config Release
gmake[1]: Entering directory '/scratch/luisr/mlir-aie/programming_examples/basic/matrix_multiplication/whole_array/_build'
gmake[2]: Entering directory '/scratch/luisr/mlir-aie/programming_examples/basic/matrix_multiplication/whole_array/_build'
gmake[3]: Entering directory '/scratch/luisr/mlir-aie/programming_examples/basic/matrix_multiplication/whole_array/_build'
gmake[3]: Leaving directory '/scratch/luisr/mlir-aie/programming_examples/basic/matrix_multiplication/whole_array/_build'
gmake[3]: Entering directory '/scratch/luisr/mlir-aie/programming_examples/basic/matrix_multiplication/whole_array/_build'
[ 33%] Building CXX object CMakeFiles/whole_array.dir/scratch/luisr/mlir-aie/runtime_lib/test_lib/test_utils.cpp.o
[ 66%] Building CXX object CMakeFiles/whole_array.dir/whole_array/test.cpp.o
[100%] Linking CXX executable whole_array
gmake[3]: Leaving directory '/scratch/luisr/mlir-aie/programming_examples/basic/matrix_multiplication/whole_array/_build'
[100%] Built target whole_array
gmake[2]: Leaving directory '/scratch/luisr/mlir-aie/programming_examples/basic/matrix_multiplication/whole_array/_build'
gmake[1]: Leaving directory '/scratch/luisr/mlir-aie/programming_examples/basic/matrix_multiplication/whole_array/_build'
cp _build/whole_array whole_array.exe 
mkdir -p build
python3 /scratch/luisr/mlir-aie/programming_examples/basic/matrix_multiplication/whole_array/whole_array.py -m 64 -k 64 -n 64 --n-aie-cols 8 --b-col-maj 0 --dev npu2 -M 4096 -K 6144 -N 4096 --dtype_in bf16 --dtype_out bf16 --emulate-bf16-mmul-with-bfp16 true --trace_size 0 > build/aie_4096x6144x4096_64x64x64_8c.mlir
mkdir -p build
cd build && xchesscc_wrapper aie2p -I /proj/xbuilds/2024.2_INT_1113_1001/installs/all_platforms/Vitis/2024.2/aietools/include  -Dbf16_bf16_ONLY -DDIM_M=64 -DDIM_K=64 -DDIM_N=64 -DAIE_API_EMULATE_BFLOAT16_MMUL_WITH_BFP16 -c /scratch/luisr/mlir-aie/programming_examples/basic/matrix_multiplication/whole_array/../../../../aie_kernels/aie2p/mm.cc -o mm_64x64x64.o
WARNING: Default location for XILINX_VIVADO_IP_OVERRIDE not found: /build/xfndry/IP_2024.2_INTEGRATION_VERIFIED/customer/vivado/data/ip
mkdir -p build
cd build && aiecc.py --alloc-scheme=basic-sequential --aie-generate-xclbin --no-compile-host --xclbin-name=final_4096x6144x4096_64x64x64_8c.xclbin \
			 \
			--aie-generate-npu-insts --npu-insts-name=insts_4096x6144x4096_64x64x64_8c.txt ../build/aie_4096x6144x4096_64x64x64_8c.mlir

Generating: /scratch/luisr/mlir-aie/programming_examples/basic/matrix_multiplication/whole_array/build/aie_4096x6144x4096_64x64x64_8c.mlir.prj/aie_cdo_elfs.bin
Generating: /scratch/luisr/mlir-aie/programming_examples/basic/matrix_multiplication/whole_array/build/aie_4096x6144x4096_64x64x64_8c.mlir.prj/aie_cdo_init.bin
Generating: /scratch/luisr/mlir-aie/programming_examples/basic/matrix_multiplication/whole_array/build/aie_4096x6144x4096_64x64x64_8c.mlir.prj/aie_cdo_enable.bin
export XRT_HACK_UNSECURE_LOADING_XCLBIN=1 && \
 ./whole_array.exe -x build/final_4096x6144x4096_64x64x64_8c.xclbin -i build/insts_4096x6144x4096_64x64x64_8c.txt -k MLIR_AIE -M 4096 -K 6144 -N 4096 --iters 40 --warmup 10 --verify=false --b_col_maj 0

Avg NPU matmul time: 46228.9us.
Avg NPU gflops: 4459.52

Min NPU matmul time: 44975us.
Max NPU gflops: 4583.85

Max NPU matmul time: 49426us.
Min NPU gflops: 4171.05

PASS!

rm -rf tmpTrace parse*.json trace*json trace.txt
rm -rf build _build whole_array.exe
rm -rf _build
mkdir -p _build
cd _build &&  cmake -E env CXXFLAGS="-std=c++23 -ggdb -DDTYPE_IN=std::bfloat16_t -DDTYPE_OUT=std::bfloat16_t -DDTYPE_ACC=float" \
	cmake `echo /scratch/luisr/mlir-aie/programming_examples/basic/matrix_multiplication/whole_array/..` -D CMAKE_C_COMPILER=gcc-13 -D CMAKE_CXX_COMPILER=g++-13 -DTARGET_NAME=whole_array -Dsubdir=whole_array
-- The C compiler identification is GNU 13.3.0
-- The CXX compiler identification is GNU 13.3.0
-- Detecting C compiler ABI info
-- Detecting C compiler ABI info - done
-- Check for working C compiler: /usr/bin/gcc-13 - skipped
-- Detecting C compile features
-- Detecting C compile features - done
-- Detecting CXX compiler ABI info
-- Detecting CXX compiler ABI info - done
-- Check for working CXX compiler: /usr/bin/g++-13 - skipped
-- Detecting CXX compile features
-- Detecting CXX compile features - done
-- Configuring done (0.3s)
-- Generating done (0.0s)
-- Build files have been written to: /scratch/luisr/mlir-aie/programming_examples/basic/matrix_multiplication/whole_array/_build
cd _build &&  cmake --build . --config Release
gmake[1]: Entering directory '/scratch/luisr/mlir-aie/programming_examples/basic/matrix_multiplication/whole_array/_build'
gmake[2]: Entering directory '/scratch/luisr/mlir-aie/programming_examples/basic/matrix_multiplication/whole_array/_build'
gmake[3]: Entering directory '/scratch/luisr/mlir-aie/programming_examples/basic/matrix_multiplication/whole_array/_build'
gmake[3]: Leaving directory '/scratch/luisr/mlir-aie/programming_examples/basic/matrix_multiplication/whole_array/_build'
gmake[3]: Entering directory '/scratch/luisr/mlir-aie/programming_examples/basic/matrix_multiplication/whole_array/_build'
[ 33%] Building CXX object CMakeFiles/whole_array.dir/scratch/luisr/mlir-aie/runtime_lib/test_lib/test_utils.cpp.o
[ 66%] Building CXX object CMakeFiles/whole_array.dir/whole_array/test.cpp.o
[100%] Linking CXX executable whole_array
gmake[3]: Leaving directory '/scratch/luisr/mlir-aie/programming_examples/basic/matrix_multiplication/whole_array/_build'
[100%] Built target whole_array
gmake[2]: Leaving directory '/scratch/luisr/mlir-aie/programming_examples/basic/matrix_multiplication/whole_array/_build'
gmake[1]: Leaving directory '/scratch/luisr/mlir-aie/programming_examples/basic/matrix_multiplication/whole_array/_build'
cp _build/whole_array whole_array.exe 
mkdir -p build
python3 /scratch/luisr/mlir-aie/programming_examples/basic/matrix_multiplication/whole_array/whole_array.py -m 64 -k 64 -n 64 --n-aie-cols 8 --b-col-maj 0 --dev npu2 -M 4096 -K 6144 -N 8192 --dtype_in bf16 --dtype_out bf16 --emulate-bf16-mmul-with-bfp16 true --trace_size 0 > build/aie_4096x6144x8192_64x64x64_8c.mlir
mkdir -p build
cd build && xchesscc_wrapper aie2p -I /proj/xbuilds/2024.2_INT_1113_1001/installs/all_platforms/Vitis/2024.2/aietools/include  -Dbf16_bf16_ONLY -DDIM_M=64 -DDIM_K=64 -DDIM_N=64 -DAIE_API_EMULATE_BFLOAT16_MMUL_WITH_BFP16 -c /scratch/luisr/mlir-aie/programming_examples/basic/matrix_multiplication/whole_array/../../../../aie_kernels/aie2p/mm.cc -o mm_64x64x64.o
WARNING: Default location for XILINX_VIVADO_IP_OVERRIDE not found: /build/xfndry/IP_2024.2_INTEGRATION_VERIFIED/customer/vivado/data/ip
mkdir -p build
cd build && aiecc.py --alloc-scheme=basic-sequential --aie-generate-xclbin --no-compile-host --xclbin-name=final_4096x6144x8192_64x64x64_8c.xclbin \
			 \
			--aie-generate-npu-insts --npu-insts-name=insts_4096x6144x8192_64x64x64_8c.txt ../build/aie_4096x6144x8192_64x64x64_8c.mlir

Generating: /scratch/luisr/mlir-aie/programming_examples/basic/matrix_multiplication/whole_array/build/aie_4096x6144x8192_64x64x64_8c.mlir.prj/aie_cdo_elfs.bin
Generating: /scratch/luisr/mlir-aie/programming_examples/basic/matrix_multiplication/whole_array/build/aie_4096x6144x8192_64x64x64_8c.mlir.prj/aie_cdo_init.bin
Generating: /scratch/luisr/mlir-aie/programming_examples/basic/matrix_multiplication/whole_array/build/aie_4096x6144x8192_64x64x64_8c.mlir.prj/aie_cdo_enable.bin
export XRT_HACK_UNSECURE_LOADING_XCLBIN=1 && \
 ./whole_array.exe -x build/final_4096x6144x8192_64x64x64_8c.xclbin -i build/insts_4096x6144x8192_64x64x64_8c.txt -k MLIR_AIE -M 4096 -K 6144 -N 8192 --iters 40 --warmup 10 --verify=false --b_col_maj 0

Avg NPU matmul time: 110162us.
Avg NPU gflops: 3742.84

Min NPU matmul time: 99507us.
Max NPU gflops: 4143.6

Max NPU matmul time: 123625us.
Min NPU gflops: 3335.22

PASS!

rm -rf tmpTrace parse*.json trace*json trace.txt
rm -rf build _build whole_array.exe
rm -rf _build
mkdir -p _build
cd _build &&  cmake -E env CXXFLAGS="-std=c++23 -ggdb -DDTYPE_IN=std::bfloat16_t -DDTYPE_OUT=std::bfloat16_t -DDTYPE_ACC=float" \
	cmake `echo /scratch/luisr/mlir-aie/programming_examples/basic/matrix_multiplication/whole_array/..` -D CMAKE_C_COMPILER=gcc-13 -D CMAKE_CXX_COMPILER=g++-13 -DTARGET_NAME=whole_array -Dsubdir=whole_array
-- The C compiler identification is GNU 13.3.0
-- The CXX compiler identification is GNU 13.3.0
-- Detecting C compiler ABI info
-- Detecting C compiler ABI info - done
-- Check for working C compiler: /usr/bin/gcc-13 - skipped
-- Detecting C compile features
-- Detecting C compile features - done
-- Detecting CXX compiler ABI info
-- Detecting CXX compiler ABI info - done
-- Check for working CXX compiler: /usr/bin/g++-13 - skipped
-- Detecting CXX compile features
-- Detecting CXX compile features - done
-- Configuring done (0.3s)
-- Generating done (0.0s)
-- Build files have been written to: /scratch/luisr/mlir-aie/programming_examples/basic/matrix_multiplication/whole_array/_build
cd _build &&  cmake --build . --config Release
gmake[1]: Entering directory '/scratch/luisr/mlir-aie/programming_examples/basic/matrix_multiplication/whole_array/_build'
gmake[2]: Entering directory '/scratch/luisr/mlir-aie/programming_examples/basic/matrix_multiplication/whole_array/_build'
gmake[3]: Entering directory '/scratch/luisr/mlir-aie/programming_examples/basic/matrix_multiplication/whole_array/_build'
gmake[3]: Leaving directory '/scratch/luisr/mlir-aie/programming_examples/basic/matrix_multiplication/whole_array/_build'
gmake[3]: Entering directory '/scratch/luisr/mlir-aie/programming_examples/basic/matrix_multiplication/whole_array/_build'
[ 33%] Building CXX object CMakeFiles/whole_array.dir/scratch/luisr/mlir-aie/runtime_lib/test_lib/test_utils.cpp.o
[ 66%] Building CXX object CMakeFiles/whole_array.dir/whole_array/test.cpp.o
[100%] Linking CXX executable whole_array
gmake[3]: Leaving directory '/scratch/luisr/mlir-aie/programming_examples/basic/matrix_multiplication/whole_array/_build'
[100%] Built target whole_array
gmake[2]: Leaving directory '/scratch/luisr/mlir-aie/programming_examples/basic/matrix_multiplication/whole_array/_build'
gmake[1]: Leaving directory '/scratch/luisr/mlir-aie/programming_examples/basic/matrix_multiplication/whole_array/_build'
cp _build/whole_array whole_array.exe 
mkdir -p build
python3 /scratch/luisr/mlir-aie/programming_examples/basic/matrix_multiplication/whole_array/whole_array.py -m 64 -k 64 -n 64 --n-aie-cols 8 --b-col-maj 0 --dev npu2 -M 8192 -K 512 -N 512 --dtype_in bf16 --dtype_out bf16 --emulate-bf16-mmul-with-bfp16 true --trace_size 0 > build/aie_8192x512x512_64x64x64_8c.mlir
mkdir -p build
cd build && xchesscc_wrapper aie2p -I /proj/xbuilds/2024.2_INT_1113_1001/installs/all_platforms/Vitis/2024.2/aietools/include  -Dbf16_bf16_ONLY -DDIM_M=64 -DDIM_K=64 -DDIM_N=64 -DAIE_API_EMULATE_BFLOAT16_MMUL_WITH_BFP16 -c /scratch/luisr/mlir-aie/programming_examples/basic/matrix_multiplication/whole_array/../../../../aie_kernels/aie2p/mm.cc -o mm_64x64x64.o
WARNING: Default location for XILINX_VIVADO_IP_OVERRIDE not found: /build/xfndry/IP_2024.2_INTEGRATION_VERIFIED/customer/vivado/data/ip
mkdir -p build
cd build && aiecc.py --alloc-scheme=basic-sequential --aie-generate-xclbin --no-compile-host --xclbin-name=final_8192x512x512_64x64x64_8c.xclbin \
			 \
			--aie-generate-npu-insts --npu-insts-name=insts_8192x512x512_64x64x64_8c.txt ../build/aie_8192x512x512_64x64x64_8c.mlir

Generating: /scratch/luisr/mlir-aie/programming_examples/basic/matrix_multiplication/whole_array/build/aie_8192x512x512_64x64x64_8c.mlir.prj/aie_cdo_elfs.bin
Generating: /scratch/luisr/mlir-aie/programming_examples/basic/matrix_multiplication/whole_array/build/aie_8192x512x512_64x64x64_8c.mlir.prj/aie_cdo_init.bin
Generating: /scratch/luisr/mlir-aie/programming_examples/basic/matrix_multiplication/whole_array/build/aie_8192x512x512_64x64x64_8c.mlir.prj/aie_cdo_enable.bin
export XRT_HACK_UNSECURE_LOADING_XCLBIN=1 && \
 ./whole_array.exe -x build/final_8192x512x512_64x64x64_8c.xclbin -i build/insts_8192x512x512_64x64x64_8c.txt -k MLIR_AIE -M 8192 -K 512 -N 512 --iters 40 --warmup 10 --verify=false --b_col_maj 0

Avg NPU matmul time: 991.325us.
Avg NPU gflops: 4332.55

Min NPU matmul time: 978us.
Max NPU gflops: 4391.58

Max NPU matmul time: 998us.
Min NPU gflops: 4303.57

PASS!

rm -rf tmpTrace parse*.json trace*json trace.txt
rm -rf build _build whole_array.exe
rm -rf _build
mkdir -p _build
cd _build &&  cmake -E env CXXFLAGS="-std=c++23 -ggdb -DDTYPE_IN=std::bfloat16_t -DDTYPE_OUT=std::bfloat16_t -DDTYPE_ACC=float" \
	cmake `echo /scratch/luisr/mlir-aie/programming_examples/basic/matrix_multiplication/whole_array/..` -D CMAKE_C_COMPILER=gcc-13 -D CMAKE_CXX_COMPILER=g++-13 -DTARGET_NAME=whole_array -Dsubdir=whole_array
-- The C compiler identification is GNU 13.3.0
-- The CXX compiler identification is GNU 13.3.0
-- Detecting C compiler ABI info
-- Detecting C compiler ABI info - done
-- Check for working C compiler: /usr/bin/gcc-13 - skipped
-- Detecting C compile features
-- Detecting C compile features - done
-- Detecting CXX compiler ABI info
-- Detecting CXX compiler ABI info - done
-- Check for working CXX compiler: /usr/bin/g++-13 - skipped
-- Detecting CXX compile features
-- Detecting CXX compile features - done
-- Configuring done (0.3s)
-- Generating done (0.0s)
-- Build files have been written to: /scratch/luisr/mlir-aie/programming_examples/basic/matrix_multiplication/whole_array/_build
cd _build &&  cmake --build . --config Release
gmake[1]: Entering directory '/scratch/luisr/mlir-aie/programming_examples/basic/matrix_multiplication/whole_array/_build'
gmake[2]: Entering directory '/scratch/luisr/mlir-aie/programming_examples/basic/matrix_multiplication/whole_array/_build'
gmake[3]: Entering directory '/scratch/luisr/mlir-aie/programming_examples/basic/matrix_multiplication/whole_array/_build'
gmake[3]: Leaving directory '/scratch/luisr/mlir-aie/programming_examples/basic/matrix_multiplication/whole_array/_build'
gmake[3]: Entering directory '/scratch/luisr/mlir-aie/programming_examples/basic/matrix_multiplication/whole_array/_build'
[ 33%] Building CXX object CMakeFiles/whole_array.dir/scratch/luisr/mlir-aie/runtime_lib/test_lib/test_utils.cpp.o
[ 66%] Building CXX object CMakeFiles/whole_array.dir/whole_array/test.cpp.o
[100%] Linking CXX executable whole_array
gmake[3]: Leaving directory '/scratch/luisr/mlir-aie/programming_examples/basic/matrix_multiplication/whole_array/_build'
[100%] Built target whole_array
gmake[2]: Leaving directory '/scratch/luisr/mlir-aie/programming_examples/basic/matrix_multiplication/whole_array/_build'
gmake[1]: Leaving directory '/scratch/luisr/mlir-aie/programming_examples/basic/matrix_multiplication/whole_array/_build'
cp _build/whole_array whole_array.exe 
mkdir -p build
python3 /scratch/luisr/mlir-aie/programming_examples/basic/matrix_multiplication/whole_array/whole_array.py -m 64 -k 64 -n 64 --n-aie-cols 8 --b-col-maj 0 --dev npu2 -M 8192 -K 512 -N 1024 --dtype_in bf16 --dtype_out bf16 --emulate-bf16-mmul-with-bfp16 true --trace_size 0 > build/aie_8192x512x1024_64x64x64_8c.mlir
mkdir -p build
cd build && xchesscc_wrapper aie2p -I /proj/xbuilds/2024.2_INT_1113_1001/installs/all_platforms/Vitis/2024.2/aietools/include  -Dbf16_bf16_ONLY -DDIM_M=64 -DDIM_K=64 -DDIM_N=64 -DAIE_API_EMULATE_BFLOAT16_MMUL_WITH_BFP16 -c /scratch/luisr/mlir-aie/programming_examples/basic/matrix_multiplication/whole_array/../../../../aie_kernels/aie2p/mm.cc -o mm_64x64x64.o
WARNING: Default location for XILINX_VIVADO_IP_OVERRIDE not found: /build/xfndry/IP_2024.2_INTEGRATION_VERIFIED/customer/vivado/data/ip
mkdir -p build
cd build && aiecc.py --alloc-scheme=basic-sequential --aie-generate-xclbin --no-compile-host --xclbin-name=final_8192x512x1024_64x64x64_8c.xclbin \
			 \
			--aie-generate-npu-insts --npu-insts-name=insts_8192x512x1024_64x64x64_8c.txt ../build/aie_8192x512x1024_64x64x64_8c.mlir

Generating: /scratch/luisr/mlir-aie/programming_examples/basic/matrix_multiplication/whole_array/build/aie_8192x512x1024_64x64x64_8c.mlir.prj/aie_cdo_elfs.bin
Generating: /scratch/luisr/mlir-aie/programming_examples/basic/matrix_multiplication/whole_array/build/aie_8192x512x1024_64x64x64_8c.mlir.prj/aie_cdo_init.bin
Generating: /scratch/luisr/mlir-aie/programming_examples/basic/matrix_multiplication/whole_array/build/aie_8192x512x1024_64x64x64_8c.mlir.prj/aie_cdo_enable.bin
export XRT_HACK_UNSECURE_LOADING_XCLBIN=1 && \
 ./whole_array.exe -x build/final_8192x512x1024_64x64x64_8c.xclbin -i build/insts_8192x512x1024_64x64x64_8c.txt -k MLIR_AIE -M 8192 -K 512 -N 1024 --iters 40 --warmup 10 --verify=false --b_col_maj 0

Avg NPU matmul time: 2230.6us.
Avg NPU gflops: 3850.95

Min NPU matmul time: 1927us.
Max NPU gflops: 4457.67

Max NPU matmul time: 2622us.
Min NPU gflops: 3276.1

PASS!

rm -rf tmpTrace parse*.json trace*json trace.txt
rm -rf build _build whole_array.exe
rm -rf _build
mkdir -p _build
cd _build &&  cmake -E env CXXFLAGS="-std=c++23 -ggdb -DDTYPE_IN=std::bfloat16_t -DDTYPE_OUT=std::bfloat16_t -DDTYPE_ACC=float" \
	cmake `echo /scratch/luisr/mlir-aie/programming_examples/basic/matrix_multiplication/whole_array/..` -D CMAKE_C_COMPILER=gcc-13 -D CMAKE_CXX_COMPILER=g++-13 -DTARGET_NAME=whole_array -Dsubdir=whole_array
-- The C compiler identification is GNU 13.3.0
-- The CXX compiler identification is GNU 13.3.0
-- Detecting C compiler ABI info
-- Detecting C compiler ABI info - done
-- Check for working C compiler: /usr/bin/gcc-13 - skipped
-- Detecting C compile features
-- Detecting C compile features - done
-- Detecting CXX compiler ABI info
-- Detecting CXX compiler ABI info - done
-- Check for working CXX compiler: /usr/bin/g++-13 - skipped
-- Detecting CXX compile features
-- Detecting CXX compile features - done
-- Configuring done (0.3s)
-- Generating done (0.0s)
-- Build files have been written to: /scratch/luisr/mlir-aie/programming_examples/basic/matrix_multiplication/whole_array/_build
cd _build &&  cmake --build . --config Release
gmake[1]: Entering directory '/scratch/luisr/mlir-aie/programming_examples/basic/matrix_multiplication/whole_array/_build'
gmake[2]: Entering directory '/scratch/luisr/mlir-aie/programming_examples/basic/matrix_multiplication/whole_array/_build'
gmake[3]: Entering directory '/scratch/luisr/mlir-aie/programming_examples/basic/matrix_multiplication/whole_array/_build'
gmake[3]: Leaving directory '/scratch/luisr/mlir-aie/programming_examples/basic/matrix_multiplication/whole_array/_build'
gmake[3]: Entering directory '/scratch/luisr/mlir-aie/programming_examples/basic/matrix_multiplication/whole_array/_build'
[ 33%] Building CXX object CMakeFiles/whole_array.dir/scratch/luisr/mlir-aie/runtime_lib/test_lib/test_utils.cpp.o
[ 66%] Building CXX object CMakeFiles/whole_array.dir/whole_array/test.cpp.o
[100%] Linking CXX executable whole_array
gmake[3]: Leaving directory '/scratch/luisr/mlir-aie/programming_examples/basic/matrix_multiplication/whole_array/_build'
[100%] Built target whole_array
gmake[2]: Leaving directory '/scratch/luisr/mlir-aie/programming_examples/basic/matrix_multiplication/whole_array/_build'
gmake[1]: Leaving directory '/scratch/luisr/mlir-aie/programming_examples/basic/matrix_multiplication/whole_array/_build'
cp _build/whole_array whole_array.exe 
mkdir -p build
python3 /scratch/luisr/mlir-aie/programming_examples/basic/matrix_multiplication/whole_array/whole_array.py -m 64 -k 64 -n 64 --n-aie-cols 8 --b-col-maj 0 --dev npu2 -M 8192 -K 512 -N 4096 --dtype_in bf16 --dtype_out bf16 --emulate-bf16-mmul-with-bfp16 true --trace_size 0 > build/aie_8192x512x4096_64x64x64_8c.mlir
mkdir -p build
cd build && xchesscc_wrapper aie2p -I /proj/xbuilds/2024.2_INT_1113_1001/installs/all_platforms/Vitis/2024.2/aietools/include  -Dbf16_bf16_ONLY -DDIM_M=64 -DDIM_K=64 -DDIM_N=64 -DAIE_API_EMULATE_BFLOAT16_MMUL_WITH_BFP16 -c /scratch/luisr/mlir-aie/programming_examples/basic/matrix_multiplication/whole_array/../../../../aie_kernels/aie2p/mm.cc -o mm_64x64x64.o
WARNING: Default location for XILINX_VIVADO_IP_OVERRIDE not found: /build/xfndry/IP_2024.2_INTEGRATION_VERIFIED/customer/vivado/data/ip
mkdir -p build
cd build && aiecc.py --alloc-scheme=basic-sequential --aie-generate-xclbin --no-compile-host --xclbin-name=final_8192x512x4096_64x64x64_8c.xclbin \
			 \
			--aie-generate-npu-insts --npu-insts-name=insts_8192x512x4096_64x64x64_8c.txt ../build/aie_8192x512x4096_64x64x64_8c.mlir

Generating: /scratch/luisr/mlir-aie/programming_examples/basic/matrix_multiplication/whole_array/build/aie_8192x512x4096_64x64x64_8c.mlir.prj/aie_cdo_elfs.bin
Generating: /scratch/luisr/mlir-aie/programming_examples/basic/matrix_multiplication/whole_array/build/aie_8192x512x4096_64x64x64_8c.mlir.prj/aie_cdo_init.bin
Generating: /scratch/luisr/mlir-aie/programming_examples/basic/matrix_multiplication/whole_array/build/aie_8192x512x4096_64x64x64_8c.mlir.prj/aie_cdo_enable.bin
export XRT_HACK_UNSECURE_LOADING_XCLBIN=1 && \
 ./whole_array.exe -x build/final_8192x512x4096_64x64x64_8c.xclbin -i build/insts_8192x512x4096_64x64x64_8c.txt -k MLIR_AIE -M 8192 -K 512 -N 4096 --iters 40 --warmup 10 --verify=false --b_col_maj 0

Avg NPU matmul time: 7781.75us.
Avg NPU gflops: 4415.43

Min NPU matmul time: 7478us.
Max NPU gflops: 4594.78

Max NPU matmul time: 8805us.
Min NPU gflops: 3902.3

PASS!

rm -rf tmpTrace parse*.json trace*json trace.txt
rm -rf build _build whole_array.exe
rm -rf _build
mkdir -p _build
cd _build &&  cmake -E env CXXFLAGS="-std=c++23 -ggdb -DDTYPE_IN=std::bfloat16_t -DDTYPE_OUT=std::bfloat16_t -DDTYPE_ACC=float" \
	cmake `echo /scratch/luisr/mlir-aie/programming_examples/basic/matrix_multiplication/whole_array/..` -D CMAKE_C_COMPILER=gcc-13 -D CMAKE_CXX_COMPILER=g++-13 -DTARGET_NAME=whole_array -Dsubdir=whole_array
-- The C compiler identification is GNU 13.3.0
-- The CXX compiler identification is GNU 13.3.0
-- Detecting C compiler ABI info
-- Detecting C compiler ABI info - done
-- Check for working C compiler: /usr/bin/gcc-13 - skipped
-- Detecting C compile features
-- Detecting C compile features - done
-- Detecting CXX compiler ABI info
-- Detecting CXX compiler ABI info - done
-- Check for working CXX compiler: /usr/bin/g++-13 - skipped
-- Detecting CXX compile features
-- Detecting CXX compile features - done
-- Configuring done (0.2s)
-- Generating done (0.0s)
-- Build files have been written to: /scratch/luisr/mlir-aie/programming_examples/basic/matrix_multiplication/whole_array/_build
cd _build &&  cmake --build . --config Release
gmake[1]: Entering directory '/scratch/luisr/mlir-aie/programming_examples/basic/matrix_multiplication/whole_array/_build'
gmake[2]: Entering directory '/scratch/luisr/mlir-aie/programming_examples/basic/matrix_multiplication/whole_array/_build'
gmake[3]: Entering directory '/scratch/luisr/mlir-aie/programming_examples/basic/matrix_multiplication/whole_array/_build'
gmake[3]: Leaving directory '/scratch/luisr/mlir-aie/programming_examples/basic/matrix_multiplication/whole_array/_build'
gmake[3]: Entering directory '/scratch/luisr/mlir-aie/programming_examples/basic/matrix_multiplication/whole_array/_build'
[ 33%] Building CXX object CMakeFiles/whole_array.dir/scratch/luisr/mlir-aie/runtime_lib/test_lib/test_utils.cpp.o
[ 66%] Building CXX object CMakeFiles/whole_array.dir/whole_array/test.cpp.o
[100%] Linking CXX executable whole_array
gmake[3]: Leaving directory '/scratch/luisr/mlir-aie/programming_examples/basic/matrix_multiplication/whole_array/_build'
[100%] Built target whole_array
gmake[2]: Leaving directory '/scratch/luisr/mlir-aie/programming_examples/basic/matrix_multiplication/whole_array/_build'
gmake[1]: Leaving directory '/scratch/luisr/mlir-aie/programming_examples/basic/matrix_multiplication/whole_array/_build'
cp _build/whole_array whole_array.exe 
mkdir -p build
python3 /scratch/luisr/mlir-aie/programming_examples/basic/matrix_multiplication/whole_array/whole_array.py -m 64 -k 64 -n 64 --n-aie-cols 8 --b-col-maj 0 --dev npu2 -M 8192 -K 512 -N 8192 --dtype_in bf16 --dtype_out bf16 --emulate-bf16-mmul-with-bfp16 true --trace_size 0 > build/aie_8192x512x8192_64x64x64_8c.mlir
mkdir -p build
cd build && xchesscc_wrapper aie2p -I /proj/xbuilds/2024.2_INT_1113_1001/installs/all_platforms/Vitis/2024.2/aietools/include  -Dbf16_bf16_ONLY -DDIM_M=64 -DDIM_K=64 -DDIM_N=64 -DAIE_API_EMULATE_BFLOAT16_MMUL_WITH_BFP16 -c /scratch/luisr/mlir-aie/programming_examples/basic/matrix_multiplication/whole_array/../../../../aie_kernels/aie2p/mm.cc -o mm_64x64x64.o
WARNING: Default location for XILINX_VIVADO_IP_OVERRIDE not found: /build/xfndry/IP_2024.2_INTEGRATION_VERIFIED/customer/vivado/data/ip
mkdir -p build
cd build && aiecc.py --alloc-scheme=basic-sequential --aie-generate-xclbin --no-compile-host --xclbin-name=final_8192x512x8192_64x64x64_8c.xclbin \
			 \
			--aie-generate-npu-insts --npu-insts-name=insts_8192x512x8192_64x64x64_8c.txt ../build/aie_8192x512x8192_64x64x64_8c.mlir

Generating: /scratch/luisr/mlir-aie/programming_examples/basic/matrix_multiplication/whole_array/build/aie_8192x512x8192_64x64x64_8c.mlir.prj/aie_cdo_elfs.bin
Generating: /scratch/luisr/mlir-aie/programming_examples/basic/matrix_multiplication/whole_array/build/aie_8192x512x8192_64x64x64_8c.mlir.prj/aie_cdo_init.bin
Generating: /scratch/luisr/mlir-aie/programming_examples/basic/matrix_multiplication/whole_array/build/aie_8192x512x8192_64x64x64_8c.mlir.prj/aie_cdo_enable.bin
export XRT_HACK_UNSECURE_LOADING_XCLBIN=1 && \
 ./whole_array.exe -x build/final_8192x512x8192_64x64x64_8c.xclbin -i build/insts_8192x512x8192_64x64x64_8c.txt -k MLIR_AIE -M 8192 -K 512 -N 8192 --iters 40 --warmup 10 --verify=false --b_col_maj 0

Avg NPU matmul time: 16354.8us.
Avg NPU gflops: 4201.81

Min NPU matmul time: 15654us.
Max NPU gflops: 4389.9

Max NPU matmul time: 16883us.
Min NPU gflops: 4070.34

PASS!

rm -rf tmpTrace parse*.json trace*json trace.txt
rm -rf build _build whole_array.exe
rm -rf _build
mkdir -p _build
cd _build &&  cmake -E env CXXFLAGS="-std=c++23 -ggdb -DDTYPE_IN=std::bfloat16_t -DDTYPE_OUT=std::bfloat16_t -DDTYPE_ACC=float" \
	cmake `echo /scratch/luisr/mlir-aie/programming_examples/basic/matrix_multiplication/whole_array/..` -D CMAKE_C_COMPILER=gcc-13 -D CMAKE_CXX_COMPILER=g++-13 -DTARGET_NAME=whole_array -Dsubdir=whole_array
-- The C compiler identification is GNU 13.3.0
-- The CXX compiler identification is GNU 13.3.0
-- Detecting C compiler ABI info
-- Detecting C compiler ABI info - done
-- Check for working C compiler: /usr/bin/gcc-13 - skipped
-- Detecting C compile features
-- Detecting C compile features - done
-- Detecting CXX compiler ABI info
-- Detecting CXX compiler ABI info - done
-- Check for working CXX compiler: /usr/bin/g++-13 - skipped
-- Detecting CXX compile features
-- Detecting CXX compile features - done
-- Configuring done (0.3s)
-- Generating done (0.0s)
-- Build files have been written to: /scratch/luisr/mlir-aie/programming_examples/basic/matrix_multiplication/whole_array/_build
cd _build &&  cmake --build . --config Release
gmake[1]: Entering directory '/scratch/luisr/mlir-aie/programming_examples/basic/matrix_multiplication/whole_array/_build'
gmake[2]: Entering directory '/scratch/luisr/mlir-aie/programming_examples/basic/matrix_multiplication/whole_array/_build'
gmake[3]: Entering directory '/scratch/luisr/mlir-aie/programming_examples/basic/matrix_multiplication/whole_array/_build'
gmake[3]: Leaving directory '/scratch/luisr/mlir-aie/programming_examples/basic/matrix_multiplication/whole_array/_build'
gmake[3]: Entering directory '/scratch/luisr/mlir-aie/programming_examples/basic/matrix_multiplication/whole_array/_build'
[ 33%] Building CXX object CMakeFiles/whole_array.dir/scratch/luisr/mlir-aie/runtime_lib/test_lib/test_utils.cpp.o
[ 66%] Building CXX object CMakeFiles/whole_array.dir/whole_array/test.cpp.o
[100%] Linking CXX executable whole_array
gmake[3]: Leaving directory '/scratch/luisr/mlir-aie/programming_examples/basic/matrix_multiplication/whole_array/_build'
[100%] Built target whole_array
gmake[2]: Leaving directory '/scratch/luisr/mlir-aie/programming_examples/basic/matrix_multiplication/whole_array/_build'
gmake[1]: Leaving directory '/scratch/luisr/mlir-aie/programming_examples/basic/matrix_multiplication/whole_array/_build'
cp _build/whole_array whole_array.exe 
mkdir -p build
python3 /scratch/luisr/mlir-aie/programming_examples/basic/matrix_multiplication/whole_array/whole_array.py -m 64 -k 64 -n 64 --n-aie-cols 8 --b-col-maj 0 --dev npu2 -M 8192 -K 1024 -N 512 --dtype_in bf16 --dtype_out bf16 --emulate-bf16-mmul-with-bfp16 true --trace_size 0 > build/aie_8192x1024x512_64x64x64_8c.mlir
mkdir -p build
cd build && xchesscc_wrapper aie2p -I /proj/xbuilds/2024.2_INT_1113_1001/installs/all_platforms/Vitis/2024.2/aietools/include  -Dbf16_bf16_ONLY -DDIM_M=64 -DDIM_K=64 -DDIM_N=64 -DAIE_API_EMULATE_BFLOAT16_MMUL_WITH_BFP16 -c /scratch/luisr/mlir-aie/programming_examples/basic/matrix_multiplication/whole_array/../../../../aie_kernels/aie2p/mm.cc -o mm_64x64x64.o
WARNING: Default location for XILINX_VIVADO_IP_OVERRIDE not found: /build/xfndry/IP_2024.2_INTEGRATION_VERIFIED/customer/vivado/data/ip
mkdir -p build
cd build && aiecc.py --alloc-scheme=basic-sequential --aie-generate-xclbin --no-compile-host --xclbin-name=final_8192x1024x512_64x64x64_8c.xclbin \
			 \
			--aie-generate-npu-insts --npu-insts-name=insts_8192x1024x512_64x64x64_8c.txt ../build/aie_8192x1024x512_64x64x64_8c.mlir

Generating: /scratch/luisr/mlir-aie/programming_examples/basic/matrix_multiplication/whole_array/build/aie_8192x1024x512_64x64x64_8c.mlir.prj/aie_cdo_elfs.bin
Generating: /scratch/luisr/mlir-aie/programming_examples/basic/matrix_multiplication/whole_array/build/aie_8192x1024x512_64x64x64_8c.mlir.prj/aie_cdo_init.bin
Generating: /scratch/luisr/mlir-aie/programming_examples/basic/matrix_multiplication/whole_array/build/aie_8192x1024x512_64x64x64_8c.mlir.prj/aie_cdo_enable.bin
export XRT_HACK_UNSECURE_LOADING_XCLBIN=1 && \
 ./whole_array.exe -x build/final_8192x1024x512_64x64x64_8c.xclbin -i build/insts_8192x1024x512_64x64x64_8c.txt -k MLIR_AIE -M 8192 -K 1024 -N 512 --iters 40 --warmup 10 --verify=false --b_col_maj 0

Avg NPU matmul time: 2142.23us.
Avg NPU gflops: 4009.82

Min NPU matmul time: 1887us.
Max NPU gflops: 4552.16

Max NPU matmul time: 2636us.
Min NPU gflops: 3258.7

PASS!

rm -rf tmpTrace parse*.json trace*json trace.txt
rm -rf build _build whole_array.exe
rm -rf _build
mkdir -p _build
cd _build &&  cmake -E env CXXFLAGS="-std=c++23 -ggdb -DDTYPE_IN=std::bfloat16_t -DDTYPE_OUT=std::bfloat16_t -DDTYPE_ACC=float" \
	cmake `echo /scratch/luisr/mlir-aie/programming_examples/basic/matrix_multiplication/whole_array/..` -D CMAKE_C_COMPILER=gcc-13 -D CMAKE_CXX_COMPILER=g++-13 -DTARGET_NAME=whole_array -Dsubdir=whole_array
-- The C compiler identification is GNU 13.3.0
-- The CXX compiler identification is GNU 13.3.0
-- Detecting C compiler ABI info
-- Detecting C compiler ABI info - done
-- Check for working C compiler: /usr/bin/gcc-13 - skipped
-- Detecting C compile features
-- Detecting C compile features - done
-- Detecting CXX compiler ABI info
-- Detecting CXX compiler ABI info - done
-- Check for working CXX compiler: /usr/bin/g++-13 - skipped
-- Detecting CXX compile features
-- Detecting CXX compile features - done
-- Configuring done (0.3s)
-- Generating done (0.0s)
-- Build files have been written to: /scratch/luisr/mlir-aie/programming_examples/basic/matrix_multiplication/whole_array/_build
cd _build &&  cmake --build . --config Release
gmake[1]: Entering directory '/scratch/luisr/mlir-aie/programming_examples/basic/matrix_multiplication/whole_array/_build'
gmake[2]: Entering directory '/scratch/luisr/mlir-aie/programming_examples/basic/matrix_multiplication/whole_array/_build'
gmake[3]: Entering directory '/scratch/luisr/mlir-aie/programming_examples/basic/matrix_multiplication/whole_array/_build'
gmake[3]: Leaving directory '/scratch/luisr/mlir-aie/programming_examples/basic/matrix_multiplication/whole_array/_build'
gmake[3]: Entering directory '/scratch/luisr/mlir-aie/programming_examples/basic/matrix_multiplication/whole_array/_build'
[ 33%] Building CXX object CMakeFiles/whole_array.dir/scratch/luisr/mlir-aie/runtime_lib/test_lib/test_utils.cpp.o
[ 66%] Building CXX object CMakeFiles/whole_array.dir/whole_array/test.cpp.o
[100%] Linking CXX executable whole_array
gmake[3]: Leaving directory '/scratch/luisr/mlir-aie/programming_examples/basic/matrix_multiplication/whole_array/_build'
[100%] Built target whole_array
gmake[2]: Leaving directory '/scratch/luisr/mlir-aie/programming_examples/basic/matrix_multiplication/whole_array/_build'
gmake[1]: Leaving directory '/scratch/luisr/mlir-aie/programming_examples/basic/matrix_multiplication/whole_array/_build'
cp _build/whole_array whole_array.exe 
mkdir -p build
python3 /scratch/luisr/mlir-aie/programming_examples/basic/matrix_multiplication/whole_array/whole_array.py -m 64 -k 64 -n 64 --n-aie-cols 8 --b-col-maj 0 --dev npu2 -M 8192 -K 1024 -N 1024 --dtype_in bf16 --dtype_out bf16 --emulate-bf16-mmul-with-bfp16 true --trace_size 0 > build/aie_8192x1024x1024_64x64x64_8c.mlir
mkdir -p build
cd build && xchesscc_wrapper aie2p -I /proj/xbuilds/2024.2_INT_1113_1001/installs/all_platforms/Vitis/2024.2/aietools/include  -Dbf16_bf16_ONLY -DDIM_M=64 -DDIM_K=64 -DDIM_N=64 -DAIE_API_EMULATE_BFLOAT16_MMUL_WITH_BFP16 -c /scratch/luisr/mlir-aie/programming_examples/basic/matrix_multiplication/whole_array/../../../../aie_kernels/aie2p/mm.cc -o mm_64x64x64.o
WARNING: Default location for XILINX_VIVADO_IP_OVERRIDE not found: /build/xfndry/IP_2024.2_INTEGRATION_VERIFIED/customer/vivado/data/ip
mkdir -p build
cd build && aiecc.py --alloc-scheme=basic-sequential --aie-generate-xclbin --no-compile-host --xclbin-name=final_8192x1024x1024_64x64x64_8c.xclbin \
			 \
			--aie-generate-npu-insts --npu-insts-name=insts_8192x1024x1024_64x64x64_8c.txt ../build/aie_8192x1024x1024_64x64x64_8c.mlir

Generating: /scratch/luisr/mlir-aie/programming_examples/basic/matrix_multiplication/whole_array/build/aie_8192x1024x1024_64x64x64_8c.mlir.prj/aie_cdo_elfs.bin
Generating: /scratch/luisr/mlir-aie/programming_examples/basic/matrix_multiplication/whole_array/build/aie_8192x1024x1024_64x64x64_8c.mlir.prj/aie_cdo_init.bin
Generating: /scratch/luisr/mlir-aie/programming_examples/basic/matrix_multiplication/whole_array/build/aie_8192x1024x1024_64x64x64_8c.mlir.prj/aie_cdo_enable.bin
export XRT_HACK_UNSECURE_LOADING_XCLBIN=1 && \
 ./whole_array.exe -x build/final_8192x1024x1024_64x64x64_8c.xclbin -i build/insts_8192x1024x1024_64x64x64_8c.txt -k MLIR_AIE -M 8192 -K 1024 -N 1024 --iters 40 --warmup 10 --verify=false --b_col_maj 0

Avg NPU matmul time: 3758.6us.
Avg NPU gflops: 4570.82

Min NPU matmul time: 3621us.
Max NPU gflops: 4744.51

Max NPU matmul time: 4336us.
Min NPU gflops: 3962.15

PASS!

rm -rf tmpTrace parse*.json trace*json trace.txt
rm -rf build _build whole_array.exe
rm -rf _build
mkdir -p _build
cd _build &&  cmake -E env CXXFLAGS="-std=c++23 -ggdb -DDTYPE_IN=std::bfloat16_t -DDTYPE_OUT=std::bfloat16_t -DDTYPE_ACC=float" \
	cmake `echo /scratch/luisr/mlir-aie/programming_examples/basic/matrix_multiplication/whole_array/..` -D CMAKE_C_COMPILER=gcc-13 -D CMAKE_CXX_COMPILER=g++-13 -DTARGET_NAME=whole_array -Dsubdir=whole_array
-- The C compiler identification is GNU 13.3.0
-- The CXX compiler identification is GNU 13.3.0
-- Detecting C compiler ABI info
-- Detecting C compiler ABI info - done
-- Check for working C compiler: /usr/bin/gcc-13 - skipped
-- Detecting C compile features
-- Detecting C compile features - done
-- Detecting CXX compiler ABI info
-- Detecting CXX compiler ABI info - done
-- Check for working CXX compiler: /usr/bin/g++-13 - skipped
-- Detecting CXX compile features
-- Detecting CXX compile features - done
-- Configuring done (0.3s)
-- Generating done (0.0s)
-- Build files have been written to: /scratch/luisr/mlir-aie/programming_examples/basic/matrix_multiplication/whole_array/_build
cd _build &&  cmake --build . --config Release
gmake[1]: Entering directory '/scratch/luisr/mlir-aie/programming_examples/basic/matrix_multiplication/whole_array/_build'
gmake[2]: Entering directory '/scratch/luisr/mlir-aie/programming_examples/basic/matrix_multiplication/whole_array/_build'
gmake[3]: Entering directory '/scratch/luisr/mlir-aie/programming_examples/basic/matrix_multiplication/whole_array/_build'
gmake[3]: Leaving directory '/scratch/luisr/mlir-aie/programming_examples/basic/matrix_multiplication/whole_array/_build'
gmake[3]: Entering directory '/scratch/luisr/mlir-aie/programming_examples/basic/matrix_multiplication/whole_array/_build'
[ 33%] Building CXX object CMakeFiles/whole_array.dir/scratch/luisr/mlir-aie/runtime_lib/test_lib/test_utils.cpp.o
[ 66%] Building CXX object CMakeFiles/whole_array.dir/whole_array/test.cpp.o
[100%] Linking CXX executable whole_array
gmake[3]: Leaving directory '/scratch/luisr/mlir-aie/programming_examples/basic/matrix_multiplication/whole_array/_build'
[100%] Built target whole_array
gmake[2]: Leaving directory '/scratch/luisr/mlir-aie/programming_examples/basic/matrix_multiplication/whole_array/_build'
gmake[1]: Leaving directory '/scratch/luisr/mlir-aie/programming_examples/basic/matrix_multiplication/whole_array/_build'
cp _build/whole_array whole_array.exe 
mkdir -p build
python3 /scratch/luisr/mlir-aie/programming_examples/basic/matrix_multiplication/whole_array/whole_array.py -m 64 -k 64 -n 64 --n-aie-cols 8 --b-col-maj 0 --dev npu2 -M 8192 -K 1024 -N 4096 --dtype_in bf16 --dtype_out bf16 --emulate-bf16-mmul-with-bfp16 true --trace_size 0 > build/aie_8192x1024x4096_64x64x64_8c.mlir
mkdir -p build
cd build && xchesscc_wrapper aie2p -I /proj/xbuilds/2024.2_INT_1113_1001/installs/all_platforms/Vitis/2024.2/aietools/include  -Dbf16_bf16_ONLY -DDIM_M=64 -DDIM_K=64 -DDIM_N=64 -DAIE_API_EMULATE_BFLOAT16_MMUL_WITH_BFP16 -c /scratch/luisr/mlir-aie/programming_examples/basic/matrix_multiplication/whole_array/../../../../aie_kernels/aie2p/mm.cc -o mm_64x64x64.o
WARNING: Default location for XILINX_VIVADO_IP_OVERRIDE not found: /build/xfndry/IP_2024.2_INTEGRATION_VERIFIED/customer/vivado/data/ip
mkdir -p build
cd build && aiecc.py --alloc-scheme=basic-sequential --aie-generate-xclbin --no-compile-host --xclbin-name=final_8192x1024x4096_64x64x64_8c.xclbin \
			 \
			--aie-generate-npu-insts --npu-insts-name=insts_8192x1024x4096_64x64x64_8c.txt ../build/aie_8192x1024x4096_64x64x64_8c.mlir

Generating: /scratch/luisr/mlir-aie/programming_examples/basic/matrix_multiplication/whole_array/build/aie_8192x1024x4096_64x64x64_8c.mlir.prj/aie_cdo_elfs.bin
Generating: /scratch/luisr/mlir-aie/programming_examples/basic/matrix_multiplication/whole_array/build/aie_8192x1024x4096_64x64x64_8c.mlir.prj/aie_cdo_init.bin
Generating: /scratch/luisr/mlir-aie/programming_examples/basic/matrix_multiplication/whole_array/build/aie_8192x1024x4096_64x64x64_8c.mlir.prj/aie_cdo_enable.bin
export XRT_HACK_UNSECURE_LOADING_XCLBIN=1 && \
 ./whole_array.exe -x build/final_8192x1024x4096_64x64x64_8c.xclbin -i build/insts_8192x1024x4096_64x64x64_8c.txt -k MLIR_AIE -M 8192 -K 1024 -N 4096 --iters 40 --warmup 10 --verify=false --b_col_maj 0

Avg NPU matmul time: 15588us.
Avg NPU gflops: 4408.49

Min NPU matmul time: 14690us.
Max NPU gflops: 4677.98

Max NPU matmul time: 16768us.
Min NPU gflops: 4098.25

PASS!

rm -rf tmpTrace parse*.json trace*json trace.txt
rm -rf build _build whole_array.exe
rm -rf _build
mkdir -p _build
cd _build &&  cmake -E env CXXFLAGS="-std=c++23 -ggdb -DDTYPE_IN=std::bfloat16_t -DDTYPE_OUT=std::bfloat16_t -DDTYPE_ACC=float" \
	cmake `echo /scratch/luisr/mlir-aie/programming_examples/basic/matrix_multiplication/whole_array/..` -D CMAKE_C_COMPILER=gcc-13 -D CMAKE_CXX_COMPILER=g++-13 -DTARGET_NAME=whole_array -Dsubdir=whole_array
-- The C compiler identification is GNU 13.3.0
-- The CXX compiler identification is GNU 13.3.0
-- Detecting C compiler ABI info
-- Detecting C compiler ABI info - done
-- Check for working C compiler: /usr/bin/gcc-13 - skipped
-- Detecting C compile features
-- Detecting C compile features - done
-- Detecting CXX compiler ABI info
-- Detecting CXX compiler ABI info - done
-- Check for working CXX compiler: /usr/bin/g++-13 - skipped
-- Detecting CXX compile features
-- Detecting CXX compile features - done
-- Configuring done (0.3s)
-- Generating done (0.0s)
-- Build files have been written to: /scratch/luisr/mlir-aie/programming_examples/basic/matrix_multiplication/whole_array/_build
cd _build &&  cmake --build . --config Release
gmake[1]: Entering directory '/scratch/luisr/mlir-aie/programming_examples/basic/matrix_multiplication/whole_array/_build'
gmake[2]: Entering directory '/scratch/luisr/mlir-aie/programming_examples/basic/matrix_multiplication/whole_array/_build'
gmake[3]: Entering directory '/scratch/luisr/mlir-aie/programming_examples/basic/matrix_multiplication/whole_array/_build'
gmake[3]: Leaving directory '/scratch/luisr/mlir-aie/programming_examples/basic/matrix_multiplication/whole_array/_build'
gmake[3]: Entering directory '/scratch/luisr/mlir-aie/programming_examples/basic/matrix_multiplication/whole_array/_build'
[ 33%] Building CXX object CMakeFiles/whole_array.dir/scratch/luisr/mlir-aie/runtime_lib/test_lib/test_utils.cpp.o
[ 66%] Building CXX object CMakeFiles/whole_array.dir/whole_array/test.cpp.o
[100%] Linking CXX executable whole_array
gmake[3]: Leaving directory '/scratch/luisr/mlir-aie/programming_examples/basic/matrix_multiplication/whole_array/_build'
[100%] Built target whole_array
gmake[2]: Leaving directory '/scratch/luisr/mlir-aie/programming_examples/basic/matrix_multiplication/whole_array/_build'
gmake[1]: Leaving directory '/scratch/luisr/mlir-aie/programming_examples/basic/matrix_multiplication/whole_array/_build'
cp _build/whole_array whole_array.exe 
mkdir -p build
python3 /scratch/luisr/mlir-aie/programming_examples/basic/matrix_multiplication/whole_array/whole_array.py -m 64 -k 64 -n 64 --n-aie-cols 8 --b-col-maj 0 --dev npu2 -M 8192 -K 1024 -N 8192 --dtype_in bf16 --dtype_out bf16 --emulate-bf16-mmul-with-bfp16 true --trace_size 0 > build/aie_8192x1024x8192_64x64x64_8c.mlir
mkdir -p build
cd build && xchesscc_wrapper aie2p -I /proj/xbuilds/2024.2_INT_1113_1001/installs/all_platforms/Vitis/2024.2/aietools/include  -Dbf16_bf16_ONLY -DDIM_M=64 -DDIM_K=64 -DDIM_N=64 -DAIE_API_EMULATE_BFLOAT16_MMUL_WITH_BFP16 -c /scratch/luisr/mlir-aie/programming_examples/basic/matrix_multiplication/whole_array/../../../../aie_kernels/aie2p/mm.cc -o mm_64x64x64.o
WARNING: Default location for XILINX_VIVADO_IP_OVERRIDE not found: /build/xfndry/IP_2024.2_INTEGRATION_VERIFIED/customer/vivado/data/ip
mkdir -p build
cd build && aiecc.py --alloc-scheme=basic-sequential --aie-generate-xclbin --no-compile-host --xclbin-name=final_8192x1024x8192_64x64x64_8c.xclbin \
			 \
			--aie-generate-npu-insts --npu-insts-name=insts_8192x1024x8192_64x64x64_8c.txt ../build/aie_8192x1024x8192_64x64x64_8c.mlir

Generating: /scratch/luisr/mlir-aie/programming_examples/basic/matrix_multiplication/whole_array/build/aie_8192x1024x8192_64x64x64_8c.mlir.prj/aie_cdo_elfs.bin
Generating: /scratch/luisr/mlir-aie/programming_examples/basic/matrix_multiplication/whole_array/build/aie_8192x1024x8192_64x64x64_8c.mlir.prj/aie_cdo_init.bin
Generating: /scratch/luisr/mlir-aie/programming_examples/basic/matrix_multiplication/whole_array/build/aie_8192x1024x8192_64x64x64_8c.mlir.prj/aie_cdo_enable.bin
export XRT_HACK_UNSECURE_LOADING_XCLBIN=1 && \
 ./whole_array.exe -x build/final_8192x1024x8192_64x64x64_8c.xclbin -i build/insts_8192x1024x8192_64x64x64_8c.txt -k MLIR_AIE -M 8192 -K 1024 -N 8192 --iters 40 --warmup 10 --verify=false --b_col_maj 0

Avg NPU matmul time: 31757.3us.
Avg NPU gflops: 4327.79

Min NPU matmul time: 30282us.
Max NPU gflops: 4538.64

Max NPU matmul time: 33243us.
Min NPU gflops: 4134.37

PASS!

rm -rf tmpTrace parse*.json trace*json trace.txt
rm -rf build _build whole_array.exe
rm -rf _build
mkdir -p _build
cd _build &&  cmake -E env CXXFLAGS="-std=c++23 -ggdb -DDTYPE_IN=std::bfloat16_t -DDTYPE_OUT=std::bfloat16_t -DDTYPE_ACC=float" \
	cmake `echo /scratch/luisr/mlir-aie/programming_examples/basic/matrix_multiplication/whole_array/..` -D CMAKE_C_COMPILER=gcc-13 -D CMAKE_CXX_COMPILER=g++-13 -DTARGET_NAME=whole_array -Dsubdir=whole_array
-- The C compiler identification is GNU 13.3.0
-- The CXX compiler identification is GNU 13.3.0
-- Detecting C compiler ABI info
-- Detecting C compiler ABI info - done
-- Check for working C compiler: /usr/bin/gcc-13 - skipped
-- Detecting C compile features
-- Detecting C compile features - done
-- Detecting CXX compiler ABI info
-- Detecting CXX compiler ABI info - done
-- Check for working CXX compiler: /usr/bin/g++-13 - skipped
-- Detecting CXX compile features
-- Detecting CXX compile features - done
-- Configuring done (0.3s)
-- Generating done (0.0s)
-- Build files have been written to: /scratch/luisr/mlir-aie/programming_examples/basic/matrix_multiplication/whole_array/_build
cd _build &&  cmake --build . --config Release
gmake[1]: Entering directory '/scratch/luisr/mlir-aie/programming_examples/basic/matrix_multiplication/whole_array/_build'
gmake[2]: Entering directory '/scratch/luisr/mlir-aie/programming_examples/basic/matrix_multiplication/whole_array/_build'
gmake[3]: Entering directory '/scratch/luisr/mlir-aie/programming_examples/basic/matrix_multiplication/whole_array/_build'
gmake[3]: Leaving directory '/scratch/luisr/mlir-aie/programming_examples/basic/matrix_multiplication/whole_array/_build'
gmake[3]: Entering directory '/scratch/luisr/mlir-aie/programming_examples/basic/matrix_multiplication/whole_array/_build'
[ 33%] Building CXX object CMakeFiles/whole_array.dir/scratch/luisr/mlir-aie/runtime_lib/test_lib/test_utils.cpp.o
[ 66%] Building CXX object CMakeFiles/whole_array.dir/whole_array/test.cpp.o
[100%] Linking CXX executable whole_array
gmake[3]: Leaving directory '/scratch/luisr/mlir-aie/programming_examples/basic/matrix_multiplication/whole_array/_build'
[100%] Built target whole_array
gmake[2]: Leaving directory '/scratch/luisr/mlir-aie/programming_examples/basic/matrix_multiplication/whole_array/_build'
gmake[1]: Leaving directory '/scratch/luisr/mlir-aie/programming_examples/basic/matrix_multiplication/whole_array/_build'
cp _build/whole_array whole_array.exe 
mkdir -p build
python3 /scratch/luisr/mlir-aie/programming_examples/basic/matrix_multiplication/whole_array/whole_array.py -m 64 -k 64 -n 64 --n-aie-cols 8 --b-col-maj 0 --dev npu2 -M 8192 -K 4096 -N 512 --dtype_in bf16 --dtype_out bf16 --emulate-bf16-mmul-with-bfp16 true --trace_size 0 > build/aie_8192x4096x512_64x64x64_8c.mlir
mkdir -p build
cd build && xchesscc_wrapper aie2p -I /proj/xbuilds/2024.2_INT_1113_1001/installs/all_platforms/Vitis/2024.2/aietools/include  -Dbf16_bf16_ONLY -DDIM_M=64 -DDIM_K=64 -DDIM_N=64 -DAIE_API_EMULATE_BFLOAT16_MMUL_WITH_BFP16 -c /scratch/luisr/mlir-aie/programming_examples/basic/matrix_multiplication/whole_array/../../../../aie_kernels/aie2p/mm.cc -o mm_64x64x64.o
WARNING: Default location for XILINX_VIVADO_IP_OVERRIDE not found: /build/xfndry/IP_2024.2_INTEGRATION_VERIFIED/customer/vivado/data/ip
mkdir -p build
cd build && aiecc.py --alloc-scheme=basic-sequential --aie-generate-xclbin --no-compile-host --xclbin-name=final_8192x4096x512_64x64x64_8c.xclbin \
			 \
			--aie-generate-npu-insts --npu-insts-name=insts_8192x4096x512_64x64x64_8c.txt ../build/aie_8192x4096x512_64x64x64_8c.mlir

Generating: /scratch/luisr/mlir-aie/programming_examples/basic/matrix_multiplication/whole_array/build/aie_8192x4096x512_64x64x64_8c.mlir.prj/aie_cdo_elfs.bin
Generating: /scratch/luisr/mlir-aie/programming_examples/basic/matrix_multiplication/whole_array/build/aie_8192x4096x512_64x64x64_8c.mlir.prj/aie_cdo_init.bin
Generating: /scratch/luisr/mlir-aie/programming_examples/basic/matrix_multiplication/whole_array/build/aie_8192x4096x512_64x64x64_8c.mlir.prj/aie_cdo_enable.bin
export XRT_HACK_UNSECURE_LOADING_XCLBIN=1 && \
 ./whole_array.exe -x build/final_8192x4096x512_64x64x64_8c.xclbin -i build/insts_8192x4096x512_64x64x64_8c.txt -k MLIR_AIE -M 8192 -K 4096 -N 512 --iters 40 --warmup 10 --verify=false --b_col_maj 0

Avg NPU matmul time: 7352.88us.
Avg NPU gflops: 4672.97

Min NPU matmul time: 7115us.
Max NPU gflops: 4829.2

Max NPU matmul time: 8093us.
Min NPU gflops: 4245.61

PASS!

rm -rf tmpTrace parse*.json trace*json trace.txt
rm -rf build _build whole_array.exe
rm -rf _build
mkdir -p _build
cd _build &&  cmake -E env CXXFLAGS="-std=c++23 -ggdb -DDTYPE_IN=std::bfloat16_t -DDTYPE_OUT=std::bfloat16_t -DDTYPE_ACC=float" \
	cmake `echo /scratch/luisr/mlir-aie/programming_examples/basic/matrix_multiplication/whole_array/..` -D CMAKE_C_COMPILER=gcc-13 -D CMAKE_CXX_COMPILER=g++-13 -DTARGET_NAME=whole_array -Dsubdir=whole_array
-- The C compiler identification is GNU 13.3.0
-- The CXX compiler identification is GNU 13.3.0
-- Detecting C compiler ABI info
-- Detecting C compiler ABI info - done
-- Check for working C compiler: /usr/bin/gcc-13 - skipped
-- Detecting C compile features
-- Detecting C compile features - done
-- Detecting CXX compiler ABI info
-- Detecting CXX compiler ABI info - done
-- Check for working CXX compiler: /usr/bin/g++-13 - skipped
-- Detecting CXX compile features
-- Detecting CXX compile features - done
-- Configuring done (0.3s)
-- Generating done (0.0s)
-- Build files have been written to: /scratch/luisr/mlir-aie/programming_examples/basic/matrix_multiplication/whole_array/_build
cd _build &&  cmake --build . --config Release
gmake[1]: Entering directory '/scratch/luisr/mlir-aie/programming_examples/basic/matrix_multiplication/whole_array/_build'
gmake[2]: Entering directory '/scratch/luisr/mlir-aie/programming_examples/basic/matrix_multiplication/whole_array/_build'
gmake[3]: Entering directory '/scratch/luisr/mlir-aie/programming_examples/basic/matrix_multiplication/whole_array/_build'
gmake[3]: Leaving directory '/scratch/luisr/mlir-aie/programming_examples/basic/matrix_multiplication/whole_array/_build'
gmake[3]: Entering directory '/scratch/luisr/mlir-aie/programming_examples/basic/matrix_multiplication/whole_array/_build'
[ 33%] Building CXX object CMakeFiles/whole_array.dir/scratch/luisr/mlir-aie/runtime_lib/test_lib/test_utils.cpp.o
[ 66%] Building CXX object CMakeFiles/whole_array.dir/whole_array/test.cpp.o
[100%] Linking CXX executable whole_array
gmake[3]: Leaving directory '/scratch/luisr/mlir-aie/programming_examples/basic/matrix_multiplication/whole_array/_build'
[100%] Built target whole_array
gmake[2]: Leaving directory '/scratch/luisr/mlir-aie/programming_examples/basic/matrix_multiplication/whole_array/_build'
gmake[1]: Leaving directory '/scratch/luisr/mlir-aie/programming_examples/basic/matrix_multiplication/whole_array/_build'
cp _build/whole_array whole_array.exe 
mkdir -p build
python3 /scratch/luisr/mlir-aie/programming_examples/basic/matrix_multiplication/whole_array/whole_array.py -m 64 -k 64 -n 64 --n-aie-cols 8 --b-col-maj 0 --dev npu2 -M 8192 -K 4096 -N 1024 --dtype_in bf16 --dtype_out bf16 --emulate-bf16-mmul-with-bfp16 true --trace_size 0 > build/aie_8192x4096x1024_64x64x64_8c.mlir
mkdir -p build
cd build && xchesscc_wrapper aie2p -I /proj/xbuilds/2024.2_INT_1113_1001/installs/all_platforms/Vitis/2024.2/aietools/include  -Dbf16_bf16_ONLY -DDIM_M=64 -DDIM_K=64 -DDIM_N=64 -DAIE_API_EMULATE_BFLOAT16_MMUL_WITH_BFP16 -c /scratch/luisr/mlir-aie/programming_examples/basic/matrix_multiplication/whole_array/../../../../aie_kernels/aie2p/mm.cc -o mm_64x64x64.o
WARNING: Default location for XILINX_VIVADO_IP_OVERRIDE not found: /build/xfndry/IP_2024.2_INTEGRATION_VERIFIED/customer/vivado/data/ip
mkdir -p build
cd build && aiecc.py --alloc-scheme=basic-sequential --aie-generate-xclbin --no-compile-host --xclbin-name=final_8192x4096x1024_64x64x64_8c.xclbin \
			 \
			--aie-generate-npu-insts --npu-insts-name=insts_8192x4096x1024_64x64x64_8c.txt ../build/aie_8192x4096x1024_64x64x64_8c.mlir

Generating: /scratch/luisr/mlir-aie/programming_examples/basic/matrix_multiplication/whole_array/build/aie_8192x4096x1024_64x64x64_8c.mlir.prj/aie_cdo_elfs.bin
Generating: /scratch/luisr/mlir-aie/programming_examples/basic/matrix_multiplication/whole_array/build/aie_8192x4096x1024_64x64x64_8c.mlir.prj/aie_cdo_init.bin
Generating: /scratch/luisr/mlir-aie/programming_examples/basic/matrix_multiplication/whole_array/build/aie_8192x4096x1024_64x64x64_8c.mlir.prj/aie_cdo_enable.bin
export XRT_HACK_UNSECURE_LOADING_XCLBIN=1 && \
 ./whole_array.exe -x build/final_8192x4096x1024_64x64x64_8c.xclbin -i build/insts_8192x4096x1024_64x64x64_8c.txt -k MLIR_AIE -M 8192 -K 4096 -N 1024 --iters 40 --warmup 10 --verify=false --b_col_maj 0

Avg NPU matmul time: 15040.6us.
Avg NPU gflops: 4568.92

Min NPU matmul time: 14228us.
Max NPU gflops: 4829.88

Max NPU matmul time: 15653us.
Min NPU gflops: 4390.18

PASS!

rm -rf tmpTrace parse*.json trace*json trace.txt
rm -rf build _build whole_array.exe
rm -rf _build
mkdir -p _build
cd _build &&  cmake -E env CXXFLAGS="-std=c++23 -ggdb -DDTYPE_IN=std::bfloat16_t -DDTYPE_OUT=std::bfloat16_t -DDTYPE_ACC=float" \
	cmake `echo /scratch/luisr/mlir-aie/programming_examples/basic/matrix_multiplication/whole_array/..` -D CMAKE_C_COMPILER=gcc-13 -D CMAKE_CXX_COMPILER=g++-13 -DTARGET_NAME=whole_array -Dsubdir=whole_array
-- The C compiler identification is GNU 13.3.0
-- The CXX compiler identification is GNU 13.3.0
-- Detecting C compiler ABI info
-- Detecting C compiler ABI info - done
-- Check for working C compiler: /usr/bin/gcc-13 - skipped
-- Detecting C compile features
-- Detecting C compile features - done
-- Detecting CXX compiler ABI info
-- Detecting CXX compiler ABI info - done
-- Check for working CXX compiler: /usr/bin/g++-13 - skipped
-- Detecting CXX compile features
-- Detecting CXX compile features - done
-- Configuring done (0.3s)
-- Generating done (0.0s)
-- Build files have been written to: /scratch/luisr/mlir-aie/programming_examples/basic/matrix_multiplication/whole_array/_build
cd _build &&  cmake --build . --config Release
gmake[1]: Entering directory '/scratch/luisr/mlir-aie/programming_examples/basic/matrix_multiplication/whole_array/_build'
gmake[2]: Entering directory '/scratch/luisr/mlir-aie/programming_examples/basic/matrix_multiplication/whole_array/_build'
gmake[3]: Entering directory '/scratch/luisr/mlir-aie/programming_examples/basic/matrix_multiplication/whole_array/_build'
gmake[3]: Leaving directory '/scratch/luisr/mlir-aie/programming_examples/basic/matrix_multiplication/whole_array/_build'
gmake[3]: Entering directory '/scratch/luisr/mlir-aie/programming_examples/basic/matrix_multiplication/whole_array/_build'
[ 33%] Building CXX object CMakeFiles/whole_array.dir/scratch/luisr/mlir-aie/runtime_lib/test_lib/test_utils.cpp.o
[ 66%] Building CXX object CMakeFiles/whole_array.dir/whole_array/test.cpp.o
[100%] Linking CXX executable whole_array
gmake[3]: Leaving directory '/scratch/luisr/mlir-aie/programming_examples/basic/matrix_multiplication/whole_array/_build'
[100%] Built target whole_array
gmake[2]: Leaving directory '/scratch/luisr/mlir-aie/programming_examples/basic/matrix_multiplication/whole_array/_build'
gmake[1]: Leaving directory '/scratch/luisr/mlir-aie/programming_examples/basic/matrix_multiplication/whole_array/_build'
cp _build/whole_array whole_array.exe 
mkdir -p build
python3 /scratch/luisr/mlir-aie/programming_examples/basic/matrix_multiplication/whole_array/whole_array.py -m 64 -k 64 -n 64 --n-aie-cols 8 --b-col-maj 0 --dev npu2 -M 8192 -K 4096 -N 4096 --dtype_in bf16 --dtype_out bf16 --emulate-bf16-mmul-with-bfp16 true --trace_size 0 > build/aie_8192x4096x4096_64x64x64_8c.mlir
mkdir -p build
cd build && xchesscc_wrapper aie2p -I /proj/xbuilds/2024.2_INT_1113_1001/installs/all_platforms/Vitis/2024.2/aietools/include  -Dbf16_bf16_ONLY -DDIM_M=64 -DDIM_K=64 -DDIM_N=64 -DAIE_API_EMULATE_BFLOAT16_MMUL_WITH_BFP16 -c /scratch/luisr/mlir-aie/programming_examples/basic/matrix_multiplication/whole_array/../../../../aie_kernels/aie2p/mm.cc -o mm_64x64x64.o
WARNING: Default location for XILINX_VIVADO_IP_OVERRIDE not found: /build/xfndry/IP_2024.2_INTEGRATION_VERIFIED/customer/vivado/data/ip
mkdir -p build
cd build && aiecc.py --alloc-scheme=basic-sequential --aie-generate-xclbin --no-compile-host --xclbin-name=final_8192x4096x4096_64x64x64_8c.xclbin \
			 \
			--aie-generate-npu-insts --npu-insts-name=insts_8192x4096x4096_64x64x64_8c.txt ../build/aie_8192x4096x4096_64x64x64_8c.mlir

Generating: /scratch/luisr/mlir-aie/programming_examples/basic/matrix_multiplication/whole_array/build/aie_8192x4096x4096_64x64x64_8c.mlir.prj/aie_cdo_elfs.bin
Generating: /scratch/luisr/mlir-aie/programming_examples/basic/matrix_multiplication/whole_array/build/aie_8192x4096x4096_64x64x64_8c.mlir.prj/aie_cdo_init.bin
Generating: /scratch/luisr/mlir-aie/programming_examples/basic/matrix_multiplication/whole_array/build/aie_8192x4096x4096_64x64x64_8c.mlir.prj/aie_cdo_enable.bin
export XRT_HACK_UNSECURE_LOADING_XCLBIN=1 && \
 ./whole_array.exe -x build/final_8192x4096x4096_64x64x64_8c.xclbin -i build/insts_8192x4096x4096_64x64x64_8c.txt -k MLIR_AIE -M 8192 -K 4096 -N 4096 --iters 40 --warmup 10 --verify=false --b_col_maj 0

Avg NPU matmul time: 59514.9us.
Avg NPU gflops: 4618.64

Min NPU matmul time: 58561us.
Max NPU gflops: 4693.87

Max NPU matmul time: 60761us.
Min NPU gflops: 4523.92

PASS!

rm -rf tmpTrace parse*.json trace*json trace.txt
rm -rf build _build whole_array.exe
rm -rf _build
mkdir -p _build
cd _build &&  cmake -E env CXXFLAGS="-std=c++23 -ggdb -DDTYPE_IN=std::bfloat16_t -DDTYPE_OUT=std::bfloat16_t -DDTYPE_ACC=float" \
	cmake `echo /scratch/luisr/mlir-aie/programming_examples/basic/matrix_multiplication/whole_array/..` -D CMAKE_C_COMPILER=gcc-13 -D CMAKE_CXX_COMPILER=g++-13 -DTARGET_NAME=whole_array -Dsubdir=whole_array
-- The C compiler identification is GNU 13.3.0
-- The CXX compiler identification is GNU 13.3.0
-- Detecting C compiler ABI info
-- Detecting C compiler ABI info - done
-- Check for working C compiler: /usr/bin/gcc-13 - skipped
-- Detecting C compile features
-- Detecting C compile features - done
-- Detecting CXX compiler ABI info
-- Detecting CXX compiler ABI info - done
-- Check for working CXX compiler: /usr/bin/g++-13 - skipped
-- Detecting CXX compile features
-- Detecting CXX compile features - done
-- Configuring done (0.3s)
-- Generating done (0.0s)
-- Build files have been written to: /scratch/luisr/mlir-aie/programming_examples/basic/matrix_multiplication/whole_array/_build
cd _build &&  cmake --build . --config Release
gmake[1]: Entering directory '/scratch/luisr/mlir-aie/programming_examples/basic/matrix_multiplication/whole_array/_build'
gmake[2]: Entering directory '/scratch/luisr/mlir-aie/programming_examples/basic/matrix_multiplication/whole_array/_build'
gmake[3]: Entering directory '/scratch/luisr/mlir-aie/programming_examples/basic/matrix_multiplication/whole_array/_build'
gmake[3]: Leaving directory '/scratch/luisr/mlir-aie/programming_examples/basic/matrix_multiplication/whole_array/_build'
gmake[3]: Entering directory '/scratch/luisr/mlir-aie/programming_examples/basic/matrix_multiplication/whole_array/_build'
[ 33%] Building CXX object CMakeFiles/whole_array.dir/scratch/luisr/mlir-aie/runtime_lib/test_lib/test_utils.cpp.o
[ 66%] Building CXX object CMakeFiles/whole_array.dir/whole_array/test.cpp.o
[100%] Linking CXX executable whole_array
gmake[3]: Leaving directory '/scratch/luisr/mlir-aie/programming_examples/basic/matrix_multiplication/whole_array/_build'
[100%] Built target whole_array
gmake[2]: Leaving directory '/scratch/luisr/mlir-aie/programming_examples/basic/matrix_multiplication/whole_array/_build'
gmake[1]: Leaving directory '/scratch/luisr/mlir-aie/programming_examples/basic/matrix_multiplication/whole_array/_build'
cp _build/whole_array whole_array.exe 
mkdir -p build
python3 /scratch/luisr/mlir-aie/programming_examples/basic/matrix_multiplication/whole_array/whole_array.py -m 64 -k 64 -n 64 --n-aie-cols 8 --b-col-maj 0 --dev npu2 -M 8192 -K 4096 -N 8192 --dtype_in bf16 --dtype_out bf16 --emulate-bf16-mmul-with-bfp16 true --trace_size 0 > build/aie_8192x4096x8192_64x64x64_8c.mlir
mkdir -p build
cd build && xchesscc_wrapper aie2p -I /proj/xbuilds/2024.2_INT_1113_1001/installs/all_platforms/Vitis/2024.2/aietools/include  -Dbf16_bf16_ONLY -DDIM_M=64 -DDIM_K=64 -DDIM_N=64 -DAIE_API_EMULATE_BFLOAT16_MMUL_WITH_BFP16 -c /scratch/luisr/mlir-aie/programming_examples/basic/matrix_multiplication/whole_array/../../../../aie_kernels/aie2p/mm.cc -o mm_64x64x64.o
WARNING: Default location for XILINX_VIVADO_IP_OVERRIDE not found: /build/xfndry/IP_2024.2_INTEGRATION_VERIFIED/customer/vivado/data/ip
mkdir -p build
cd build && aiecc.py --alloc-scheme=basic-sequential --aie-generate-xclbin --no-compile-host --xclbin-name=final_8192x4096x8192_64x64x64_8c.xclbin \
			 \
			--aie-generate-npu-insts --npu-insts-name=insts_8192x4096x8192_64x64x64_8c.txt ../build/aie_8192x4096x8192_64x64x64_8c.mlir

Generating: /scratch/luisr/mlir-aie/programming_examples/basic/matrix_multiplication/whole_array/build/aie_8192x4096x8192_64x64x64_8c.mlir.prj/aie_cdo_elfs.bin
Generating: /scratch/luisr/mlir-aie/programming_examples/basic/matrix_multiplication/whole_array/build/aie_8192x4096x8192_64x64x64_8c.mlir.prj/aie_cdo_init.bin
Generating: /scratch/luisr/mlir-aie/programming_examples/basic/matrix_multiplication/whole_array/build/aie_8192x4096x8192_64x64x64_8c.mlir.prj/aie_cdo_enable.bin
export XRT_HACK_UNSECURE_LOADING_XCLBIN=1 && \
 ./whole_array.exe -x build/final_8192x4096x8192_64x64x64_8c.xclbin -i build/insts_8192x4096x8192_64x64x64_8c.txt -k MLIR_AIE -M 8192 -K 4096 -N 8192 --iters 40 --warmup 10 --verify=false --b_col_maj 0

Avg NPU matmul time: 135669us.
Avg NPU gflops: 4052.19

Min NPU matmul time: 121370us.
Max NPU gflops: 4529.59

Max NPU matmul time: 158032us.
Min NPU gflops: 3478.76

PASS!

rm -rf tmpTrace parse*.json trace*json trace.txt
rm -rf build _build whole_array.exe
rm -rf _build
mkdir -p _build
cd _build &&  cmake -E env CXXFLAGS="-std=c++23 -ggdb -DDTYPE_IN=std::bfloat16_t -DDTYPE_OUT=std::bfloat16_t -DDTYPE_ACC=float" \
	cmake `echo /scratch/luisr/mlir-aie/programming_examples/basic/matrix_multiplication/whole_array/..` -D CMAKE_C_COMPILER=gcc-13 -D CMAKE_CXX_COMPILER=g++-13 -DTARGET_NAME=whole_array -Dsubdir=whole_array
-- The C compiler identification is GNU 13.3.0
-- The CXX compiler identification is GNU 13.3.0
-- Detecting C compiler ABI info
-- Detecting C compiler ABI info - done
-- Check for working C compiler: /usr/bin/gcc-13 - skipped
-- Detecting C compile features
-- Detecting C compile features - done
-- Detecting CXX compiler ABI info
-- Detecting CXX compiler ABI info - done
-- Check for working CXX compiler: /usr/bin/g++-13 - skipped
-- Detecting CXX compile features
-- Detecting CXX compile features - done
-- Configuring done (0.3s)
-- Generating done (0.0s)
-- Build files have been written to: /scratch/luisr/mlir-aie/programming_examples/basic/matrix_multiplication/whole_array/_build
cd _build &&  cmake --build . --config Release
gmake[1]: Entering directory '/scratch/luisr/mlir-aie/programming_examples/basic/matrix_multiplication/whole_array/_build'
gmake[2]: Entering directory '/scratch/luisr/mlir-aie/programming_examples/basic/matrix_multiplication/whole_array/_build'
gmake[3]: Entering directory '/scratch/luisr/mlir-aie/programming_examples/basic/matrix_multiplication/whole_array/_build'
gmake[3]: Leaving directory '/scratch/luisr/mlir-aie/programming_examples/basic/matrix_multiplication/whole_array/_build'
gmake[3]: Entering directory '/scratch/luisr/mlir-aie/programming_examples/basic/matrix_multiplication/whole_array/_build'
[ 33%] Building CXX object CMakeFiles/whole_array.dir/scratch/luisr/mlir-aie/runtime_lib/test_lib/test_utils.cpp.o
[ 66%] Building CXX object CMakeFiles/whole_array.dir/whole_array/test.cpp.o
[100%] Linking CXX executable whole_array
gmake[3]: Leaving directory '/scratch/luisr/mlir-aie/programming_examples/basic/matrix_multiplication/whole_array/_build'
[100%] Built target whole_array
gmake[2]: Leaving directory '/scratch/luisr/mlir-aie/programming_examples/basic/matrix_multiplication/whole_array/_build'
gmake[1]: Leaving directory '/scratch/luisr/mlir-aie/programming_examples/basic/matrix_multiplication/whole_array/_build'
cp _build/whole_array whole_array.exe 
mkdir -p build
python3 /scratch/luisr/mlir-aie/programming_examples/basic/matrix_multiplication/whole_array/whole_array.py -m 64 -k 64 -n 64 --n-aie-cols 8 --b-col-maj 0 --dev npu2 -M 8192 -K 6144 -N 512 --dtype_in bf16 --dtype_out bf16 --emulate-bf16-mmul-with-bfp16 true --trace_size 0 > build/aie_8192x6144x512_64x64x64_8c.mlir
mkdir -p build
cd build && xchesscc_wrapper aie2p -I /proj/xbuilds/2024.2_INT_1113_1001/installs/all_platforms/Vitis/2024.2/aietools/include  -Dbf16_bf16_ONLY -DDIM_M=64 -DDIM_K=64 -DDIM_N=64 -DAIE_API_EMULATE_BFLOAT16_MMUL_WITH_BFP16 -c /scratch/luisr/mlir-aie/programming_examples/basic/matrix_multiplication/whole_array/../../../../aie_kernels/aie2p/mm.cc -o mm_64x64x64.o
WARNING: Default location for XILINX_VIVADO_IP_OVERRIDE not found: /build/xfndry/IP_2024.2_INTEGRATION_VERIFIED/customer/vivado/data/ip
mkdir -p build
cd build && aiecc.py --alloc-scheme=basic-sequential --aie-generate-xclbin --no-compile-host --xclbin-name=final_8192x6144x512_64x64x64_8c.xclbin \
			 \
			--aie-generate-npu-insts --npu-insts-name=insts_8192x6144x512_64x64x64_8c.txt ../build/aie_8192x6144x512_64x64x64_8c.mlir

Generating: /scratch/luisr/mlir-aie/programming_examples/basic/matrix_multiplication/whole_array/build/aie_8192x6144x512_64x64x64_8c.mlir.prj/aie_cdo_elfs.bin
Generating: /scratch/luisr/mlir-aie/programming_examples/basic/matrix_multiplication/whole_array/build/aie_8192x6144x512_64x64x64_8c.mlir.prj/aie_cdo_init.bin
Generating: /scratch/luisr/mlir-aie/programming_examples/basic/matrix_multiplication/whole_array/build/aie_8192x6144x512_64x64x64_8c.mlir.prj/aie_cdo_enable.bin
export XRT_HACK_UNSECURE_LOADING_XCLBIN=1 && \
 ./whole_array.exe -x build/final_8192x6144x512_64x64x64_8c.xclbin -i build/insts_8192x6144x512_64x64x64_8c.txt -k MLIR_AIE -M 8192 -K 6144 -N 512 --iters 40 --warmup 10 --verify=false --b_col_maj 0

Avg NPU matmul time: 11498.8us.
Avg NPU gflops: 4482.16

Min NPU matmul time: 10829us.
Max NPU gflops: 4759.41

Max NPU matmul time: 12557us.
Min NPU gflops: 4104.45

PASS!

rm -rf tmpTrace parse*.json trace*json trace.txt
rm -rf build _build whole_array.exe
rm -rf _build
mkdir -p _build
cd _build &&  cmake -E env CXXFLAGS="-std=c++23 -ggdb -DDTYPE_IN=std::bfloat16_t -DDTYPE_OUT=std::bfloat16_t -DDTYPE_ACC=float" \
	cmake `echo /scratch/luisr/mlir-aie/programming_examples/basic/matrix_multiplication/whole_array/..` -D CMAKE_C_COMPILER=gcc-13 -D CMAKE_CXX_COMPILER=g++-13 -DTARGET_NAME=whole_array -Dsubdir=whole_array
-- The C compiler identification is GNU 13.3.0
-- The CXX compiler identification is GNU 13.3.0
-- Detecting C compiler ABI info
-- Detecting C compiler ABI info - done
-- Check for working C compiler: /usr/bin/gcc-13 - skipped
-- Detecting C compile features
-- Detecting C compile features - done
-- Detecting CXX compiler ABI info
-- Detecting CXX compiler ABI info - done
-- Check for working CXX compiler: /usr/bin/g++-13 - skipped
-- Detecting CXX compile features
-- Detecting CXX compile features - done
-- Configuring done (0.3s)
-- Generating done (0.0s)
-- Build files have been written to: /scratch/luisr/mlir-aie/programming_examples/basic/matrix_multiplication/whole_array/_build
cd _build &&  cmake --build . --config Release
gmake[1]: Entering directory '/scratch/luisr/mlir-aie/programming_examples/basic/matrix_multiplication/whole_array/_build'
gmake[2]: Entering directory '/scratch/luisr/mlir-aie/programming_examples/basic/matrix_multiplication/whole_array/_build'
gmake[3]: Entering directory '/scratch/luisr/mlir-aie/programming_examples/basic/matrix_multiplication/whole_array/_build'
gmake[3]: Leaving directory '/scratch/luisr/mlir-aie/programming_examples/basic/matrix_multiplication/whole_array/_build'
gmake[3]: Entering directory '/scratch/luisr/mlir-aie/programming_examples/basic/matrix_multiplication/whole_array/_build'
[ 33%] Building CXX object CMakeFiles/whole_array.dir/scratch/luisr/mlir-aie/runtime_lib/test_lib/test_utils.cpp.o
[ 66%] Building CXX object CMakeFiles/whole_array.dir/whole_array/test.cpp.o
[100%] Linking CXX executable whole_array
gmake[3]: Leaving directory '/scratch/luisr/mlir-aie/programming_examples/basic/matrix_multiplication/whole_array/_build'
[100%] Built target whole_array
gmake[2]: Leaving directory '/scratch/luisr/mlir-aie/programming_examples/basic/matrix_multiplication/whole_array/_build'
gmake[1]: Leaving directory '/scratch/luisr/mlir-aie/programming_examples/basic/matrix_multiplication/whole_array/_build'
cp _build/whole_array whole_array.exe 
mkdir -p build
python3 /scratch/luisr/mlir-aie/programming_examples/basic/matrix_multiplication/whole_array/whole_array.py -m 64 -k 64 -n 64 --n-aie-cols 8 --b-col-maj 0 --dev npu2 -M 8192 -K 6144 -N 1024 --dtype_in bf16 --dtype_out bf16 --emulate-bf16-mmul-with-bfp16 true --trace_size 0 > build/aie_8192x6144x1024_64x64x64_8c.mlir
mkdir -p build
cd build && xchesscc_wrapper aie2p -I /proj/xbuilds/2024.2_INT_1113_1001/installs/all_platforms/Vitis/2024.2/aietools/include  -Dbf16_bf16_ONLY -DDIM_M=64 -DDIM_K=64 -DDIM_N=64 -DAIE_API_EMULATE_BFLOAT16_MMUL_WITH_BFP16 -c /scratch/luisr/mlir-aie/programming_examples/basic/matrix_multiplication/whole_array/../../../../aie_kernels/aie2p/mm.cc -o mm_64x64x64.o
WARNING: Default location for XILINX_VIVADO_IP_OVERRIDE not found: /build/xfndry/IP_2024.2_INTEGRATION_VERIFIED/customer/vivado/data/ip
mkdir -p build
cd build && aiecc.py --alloc-scheme=basic-sequential --aie-generate-xclbin --no-compile-host --xclbin-name=final_8192x6144x1024_64x64x64_8c.xclbin \
			 \
			--aie-generate-npu-insts --npu-insts-name=insts_8192x6144x1024_64x64x64_8c.txt ../build/aie_8192x6144x1024_64x64x64_8c.mlir

Generating: /scratch/luisr/mlir-aie/programming_examples/basic/matrix_multiplication/whole_array/build/aie_8192x6144x1024_64x64x64_8c.mlir.prj/aie_cdo_elfs.bin
Generating: /scratch/luisr/mlir-aie/programming_examples/basic/matrix_multiplication/whole_array/build/aie_8192x6144x1024_64x64x64_8c.mlir.prj/aie_cdo_init.bin
Generating: /scratch/luisr/mlir-aie/programming_examples/basic/matrix_multiplication/whole_array/build/aie_8192x6144x1024_64x64x64_8c.mlir.prj/aie_cdo_enable.bin
export XRT_HACK_UNSECURE_LOADING_XCLBIN=1 && \
 ./whole_array.exe -x build/final_8192x6144x1024_64x64x64_8c.xclbin -i build/insts_8192x6144x1024_64x64x64_8c.txt -k MLIR_AIE -M 8192 -K 6144 -N 1024 --iters 40 --warmup 10 --verify=false --b_col_maj 0

Avg NPU matmul time: 22255.8us.
Avg NPU gflops: 4631.57

Min NPU matmul time: 21429us.
Max NPU gflops: 4810.27

Max NPU matmul time: 23065us.
Min NPU gflops: 4469.08

PASS!

rm -rf tmpTrace parse*.json trace*json trace.txt
rm -rf build _build whole_array.exe
rm -rf _build
mkdir -p _build
cd _build &&  cmake -E env CXXFLAGS="-std=c++23 -ggdb -DDTYPE_IN=std::bfloat16_t -DDTYPE_OUT=std::bfloat16_t -DDTYPE_ACC=float" \
	cmake `echo /scratch/luisr/mlir-aie/programming_examples/basic/matrix_multiplication/whole_array/..` -D CMAKE_C_COMPILER=gcc-13 -D CMAKE_CXX_COMPILER=g++-13 -DTARGET_NAME=whole_array -Dsubdir=whole_array
-- The C compiler identification is GNU 13.3.0
-- The CXX compiler identification is GNU 13.3.0
-- Detecting C compiler ABI info
-- Detecting C compiler ABI info - done
-- Check for working C compiler: /usr/bin/gcc-13 - skipped
-- Detecting C compile features
-- Detecting C compile features - done
-- Detecting CXX compiler ABI info
-- Detecting CXX compiler ABI info - done
-- Check for working CXX compiler: /usr/bin/g++-13 - skipped
-- Detecting CXX compile features
-- Detecting CXX compile features - done
-- Configuring done (0.3s)
-- Generating done (0.0s)
-- Build files have been written to: /scratch/luisr/mlir-aie/programming_examples/basic/matrix_multiplication/whole_array/_build
cd _build &&  cmake --build . --config Release
gmake[1]: Entering directory '/scratch/luisr/mlir-aie/programming_examples/basic/matrix_multiplication/whole_array/_build'
gmake[2]: Entering directory '/scratch/luisr/mlir-aie/programming_examples/basic/matrix_multiplication/whole_array/_build'
gmake[3]: Entering directory '/scratch/luisr/mlir-aie/programming_examples/basic/matrix_multiplication/whole_array/_build'
gmake[3]: Leaving directory '/scratch/luisr/mlir-aie/programming_examples/basic/matrix_multiplication/whole_array/_build'
gmake[3]: Entering directory '/scratch/luisr/mlir-aie/programming_examples/basic/matrix_multiplication/whole_array/_build'
[ 33%] Building CXX object CMakeFiles/whole_array.dir/scratch/luisr/mlir-aie/runtime_lib/test_lib/test_utils.cpp.o
[ 66%] Building CXX object CMakeFiles/whole_array.dir/whole_array/test.cpp.o
[100%] Linking CXX executable whole_array
gmake[3]: Leaving directory '/scratch/luisr/mlir-aie/programming_examples/basic/matrix_multiplication/whole_array/_build'
[100%] Built target whole_array
gmake[2]: Leaving directory '/scratch/luisr/mlir-aie/programming_examples/basic/matrix_multiplication/whole_array/_build'
gmake[1]: Leaving directory '/scratch/luisr/mlir-aie/programming_examples/basic/matrix_multiplication/whole_array/_build'
cp _build/whole_array whole_array.exe 
mkdir -p build
python3 /scratch/luisr/mlir-aie/programming_examples/basic/matrix_multiplication/whole_array/whole_array.py -m 64 -k 64 -n 64 --n-aie-cols 8 --b-col-maj 0 --dev npu2 -M 8192 -K 6144 -N 4096 --dtype_in bf16 --dtype_out bf16 --emulate-bf16-mmul-with-bfp16 true --trace_size 0 > build/aie_8192x6144x4096_64x64x64_8c.mlir
mkdir -p build
cd build && xchesscc_wrapper aie2p -I /proj/xbuilds/2024.2_INT_1113_1001/installs/all_platforms/Vitis/2024.2/aietools/include  -Dbf16_bf16_ONLY -DDIM_M=64 -DDIM_K=64 -DDIM_N=64 -DAIE_API_EMULATE_BFLOAT16_MMUL_WITH_BFP16 -c /scratch/luisr/mlir-aie/programming_examples/basic/matrix_multiplication/whole_array/../../../../aie_kernels/aie2p/mm.cc -o mm_64x64x64.o
WARNING: Default location for XILINX_VIVADO_IP_OVERRIDE not found: /build/xfndry/IP_2024.2_INTEGRATION_VERIFIED/customer/vivado/data/ip
mkdir -p build
cd build && aiecc.py --alloc-scheme=basic-sequential --aie-generate-xclbin --no-compile-host --xclbin-name=final_8192x6144x4096_64x64x64_8c.xclbin \
			 \
			--aie-generate-npu-insts --npu-insts-name=insts_8192x6144x4096_64x64x64_8c.txt ../build/aie_8192x6144x4096_64x64x64_8c.mlir

Generating: /scratch/luisr/mlir-aie/programming_examples/basic/matrix_multiplication/whole_array/build/aie_8192x6144x4096_64x64x64_8c.mlir.prj/aie_cdo_elfs.bin
Generating: /scratch/luisr/mlir-aie/programming_examples/basic/matrix_multiplication/whole_array/build/aie_8192x6144x4096_64x64x64_8c.mlir.prj/aie_cdo_init.bin
Generating: /scratch/luisr/mlir-aie/programming_examples/basic/matrix_multiplication/whole_array/build/aie_8192x6144x4096_64x64x64_8c.mlir.prj/aie_cdo_enable.bin
export XRT_HACK_UNSECURE_LOADING_XCLBIN=1 && \
 ./whole_array.exe -x build/final_8192x6144x4096_64x64x64_8c.xclbin -i build/insts_8192x6144x4096_64x64x64_8c.txt -k MLIR_AIE -M 8192 -K 6144 -N 4096 --iters 40 --warmup 10 --verify=false --b_col_maj 0

Avg NPU matmul time: 91984.6us.
Avg NPU gflops: 4482.45

Min NPU matmul time: 88727us.
Max NPU gflops: 4647.03

Max NPU matmul time: 98119us.
Min NPU gflops: 4202.21

PASS!

rm -rf tmpTrace parse*.json trace*json trace.txt
rm -rf build _build whole_array.exe
rm -rf _build
mkdir -p _build
cd _build &&  cmake -E env CXXFLAGS="-std=c++23 -ggdb -DDTYPE_IN=std::bfloat16_t -DDTYPE_OUT=std::bfloat16_t -DDTYPE_ACC=float" \
	cmake `echo /scratch/luisr/mlir-aie/programming_examples/basic/matrix_multiplication/whole_array/..` -D CMAKE_C_COMPILER=gcc-13 -D CMAKE_CXX_COMPILER=g++-13 -DTARGET_NAME=whole_array -Dsubdir=whole_array
-- The C compiler identification is GNU 13.3.0
-- The CXX compiler identification is GNU 13.3.0
-- Detecting C compiler ABI info
-- Detecting C compiler ABI info - done
-- Check for working C compiler: /usr/bin/gcc-13 - skipped
-- Detecting C compile features
-- Detecting C compile features - done
-- Detecting CXX compiler ABI info
-- Detecting CXX compiler ABI info - done
-- Check for working CXX compiler: /usr/bin/g++-13 - skipped
-- Detecting CXX compile features
-- Detecting CXX compile features - done
-- Configuring done (0.3s)
-- Generating done (0.0s)
-- Build files have been written to: /scratch/luisr/mlir-aie/programming_examples/basic/matrix_multiplication/whole_array/_build
cd _build &&  cmake --build . --config Release
gmake[1]: Entering directory '/scratch/luisr/mlir-aie/programming_examples/basic/matrix_multiplication/whole_array/_build'
gmake[2]: Entering directory '/scratch/luisr/mlir-aie/programming_examples/basic/matrix_multiplication/whole_array/_build'
gmake[3]: Entering directory '/scratch/luisr/mlir-aie/programming_examples/basic/matrix_multiplication/whole_array/_build'
gmake[3]: Leaving directory '/scratch/luisr/mlir-aie/programming_examples/basic/matrix_multiplication/whole_array/_build'
gmake[3]: Entering directory '/scratch/luisr/mlir-aie/programming_examples/basic/matrix_multiplication/whole_array/_build'
[ 33%] Building CXX object CMakeFiles/whole_array.dir/scratch/luisr/mlir-aie/runtime_lib/test_lib/test_utils.cpp.o
[ 66%] Building CXX object CMakeFiles/whole_array.dir/whole_array/test.cpp.o
[100%] Linking CXX executable whole_array
gmake[3]: Leaving directory '/scratch/luisr/mlir-aie/programming_examples/basic/matrix_multiplication/whole_array/_build'
[100%] Built target whole_array
gmake[2]: Leaving directory '/scratch/luisr/mlir-aie/programming_examples/basic/matrix_multiplication/whole_array/_build'
gmake[1]: Leaving directory '/scratch/luisr/mlir-aie/programming_examples/basic/matrix_multiplication/whole_array/_build'
cp _build/whole_array whole_array.exe 
mkdir -p build
python3 /scratch/luisr/mlir-aie/programming_examples/basic/matrix_multiplication/whole_array/whole_array.py -m 64 -k 64 -n 64 --n-aie-cols 8 --b-col-maj 0 --dev npu2 -M 8192 -K 6144 -N 8192 --dtype_in bf16 --dtype_out bf16 --emulate-bf16-mmul-with-bfp16 true --trace_size 0 > build/aie_8192x6144x8192_64x64x64_8c.mlir
mkdir -p build
cd build && xchesscc_wrapper aie2p -I /proj/xbuilds/2024.2_INT_1113_1001/installs/all_platforms/Vitis/2024.2/aietools/include  -Dbf16_bf16_ONLY -DDIM_M=64 -DDIM_K=64 -DDIM_N=64 -DAIE_API_EMULATE_BFLOAT16_MMUL_WITH_BFP16 -c /scratch/luisr/mlir-aie/programming_examples/basic/matrix_multiplication/whole_array/../../../../aie_kernels/aie2p/mm.cc -o mm_64x64x64.o
WARNING: Default location for XILINX_VIVADO_IP_OVERRIDE not found: /build/xfndry/IP_2024.2_INTEGRATION_VERIFIED/customer/vivado/data/ip
mkdir -p build
cd build && aiecc.py --alloc-scheme=basic-sequential --aie-generate-xclbin --no-compile-host --xclbin-name=final_8192x6144x8192_64x64x64_8c.xclbin \
			 \
			--aie-generate-npu-insts --npu-insts-name=insts_8192x6144x8192_64x64x64_8c.txt ../build/aie_8192x6144x8192_64x64x64_8c.mlir

Generating: /scratch/luisr/mlir-aie/programming_examples/basic/matrix_multiplication/whole_array/build/aie_8192x6144x8192_64x64x64_8c.mlir.prj/aie_cdo_elfs.bin
Generating: /scratch/luisr/mlir-aie/programming_examples/basic/matrix_multiplication/whole_array/build/aie_8192x6144x8192_64x64x64_8c.mlir.prj/aie_cdo_init.bin
Generating: /scratch/luisr/mlir-aie/programming_examples/basic/matrix_multiplication/whole_array/build/aie_8192x6144x8192_64x64x64_8c.mlir.prj/aie_cdo_enable.bin
export XRT_HACK_UNSECURE_LOADING_XCLBIN=1 && \
 ./whole_array.exe -x build/final_8192x6144x8192_64x64x64_8c.xclbin -i build/insts_8192x6144x8192_64x64x64_8c.txt -k MLIR_AIE -M 8192 -K 6144 -N 8192 --iters 40 --warmup 10 --verify=false --b_col_maj 0

Avg NPU matmul time: 214633us.
Avg NPU gflops: 3842.06

Min NPU matmul time: 188485us.
Max NPU gflops: 4375.06

Max NPU matmul time: 242376us.
Min NPU gflops: 3402.29

PASS!

XILINX_LOC=/proj/xbuilds/2024.2_INT_daily_latest/installs/lin64/Vitis/2024.2
SHELL=/bin/csh
MYXILINX_VER=2024.2
HISTCONTROL=ignoreboth:erasedups
TERM_PROGRAM_VERSION=3.4
GROUP=newhiredefaultgrp
MACHTYPE=x86_64
TMUX=/tmp/tmux-50093633/default,2175750,0
AIETOOLS_ROOT=/proj/xbuilds/2024.2_INT_daily_latest/installs/lin64/Vitis/2024.2/aietools
XILINX_XRT=/opt/xilinx/xrt
n_aie_cols=8
PWD=/scratch/luisr/mlir-aie/programming_examples/basic/matrix_multiplication/whole_array
LOGNAME=lromeror
NPU2=1
XDG_SESSION_TYPE=tty
MLIR_AIE_INSTALL_DIR=/scratch/luisr/mlir-aie/install
N=8192
M=8192
K=5632
n=64
m=64
k=64
HOME=/home/lromeror
LANG=en_US.UTF-8
PEANO_INSTALL_DIR=/scratch/luisr/mlir-aie/ironenv/lib/python3.12/site-packages/llvm-aie
VIRTUAL_ENV=/scratch/luisr/mlir-aie/ironenv
OSTYPE=linux
SSH_CONNECTION=172.21.39.59 54406 172.20.10.58 22
XDG_SESSION_CLASS=user
PYTHONPATH=/scratch/luisr/mlir-aie/install/python:/opt/xilinx/xrt/python:/scratch/luisr/mlir-aie/install/python:/opt/xilinx/xrt/python
TERM=tmux-256color
HOST=xcoradaie213
USER=lromeror
use_chess=1
TMUX_PANE=%0
emulate_bfloat16_mmul_with_bfp16=0
SHLVL=4
XDG_SESSION_ID=2023
VIRTUAL_ENV_PROMPT=(ironenv) 
LM_LICENSE_FILE=2100@aiengine
LD_LIBRARY_PATH=/scratch/luisr/mlir-aie/install/lib:/opt/xilinx/xrt/lib:/scratch/luisr/mlir-aie/install/lib:/opt/xilinx/xrt/lib
XDG_RUNTIME_DIR=/run/user/50093633
MYXILINX_BASE=/proj/xbuilds/2024.2_INT_daily_latest
dtype_out=bf16
SSH_CLIENT=172.21.39.59 54406 22
NLSPATH=/usr/share/locale/%L/LC_MESSAGES/%N.cat:/usr/share/locale/%l/LC_MESSAGES/%N.cat
VENDOR=unknown
PATH=/scratch/luisr/mlir-aie/install/bin:/scratch/luisr/mlir-aie/ironenv/bin:/opt/xilinx/xrt/bin:/scratch/luisr/mlir-aie/install/bin:/scratch/luisr/mlir-aie/ironenv/bin:/opt/xilinx/xrt/bin:/usr/local/sbin:/usr/local/bin:/usr/sbin:/usr/bin:/sbin:/bin:/usr/games:/usr/local/games:/snap/bin:/proj/xbuilds/2024.2_INT_daily_latest/installs/lin64/Vitis/2024.2/aietools/bin:/proj/xbuilds/2024.2_INT_daily_latest/installs/lin64/Vitis/2024.2/bin:/proj/xbuilds/2024.2_INT_daily_latest/installs/lin64/Vitis/2024.2/aietools/bin:/proj/xbuilds/2024.2_INT_daily_latest/installs/lin64/Vitis/2024.2/bin
dtype_in=bf16
DBUS_SESSION_BUS_ADDRESS=unix:path=/run/user/50093633/bus
opt_perf=0
SSH_TTY=/dev/pts/1
HOSTTYPE=x86_64-linux
REMOTEHOST=172.21.39.59
OLDPWD=/scratch/luisr/mlir-aie/programming_examples/basic/block_datatypes/matrix_multiplication/whole_array
runargs=--iters 40 --warmup 10 --verify=false
TERM_PROGRAM=tmux
_=/usr/bin/env
##===- Makefile -----------------------------------------------------------===##
# 
# This file licensed under the Apache License v2.0 with LLVM Exceptions.
# See https://llvm.org/LICENSE.txt for license information.
# SPDX-License-Identifier: Apache-2.0 WITH LLVM-exception
#
# Copyright (C) 2025, Advanced Micro Devices, Inc.
# 
##===----------------------------------------------------------------------===##
srcdir := $(shell dirname $(realpath $(firstword $(MAKEFILE_LIST))))
subdir=whole_array
targetname=whole_array


# M, K, N: final GEMM dimensions
M?=512
K?=512
N?=512

# m, k, n: single AIE core GEMM dimensions
m?=32
k?=32
n?=32

n_aie_cols?=4
b_col_maj?=0

kernels=mm_${m}x${k}x${n}
aieargs+=-m $m -k $k -n $n --n-aie-cols ${n_aie_cols} --b-col-maj ${b_col_maj}
runargs+=--b_col_maj ${b_col_maj}
target_suffix=${M}x${K}x${N}_${m}x${k}x${n}_${n_aie_cols}c
use_placed?=0
use_iron?=0

# set this flag to 1 for linear buffer allocation
# else, 0 for bank-aware
use_linear_buf_alloc?=1

ifeq (${use_linear_buf_alloc}, 1)
buffer_aloc_flag=basic-sequential
else
buffer_aloc_flag=bank-aware
endif

ifeq (${use_placed}, 1)
aie_py_src=${targetname}_placed.py
ifeq (${use_iron}, 1)
$(error Cannot specify both placed design and IRON)
endif
endif

ifeq (${use_iron}, 1)
aie_py_src=${targetname}_iron.py
endif

KERNEL_DEFINES=-D${dtype_in}_${dtype_out}_ONLY -DDIM_M=${m} -DDIM_K=${k} -DDIM_N=${n}
ifeq (${b_col_maj}, 1)
	KERNEL_DEFINES+=-DB_COL_MAJ
endif

include ${srcdir}/../makefile-common

build/mm_${m}x${k}x${n}.o: ${kernels_dir}/mm.cc
	mkdir -p ${@D}
	cd ${@D} && ${KERNEL_CC} ${KERNEL_CFLAGS} ${KERNEL_DEFINES} -c $< -o ${@F}
rm -rf tmpTrace parse*.json trace*json trace.txt
rm -rf build _build whole_array.exe
rm -rf _build
mkdir -p _build
cd _build &&  cmake -E env CXXFLAGS="-std=c++23 -ggdb -DDTYPE_IN=std::bfloat16_t -DDTYPE_OUT=std::bfloat16_t -DDTYPE_ACC=float" \
	cmake `echo /scratch/luisr/mlir-aie/programming_examples/basic/matrix_multiplication/whole_array/..` -D CMAKE_C_COMPILER=gcc-13 -D CMAKE_CXX_COMPILER=g++-13 -DTARGET_NAME=whole_array -Dsubdir=whole_array
-- The C compiler identification is GNU 13.3.0
-- The CXX compiler identification is GNU 13.3.0
-- Detecting C compiler ABI info
-- Detecting C compiler ABI info - done
-- Check for working C compiler: /usr/bin/gcc-13 - skipped
-- Detecting C compile features
-- Detecting C compile features - done
-- Detecting CXX compiler ABI info
-- Detecting CXX compiler ABI info - done
-- Check for working CXX compiler: /usr/bin/g++-13 - skipped
-- Detecting CXX compile features
-- Detecting CXX compile features - done
-- Configuring done (0.3s)
-- Generating done (0.0s)
-- Build files have been written to: /scratch/luisr/mlir-aie/programming_examples/basic/matrix_multiplication/whole_array/_build
cd _build &&  cmake --build . --config Release
gmake[1]: Entering directory '/scratch/luisr/mlir-aie/programming_examples/basic/matrix_multiplication/whole_array/_build'
gmake[2]: Entering directory '/scratch/luisr/mlir-aie/programming_examples/basic/matrix_multiplication/whole_array/_build'
gmake[3]: Entering directory '/scratch/luisr/mlir-aie/programming_examples/basic/matrix_multiplication/whole_array/_build'
gmake[3]: Leaving directory '/scratch/luisr/mlir-aie/programming_examples/basic/matrix_multiplication/whole_array/_build'
gmake[3]: Entering directory '/scratch/luisr/mlir-aie/programming_examples/basic/matrix_multiplication/whole_array/_build'
[ 33%] Building CXX object CMakeFiles/whole_array.dir/scratch/luisr/mlir-aie/runtime_lib/test_lib/test_utils.cpp.o
[ 66%] Building CXX object CMakeFiles/whole_array.dir/whole_array/test.cpp.o
[100%] Linking CXX executable whole_array
gmake[3]: Leaving directory '/scratch/luisr/mlir-aie/programming_examples/basic/matrix_multiplication/whole_array/_build'
[100%] Built target whole_array
gmake[2]: Leaving directory '/scratch/luisr/mlir-aie/programming_examples/basic/matrix_multiplication/whole_array/_build'
gmake[1]: Leaving directory '/scratch/luisr/mlir-aie/programming_examples/basic/matrix_multiplication/whole_array/_build'
cp _build/whole_array whole_array.exe 
mkdir -p build
python3 /scratch/luisr/mlir-aie/programming_examples/basic/matrix_multiplication/whole_array/whole_array.py -m 64 -k 64 -n 64 --n-aie-cols 8 --b-col-maj 0 --dev npu2 -M 512 -K 512 -N 512 --dtype_in bf16 --dtype_out bf16 --trace_size 0 > build/aie_512x512x512_64x64x64_8c.mlir
mkdir -p build
cd build && xchesscc_wrapper aie2p -I /proj/xbuilds/2024.2_INT_1113_1001/installs/all_platforms/Vitis/2024.2/aietools/include  -Dbf16_bf16_ONLY -DDIM_M=64 -DDIM_K=64 -DDIM_N=64 -c /scratch/luisr/mlir-aie/programming_examples/basic/matrix_multiplication/whole_array/../../../../aie_kernels/aie2p/mm.cc -o mm_64x64x64.o
WARNING: Default location for XILINX_VIVADO_IP_OVERRIDE not found: /build/xfndry/IP_2024.2_INTEGRATION_VERIFIED/customer/vivado/data/ip
mkdir -p build
cd build && aiecc.py --alloc-scheme=basic-sequential --aie-generate-xclbin --no-compile-host --xclbin-name=final_512x512x512_64x64x64_8c.xclbin \
			 \
			--aie-generate-npu-insts --npu-insts-name=insts_512x512x512_64x64x64_8c.txt ../build/aie_512x512x512_64x64x64_8c.mlir

Generating: /scratch/luisr/mlir-aie/programming_examples/basic/matrix_multiplication/whole_array/build/aie_512x512x512_64x64x64_8c.mlir.prj/aie_cdo_elfs.bin
Generating: /scratch/luisr/mlir-aie/programming_examples/basic/matrix_multiplication/whole_array/build/aie_512x512x512_64x64x64_8c.mlir.prj/aie_cdo_init.bin
Generating: /scratch/luisr/mlir-aie/programming_examples/basic/matrix_multiplication/whole_array/build/aie_512x512x512_64x64x64_8c.mlir.prj/aie_cdo_enable.bin
export XRT_HACK_UNSECURE_LOADING_XCLBIN=1 && \
 ./whole_array.exe -x build/final_512x512x512_64x64x64_8c.xclbin -i build/insts_512x512x512_64x64x64_8c.txt -k MLIR_AIE -M 512 -K 512 -N 512 --iters 40 --warmup 10 --verify=false --b_col_maj 0

Avg NPU matmul time: 439.55us.
Avg NPU gflops: 610.705

Min NPU matmul time: 409us.
Max NPU gflops: 656.321

Max NPU matmul time: 491us.
Min NPU gflops: 546.712

PASS!

rm -rf tmpTrace parse*.json trace*json trace.txt
rm -rf build _build whole_array.exe
rm -rf _build
mkdir -p _build
cd _build &&  cmake -E env CXXFLAGS="-std=c++23 -ggdb -DDTYPE_IN=std::bfloat16_t -DDTYPE_OUT=std::bfloat16_t -DDTYPE_ACC=float" \
	cmake `echo /scratch/luisr/mlir-aie/programming_examples/basic/matrix_multiplication/whole_array/..` -D CMAKE_C_COMPILER=gcc-13 -D CMAKE_CXX_COMPILER=g++-13 -DTARGET_NAME=whole_array -Dsubdir=whole_array
-- The C compiler identification is GNU 13.3.0
-- The CXX compiler identification is GNU 13.3.0
-- Detecting C compiler ABI info
-- Detecting C compiler ABI info - done
-- Check for working C compiler: /usr/bin/gcc-13 - skipped
-- Detecting C compile features
-- Detecting C compile features - done
-- Detecting CXX compiler ABI info
-- Detecting CXX compiler ABI info - done
-- Check for working CXX compiler: /usr/bin/g++-13 - skipped
-- Detecting CXX compile features
-- Detecting CXX compile features - done
-- Configuring done (0.3s)
-- Generating done (0.0s)
-- Build files have been written to: /scratch/luisr/mlir-aie/programming_examples/basic/matrix_multiplication/whole_array/_build
cd _build &&  cmake --build . --config Release
gmake[1]: Entering directory '/scratch/luisr/mlir-aie/programming_examples/basic/matrix_multiplication/whole_array/_build'
gmake[2]: Entering directory '/scratch/luisr/mlir-aie/programming_examples/basic/matrix_multiplication/whole_array/_build'
gmake[3]: Entering directory '/scratch/luisr/mlir-aie/programming_examples/basic/matrix_multiplication/whole_array/_build'
gmake[3]: Leaving directory '/scratch/luisr/mlir-aie/programming_examples/basic/matrix_multiplication/whole_array/_build'
gmake[3]: Entering directory '/scratch/luisr/mlir-aie/programming_examples/basic/matrix_multiplication/whole_array/_build'
[ 33%] Building CXX object CMakeFiles/whole_array.dir/scratch/luisr/mlir-aie/runtime_lib/test_lib/test_utils.cpp.o
[ 66%] Building CXX object CMakeFiles/whole_array.dir/whole_array/test.cpp.o
[100%] Linking CXX executable whole_array
gmake[3]: Leaving directory '/scratch/luisr/mlir-aie/programming_examples/basic/matrix_multiplication/whole_array/_build'
[100%] Built target whole_array
gmake[2]: Leaving directory '/scratch/luisr/mlir-aie/programming_examples/basic/matrix_multiplication/whole_array/_build'
gmake[1]: Leaving directory '/scratch/luisr/mlir-aie/programming_examples/basic/matrix_multiplication/whole_array/_build'
cp _build/whole_array whole_array.exe 
mkdir -p build
python3 /scratch/luisr/mlir-aie/programming_examples/basic/matrix_multiplication/whole_array/whole_array.py -m 64 -k 64 -n 64 --n-aie-cols 8 --b-col-maj 0 --dev npu2 -M 512 -K 512 -N 1024 --dtype_in bf16 --dtype_out bf16 --trace_size 0 > build/aie_512x512x1024_64x64x64_8c.mlir
mkdir -p build
cd build && xchesscc_wrapper aie2p -I /proj/xbuilds/2024.2_INT_1113_1001/installs/all_platforms/Vitis/2024.2/aietools/include  -Dbf16_bf16_ONLY -DDIM_M=64 -DDIM_K=64 -DDIM_N=64 -c /scratch/luisr/mlir-aie/programming_examples/basic/matrix_multiplication/whole_array/../../../../aie_kernels/aie2p/mm.cc -o mm_64x64x64.o
WARNING: Default location for XILINX_VIVADO_IP_OVERRIDE not found: /build/xfndry/IP_2024.2_INTEGRATION_VERIFIED/customer/vivado/data/ip
mkdir -p build
cd build && aiecc.py --alloc-scheme=basic-sequential --aie-generate-xclbin --no-compile-host --xclbin-name=final_512x512x1024_64x64x64_8c.xclbin \
			 \
			--aie-generate-npu-insts --npu-insts-name=insts_512x512x1024_64x64x64_8c.txt ../build/aie_512x512x1024_64x64x64_8c.mlir

Generating: /scratch/luisr/mlir-aie/programming_examples/basic/matrix_multiplication/whole_array/build/aie_512x512x1024_64x64x64_8c.mlir.prj/aie_cdo_elfs.bin
Generating: /scratch/luisr/mlir-aie/programming_examples/basic/matrix_multiplication/whole_array/build/aie_512x512x1024_64x64x64_8c.mlir.prj/aie_cdo_init.bin
Generating: /scratch/luisr/mlir-aie/programming_examples/basic/matrix_multiplication/whole_array/build/aie_512x512x1024_64x64x64_8c.mlir.prj/aie_cdo_enable.bin
export XRT_HACK_UNSECURE_LOADING_XCLBIN=1 && \
 ./whole_array.exe -x build/final_512x512x1024_64x64x64_8c.xclbin -i build/insts_512x512x1024_64x64x64_8c.txt -k MLIR_AIE -M 512 -K 512 -N 1024 --iters 40 --warmup 10 --verify=false --b_col_maj 0

Avg NPU matmul time: 794.4us.
Avg NPU gflops: 675.819

Min NPU matmul time: 747us.
Max NPU gflops: 718.703

Max NPU matmul time: 834us.
Min NPU gflops: 643.73

PASS!

rm -rf tmpTrace parse*.json trace*json trace.txt
rm -rf build _build whole_array.exe
rm -rf _build
mkdir -p _build
cd _build &&  cmake -E env CXXFLAGS="-std=c++23 -ggdb -DDTYPE_IN=std::bfloat16_t -DDTYPE_OUT=std::bfloat16_t -DDTYPE_ACC=float" \
	cmake `echo /scratch/luisr/mlir-aie/programming_examples/basic/matrix_multiplication/whole_array/..` -D CMAKE_C_COMPILER=gcc-13 -D CMAKE_CXX_COMPILER=g++-13 -DTARGET_NAME=whole_array -Dsubdir=whole_array
-- The C compiler identification is GNU 13.3.0
-- The CXX compiler identification is GNU 13.3.0
-- Detecting C compiler ABI info
-- Detecting C compiler ABI info - done
-- Check for working C compiler: /usr/bin/gcc-13 - skipped
-- Detecting C compile features
-- Detecting C compile features - done
-- Detecting CXX compiler ABI info
-- Detecting CXX compiler ABI info - done
-- Check for working CXX compiler: /usr/bin/g++-13 - skipped
-- Detecting CXX compile features
-- Detecting CXX compile features - done
-- Configuring done (0.3s)
-- Generating done (0.0s)
-- Build files have been written to: /scratch/luisr/mlir-aie/programming_examples/basic/matrix_multiplication/whole_array/_build
cd _build &&  cmake --build . --config Release
gmake[1]: Entering directory '/scratch/luisr/mlir-aie/programming_examples/basic/matrix_multiplication/whole_array/_build'
gmake[2]: Entering directory '/scratch/luisr/mlir-aie/programming_examples/basic/matrix_multiplication/whole_array/_build'
gmake[3]: Entering directory '/scratch/luisr/mlir-aie/programming_examples/basic/matrix_multiplication/whole_array/_build'
gmake[3]: Leaving directory '/scratch/luisr/mlir-aie/programming_examples/basic/matrix_multiplication/whole_array/_build'
gmake[3]: Entering directory '/scratch/luisr/mlir-aie/programming_examples/basic/matrix_multiplication/whole_array/_build'
[ 33%] Building CXX object CMakeFiles/whole_array.dir/scratch/luisr/mlir-aie/runtime_lib/test_lib/test_utils.cpp.o
[ 66%] Building CXX object CMakeFiles/whole_array.dir/whole_array/test.cpp.o
[100%] Linking CXX executable whole_array
gmake[3]: Leaving directory '/scratch/luisr/mlir-aie/programming_examples/basic/matrix_multiplication/whole_array/_build'
[100%] Built target whole_array
gmake[2]: Leaving directory '/scratch/luisr/mlir-aie/programming_examples/basic/matrix_multiplication/whole_array/_build'
gmake[1]: Leaving directory '/scratch/luisr/mlir-aie/programming_examples/basic/matrix_multiplication/whole_array/_build'
cp _build/whole_array whole_array.exe 
mkdir -p build
python3 /scratch/luisr/mlir-aie/programming_examples/basic/matrix_multiplication/whole_array/whole_array.py -m 64 -k 64 -n 64 --n-aie-cols 8 --b-col-maj 0 --dev npu2 -M 512 -K 512 -N 4096 --dtype_in bf16 --dtype_out bf16 --trace_size 0 > build/aie_512x512x4096_64x64x64_8c.mlir
mkdir -p build
cd build && xchesscc_wrapper aie2p -I /proj/xbuilds/2024.2_INT_1113_1001/installs/all_platforms/Vitis/2024.2/aietools/include  -Dbf16_bf16_ONLY -DDIM_M=64 -DDIM_K=64 -DDIM_N=64 -c /scratch/luisr/mlir-aie/programming_examples/basic/matrix_multiplication/whole_array/../../../../aie_kernels/aie2p/mm.cc -o mm_64x64x64.o
WARNING: Default location for XILINX_VIVADO_IP_OVERRIDE not found: /build/xfndry/IP_2024.2_INTEGRATION_VERIFIED/customer/vivado/data/ip
mkdir -p build
cd build && aiecc.py --alloc-scheme=basic-sequential --aie-generate-xclbin --no-compile-host --xclbin-name=final_512x512x4096_64x64x64_8c.xclbin \
			 \
			--aie-generate-npu-insts --npu-insts-name=insts_512x512x4096_64x64x64_8c.txt ../build/aie_512x512x4096_64x64x64_8c.mlir

Generating: /scratch/luisr/mlir-aie/programming_examples/basic/matrix_multiplication/whole_array/build/aie_512x512x4096_64x64x64_8c.mlir.prj/aie_cdo_elfs.bin
Generating: /scratch/luisr/mlir-aie/programming_examples/basic/matrix_multiplication/whole_array/build/aie_512x512x4096_64x64x64_8c.mlir.prj/aie_cdo_init.bin
Generating: /scratch/luisr/mlir-aie/programming_examples/basic/matrix_multiplication/whole_array/build/aie_512x512x4096_64x64x64_8c.mlir.prj/aie_cdo_enable.bin
export XRT_HACK_UNSECURE_LOADING_XCLBIN=1 && \
 ./whole_array.exe -x build/final_512x512x4096_64x64x64_8c.xclbin -i build/insts_512x512x4096_64x64x64_8c.txt -k MLIR_AIE -M 512 -K 512 -N 4096 --iters 40 --warmup 10 --verify=false --b_col_maj 0

Avg NPU matmul time: 3064.27us.
Avg NPU gflops: 700.813

Min NPU matmul time: 2713us.
Max NPU gflops: 791.553

Max NPU matmul time: 3418us.
Min NPU gflops: 628.287

PASS!

rm -rf tmpTrace parse*.json trace*json trace.txt
rm -rf build _build whole_array.exe
rm -rf _build
mkdir -p _build
cd _build &&  cmake -E env CXXFLAGS="-std=c++23 -ggdb -DDTYPE_IN=std::bfloat16_t -DDTYPE_OUT=std::bfloat16_t -DDTYPE_ACC=float" \
	cmake `echo /scratch/luisr/mlir-aie/programming_examples/basic/matrix_multiplication/whole_array/..` -D CMAKE_C_COMPILER=gcc-13 -D CMAKE_CXX_COMPILER=g++-13 -DTARGET_NAME=whole_array -Dsubdir=whole_array
-- The C compiler identification is GNU 13.3.0
-- The CXX compiler identification is GNU 13.3.0
-- Detecting C compiler ABI info
-- Detecting C compiler ABI info - done
-- Check for working C compiler: /usr/bin/gcc-13 - skipped
-- Detecting C compile features
-- Detecting C compile features - done
-- Detecting CXX compiler ABI info
-- Detecting CXX compiler ABI info - done
-- Check for working CXX compiler: /usr/bin/g++-13 - skipped
-- Detecting CXX compile features
-- Detecting CXX compile features - done
-- Configuring done (0.2s)
-- Generating done (0.0s)
-- Build files have been written to: /scratch/luisr/mlir-aie/programming_examples/basic/matrix_multiplication/whole_array/_build
cd _build &&  cmake --build . --config Release
gmake[1]: Entering directory '/scratch/luisr/mlir-aie/programming_examples/basic/matrix_multiplication/whole_array/_build'
gmake[2]: Entering directory '/scratch/luisr/mlir-aie/programming_examples/basic/matrix_multiplication/whole_array/_build'
gmake[3]: Entering directory '/scratch/luisr/mlir-aie/programming_examples/basic/matrix_multiplication/whole_array/_build'
gmake[3]: Leaving directory '/scratch/luisr/mlir-aie/programming_examples/basic/matrix_multiplication/whole_array/_build'
gmake[3]: Entering directory '/scratch/luisr/mlir-aie/programming_examples/basic/matrix_multiplication/whole_array/_build'
[ 33%] Building CXX object CMakeFiles/whole_array.dir/scratch/luisr/mlir-aie/runtime_lib/test_lib/test_utils.cpp.o
[ 66%] Building CXX object CMakeFiles/whole_array.dir/whole_array/test.cpp.o
[100%] Linking CXX executable whole_array
gmake[3]: Leaving directory '/scratch/luisr/mlir-aie/programming_examples/basic/matrix_multiplication/whole_array/_build'
[100%] Built target whole_array
gmake[2]: Leaving directory '/scratch/luisr/mlir-aie/programming_examples/basic/matrix_multiplication/whole_array/_build'
gmake[1]: Leaving directory '/scratch/luisr/mlir-aie/programming_examples/basic/matrix_multiplication/whole_array/_build'
cp _build/whole_array whole_array.exe 
mkdir -p build
python3 /scratch/luisr/mlir-aie/programming_examples/basic/matrix_multiplication/whole_array/whole_array.py -m 64 -k 64 -n 64 --n-aie-cols 8 --b-col-maj 0 --dev npu2 -M 512 -K 512 -N 8192 --dtype_in bf16 --dtype_out bf16 --trace_size 0 > build/aie_512x512x8192_64x64x64_8c.mlir
mkdir -p build
cd build && xchesscc_wrapper aie2p -I /proj/xbuilds/2024.2_INT_1113_1001/installs/all_platforms/Vitis/2024.2/aietools/include  -Dbf16_bf16_ONLY -DDIM_M=64 -DDIM_K=64 -DDIM_N=64 -c /scratch/luisr/mlir-aie/programming_examples/basic/matrix_multiplication/whole_array/../../../../aie_kernels/aie2p/mm.cc -o mm_64x64x64.o
WARNING: Default location for XILINX_VIVADO_IP_OVERRIDE not found: /build/xfndry/IP_2024.2_INTEGRATION_VERIFIED/customer/vivado/data/ip
mkdir -p build
cd build && aiecc.py --alloc-scheme=basic-sequential --aie-generate-xclbin --no-compile-host --xclbin-name=final_512x512x8192_64x64x64_8c.xclbin \
			 \
			--aie-generate-npu-insts --npu-insts-name=insts_512x512x8192_64x64x64_8c.txt ../build/aie_512x512x8192_64x64x64_8c.mlir

Generating: /scratch/luisr/mlir-aie/programming_examples/basic/matrix_multiplication/whole_array/build/aie_512x512x8192_64x64x64_8c.mlir.prj/aie_cdo_elfs.bin
Generating: /scratch/luisr/mlir-aie/programming_examples/basic/matrix_multiplication/whole_array/build/aie_512x512x8192_64x64x64_8c.mlir.prj/aie_cdo_init.bin
Generating: /scratch/luisr/mlir-aie/programming_examples/basic/matrix_multiplication/whole_array/build/aie_512x512x8192_64x64x64_8c.mlir.prj/aie_cdo_enable.bin
export XRT_HACK_UNSECURE_LOADING_XCLBIN=1 && \
 ./whole_array.exe -x build/final_512x512x8192_64x64x64_8c.xclbin -i build/insts_512x512x8192_64x64x64_8c.txt -k MLIR_AIE -M 512 -K 512 -N 8192 --iters 40 --warmup 10 --verify=false --b_col_maj 0

Avg NPU matmul time: 5618.5us.
Avg NPU gflops: 764.433

Min NPU matmul time: 5275us.
Max NPU gflops: 814.212

Max NPU matmul time: 5974us.
Min NPU gflops: 718.943

PASS!

rm -rf tmpTrace parse*.json trace*json trace.txt
rm -rf build _build whole_array.exe
rm -rf _build
mkdir -p _build
cd _build &&  cmake -E env CXXFLAGS="-std=c++23 -ggdb -DDTYPE_IN=std::bfloat16_t -DDTYPE_OUT=std::bfloat16_t -DDTYPE_ACC=float" \
	cmake `echo /scratch/luisr/mlir-aie/programming_examples/basic/matrix_multiplication/whole_array/..` -D CMAKE_C_COMPILER=gcc-13 -D CMAKE_CXX_COMPILER=g++-13 -DTARGET_NAME=whole_array -Dsubdir=whole_array
-- The C compiler identification is GNU 13.3.0
-- The CXX compiler identification is GNU 13.3.0
-- Detecting C compiler ABI info
-- Detecting C compiler ABI info - done
-- Check for working C compiler: /usr/bin/gcc-13 - skipped
-- Detecting C compile features
-- Detecting C compile features - done
-- Detecting CXX compiler ABI info
-- Detecting CXX compiler ABI info - done
-- Check for working CXX compiler: /usr/bin/g++-13 - skipped
-- Detecting CXX compile features
-- Detecting CXX compile features - done
-- Configuring done (0.3s)
-- Generating done (0.0s)
-- Build files have been written to: /scratch/luisr/mlir-aie/programming_examples/basic/matrix_multiplication/whole_array/_build
cd _build &&  cmake --build . --config Release
gmake[1]: Entering directory '/scratch/luisr/mlir-aie/programming_examples/basic/matrix_multiplication/whole_array/_build'
gmake[2]: Entering directory '/scratch/luisr/mlir-aie/programming_examples/basic/matrix_multiplication/whole_array/_build'
gmake[3]: Entering directory '/scratch/luisr/mlir-aie/programming_examples/basic/matrix_multiplication/whole_array/_build'
gmake[3]: Leaving directory '/scratch/luisr/mlir-aie/programming_examples/basic/matrix_multiplication/whole_array/_build'
gmake[3]: Entering directory '/scratch/luisr/mlir-aie/programming_examples/basic/matrix_multiplication/whole_array/_build'
[ 33%] Building CXX object CMakeFiles/whole_array.dir/scratch/luisr/mlir-aie/runtime_lib/test_lib/test_utils.cpp.o
[ 66%] Building CXX object CMakeFiles/whole_array.dir/whole_array/test.cpp.o
[100%] Linking CXX executable whole_array
gmake[3]: Leaving directory '/scratch/luisr/mlir-aie/programming_examples/basic/matrix_multiplication/whole_array/_build'
[100%] Built target whole_array
gmake[2]: Leaving directory '/scratch/luisr/mlir-aie/programming_examples/basic/matrix_multiplication/whole_array/_build'
gmake[1]: Leaving directory '/scratch/luisr/mlir-aie/programming_examples/basic/matrix_multiplication/whole_array/_build'
cp _build/whole_array whole_array.exe 
mkdir -p build
python3 /scratch/luisr/mlir-aie/programming_examples/basic/matrix_multiplication/whole_array/whole_array.py -m 64 -k 64 -n 64 --n-aie-cols 8 --b-col-maj 0 --dev npu2 -M 512 -K 1024 -N 512 --dtype_in bf16 --dtype_out bf16 --trace_size 0 > build/aie_512x1024x512_64x64x64_8c.mlir
mkdir -p build
cd build && xchesscc_wrapper aie2p -I /proj/xbuilds/2024.2_INT_1113_1001/installs/all_platforms/Vitis/2024.2/aietools/include  -Dbf16_bf16_ONLY -DDIM_M=64 -DDIM_K=64 -DDIM_N=64 -c /scratch/luisr/mlir-aie/programming_examples/basic/matrix_multiplication/whole_array/../../../../aie_kernels/aie2p/mm.cc -o mm_64x64x64.o
WARNING: Default location for XILINX_VIVADO_IP_OVERRIDE not found: /build/xfndry/IP_2024.2_INTEGRATION_VERIFIED/customer/vivado/data/ip
mkdir -p build
cd build && aiecc.py --alloc-scheme=basic-sequential --aie-generate-xclbin --no-compile-host --xclbin-name=final_512x1024x512_64x64x64_8c.xclbin \
			 \
			--aie-generate-npu-insts --npu-insts-name=insts_512x1024x512_64x64x64_8c.txt ../build/aie_512x1024x512_64x64x64_8c.mlir

Generating: /scratch/luisr/mlir-aie/programming_examples/basic/matrix_multiplication/whole_array/build/aie_512x1024x512_64x64x64_8c.mlir.prj/aie_cdo_elfs.bin
rm -rf tmpTrace parse*.json trace*json trace.txt
rm -rf build _build whole_array.exe
rm -rf _build
mkdir -p _build
cd _build &&  cmake -E env CXXFLAGS="-std=c++23 -ggdb -DDTYPE_IN=std::bfloat16_t -DDTYPE_OUT=std::bfloat16_t -DDTYPE_ACC=float" \
	cmake `echo /scratch/luisr/mlir-aie/programming_examples/basic/matrix_multiplication/whole_array/..` -D CMAKE_C_COMPILER=gcc-13 -D CMAKE_CXX_COMPILER=g++-13 -DTARGET_NAME=whole_array -Dsubdir=whole_array
-- The C compiler identification is GNU 13.3.0
-- The CXX compiler identification is GNU 13.3.0
-- Detecting C compiler ABI info
-- Detecting C compiler ABI info - done
-- Check for working C compiler: /usr/bin/gcc-13 - skipped
-- Detecting C compile features
-- Detecting C compile features - done
-- Detecting CXX compiler ABI info
-- Detecting CXX compiler ABI info - done
-- Check for working CXX compiler: /usr/bin/g++-13 - skipped
-- Detecting CXX compile features
-- Detecting CXX compile features - done
-- Configuring done (0.3s)
-- Generating done (0.0s)
-- Build files have been written to: /scratch/luisr/mlir-aie/programming_examples/basic/matrix_multiplication/whole_array/_build
cd _build &&  cmake --build . --config Release
gmake[1]: Entering directory '/scratch/luisr/mlir-aie/programming_examples/basic/matrix_multiplication/whole_array/_build'
gmake[2]: Entering directory '/scratch/luisr/mlir-aie/programming_examples/basic/matrix_multiplication/whole_array/_build'
gmake[3]: Entering directory '/scratch/luisr/mlir-aie/programming_examples/basic/matrix_multiplication/whole_array/_build'
gmake[3]: Leaving directory '/scratch/luisr/mlir-aie/programming_examples/basic/matrix_multiplication/whole_array/_build'
gmake[3]: Entering directory '/scratch/luisr/mlir-aie/programming_examples/basic/matrix_multiplication/whole_array/_build'
[ 33%] Building CXX object CMakeFiles/whole_array.dir/scratch/luisr/mlir-aie/runtime_lib/test_lib/test_utils.cpp.o
[ 66%] Building CXX object CMakeFiles/whole_array.dir/whole_array/test.cpp.o
[100%] Linking CXX executable whole_array
gmake[3]: Leaving directory '/scratch/luisr/mlir-aie/programming_examples/basic/matrix_multiplication/whole_array/_build'
[100%] Built target whole_array
gmake[2]: Leaving directory '/scratch/luisr/mlir-aie/programming_examples/basic/matrix_multiplication/whole_array/_build'
gmake[1]: Leaving directory '/scratch/luisr/mlir-aie/programming_examples/basic/matrix_multiplication/whole_array/_build'
cp _build/whole_array whole_array.exe 
mkdir -p build
python3 /scratch/luisr/mlir-aie/programming_examples/basic/matrix_multiplication/whole_array/whole_array.py -m 64 -k 64 -n 64 --n-aie-cols 8 --b-col-maj 0 --dev npu2 -M 512 -K 1024 -N 1024 --dtype_in bf16 --dtype_out bf16 --trace_size 0 > build/aie_512x1024x1024_64x64x64_8c.mlir
mkdir -p build
cd build && xchesscc_wrapper aie2p -I /proj/xbuilds/2024.2_INT_1113_1001/installs/all_platforms/Vitis/2024.2/aietools/include  -Dbf16_bf16_ONLY -DDIM_M=64 -DDIM_K=64 -DDIM_N=64 -c /scratch/luisr/mlir-aie/programming_examples/basic/matrix_multiplication/whole_array/../../../../aie_kernels/aie2p/mm.cc -o mm_64x64x64.o
WARNING: Default location for XILINX_VIVADO_IP_OVERRIDE not found: /build/xfndry/IP_2024.2_INTEGRATION_VERIFIED/customer/vivado/data/ip
mkdir -p build
cd build && aiecc.py --alloc-scheme=basic-sequential --aie-generate-xclbin --no-compile-host --xclbin-name=final_512x1024x1024_64x64x64_8c.xclbin \
			 \
			--aie-generate-npu-insts --npu-insts-name=insts_512x1024x1024_64x64x64_8c.txt ../build/aie_512x1024x1024_64x64x64_8c.mlir

Generating: /scratch/luisr/mlir-aie/programming_examples/basic/matrix_multiplication/whole_array/build/aie_512x1024x1024_64x64x64_8c.mlir.prj/aie_cdo_elfs.bin
Generating: /scratch/luisr/mlir-aie/programming_examples/basic/matrix_multiplication/whole_array/build/aie_512x1024x1024_64x64x64_8c.mlir.prj/aie_cdo_init.bin
Generating: /scratch/luisr/mlir-aie/programming_examples/basic/matrix_multiplication/whole_array/build/aie_512x1024x1024_64x64x64_8c.mlir.prj/aie_cdo_enable.bin
export XRT_HACK_UNSECURE_LOADING_XCLBIN=1 && \
 ./whole_array.exe -x build/final_512x1024x1024_64x64x64_8c.xclbin -i build/insts_512x1024x1024_64x64x64_8c.txt -k MLIR_AIE -M 512 -K 1024 -N 1024 --iters 40 --warmup 10 --verify=false --b_col_maj 0

Avg NPU matmul time: 1537.72us.
Avg NPU gflops: 698.266

Min NPU matmul time: 1394us.
Max NPU gflops: 770.26

Max NPU matmul time: 2019us.
Min NPU gflops: 531.819

PASS!

rm -rf tmpTrace parse*.json trace*json trace.txt
rm -rf build _build whole_array.exe
rm -rf _build
mkdir -p _build
cd _build &&  cmake -E env CXXFLAGS="-std=c++23 -ggdb -DDTYPE_IN=std::bfloat16_t -DDTYPE_OUT=std::bfloat16_t -DDTYPE_ACC=float" \
	cmake `echo /scratch/luisr/mlir-aie/programming_examples/basic/matrix_multiplication/whole_array/..` -D CMAKE_C_COMPILER=gcc-13 -D CMAKE_CXX_COMPILER=g++-13 -DTARGET_NAME=whole_array -Dsubdir=whole_array
-- The C compiler identification is GNU 13.3.0
-- The CXX compiler identification is GNU 13.3.0
-- Detecting C compiler ABI info
-- Detecting C compiler ABI info - done
-- Check for working C compiler: /usr/bin/gcc-13 - skipped
-- Detecting C compile features
-- Detecting C compile features - done
-- Detecting CXX compiler ABI info
-- Detecting CXX compiler ABI info - done
-- Check for working CXX compiler: /usr/bin/g++-13 - skipped
-- Detecting CXX compile features
-- Detecting CXX compile features - done
-- Configuring done (0.3s)
-- Generating done (0.0s)
-- Build files have been written to: /scratch/luisr/mlir-aie/programming_examples/basic/matrix_multiplication/whole_array/_build
cd _build &&  cmake --build . --config Release
gmake[1]: Entering directory '/scratch/luisr/mlir-aie/programming_examples/basic/matrix_multiplication/whole_array/_build'
gmake[2]: Entering directory '/scratch/luisr/mlir-aie/programming_examples/basic/matrix_multiplication/whole_array/_build'
gmake[3]: Entering directory '/scratch/luisr/mlir-aie/programming_examples/basic/matrix_multiplication/whole_array/_build'
gmake[3]: Leaving directory '/scratch/luisr/mlir-aie/programming_examples/basic/matrix_multiplication/whole_array/_build'
gmake[3]: Entering directory '/scratch/luisr/mlir-aie/programming_examples/basic/matrix_multiplication/whole_array/_build'
[ 33%] Building CXX object CMakeFiles/whole_array.dir/scratch/luisr/mlir-aie/runtime_lib/test_lib/test_utils.cpp.o
[ 66%] Building CXX object CMakeFiles/whole_array.dir/whole_array/test.cpp.o
[100%] Linking CXX executable whole_array
gmake[3]: Leaving directory '/scratch/luisr/mlir-aie/programming_examples/basic/matrix_multiplication/whole_array/_build'
[100%] Built target whole_array
gmake[2]: Leaving directory '/scratch/luisr/mlir-aie/programming_examples/basic/matrix_multiplication/whole_array/_build'
gmake[1]: Leaving directory '/scratch/luisr/mlir-aie/programming_examples/basic/matrix_multiplication/whole_array/_build'
cp _build/whole_array whole_array.exe 
mkdir -p build
python3 /scratch/luisr/mlir-aie/programming_examples/basic/matrix_multiplication/whole_array/whole_array.py -m 64 -k 64 -n 64 --n-aie-cols 8 --b-col-maj 0 --dev npu2 -M 512 -K 1024 -N 4096 --dtype_in bf16 --dtype_out bf16 --trace_size 0 > build/aie_512x1024x4096_64x64x64_8c.mlir
mkdir -p build
cd build && xchesscc_wrapper aie2p -I /proj/xbuilds/2024.2_INT_1113_1001/installs/all_platforms/Vitis/2024.2/aietools/include  -Dbf16_bf16_ONLY -DDIM_M=64 -DDIM_K=64 -DDIM_N=64 -c /scratch/luisr/mlir-aie/programming_examples/basic/matrix_multiplication/whole_array/../../../../aie_kernels/aie2p/mm.cc -o mm_64x64x64.o
WARNING: Default location for XILINX_VIVADO_IP_OVERRIDE not found: /build/xfndry/IP_2024.2_INTEGRATION_VERIFIED/customer/vivado/data/ip
mkdir -p build
cd build && aiecc.py --alloc-scheme=basic-sequential --aie-generate-xclbin --no-compile-host --xclbin-name=final_512x1024x4096_64x64x64_8c.xclbin \
			 \
			--aie-generate-npu-insts --npu-insts-name=insts_512x1024x4096_64x64x64_8c.txt ../build/aie_512x1024x4096_64x64x64_8c.mlir

Generating: /scratch/luisr/mlir-aie/programming_examples/basic/matrix_multiplication/whole_array/build/aie_512x1024x4096_64x64x64_8c.mlir.prj/aie_cdo_elfs.bin
Generating: /scratch/luisr/mlir-aie/programming_examples/basic/matrix_multiplication/whole_array/build/aie_512x1024x4096_64x64x64_8c.mlir.prj/aie_cdo_init.bin
Generating: /scratch/luisr/mlir-aie/programming_examples/basic/matrix_multiplication/whole_array/build/aie_512x1024x4096_64x64x64_8c.mlir.prj/aie_cdo_enable.bin
export XRT_HACK_UNSECURE_LOADING_XCLBIN=1 && \
 ./whole_array.exe -x build/final_512x1024x4096_64x64x64_8c.xclbin -i build/insts_512x1024x4096_64x64x64_8c.txt -k MLIR_AIE -M 512 -K 1024 -N 4096 --iters 40 --warmup 10 --verify=false --b_col_maj 0

Avg NPU matmul time: 5482.1us.
Avg NPU gflops: 783.453

Min NPU matmul time: 5266us.
Max NPU gflops: 815.603

Max NPU matmul time: 6007us.
Min NPU gflops: 714.994

PASS!

rm -rf tmpTrace parse*.json trace*json trace.txt
rm -rf build _build whole_array.exe
rm -rf _build
mkdir -p _build
cd _build &&  cmake -E env CXXFLAGS="-std=c++23 -ggdb -DDTYPE_IN=std::bfloat16_t -DDTYPE_OUT=std::bfloat16_t -DDTYPE_ACC=float" \
	cmake `echo /scratch/luisr/mlir-aie/programming_examples/basic/matrix_multiplication/whole_array/..` -D CMAKE_C_COMPILER=gcc-13 -D CMAKE_CXX_COMPILER=g++-13 -DTARGET_NAME=whole_array -Dsubdir=whole_array
-- The C compiler identification is GNU 13.3.0
-- The CXX compiler identification is GNU 13.3.0
-- Detecting C compiler ABI info
-- Detecting C compiler ABI info - done
-- Check for working C compiler: /usr/bin/gcc-13 - skipped
-- Detecting C compile features
-- Detecting C compile features - done
-- Detecting CXX compiler ABI info
-- Detecting CXX compiler ABI info - done
-- Check for working CXX compiler: /usr/bin/g++-13 - skipped
-- Detecting CXX compile features
-- Detecting CXX compile features - done
-- Configuring done (0.2s)
-- Generating done (0.0s)
-- Build files have been written to: /scratch/luisr/mlir-aie/programming_examples/basic/matrix_multiplication/whole_array/_build
cd _build &&  cmake --build . --config Release
gmake[1]: Entering directory '/scratch/luisr/mlir-aie/programming_examples/basic/matrix_multiplication/whole_array/_build'
gmake[2]: Entering directory '/scratch/luisr/mlir-aie/programming_examples/basic/matrix_multiplication/whole_array/_build'
gmake[3]: Entering directory '/scratch/luisr/mlir-aie/programming_examples/basic/matrix_multiplication/whole_array/_build'
gmake[3]: Leaving directory '/scratch/luisr/mlir-aie/programming_examples/basic/matrix_multiplication/whole_array/_build'
gmake[3]: Entering directory '/scratch/luisr/mlir-aie/programming_examples/basic/matrix_multiplication/whole_array/_build'
[ 33%] Building CXX object CMakeFiles/whole_array.dir/scratch/luisr/mlir-aie/runtime_lib/test_lib/test_utils.cpp.o
[ 66%] Building CXX object CMakeFiles/whole_array.dir/whole_array/test.cpp.o
[100%] Linking CXX executable whole_array
gmake[3]: Leaving directory '/scratch/luisr/mlir-aie/programming_examples/basic/matrix_multiplication/whole_array/_build'
[100%] Built target whole_array
gmake[2]: Leaving directory '/scratch/luisr/mlir-aie/programming_examples/basic/matrix_multiplication/whole_array/_build'
gmake[1]: Leaving directory '/scratch/luisr/mlir-aie/programming_examples/basic/matrix_multiplication/whole_array/_build'
cp _build/whole_array whole_array.exe 
mkdir -p build
python3 /scratch/luisr/mlir-aie/programming_examples/basic/matrix_multiplication/whole_array/whole_array.py -m 64 -k 64 -n 64 --n-aie-cols 8 --b-col-maj 0 --dev npu2 -M 512 -K 1024 -N 8192 --dtype_in bf16 --dtype_out bf16 --trace_size 0 > build/aie_512x1024x8192_64x64x64_8c.mlir
mkdir -p build
cd build && xchesscc_wrapper aie2p -I /proj/xbuilds/2024.2_INT_1113_1001/installs/all_platforms/Vitis/2024.2/aietools/include  -Dbf16_bf16_ONLY -DDIM_M=64 -DDIM_K=64 -DDIM_N=64 -c /scratch/luisr/mlir-aie/programming_examples/basic/matrix_multiplication/whole_array/../../../../aie_kernels/aie2p/mm.cc -o mm_64x64x64.o
WARNING: Default location for XILINX_VIVADO_IP_OVERRIDE not found: /build/xfndry/IP_2024.2_INTEGRATION_VERIFIED/customer/vivado/data/ip
mkdir -p build
cd build && aiecc.py --alloc-scheme=basic-sequential --aie-generate-xclbin --no-compile-host --xclbin-name=final_512x1024x8192_64x64x64_8c.xclbin \
			 \
			--aie-generate-npu-insts --npu-insts-name=insts_512x1024x8192_64x64x64_8c.txt ../build/aie_512x1024x8192_64x64x64_8c.mlir

Generating: /scratch/luisr/mlir-aie/programming_examples/basic/matrix_multiplication/whole_array/build/aie_512x1024x8192_64x64x64_8c.mlir.prj/aie_cdo_elfs.bin
Generating: /scratch/luisr/mlir-aie/programming_examples/basic/matrix_multiplication/whole_array/build/aie_512x1024x8192_64x64x64_8c.mlir.prj/aie_cdo_init.bin
Generating: /scratch/luisr/mlir-aie/programming_examples/basic/matrix_multiplication/whole_array/build/aie_512x1024x8192_64x64x64_8c.mlir.prj/aie_cdo_enable.bin
export XRT_HACK_UNSECURE_LOADING_XCLBIN=1 && \
 ./whole_array.exe -x build/final_512x1024x8192_64x64x64_8c.xclbin -i build/insts_512x1024x8192_64x64x64_8c.txt -k MLIR_AIE -M 512 -K 1024 -N 8192 --iters 40 --warmup 10 --verify=false --b_col_maj 0

Avg NPU matmul time: 10940.3us.
Avg NPU gflops: 785.161

Min NPU matmul time: 10519us.
Max NPU gflops: 816.611

Max NPU matmul time: 12471us.
Min NPU gflops: 688.793

PASS!

rm -rf tmpTrace parse*.json trace*json trace.txt
rm -rf build _build whole_array.exe
rm -rf _build
mkdir -p _build
cd _build &&  cmake -E env CXXFLAGS="-std=c++23 -ggdb -DDTYPE_IN=std::bfloat16_t -DDTYPE_OUT=std::bfloat16_t -DDTYPE_ACC=float" \
	cmake `echo /scratch/luisr/mlir-aie/programming_examples/basic/matrix_multiplication/whole_array/..` -D CMAKE_C_COMPILER=gcc-13 -D CMAKE_CXX_COMPILER=g++-13 -DTARGET_NAME=whole_array -Dsubdir=whole_array
-- The C compiler identification is GNU 13.3.0
-- The CXX compiler identification is GNU 13.3.0
-- Detecting C compiler ABI info
-- Detecting C compiler ABI info - done
-- Check for working C compiler: /usr/bin/gcc-13 - skipped
-- Detecting C compile features
-- Detecting C compile features - done
-- Detecting CXX compiler ABI info
-- Detecting CXX compiler ABI info - done
-- Check for working CXX compiler: /usr/bin/g++-13 - skipped
-- Detecting CXX compile features
-- Detecting CXX compile features - done
-- Configuring done (0.2s)
-- Generating done (0.0s)
-- Build files have been written to: /scratch/luisr/mlir-aie/programming_examples/basic/matrix_multiplication/whole_array/_build
cd _build &&  cmake --build . --config Release
gmake[1]: Entering directory '/scratch/luisr/mlir-aie/programming_examples/basic/matrix_multiplication/whole_array/_build'
gmake[2]: Entering directory '/scratch/luisr/mlir-aie/programming_examples/basic/matrix_multiplication/whole_array/_build'
gmake[3]: Entering directory '/scratch/luisr/mlir-aie/programming_examples/basic/matrix_multiplication/whole_array/_build'
gmake[3]: Leaving directory '/scratch/luisr/mlir-aie/programming_examples/basic/matrix_multiplication/whole_array/_build'
gmake[3]: Entering directory '/scratch/luisr/mlir-aie/programming_examples/basic/matrix_multiplication/whole_array/_build'
[ 33%] Building CXX object CMakeFiles/whole_array.dir/scratch/luisr/mlir-aie/runtime_lib/test_lib/test_utils.cpp.o
[ 66%] Building CXX object CMakeFiles/whole_array.dir/whole_array/test.cpp.o
[100%] Linking CXX executable whole_array
gmake[3]: Leaving directory '/scratch/luisr/mlir-aie/programming_examples/basic/matrix_multiplication/whole_array/_build'
[100%] Built target whole_array
gmake[2]: Leaving directory '/scratch/luisr/mlir-aie/programming_examples/basic/matrix_multiplication/whole_array/_build'
gmake[1]: Leaving directory '/scratch/luisr/mlir-aie/programming_examples/basic/matrix_multiplication/whole_array/_build'
cp _build/whole_array whole_array.exe 
mkdir -p build
python3 /scratch/luisr/mlir-aie/programming_examples/basic/matrix_multiplication/whole_array/whole_array.py -m 64 -k 64 -n 64 --n-aie-cols 8 --b-col-maj 0 --dev npu2 -M 512 -K 4096 -N 512 --dtype_in bf16 --dtype_out bf16 --trace_size 0 > build/aie_512x4096x512_64x64x64_8c.mlir
mkdir -p build
cd build && xchesscc_wrapper aie2p -I /proj/xbuilds/2024.2_INT_1113_1001/installs/all_platforms/Vitis/2024.2/aietools/include  -Dbf16_bf16_ONLY -DDIM_M=64 -DDIM_K=64 -DDIM_N=64 -c /scratch/luisr/mlir-aie/programming_examples/basic/matrix_multiplication/whole_array/../../../../aie_kernels/aie2p/mm.cc -o mm_64x64x64.o
WARNING: Default location for XILINX_VIVADO_IP_OVERRIDE not found: /build/xfndry/IP_2024.2_INTEGRATION_VERIFIED/customer/vivado/data/ip
mkdir -p build
cd build && aiecc.py --alloc-scheme=basic-sequential --aie-generate-xclbin --no-compile-host --xclbin-name=final_512x4096x512_64x64x64_8c.xclbin \
			 \
			--aie-generate-npu-insts --npu-insts-name=insts_512x4096x512_64x64x64_8c.txt ../build/aie_512x4096x512_64x64x64_8c.mlir

Generating: /scratch/luisr/mlir-aie/programming_examples/basic/matrix_multiplication/whole_array/build/aie_512x4096x512_64x64x64_8c.mlir.prj/aie_cdo_elfs.bin
Generating: /scratch/luisr/mlir-aie/programming_examples/basic/matrix_multiplication/whole_array/build/aie_512x4096x512_64x64x64_8c.mlir.prj/aie_cdo_init.bin
Generating: /scratch/luisr/mlir-aie/programming_examples/basic/matrix_multiplication/whole_array/build/aie_512x4096x512_64x64x64_8c.mlir.prj/aie_cdo_enable.bin
export XRT_HACK_UNSECURE_LOADING_XCLBIN=1 && \
 ./whole_array.exe -x build/final_512x4096x512_64x64x64_8c.xclbin -i build/insts_512x4096x512_64x64x64_8c.txt -k MLIR_AIE -M 512 -K 4096 -N 512 --iters 40 --warmup 10 --verify=false --b_col_maj 0

Avg NPU matmul time: 2723.32us.
Avg NPU gflops: 788.552

Min NPU matmul time: 2684us.
Max NPU gflops: 800.106

Max NPU matmul time: 3076us.
Min NPU gflops: 698.142

PASS!

rm -rf tmpTrace parse*.json trace*json trace.txt
rm -rf build _build whole_array.exe
rm -rf _build
mkdir -p _build
cd _build &&  cmake -E env CXXFLAGS="-std=c++23 -ggdb -DDTYPE_IN=std::bfloat16_t -DDTYPE_OUT=std::bfloat16_t -DDTYPE_ACC=float" \
	cmake `echo /scratch/luisr/mlir-aie/programming_examples/basic/matrix_multiplication/whole_array/..` -D CMAKE_C_COMPILER=gcc-13 -D CMAKE_CXX_COMPILER=g++-13 -DTARGET_NAME=whole_array -Dsubdir=whole_array
-- The C compiler identification is GNU 13.3.0
-- The CXX compiler identification is GNU 13.3.0
-- Detecting C compiler ABI info
-- Detecting C compiler ABI info - done
-- Check for working C compiler: /usr/bin/gcc-13 - skipped
-- Detecting C compile features
-- Detecting C compile features - done
-- Detecting CXX compiler ABI info
-- Detecting CXX compiler ABI info - done
-- Check for working CXX compiler: /usr/bin/g++-13 - skipped
-- Detecting CXX compile features
-- Detecting CXX compile features - done
-- Configuring done (0.3s)
-- Generating done (0.0s)
-- Build files have been written to: /scratch/luisr/mlir-aie/programming_examples/basic/matrix_multiplication/whole_array/_build
cd _build &&  cmake --build . --config Release
gmake[1]: Entering directory '/scratch/luisr/mlir-aie/programming_examples/basic/matrix_multiplication/whole_array/_build'
gmake[2]: Entering directory '/scratch/luisr/mlir-aie/programming_examples/basic/matrix_multiplication/whole_array/_build'
gmake[3]: Entering directory '/scratch/luisr/mlir-aie/programming_examples/basic/matrix_multiplication/whole_array/_build'
gmake[3]: Leaving directory '/scratch/luisr/mlir-aie/programming_examples/basic/matrix_multiplication/whole_array/_build'
gmake[3]: Entering directory '/scratch/luisr/mlir-aie/programming_examples/basic/matrix_multiplication/whole_array/_build'
[ 33%] Building CXX object CMakeFiles/whole_array.dir/scratch/luisr/mlir-aie/runtime_lib/test_lib/test_utils.cpp.o
[ 66%] Building CXX object CMakeFiles/whole_array.dir/whole_array/test.cpp.o
[100%] Linking CXX executable whole_array
gmake[3]: Leaving directory '/scratch/luisr/mlir-aie/programming_examples/basic/matrix_multiplication/whole_array/_build'
[100%] Built target whole_array
gmake[2]: Leaving directory '/scratch/luisr/mlir-aie/programming_examples/basic/matrix_multiplication/whole_array/_build'
gmake[1]: Leaving directory '/scratch/luisr/mlir-aie/programming_examples/basic/matrix_multiplication/whole_array/_build'
cp _build/whole_array whole_array.exe 
mkdir -p build
python3 /scratch/luisr/mlir-aie/programming_examples/basic/matrix_multiplication/whole_array/whole_array.py -m 64 -k 64 -n 64 --n-aie-cols 8 --b-col-maj 0 --dev npu2 -M 512 -K 4096 -N 1024 --dtype_in bf16 --dtype_out bf16 --trace_size 0 > build/aie_512x4096x1024_64x64x64_8c.mlir
mkdir -p build
cd build && xchesscc_wrapper aie2p -I /proj/xbuilds/2024.2_INT_1113_1001/installs/all_platforms/Vitis/2024.2/aietools/include  -Dbf16_bf16_ONLY -DDIM_M=64 -DDIM_K=64 -DDIM_N=64 -c /scratch/luisr/mlir-aie/programming_examples/basic/matrix_multiplication/whole_array/../../../../aie_kernels/aie2p/mm.cc -o mm_64x64x64.o
WARNING: Default location for XILINX_VIVADO_IP_OVERRIDE not found: /build/xfndry/IP_2024.2_INTEGRATION_VERIFIED/customer/vivado/data/ip
mkdir -p build
cd build && aiecc.py --alloc-scheme=basic-sequential --aie-generate-xclbin --no-compile-host --xclbin-name=final_512x4096x1024_64x64x64_8c.xclbin \
			 \
			--aie-generate-npu-insts --npu-insts-name=insts_512x4096x1024_64x64x64_8c.txt ../build/aie_512x4096x1024_64x64x64_8c.mlir

Generating: /scratch/luisr/mlir-aie/programming_examples/basic/matrix_multiplication/whole_array/build/aie_512x4096x1024_64x64x64_8c.mlir.prj/aie_cdo_elfs.bin
Generating: /scratch/luisr/mlir-aie/programming_examples/basic/matrix_multiplication/whole_array/build/aie_512x4096x1024_64x64x64_8c.mlir.prj/aie_cdo_init.bin
Generating: /scratch/luisr/mlir-aie/programming_examples/basic/matrix_multiplication/whole_array/build/aie_512x4096x1024_64x64x64_8c.mlir.prj/aie_cdo_enable.bin
export XRT_HACK_UNSECURE_LOADING_XCLBIN=1 && \
 ./whole_array.exe -x build/final_512x4096x1024_64x64x64_8c.xclbin -i build/insts_512x4096x1024_64x64x64_8c.txt -k MLIR_AIE -M 512 -K 4096 -N 1024 --iters 40 --warmup 10 --verify=false --b_col_maj 0

Avg NPU matmul time: 5641.5us.
Avg NPU gflops: 761.317

Min NPU matmul time: 5307us.
Max NPU gflops: 809.302

Max NPU matmul time: 5957us.
Min NPU gflops: 720.995

PASS!

rm -rf tmpTrace parse*.json trace*json trace.txt
rm -rf build _build whole_array.exe
rm -rf _build
mkdir -p _build
cd _build &&  cmake -E env CXXFLAGS="-std=c++23 -ggdb -DDTYPE_IN=std::bfloat16_t -DDTYPE_OUT=std::bfloat16_t -DDTYPE_ACC=float" \
	cmake `echo /scratch/luisr/mlir-aie/programming_examples/basic/matrix_multiplication/whole_array/..` -D CMAKE_C_COMPILER=gcc-13 -D CMAKE_CXX_COMPILER=g++-13 -DTARGET_NAME=whole_array -Dsubdir=whole_array
-- The C compiler identification is GNU 13.3.0
-- The CXX compiler identification is GNU 13.3.0
-- Detecting C compiler ABI info
-- Detecting C compiler ABI info - done
-- Check for working C compiler: /usr/bin/gcc-13 - skipped
-- Detecting C compile features
-- Detecting C compile features - done
-- Detecting CXX compiler ABI info
-- Detecting CXX compiler ABI info - done
-- Check for working CXX compiler: /usr/bin/g++-13 - skipped
-- Detecting CXX compile features
-- Detecting CXX compile features - done
-- Configuring done (0.3s)
-- Generating done (0.0s)
-- Build files have been written to: /scratch/luisr/mlir-aie/programming_examples/basic/matrix_multiplication/whole_array/_build
cd _build &&  cmake --build . --config Release
gmake[1]: Entering directory '/scratch/luisr/mlir-aie/programming_examples/basic/matrix_multiplication/whole_array/_build'
gmake[2]: Entering directory '/scratch/luisr/mlir-aie/programming_examples/basic/matrix_multiplication/whole_array/_build'
gmake[3]: Entering directory '/scratch/luisr/mlir-aie/programming_examples/basic/matrix_multiplication/whole_array/_build'
gmake[3]: Leaving directory '/scratch/luisr/mlir-aie/programming_examples/basic/matrix_multiplication/whole_array/_build'
gmake[3]: Entering directory '/scratch/luisr/mlir-aie/programming_examples/basic/matrix_multiplication/whole_array/_build'
[ 33%] Building CXX object CMakeFiles/whole_array.dir/scratch/luisr/mlir-aie/runtime_lib/test_lib/test_utils.cpp.o
[ 66%] Building CXX object CMakeFiles/whole_array.dir/whole_array/test.cpp.o
[100%] Linking CXX executable whole_array
gmake[3]: Leaving directory '/scratch/luisr/mlir-aie/programming_examples/basic/matrix_multiplication/whole_array/_build'
[100%] Built target whole_array
gmake[2]: Leaving directory '/scratch/luisr/mlir-aie/programming_examples/basic/matrix_multiplication/whole_array/_build'
gmake[1]: Leaving directory '/scratch/luisr/mlir-aie/programming_examples/basic/matrix_multiplication/whole_array/_build'
cp _build/whole_array whole_array.exe 
mkdir -p build
python3 /scratch/luisr/mlir-aie/programming_examples/basic/matrix_multiplication/whole_array/whole_array.py -m 64 -k 64 -n 64 --n-aie-cols 8 --b-col-maj 0 --dev npu2 -M 512 -K 4096 -N 4096 --dtype_in bf16 --dtype_out bf16 --trace_size 0 > build/aie_512x4096x4096_64x64x64_8c.mlir
mkdir -p build
cd build && xchesscc_wrapper aie2p -I /proj/xbuilds/2024.2_INT_1113_1001/installs/all_platforms/Vitis/2024.2/aietools/include  -Dbf16_bf16_ONLY -DDIM_M=64 -DDIM_K=64 -DDIM_N=64 -c /scratch/luisr/mlir-aie/programming_examples/basic/matrix_multiplication/whole_array/../../../../aie_kernels/aie2p/mm.cc -o mm_64x64x64.o
WARNING: Default location for XILINX_VIVADO_IP_OVERRIDE not found: /build/xfndry/IP_2024.2_INTEGRATION_VERIFIED/customer/vivado/data/ip
mkdir -p build
cd build && aiecc.py --alloc-scheme=basic-sequential --aie-generate-xclbin --no-compile-host --xclbin-name=final_512x4096x4096_64x64x64_8c.xclbin \
			 \
			--aie-generate-npu-insts --npu-insts-name=insts_512x4096x4096_64x64x64_8c.txt ../build/aie_512x4096x4096_64x64x64_8c.mlir

Generating: /scratch/luisr/mlir-aie/programming_examples/basic/matrix_multiplication/whole_array/build/aie_512x4096x4096_64x64x64_8c.mlir.prj/aie_cdo_elfs.bin
Generating: /scratch/luisr/mlir-aie/programming_examples/basic/matrix_multiplication/whole_array/build/aie_512x4096x4096_64x64x64_8c.mlir.prj/aie_cdo_init.bin
Generating: /scratch/luisr/mlir-aie/programming_examples/basic/matrix_multiplication/whole_array/build/aie_512x4096x4096_64x64x64_8c.mlir.prj/aie_cdo_enable.bin
export XRT_HACK_UNSECURE_LOADING_XCLBIN=1 && \
 ./whole_array.exe -x build/final_512x4096x4096_64x64x64_8c.xclbin -i build/insts_512x4096x4096_64x64x64_8c.txt -k MLIR_AIE -M 512 -K 4096 -N 4096 --iters 40 --warmup 10 --verify=false --b_col_maj 0

Avg NPU matmul time: 21418.8us.
Avg NPU gflops: 802.092

Min NPU matmul time: 20794us.
Max NPU gflops: 826.194

Max NPU matmul time: 21958us.
Min NPU gflops: 782.397

PASS!

rm -rf tmpTrace parse*.json trace*json trace.txt
rm -rf build _build whole_array.exe
rm -rf _build
mkdir -p _build
cd _build &&  cmake -E env CXXFLAGS="-std=c++23 -ggdb -DDTYPE_IN=std::bfloat16_t -DDTYPE_OUT=std::bfloat16_t -DDTYPE_ACC=float" \
	cmake `echo /scratch/luisr/mlir-aie/programming_examples/basic/matrix_multiplication/whole_array/..` -D CMAKE_C_COMPILER=gcc-13 -D CMAKE_CXX_COMPILER=g++-13 -DTARGET_NAME=whole_array -Dsubdir=whole_array
-- The C compiler identification is GNU 13.3.0
-- The CXX compiler identification is GNU 13.3.0
-- Detecting C compiler ABI info
-- Detecting C compiler ABI info - done
-- Check for working C compiler: /usr/bin/gcc-13 - skipped
-- Detecting C compile features
-- Detecting C compile features - done
-- Detecting CXX compiler ABI info
-- Detecting CXX compiler ABI info - done
-- Check for working CXX compiler: /usr/bin/g++-13 - skipped
-- Detecting CXX compile features
-- Detecting CXX compile features - done
-- Configuring done (0.3s)
-- Generating done (0.0s)
-- Build files have been written to: /scratch/luisr/mlir-aie/programming_examples/basic/matrix_multiplication/whole_array/_build
cd _build &&  cmake --build . --config Release
gmake[1]: Entering directory '/scratch/luisr/mlir-aie/programming_examples/basic/matrix_multiplication/whole_array/_build'
gmake[2]: Entering directory '/scratch/luisr/mlir-aie/programming_examples/basic/matrix_multiplication/whole_array/_build'
gmake[3]: Entering directory '/scratch/luisr/mlir-aie/programming_examples/basic/matrix_multiplication/whole_array/_build'
gmake[3]: Leaving directory '/scratch/luisr/mlir-aie/programming_examples/basic/matrix_multiplication/whole_array/_build'
gmake[3]: Entering directory '/scratch/luisr/mlir-aie/programming_examples/basic/matrix_multiplication/whole_array/_build'
[ 33%] Building CXX object CMakeFiles/whole_array.dir/scratch/luisr/mlir-aie/runtime_lib/test_lib/test_utils.cpp.o
[ 66%] Building CXX object CMakeFiles/whole_array.dir/whole_array/test.cpp.o
[100%] Linking CXX executable whole_array
gmake[3]: Leaving directory '/scratch/luisr/mlir-aie/programming_examples/basic/matrix_multiplication/whole_array/_build'
[100%] Built target whole_array
gmake[2]: Leaving directory '/scratch/luisr/mlir-aie/programming_examples/basic/matrix_multiplication/whole_array/_build'
gmake[1]: Leaving directory '/scratch/luisr/mlir-aie/programming_examples/basic/matrix_multiplication/whole_array/_build'
cp _build/whole_array whole_array.exe 
mkdir -p build
python3 /scratch/luisr/mlir-aie/programming_examples/basic/matrix_multiplication/whole_array/whole_array.py -m 64 -k 64 -n 64 --n-aie-cols 8 --b-col-maj 0 --dev npu2 -M 512 -K 4096 -N 8192 --dtype_in bf16 --dtype_out bf16 --trace_size 0 > build/aie_512x4096x8192_64x64x64_8c.mlir
mkdir -p build
cd build && xchesscc_wrapper aie2p -I /proj/xbuilds/2024.2_INT_1113_1001/installs/all_platforms/Vitis/2024.2/aietools/include  -Dbf16_bf16_ONLY -DDIM_M=64 -DDIM_K=64 -DDIM_N=64 -c /scratch/luisr/mlir-aie/programming_examples/basic/matrix_multiplication/whole_array/../../../../aie_kernels/aie2p/mm.cc -o mm_64x64x64.o
WARNING: Default location for XILINX_VIVADO_IP_OVERRIDE not found: /build/xfndry/IP_2024.2_INTEGRATION_VERIFIED/customer/vivado/data/ip
mkdir -p build
cd build && aiecc.py --alloc-scheme=basic-sequential --aie-generate-xclbin --no-compile-host --xclbin-name=final_512x4096x8192_64x64x64_8c.xclbin \
			 \
			--aie-generate-npu-insts --npu-insts-name=insts_512x4096x8192_64x64x64_8c.txt ../build/aie_512x4096x8192_64x64x64_8c.mlir

Generating: /scratch/luisr/mlir-aie/programming_examples/basic/matrix_multiplication/whole_array/build/aie_512x4096x8192_64x64x64_8c.mlir.prj/aie_cdo_elfs.bin
Generating: /scratch/luisr/mlir-aie/programming_examples/basic/matrix_multiplication/whole_array/build/aie_512x4096x8192_64x64x64_8c.mlir.prj/aie_cdo_init.bin
Generating: /scratch/luisr/mlir-aie/programming_examples/basic/matrix_multiplication/whole_array/build/aie_512x4096x8192_64x64x64_8c.mlir.prj/aie_cdo_enable.bin
export XRT_HACK_UNSECURE_LOADING_XCLBIN=1 && \
 ./whole_array.exe -x build/final_512x4096x8192_64x64x64_8c.xclbin -i build/insts_512x4096x8192_64x64x64_8c.txt -k MLIR_AIE -M 512 -K 4096 -N 8192 --iters 40 --warmup 10 --verify=false --b_col_maj 0

Avg NPU matmul time: 41990.6us.
Avg NPU gflops: 818.273

Min NPU matmul time: 41524us.
Max NPU gflops: 827.467

Max NPU matmul time: 42831us.
Min NPU gflops: 802.217

PASS!

rm -rf tmpTrace parse*.json trace*json trace.txt
rm -rf build _build whole_array.exe
rm -rf _build
mkdir -p _build
cd _build &&  cmake -E env CXXFLAGS="-std=c++23 -ggdb -DDTYPE_IN=std::bfloat16_t -DDTYPE_OUT=std::bfloat16_t -DDTYPE_ACC=float" \
	cmake `echo /scratch/luisr/mlir-aie/programming_examples/basic/matrix_multiplication/whole_array/..` -D CMAKE_C_COMPILER=gcc-13 -D CMAKE_CXX_COMPILER=g++-13 -DTARGET_NAME=whole_array -Dsubdir=whole_array
-- The C compiler identification is GNU 13.3.0
-- The CXX compiler identification is GNU 13.3.0
-- Detecting C compiler ABI info
-- Detecting C compiler ABI info - done
-- Check for working C compiler: /usr/bin/gcc-13 - skipped
-- Detecting C compile features
-- Detecting C compile features - done
-- Detecting CXX compiler ABI info
-- Detecting CXX compiler ABI info - done
-- Check for working CXX compiler: /usr/bin/g++-13 - skipped
-- Detecting CXX compile features
-- Detecting CXX compile features - done
-- Configuring done (0.3s)
-- Generating done (0.0s)
-- Build files have been written to: /scratch/luisr/mlir-aie/programming_examples/basic/matrix_multiplication/whole_array/_build
cd _build &&  cmake --build . --config Release
gmake[1]: Entering directory '/scratch/luisr/mlir-aie/programming_examples/basic/matrix_multiplication/whole_array/_build'
gmake[2]: Entering directory '/scratch/luisr/mlir-aie/programming_examples/basic/matrix_multiplication/whole_array/_build'
gmake[3]: Entering directory '/scratch/luisr/mlir-aie/programming_examples/basic/matrix_multiplication/whole_array/_build'
gmake[3]: Leaving directory '/scratch/luisr/mlir-aie/programming_examples/basic/matrix_multiplication/whole_array/_build'
gmake[3]: Entering directory '/scratch/luisr/mlir-aie/programming_examples/basic/matrix_multiplication/whole_array/_build'
[ 33%] Building CXX object CMakeFiles/whole_array.dir/scratch/luisr/mlir-aie/runtime_lib/test_lib/test_utils.cpp.o
[ 66%] Building CXX object CMakeFiles/whole_array.dir/whole_array/test.cpp.o
[100%] Linking CXX executable whole_array
gmake[3]: Leaving directory '/scratch/luisr/mlir-aie/programming_examples/basic/matrix_multiplication/whole_array/_build'
[100%] Built target whole_array
gmake[2]: Leaving directory '/scratch/luisr/mlir-aie/programming_examples/basic/matrix_multiplication/whole_array/_build'
gmake[1]: Leaving directory '/scratch/luisr/mlir-aie/programming_examples/basic/matrix_multiplication/whole_array/_build'
cp _build/whole_array whole_array.exe 
mkdir -p build
python3 /scratch/luisr/mlir-aie/programming_examples/basic/matrix_multiplication/whole_array/whole_array.py -m 64 -k 64 -n 64 --n-aie-cols 8 --b-col-maj 0 --dev npu2 -M 512 -K 6144 -N 512 --dtype_in bf16 --dtype_out bf16 --trace_size 0 > build/aie_512x6144x512_64x64x64_8c.mlir
mkdir -p build
cd build && xchesscc_wrapper aie2p -I /proj/xbuilds/2024.2_INT_1113_1001/installs/all_platforms/Vitis/2024.2/aietools/include  -Dbf16_bf16_ONLY -DDIM_M=64 -DDIM_K=64 -DDIM_N=64 -c /scratch/luisr/mlir-aie/programming_examples/basic/matrix_multiplication/whole_array/../../../../aie_kernels/aie2p/mm.cc -o mm_64x64x64.o
WARNING: Default location for XILINX_VIVADO_IP_OVERRIDE not found: /build/xfndry/IP_2024.2_INTEGRATION_VERIFIED/customer/vivado/data/ip
mkdir -p build
cd build && aiecc.py --alloc-scheme=basic-sequential --aie-generate-xclbin --no-compile-host --xclbin-name=final_512x6144x512_64x64x64_8c.xclbin \
			 \
			--aie-generate-npu-insts --npu-insts-name=insts_512x6144x512_64x64x64_8c.txt ../build/aie_512x6144x512_64x64x64_8c.mlir

Generating: /scratch/luisr/mlir-aie/programming_examples/basic/matrix_multiplication/whole_array/build/aie_512x6144x512_64x64x64_8c.mlir.prj/aie_cdo_elfs.bin
Generating: /scratch/luisr/mlir-aie/programming_examples/basic/matrix_multiplication/whole_array/build/aie_512x6144x512_64x64x64_8c.mlir.prj/aie_cdo_init.bin
Generating: /scratch/luisr/mlir-aie/programming_examples/basic/matrix_multiplication/whole_array/build/aie_512x6144x512_64x64x64_8c.mlir.prj/aie_cdo_enable.bin
export XRT_HACK_UNSECURE_LOADING_XCLBIN=1 && \
 ./whole_array.exe -x build/final_512x6144x512_64x64x64_8c.xclbin -i build/insts_512x6144x512_64x64x64_8c.txt -k MLIR_AIE -M 512 -K 6144 -N 512 --iters 40 --warmup 10 --verify=false --b_col_maj 0

Avg NPU matmul time: 4147.12us.
Avg NPU gflops: 776.737

Min NPU matmul time: 3988us.
Max NPU gflops: 807.73

Max NPU matmul time: 5279us.
Min NPU gflops: 610.196

PASS!

rm -rf tmpTrace parse*.json trace*json trace.txt
rm -rf build _build whole_array.exe
rm -rf _build
mkdir -p _build
cd _build &&  cmake -E env CXXFLAGS="-std=c++23 -ggdb -DDTYPE_IN=std::bfloat16_t -DDTYPE_OUT=std::bfloat16_t -DDTYPE_ACC=float" \
	cmake `echo /scratch/luisr/mlir-aie/programming_examples/basic/matrix_multiplication/whole_array/..` -D CMAKE_C_COMPILER=gcc-13 -D CMAKE_CXX_COMPILER=g++-13 -DTARGET_NAME=whole_array -Dsubdir=whole_array
-- The C compiler identification is GNU 13.3.0
-- The CXX compiler identification is GNU 13.3.0
-- Detecting C compiler ABI info
-- Detecting C compiler ABI info - done
-- Check for working C compiler: /usr/bin/gcc-13 - skipped
-- Detecting C compile features
-- Detecting C compile features - done
-- Detecting CXX compiler ABI info
-- Detecting CXX compiler ABI info - done
-- Check for working CXX compiler: /usr/bin/g++-13 - skipped
-- Detecting CXX compile features
-- Detecting CXX compile features - done
-- Configuring done (0.3s)
-- Generating done (0.0s)
-- Build files have been written to: /scratch/luisr/mlir-aie/programming_examples/basic/matrix_multiplication/whole_array/_build
cd _build &&  cmake --build . --config Release
gmake[1]: Entering directory '/scratch/luisr/mlir-aie/programming_examples/basic/matrix_multiplication/whole_array/_build'
gmake[2]: Entering directory '/scratch/luisr/mlir-aie/programming_examples/basic/matrix_multiplication/whole_array/_build'
gmake[3]: Entering directory '/scratch/luisr/mlir-aie/programming_examples/basic/matrix_multiplication/whole_array/_build'
gmake[3]: Leaving directory '/scratch/luisr/mlir-aie/programming_examples/basic/matrix_multiplication/whole_array/_build'
gmake[3]: Entering directory '/scratch/luisr/mlir-aie/programming_examples/basic/matrix_multiplication/whole_array/_build'
[ 33%] Building CXX object CMakeFiles/whole_array.dir/scratch/luisr/mlir-aie/runtime_lib/test_lib/test_utils.cpp.o
[ 66%] Building CXX object CMakeFiles/whole_array.dir/whole_array/test.cpp.o
[100%] Linking CXX executable whole_array
gmake[3]: Leaving directory '/scratch/luisr/mlir-aie/programming_examples/basic/matrix_multiplication/whole_array/_build'
[100%] Built target whole_array
gmake[2]: Leaving directory '/scratch/luisr/mlir-aie/programming_examples/basic/matrix_multiplication/whole_array/_build'
gmake[1]: Leaving directory '/scratch/luisr/mlir-aie/programming_examples/basic/matrix_multiplication/whole_array/_build'
cp _build/whole_array whole_array.exe 
mkdir -p build
python3 /scratch/luisr/mlir-aie/programming_examples/basic/matrix_multiplication/whole_array/whole_array.py -m 64 -k 64 -n 64 --n-aie-cols 8 --b-col-maj 0 --dev npu2 -M 512 -K 6144 -N 1024 --dtype_in bf16 --dtype_out bf16 --trace_size 0 > build/aie_512x6144x1024_64x64x64_8c.mlir
mkdir -p build
cd build && xchesscc_wrapper aie2p -I /proj/xbuilds/2024.2_INT_1113_1001/installs/all_platforms/Vitis/2024.2/aietools/include  -Dbf16_bf16_ONLY -DDIM_M=64 -DDIM_K=64 -DDIM_N=64 -c /scratch/luisr/mlir-aie/programming_examples/basic/matrix_multiplication/whole_array/../../../../aie_kernels/aie2p/mm.cc -o mm_64x64x64.o
WARNING: Default location for XILINX_VIVADO_IP_OVERRIDE not found: /build/xfndry/IP_2024.2_INTEGRATION_VERIFIED/customer/vivado/data/ip
mkdir -p build
cd build && aiecc.py --alloc-scheme=basic-sequential --aie-generate-xclbin --no-compile-host --xclbin-name=final_512x6144x1024_64x64x64_8c.xclbin \
			 \
			--aie-generate-npu-insts --npu-insts-name=insts_512x6144x1024_64x64x64_8c.txt ../build/aie_512x6144x1024_64x64x64_8c.mlir

Generating: /scratch/luisr/mlir-aie/programming_examples/basic/matrix_multiplication/whole_array/build/aie_512x6144x1024_64x64x64_8c.mlir.prj/aie_cdo_elfs.bin
Generating: /scratch/luisr/mlir-aie/programming_examples/basic/matrix_multiplication/whole_array/build/aie_512x6144x1024_64x64x64_8c.mlir.prj/aie_cdo_init.bin
Generating: /scratch/luisr/mlir-aie/programming_examples/basic/matrix_multiplication/whole_array/build/aie_512x6144x1024_64x64x64_8c.mlir.prj/aie_cdo_enable.bin
export XRT_HACK_UNSECURE_LOADING_XCLBIN=1 && \
 ./whole_array.exe -x build/final_512x6144x1024_64x64x64_8c.xclbin -i build/insts_512x6144x1024_64x64x64_8c.txt -k MLIR_AIE -M 512 -K 6144 -N 1024 --iters 40 --warmup 10 --verify=false --b_col_maj 0

Avg NPU matmul time: 8266.7us.
Avg NPU gflops: 779.326

Min NPU matmul time: 7924us.
Max NPU gflops: 813.03

Max NPU matmul time: 8788us.
Min NPU gflops: 733.096

PASS!

rm -rf tmpTrace parse*.json trace*json trace.txt
rm -rf build _build whole_array.exe
rm -rf _build
mkdir -p _build
cd _build &&  cmake -E env CXXFLAGS="-std=c++23 -ggdb -DDTYPE_IN=std::bfloat16_t -DDTYPE_OUT=std::bfloat16_t -DDTYPE_ACC=float" \
	cmake `echo /scratch/luisr/mlir-aie/programming_examples/basic/matrix_multiplication/whole_array/..` -D CMAKE_C_COMPILER=gcc-13 -D CMAKE_CXX_COMPILER=g++-13 -DTARGET_NAME=whole_array -Dsubdir=whole_array
-- The C compiler identification is GNU 13.3.0
-- The CXX compiler identification is GNU 13.3.0
-- Detecting C compiler ABI info
-- Detecting C compiler ABI info - done
-- Check for working C compiler: /usr/bin/gcc-13 - skipped
-- Detecting C compile features
-- Detecting C compile features - done
-- Detecting CXX compiler ABI info
-- Detecting CXX compiler ABI info - done
-- Check for working CXX compiler: /usr/bin/g++-13 - skipped
-- Detecting CXX compile features
-- Detecting CXX compile features - done
-- Configuring done (0.3s)
-- Generating done (0.0s)
-- Build files have been written to: /scratch/luisr/mlir-aie/programming_examples/basic/matrix_multiplication/whole_array/_build
cd _build &&  cmake --build . --config Release
gmake[1]: Entering directory '/scratch/luisr/mlir-aie/programming_examples/basic/matrix_multiplication/whole_array/_build'
gmake[2]: Entering directory '/scratch/luisr/mlir-aie/programming_examples/basic/matrix_multiplication/whole_array/_build'
gmake[3]: Entering directory '/scratch/luisr/mlir-aie/programming_examples/basic/matrix_multiplication/whole_array/_build'
gmake[3]: Leaving directory '/scratch/luisr/mlir-aie/programming_examples/basic/matrix_multiplication/whole_array/_build'
gmake[3]: Entering directory '/scratch/luisr/mlir-aie/programming_examples/basic/matrix_multiplication/whole_array/_build'
[ 33%] Building CXX object CMakeFiles/whole_array.dir/scratch/luisr/mlir-aie/runtime_lib/test_lib/test_utils.cpp.o
[ 66%] Building CXX object CMakeFiles/whole_array.dir/whole_array/test.cpp.o
[100%] Linking CXX executable whole_array
gmake[3]: Leaving directory '/scratch/luisr/mlir-aie/programming_examples/basic/matrix_multiplication/whole_array/_build'
[100%] Built target whole_array
gmake[2]: Leaving directory '/scratch/luisr/mlir-aie/programming_examples/basic/matrix_multiplication/whole_array/_build'
gmake[1]: Leaving directory '/scratch/luisr/mlir-aie/programming_examples/basic/matrix_multiplication/whole_array/_build'
cp _build/whole_array whole_array.exe 
mkdir -p build
python3 /scratch/luisr/mlir-aie/programming_examples/basic/matrix_multiplication/whole_array/whole_array.py -m 64 -k 64 -n 64 --n-aie-cols 8 --b-col-maj 0 --dev npu2 -M 512 -K 6144 -N 4096 --dtype_in bf16 --dtype_out bf16 --trace_size 0 > build/aie_512x6144x4096_64x64x64_8c.mlir
mkdir -p build
cd build && xchesscc_wrapper aie2p -I /proj/xbuilds/2024.2_INT_1113_1001/installs/all_platforms/Vitis/2024.2/aietools/include  -Dbf16_bf16_ONLY -DDIM_M=64 -DDIM_K=64 -DDIM_N=64 -c /scratch/luisr/mlir-aie/programming_examples/basic/matrix_multiplication/whole_array/../../../../aie_kernels/aie2p/mm.cc -o mm_64x64x64.o
WARNING: Default location for XILINX_VIVADO_IP_OVERRIDE not found: /build/xfndry/IP_2024.2_INTEGRATION_VERIFIED/customer/vivado/data/ip
mkdir -p build
cd build && aiecc.py --alloc-scheme=basic-sequential --aie-generate-xclbin --no-compile-host --xclbin-name=final_512x6144x4096_64x64x64_8c.xclbin \
			 \
			--aie-generate-npu-insts --npu-insts-name=insts_512x6144x4096_64x64x64_8c.txt ../build/aie_512x6144x4096_64x64x64_8c.mlir

Generating: /scratch/luisr/mlir-aie/programming_examples/basic/matrix_multiplication/whole_array/build/aie_512x6144x4096_64x64x64_8c.mlir.prj/aie_cdo_elfs.bin
Generating: /scratch/luisr/mlir-aie/programming_examples/basic/matrix_multiplication/whole_array/build/aie_512x6144x4096_64x64x64_8c.mlir.prj/aie_cdo_init.bin
Generating: /scratch/luisr/mlir-aie/programming_examples/basic/matrix_multiplication/whole_array/build/aie_512x6144x4096_64x64x64_8c.mlir.prj/aie_cdo_enable.bin
export XRT_HACK_UNSECURE_LOADING_XCLBIN=1 && \
 ./whole_array.exe -x build/final_512x6144x4096_64x64x64_8c.xclbin -i build/insts_512x6144x4096_64x64x64_8c.txt -k MLIR_AIE -M 512 -K 6144 -N 4096 --iters 40 --warmup 10 --verify=false --b_col_maj 0

Avg NPU matmul time: 31807.5us.
Avg NPU gflops: 810.181

Min NPU matmul time: 31028us.
Max NPU gflops: 830.534

Max NPU matmul time: 32127us.
Min NPU gflops: 802.123

PASS!

rm -rf tmpTrace parse*.json trace*json trace.txt
rm -rf build _build whole_array.exe
rm -rf _build
mkdir -p _build
cd _build &&  cmake -E env CXXFLAGS="-std=c++23 -ggdb -DDTYPE_IN=std::bfloat16_t -DDTYPE_OUT=std::bfloat16_t -DDTYPE_ACC=float" \
	cmake `echo /scratch/luisr/mlir-aie/programming_examples/basic/matrix_multiplication/whole_array/..` -D CMAKE_C_COMPILER=gcc-13 -D CMAKE_CXX_COMPILER=g++-13 -DTARGET_NAME=whole_array -Dsubdir=whole_array
-- The C compiler identification is GNU 13.3.0
-- The CXX compiler identification is GNU 13.3.0
-- Detecting C compiler ABI info
-- Detecting C compiler ABI info - done
-- Check for working C compiler: /usr/bin/gcc-13 - skipped
-- Detecting C compile features
-- Detecting C compile features - done
-- Detecting CXX compiler ABI info
-- Detecting CXX compiler ABI info - done
-- Check for working CXX compiler: /usr/bin/g++-13 - skipped
-- Detecting CXX compile features
-- Detecting CXX compile features - done
-- Configuring done (0.3s)
-- Generating done (0.0s)
-- Build files have been written to: /scratch/luisr/mlir-aie/programming_examples/basic/matrix_multiplication/whole_array/_build
cd _build &&  cmake --build . --config Release
gmake[1]: Entering directory '/scratch/luisr/mlir-aie/programming_examples/basic/matrix_multiplication/whole_array/_build'
gmake[2]: Entering directory '/scratch/luisr/mlir-aie/programming_examples/basic/matrix_multiplication/whole_array/_build'
gmake[3]: Entering directory '/scratch/luisr/mlir-aie/programming_examples/basic/matrix_multiplication/whole_array/_build'
gmake[3]: Leaving directory '/scratch/luisr/mlir-aie/programming_examples/basic/matrix_multiplication/whole_array/_build'
gmake[3]: Entering directory '/scratch/luisr/mlir-aie/programming_examples/basic/matrix_multiplication/whole_array/_build'
[ 33%] Building CXX object CMakeFiles/whole_array.dir/scratch/luisr/mlir-aie/runtime_lib/test_lib/test_utils.cpp.o
[ 66%] Building CXX object CMakeFiles/whole_array.dir/whole_array/test.cpp.o
[100%] Linking CXX executable whole_array
gmake[3]: Leaving directory '/scratch/luisr/mlir-aie/programming_examples/basic/matrix_multiplication/whole_array/_build'
[100%] Built target whole_array
gmake[2]: Leaving directory '/scratch/luisr/mlir-aie/programming_examples/basic/matrix_multiplication/whole_array/_build'
gmake[1]: Leaving directory '/scratch/luisr/mlir-aie/programming_examples/basic/matrix_multiplication/whole_array/_build'
cp _build/whole_array whole_array.exe 
mkdir -p build
python3 /scratch/luisr/mlir-aie/programming_examples/basic/matrix_multiplication/whole_array/whole_array.py -m 64 -k 64 -n 64 --n-aie-cols 8 --b-col-maj 0 --dev npu2 -M 512 -K 6144 -N 8192 --dtype_in bf16 --dtype_out bf16 --trace_size 0 > build/aie_512x6144x8192_64x64x64_8c.mlir
mkdir -p build
cd build && xchesscc_wrapper aie2p -I /proj/xbuilds/2024.2_INT_1113_1001/installs/all_platforms/Vitis/2024.2/aietools/include  -Dbf16_bf16_ONLY -DDIM_M=64 -DDIM_K=64 -DDIM_N=64 -c /scratch/luisr/mlir-aie/programming_examples/basic/matrix_multiplication/whole_array/../../../../aie_kernels/aie2p/mm.cc -o mm_64x64x64.o
WARNING: Default location for XILINX_VIVADO_IP_OVERRIDE not found: /build/xfndry/IP_2024.2_INTEGRATION_VERIFIED/customer/vivado/data/ip
mkdir -p build
cd build && aiecc.py --alloc-scheme=basic-sequential --aie-generate-xclbin --no-compile-host --xclbin-name=final_512x6144x8192_64x64x64_8c.xclbin \
			 \
			--aie-generate-npu-insts --npu-insts-name=insts_512x6144x8192_64x64x64_8c.txt ../build/aie_512x6144x8192_64x64x64_8c.mlir

Generating: /scratch/luisr/mlir-aie/programming_examples/basic/matrix_multiplication/whole_array/build/aie_512x6144x8192_64x64x64_8c.mlir.prj/aie_cdo_elfs.bin
Generating: /scratch/luisr/mlir-aie/programming_examples/basic/matrix_multiplication/whole_array/build/aie_512x6144x8192_64x64x64_8c.mlir.prj/aie_cdo_init.bin
Generating: /scratch/luisr/mlir-aie/programming_examples/basic/matrix_multiplication/whole_array/build/aie_512x6144x8192_64x64x64_8c.mlir.prj/aie_cdo_enable.bin
export XRT_HACK_UNSECURE_LOADING_XCLBIN=1 && \
 ./whole_array.exe -x build/final_512x6144x8192_64x64x64_8c.xclbin -i build/insts_512x6144x8192_64x64x64_8c.txt -k MLIR_AIE -M 512 -K 6144 -N 8192 --iters 40 --warmup 10 --verify=false --b_col_maj 0

Avg NPU matmul time: 62522.2us.
Avg NPU gflops: 824.341

Min NPU matmul time: 61745us.
Max NPU gflops: 834.717

Max NPU matmul time: 63719us.
Min NPU gflops: 808.858

PASS!

rm -rf tmpTrace parse*.json trace*json trace.txt
rm -rf build _build whole_array.exe
rm -rf _build
mkdir -p _build
cd _build &&  cmake -E env CXXFLAGS="-std=c++23 -ggdb -DDTYPE_IN=std::bfloat16_t -DDTYPE_OUT=std::bfloat16_t -DDTYPE_ACC=float" \
	cmake `echo /scratch/luisr/mlir-aie/programming_examples/basic/matrix_multiplication/whole_array/..` -D CMAKE_C_COMPILER=gcc-13 -D CMAKE_CXX_COMPILER=g++-13 -DTARGET_NAME=whole_array -Dsubdir=whole_array
-- The C compiler identification is GNU 13.3.0
-- The CXX compiler identification is GNU 13.3.0
-- Detecting C compiler ABI info
-- Detecting C compiler ABI info - done
-- Check for working C compiler: /usr/bin/gcc-13 - skipped
-- Detecting C compile features
-- Detecting C compile features - done
-- Detecting CXX compiler ABI info
-- Detecting CXX compiler ABI info - done
-- Check for working CXX compiler: /usr/bin/g++-13 - skipped
-- Detecting CXX compile features
-- Detecting CXX compile features - done
-- Configuring done (0.3s)
-- Generating done (0.0s)
-- Build files have been written to: /scratch/luisr/mlir-aie/programming_examples/basic/matrix_multiplication/whole_array/_build
cd _build &&  cmake --build . --config Release
gmake[1]: Entering directory '/scratch/luisr/mlir-aie/programming_examples/basic/matrix_multiplication/whole_array/_build'
gmake[2]: Entering directory '/scratch/luisr/mlir-aie/programming_examples/basic/matrix_multiplication/whole_array/_build'
gmake[3]: Entering directory '/scratch/luisr/mlir-aie/programming_examples/basic/matrix_multiplication/whole_array/_build'
gmake[3]: Leaving directory '/scratch/luisr/mlir-aie/programming_examples/basic/matrix_multiplication/whole_array/_build'
gmake[3]: Entering directory '/scratch/luisr/mlir-aie/programming_examples/basic/matrix_multiplication/whole_array/_build'
[ 33%] Building CXX object CMakeFiles/whole_array.dir/scratch/luisr/mlir-aie/runtime_lib/test_lib/test_utils.cpp.o
[ 66%] Building CXX object CMakeFiles/whole_array.dir/whole_array/test.cpp.o
[100%] Linking CXX executable whole_array
gmake[3]: Leaving directory '/scratch/luisr/mlir-aie/programming_examples/basic/matrix_multiplication/whole_array/_build'
[100%] Built target whole_array
gmake[2]: Leaving directory '/scratch/luisr/mlir-aie/programming_examples/basic/matrix_multiplication/whole_array/_build'
gmake[1]: Leaving directory '/scratch/luisr/mlir-aie/programming_examples/basic/matrix_multiplication/whole_array/_build'
cp _build/whole_array whole_array.exe 
mkdir -p build
python3 /scratch/luisr/mlir-aie/programming_examples/basic/matrix_multiplication/whole_array/whole_array.py -m 64 -k 64 -n 64 --n-aie-cols 8 --b-col-maj 0 --dev npu2 -M 1024 -K 512 -N 512 --dtype_in bf16 --dtype_out bf16 --trace_size 0 > build/aie_1024x512x512_64x64x64_8c.mlir
mkdir -p build
cd build && xchesscc_wrapper aie2p -I /proj/xbuilds/2024.2_INT_1113_1001/installs/all_platforms/Vitis/2024.2/aietools/include  -Dbf16_bf16_ONLY -DDIM_M=64 -DDIM_K=64 -DDIM_N=64 -c /scratch/luisr/mlir-aie/programming_examples/basic/matrix_multiplication/whole_array/../../../../aie_kernels/aie2p/mm.cc -o mm_64x64x64.o
WARNING: Default location for XILINX_VIVADO_IP_OVERRIDE not found: /build/xfndry/IP_2024.2_INTEGRATION_VERIFIED/customer/vivado/data/ip
mkdir -p build
cd build && aiecc.py --alloc-scheme=basic-sequential --aie-generate-xclbin --no-compile-host --xclbin-name=final_1024x512x512_64x64x64_8c.xclbin \
			 \
			--aie-generate-npu-insts --npu-insts-name=insts_1024x512x512_64x64x64_8c.txt ../build/aie_1024x512x512_64x64x64_8c.mlir

Generating: /scratch/luisr/mlir-aie/programming_examples/basic/matrix_multiplication/whole_array/build/aie_1024x512x512_64x64x64_8c.mlir.prj/aie_cdo_elfs.bin
Generating: /scratch/luisr/mlir-aie/programming_examples/basic/matrix_multiplication/whole_array/build/aie_1024x512x512_64x64x64_8c.mlir.prj/aie_cdo_init.bin
Generating: /scratch/luisr/mlir-aie/programming_examples/basic/matrix_multiplication/whole_array/build/aie_1024x512x512_64x64x64_8c.mlir.prj/aie_cdo_enable.bin
export XRT_HACK_UNSECURE_LOADING_XCLBIN=1 && \
 ./whole_array.exe -x build/final_1024x512x512_64x64x64_8c.xclbin -i build/insts_1024x512x512_64x64x64_8c.txt -k MLIR_AIE -M 1024 -K 512 -N 512 --iters 40 --warmup 10 --verify=false --b_col_maj 0

Avg NPU matmul time: 746.9us.
Avg NPU gflops: 718.799

Min NPU matmul time: 740us.
Max NPU gflops: 725.501

Max NPU matmul time: 806us.
Min NPU gflops: 666.093

PASS!

rm -rf tmpTrace parse*.json trace*json trace.txt
rm -rf build _build whole_array.exe
rm -rf _build
mkdir -p _build
cd _build &&  cmake -E env CXXFLAGS="-std=c++23 -ggdb -DDTYPE_IN=std::bfloat16_t -DDTYPE_OUT=std::bfloat16_t -DDTYPE_ACC=float" \
	cmake `echo /scratch/luisr/mlir-aie/programming_examples/basic/matrix_multiplication/whole_array/..` -D CMAKE_C_COMPILER=gcc-13 -D CMAKE_CXX_COMPILER=g++-13 -DTARGET_NAME=whole_array -Dsubdir=whole_array
-- The C compiler identification is GNU 13.3.0
-- The CXX compiler identification is GNU 13.3.0
-- Detecting C compiler ABI info
-- Detecting C compiler ABI info - done
-- Check for working C compiler: /usr/bin/gcc-13 - skipped
-- Detecting C compile features
-- Detecting C compile features - done
-- Detecting CXX compiler ABI info
-- Detecting CXX compiler ABI info - done
-- Check for working CXX compiler: /usr/bin/g++-13 - skipped
-- Detecting CXX compile features
-- Detecting CXX compile features - done
-- Configuring done (0.3s)
-- Generating done (0.0s)
-- Build files have been written to: /scratch/luisr/mlir-aie/programming_examples/basic/matrix_multiplication/whole_array/_build
cd _build &&  cmake --build . --config Release
gmake[1]: Entering directory '/scratch/luisr/mlir-aie/programming_examples/basic/matrix_multiplication/whole_array/_build'
gmake[2]: Entering directory '/scratch/luisr/mlir-aie/programming_examples/basic/matrix_multiplication/whole_array/_build'
gmake[3]: Entering directory '/scratch/luisr/mlir-aie/programming_examples/basic/matrix_multiplication/whole_array/_build'
gmake[3]: Leaving directory '/scratch/luisr/mlir-aie/programming_examples/basic/matrix_multiplication/whole_array/_build'
gmake[3]: Entering directory '/scratch/luisr/mlir-aie/programming_examples/basic/matrix_multiplication/whole_array/_build'
[ 33%] Building CXX object CMakeFiles/whole_array.dir/scratch/luisr/mlir-aie/runtime_lib/test_lib/test_utils.cpp.o
[ 66%] Building CXX object CMakeFiles/whole_array.dir/whole_array/test.cpp.o
[100%] Linking CXX executable whole_array
gmake[3]: Leaving directory '/scratch/luisr/mlir-aie/programming_examples/basic/matrix_multiplication/whole_array/_build'
[100%] Built target whole_array
gmake[2]: Leaving directory '/scratch/luisr/mlir-aie/programming_examples/basic/matrix_multiplication/whole_array/_build'
gmake[1]: Leaving directory '/scratch/luisr/mlir-aie/programming_examples/basic/matrix_multiplication/whole_array/_build'
cp _build/whole_array whole_array.exe 
mkdir -p build
python3 /scratch/luisr/mlir-aie/programming_examples/basic/matrix_multiplication/whole_array/whole_array.py -m 64 -k 64 -n 64 --n-aie-cols 8 --b-col-maj 0 --dev npu2 -M 1024 -K 512 -N 1024 --dtype_in bf16 --dtype_out bf16 --trace_size 0 > build/aie_1024x512x1024_64x64x64_8c.mlir
mkdir -p build
cd build && xchesscc_wrapper aie2p -I /proj/xbuilds/2024.2_INT_1113_1001/installs/all_platforms/Vitis/2024.2/aietools/include  -Dbf16_bf16_ONLY -DDIM_M=64 -DDIM_K=64 -DDIM_N=64 -c /scratch/luisr/mlir-aie/programming_examples/basic/matrix_multiplication/whole_array/../../../../aie_kernels/aie2p/mm.cc -o mm_64x64x64.o
WARNING: Default location for XILINX_VIVADO_IP_OVERRIDE not found: /build/xfndry/IP_2024.2_INTEGRATION_VERIFIED/customer/vivado/data/ip
mkdir -p build
cd build && aiecc.py --alloc-scheme=basic-sequential --aie-generate-xclbin --no-compile-host --xclbin-name=final_1024x512x1024_64x64x64_8c.xclbin \
			 \
			--aie-generate-npu-insts --npu-insts-name=insts_1024x512x1024_64x64x64_8c.txt ../build/aie_1024x512x1024_64x64x64_8c.mlir

Generating: /scratch/luisr/mlir-aie/programming_examples/basic/matrix_multiplication/whole_array/build/aie_1024x512x1024_64x64x64_8c.mlir.prj/aie_cdo_elfs.bin
Generating: /scratch/luisr/mlir-aie/programming_examples/basic/matrix_multiplication/whole_array/build/aie_1024x512x1024_64x64x64_8c.mlir.prj/aie_cdo_init.bin
Generating: /scratch/luisr/mlir-aie/programming_examples/basic/matrix_multiplication/whole_array/build/aie_1024x512x1024_64x64x64_8c.mlir.prj/aie_cdo_enable.bin
export XRT_HACK_UNSECURE_LOADING_XCLBIN=1 && \
 ./whole_array.exe -x build/final_1024x512x1024_64x64x64_8c.xclbin -i build/insts_1024x512x1024_64x64x64_8c.txt -k MLIR_AIE -M 1024 -K 512 -N 1024 --iters 40 --warmup 10 --verify=false --b_col_maj 0

Avg NPU matmul time: 1402.82us.
Avg NPU gflops: 765.414

Min NPU matmul time: 1373us.
Max NPU gflops: 782.041

Max NPU matmul time: 1424us.
Min NPU gflops: 754.032

PASS!

rm -rf tmpTrace parse*.json trace*json trace.txt
rm -rf build _build whole_array.exe
rm -rf _build
mkdir -p _build
cd _build &&  cmake -E env CXXFLAGS="-std=c++23 -ggdb -DDTYPE_IN=std::bfloat16_t -DDTYPE_OUT=std::bfloat16_t -DDTYPE_ACC=float" \
	cmake `echo /scratch/luisr/mlir-aie/programming_examples/basic/matrix_multiplication/whole_array/..` -D CMAKE_C_COMPILER=gcc-13 -D CMAKE_CXX_COMPILER=g++-13 -DTARGET_NAME=whole_array -Dsubdir=whole_array
-- The C compiler identification is GNU 13.3.0
-- The CXX compiler identification is GNU 13.3.0
-- Detecting C compiler ABI info
-- Detecting C compiler ABI info - done
-- Check for working C compiler: /usr/bin/gcc-13 - skipped
-- Detecting C compile features
-- Detecting C compile features - done
-- Detecting CXX compiler ABI info
-- Detecting CXX compiler ABI info - done
-- Check for working CXX compiler: /usr/bin/g++-13 - skipped
-- Detecting CXX compile features
-- Detecting CXX compile features - done
-- Configuring done (0.3s)
-- Generating done (0.0s)
-- Build files have been written to: /scratch/luisr/mlir-aie/programming_examples/basic/matrix_multiplication/whole_array/_build
cd _build &&  cmake --build . --config Release
gmake[1]: Entering directory '/scratch/luisr/mlir-aie/programming_examples/basic/matrix_multiplication/whole_array/_build'
gmake[2]: Entering directory '/scratch/luisr/mlir-aie/programming_examples/basic/matrix_multiplication/whole_array/_build'
gmake[3]: Entering directory '/scratch/luisr/mlir-aie/programming_examples/basic/matrix_multiplication/whole_array/_build'
gmake[3]: Leaving directory '/scratch/luisr/mlir-aie/programming_examples/basic/matrix_multiplication/whole_array/_build'
gmake[3]: Entering directory '/scratch/luisr/mlir-aie/programming_examples/basic/matrix_multiplication/whole_array/_build'
[ 33%] Building CXX object CMakeFiles/whole_array.dir/scratch/luisr/mlir-aie/runtime_lib/test_lib/test_utils.cpp.o
[ 66%] Building CXX object CMakeFiles/whole_array.dir/whole_array/test.cpp.o
[100%] Linking CXX executable whole_array
gmake[3]: Leaving directory '/scratch/luisr/mlir-aie/programming_examples/basic/matrix_multiplication/whole_array/_build'
[100%] Built target whole_array
gmake[2]: Leaving directory '/scratch/luisr/mlir-aie/programming_examples/basic/matrix_multiplication/whole_array/_build'
gmake[1]: Leaving directory '/scratch/luisr/mlir-aie/programming_examples/basic/matrix_multiplication/whole_array/_build'
cp _build/whole_array whole_array.exe 
mkdir -p build
python3 /scratch/luisr/mlir-aie/programming_examples/basic/matrix_multiplication/whole_array/whole_array.py -m 64 -k 64 -n 64 --n-aie-cols 8 --b-col-maj 0 --dev npu2 -M 1024 -K 512 -N 4096 --dtype_in bf16 --dtype_out bf16 --trace_size 0 > build/aie_1024x512x4096_64x64x64_8c.mlir
mkdir -p build
cd build && xchesscc_wrapper aie2p -I /proj/xbuilds/2024.2_INT_1113_1001/installs/all_platforms/Vitis/2024.2/aietools/include  -Dbf16_bf16_ONLY -DDIM_M=64 -DDIM_K=64 -DDIM_N=64 -c /scratch/luisr/mlir-aie/programming_examples/basic/matrix_multiplication/whole_array/../../../../aie_kernels/aie2p/mm.cc -o mm_64x64x64.o
WARNING: Default location for XILINX_VIVADO_IP_OVERRIDE not found: /build/xfndry/IP_2024.2_INTEGRATION_VERIFIED/customer/vivado/data/ip
mkdir -p build
cd build && aiecc.py --alloc-scheme=basic-sequential --aie-generate-xclbin --no-compile-host --xclbin-name=final_1024x512x4096_64x64x64_8c.xclbin \
			 \
			--aie-generate-npu-insts --npu-insts-name=insts_1024x512x4096_64x64x64_8c.txt ../build/aie_1024x512x4096_64x64x64_8c.mlir

Generating: /scratch/luisr/mlir-aie/programming_examples/basic/matrix_multiplication/whole_array/build/aie_1024x512x4096_64x64x64_8c.mlir.prj/aie_cdo_elfs.bin
Generating: /scratch/luisr/mlir-aie/programming_examples/basic/matrix_multiplication/whole_array/build/aie_1024x512x4096_64x64x64_8c.mlir.prj/aie_cdo_init.bin
Generating: /scratch/luisr/mlir-aie/programming_examples/basic/matrix_multiplication/whole_array/build/aie_1024x512x4096_64x64x64_8c.mlir.prj/aie_cdo_enable.bin
export XRT_HACK_UNSECURE_LOADING_XCLBIN=1 && \
 ./whole_array.exe -x build/final_1024x512x4096_64x64x64_8c.xclbin -i build/insts_1024x512x4096_64x64x64_8c.txt -k MLIR_AIE -M 1024 -K 512 -N 4096 --iters 40 --warmup 10 --verify=false --b_col_maj 0

Avg NPU matmul time: 5597.77us.
Avg NPU gflops: 767.263

Min NPU matmul time: 5257us.
Max NPU gflops: 817

Max NPU matmul time: 6522us.
Min NPU gflops: 658.535

PASS!

rm -rf tmpTrace parse*.json trace*json trace.txt
rm -rf build _build whole_array.exe
rm -rf _build
mkdir -p _build
cd _build &&  cmake -E env CXXFLAGS="-std=c++23 -ggdb -DDTYPE_IN=std::bfloat16_t -DDTYPE_OUT=std::bfloat16_t -DDTYPE_ACC=float" \
	cmake `echo /scratch/luisr/mlir-aie/programming_examples/basic/matrix_multiplication/whole_array/..` -D CMAKE_C_COMPILER=gcc-13 -D CMAKE_CXX_COMPILER=g++-13 -DTARGET_NAME=whole_array -Dsubdir=whole_array
-- The C compiler identification is GNU 13.3.0
-- The CXX compiler identification is GNU 13.3.0
-- Detecting C compiler ABI info
-- Detecting C compiler ABI info - done
-- Check for working C compiler: /usr/bin/gcc-13 - skipped
-- Detecting C compile features
-- Detecting C compile features - done
-- Detecting CXX compiler ABI info
-- Detecting CXX compiler ABI info - done
-- Check for working CXX compiler: /usr/bin/g++-13 - skipped
-- Detecting CXX compile features
-- Detecting CXX compile features - done
-- Configuring done (0.3s)
-- Generating done (0.0s)
-- Build files have been written to: /scratch/luisr/mlir-aie/programming_examples/basic/matrix_multiplication/whole_array/_build
cd _build &&  cmake --build . --config Release
gmake[1]: Entering directory '/scratch/luisr/mlir-aie/programming_examples/basic/matrix_multiplication/whole_array/_build'
gmake[2]: Entering directory '/scratch/luisr/mlir-aie/programming_examples/basic/matrix_multiplication/whole_array/_build'
gmake[3]: Entering directory '/scratch/luisr/mlir-aie/programming_examples/basic/matrix_multiplication/whole_array/_build'
gmake[3]: Leaving directory '/scratch/luisr/mlir-aie/programming_examples/basic/matrix_multiplication/whole_array/_build'
gmake[3]: Entering directory '/scratch/luisr/mlir-aie/programming_examples/basic/matrix_multiplication/whole_array/_build'
[ 33%] Building CXX object CMakeFiles/whole_array.dir/scratch/luisr/mlir-aie/runtime_lib/test_lib/test_utils.cpp.o
[ 66%] Building CXX object CMakeFiles/whole_array.dir/whole_array/test.cpp.o
[100%] Linking CXX executable whole_array
gmake[3]: Leaving directory '/scratch/luisr/mlir-aie/programming_examples/basic/matrix_multiplication/whole_array/_build'
[100%] Built target whole_array
gmake[2]: Leaving directory '/scratch/luisr/mlir-aie/programming_examples/basic/matrix_multiplication/whole_array/_build'
gmake[1]: Leaving directory '/scratch/luisr/mlir-aie/programming_examples/basic/matrix_multiplication/whole_array/_build'
cp _build/whole_array whole_array.exe 
mkdir -p build
python3 /scratch/luisr/mlir-aie/programming_examples/basic/matrix_multiplication/whole_array/whole_array.py -m 64 -k 64 -n 64 --n-aie-cols 8 --b-col-maj 0 --dev npu2 -M 1024 -K 512 -N 8192 --dtype_in bf16 --dtype_out bf16 --trace_size 0 > build/aie_1024x512x8192_64x64x64_8c.mlir
mkdir -p build
cd build && xchesscc_wrapper aie2p -I /proj/xbuilds/2024.2_INT_1113_1001/installs/all_platforms/Vitis/2024.2/aietools/include  -Dbf16_bf16_ONLY -DDIM_M=64 -DDIM_K=64 -DDIM_N=64 -c /scratch/luisr/mlir-aie/programming_examples/basic/matrix_multiplication/whole_array/../../../../aie_kernels/aie2p/mm.cc -o mm_64x64x64.o
WARNING: Default location for XILINX_VIVADO_IP_OVERRIDE not found: /build/xfndry/IP_2024.2_INTEGRATION_VERIFIED/customer/vivado/data/ip
mkdir -p build
cd build && aiecc.py --alloc-scheme=basic-sequential --aie-generate-xclbin --no-compile-host --xclbin-name=final_1024x512x8192_64x64x64_8c.xclbin \
			 \
			--aie-generate-npu-insts --npu-insts-name=insts_1024x512x8192_64x64x64_8c.txt ../build/aie_1024x512x8192_64x64x64_8c.mlir

Generating: /scratch/luisr/mlir-aie/programming_examples/basic/matrix_multiplication/whole_array/build/aie_1024x512x8192_64x64x64_8c.mlir.prj/aie_cdo_elfs.bin
Generating: /scratch/luisr/mlir-aie/programming_examples/basic/matrix_multiplication/whole_array/build/aie_1024x512x8192_64x64x64_8c.mlir.prj/aie_cdo_init.bin
Generating: /scratch/luisr/mlir-aie/programming_examples/basic/matrix_multiplication/whole_array/build/aie_1024x512x8192_64x64x64_8c.mlir.prj/aie_cdo_enable.bin
export XRT_HACK_UNSECURE_LOADING_XCLBIN=1 && \
 ./whole_array.exe -x build/final_1024x512x8192_64x64x64_8c.xclbin -i build/insts_1024x512x8192_64x64x64_8c.txt -k MLIR_AIE -M 1024 -K 512 -N 8192 --iters 40 --warmup 10 --verify=false --b_col_maj 0

Avg NPU matmul time: 11154.3us.
Avg NPU gflops: 770.097

Min NPU matmul time: 10500us.
Max NPU gflops: 818.089

Max NPU matmul time: 12101us.
Min NPU gflops: 709.853

PASS!

rm -rf tmpTrace parse*.json trace*json trace.txt
rm -rf build _build whole_array.exe
rm -rf _build
mkdir -p _build
cd _build &&  cmake -E env CXXFLAGS="-std=c++23 -ggdb -DDTYPE_IN=std::bfloat16_t -DDTYPE_OUT=std::bfloat16_t -DDTYPE_ACC=float" \
	cmake `echo /scratch/luisr/mlir-aie/programming_examples/basic/matrix_multiplication/whole_array/..` -D CMAKE_C_COMPILER=gcc-13 -D CMAKE_CXX_COMPILER=g++-13 -DTARGET_NAME=whole_array -Dsubdir=whole_array
-- The C compiler identification is GNU 13.3.0
-- The CXX compiler identification is GNU 13.3.0
-- Detecting C compiler ABI info
-- Detecting C compiler ABI info - done
-- Check for working C compiler: /usr/bin/gcc-13 - skipped
-- Detecting C compile features
-- Detecting C compile features - done
-- Detecting CXX compiler ABI info
-- Detecting CXX compiler ABI info - done
-- Check for working CXX compiler: /usr/bin/g++-13 - skipped
-- Detecting CXX compile features
-- Detecting CXX compile features - done
-- Configuring done (0.3s)
-- Generating done (0.0s)
-- Build files have been written to: /scratch/luisr/mlir-aie/programming_examples/basic/matrix_multiplication/whole_array/_build
cd _build &&  cmake --build . --config Release
gmake[1]: Entering directory '/scratch/luisr/mlir-aie/programming_examples/basic/matrix_multiplication/whole_array/_build'
gmake[2]: Entering directory '/scratch/luisr/mlir-aie/programming_examples/basic/matrix_multiplication/whole_array/_build'
gmake[3]: Entering directory '/scratch/luisr/mlir-aie/programming_examples/basic/matrix_multiplication/whole_array/_build'
gmake[3]: Leaving directory '/scratch/luisr/mlir-aie/programming_examples/basic/matrix_multiplication/whole_array/_build'
gmake[3]: Entering directory '/scratch/luisr/mlir-aie/programming_examples/basic/matrix_multiplication/whole_array/_build'
[ 33%] Building CXX object CMakeFiles/whole_array.dir/scratch/luisr/mlir-aie/runtime_lib/test_lib/test_utils.cpp.o
[ 66%] Building CXX object CMakeFiles/whole_array.dir/whole_array/test.cpp.o
[100%] Linking CXX executable whole_array
gmake[3]: Leaving directory '/scratch/luisr/mlir-aie/programming_examples/basic/matrix_multiplication/whole_array/_build'
[100%] Built target whole_array
gmake[2]: Leaving directory '/scratch/luisr/mlir-aie/programming_examples/basic/matrix_multiplication/whole_array/_build'
gmake[1]: Leaving directory '/scratch/luisr/mlir-aie/programming_examples/basic/matrix_multiplication/whole_array/_build'
cp _build/whole_array whole_array.exe 
mkdir -p build
python3 /scratch/luisr/mlir-aie/programming_examples/basic/matrix_multiplication/whole_array/whole_array.py -m 64 -k 64 -n 64 --n-aie-cols 8 --b-col-maj 0 --dev npu2 -M 1024 -K 1024 -N 512 --dtype_in bf16 --dtype_out bf16 --trace_size 0 > build/aie_1024x1024x512_64x64x64_8c.mlir
mkdir -p build
cd build && xchesscc_wrapper aie2p -I /proj/xbuilds/2024.2_INT_1113_1001/installs/all_platforms/Vitis/2024.2/aietools/include  -Dbf16_bf16_ONLY -DDIM_M=64 -DDIM_K=64 -DDIM_N=64 -c /scratch/luisr/mlir-aie/programming_examples/basic/matrix_multiplication/whole_array/../../../../aie_kernels/aie2p/mm.cc -o mm_64x64x64.o
WARNING: Default location for XILINX_VIVADO_IP_OVERRIDE not found: /build/xfndry/IP_2024.2_INTEGRATION_VERIFIED/customer/vivado/data/ip
mkdir -p build
cd build && aiecc.py --alloc-scheme=basic-sequential --aie-generate-xclbin --no-compile-host --xclbin-name=final_1024x1024x512_64x64x64_8c.xclbin \
			 \
			--aie-generate-npu-insts --npu-insts-name=insts_1024x1024x512_64x64x64_8c.txt ../build/aie_1024x1024x512_64x64x64_8c.mlir

Generating: /scratch/luisr/mlir-aie/programming_examples/basic/matrix_multiplication/whole_array/build/aie_1024x1024x512_64x64x64_8c.mlir.prj/aie_cdo_elfs.bin
Generating: /scratch/luisr/mlir-aie/programming_examples/basic/matrix_multiplication/whole_array/build/aie_1024x1024x512_64x64x64_8c.mlir.prj/aie_cdo_init.bin
Generating: /scratch/luisr/mlir-aie/programming_examples/basic/matrix_multiplication/whole_array/build/aie_1024x1024x512_64x64x64_8c.mlir.prj/aie_cdo_enable.bin
export XRT_HACK_UNSECURE_LOADING_XCLBIN=1 && \
 ./whole_array.exe -x build/final_1024x1024x512_64x64x64_8c.xclbin -i build/insts_1024x1024x512_64x64x64_8c.txt -k MLIR_AIE -M 1024 -K 1024 -N 512 --iters 40 --warmup 10 --verify=false --b_col_maj 0

Avg NPU matmul time: 1420.15us.
Avg NPU gflops: 756.076

Min NPU matmul time: 1406us.
Max NPU gflops: 763.685

Max NPU matmul time: 1444us.
Min NPU gflops: 743.589

PASS!

rm -rf tmpTrace parse*.json trace*json trace.txt
rm -rf build _build whole_array.exe
rm -rf _build
mkdir -p _build
cd _build &&  cmake -E env CXXFLAGS="-std=c++23 -ggdb -DDTYPE_IN=std::bfloat16_t -DDTYPE_OUT=std::bfloat16_t -DDTYPE_ACC=float" \
	cmake `echo /scratch/luisr/mlir-aie/programming_examples/basic/matrix_multiplication/whole_array/..` -D CMAKE_C_COMPILER=gcc-13 -D CMAKE_CXX_COMPILER=g++-13 -DTARGET_NAME=whole_array -Dsubdir=whole_array
-- The C compiler identification is GNU 13.3.0
-- The CXX compiler identification is GNU 13.3.0
-- Detecting C compiler ABI info
-- Detecting C compiler ABI info - done
-- Check for working C compiler: /usr/bin/gcc-13 - skipped
-- Detecting C compile features
-- Detecting C compile features - done
-- Detecting CXX compiler ABI info
-- Detecting CXX compiler ABI info - done
-- Check for working CXX compiler: /usr/bin/g++-13 - skipped
-- Detecting CXX compile features
-- Detecting CXX compile features - done
-- Configuring done (0.2s)
-- Generating done (0.0s)
-- Build files have been written to: /scratch/luisr/mlir-aie/programming_examples/basic/matrix_multiplication/whole_array/_build
cd _build &&  cmake --build . --config Release
gmake[1]: Entering directory '/scratch/luisr/mlir-aie/programming_examples/basic/matrix_multiplication/whole_array/_build'
gmake[2]: Entering directory '/scratch/luisr/mlir-aie/programming_examples/basic/matrix_multiplication/whole_array/_build'
gmake[3]: Entering directory '/scratch/luisr/mlir-aie/programming_examples/basic/matrix_multiplication/whole_array/_build'
gmake[3]: Leaving directory '/scratch/luisr/mlir-aie/programming_examples/basic/matrix_multiplication/whole_array/_build'
gmake[3]: Entering directory '/scratch/luisr/mlir-aie/programming_examples/basic/matrix_multiplication/whole_array/_build'
[ 33%] Building CXX object CMakeFiles/whole_array.dir/scratch/luisr/mlir-aie/runtime_lib/test_lib/test_utils.cpp.o
[ 66%] Building CXX object CMakeFiles/whole_array.dir/whole_array/test.cpp.o
[100%] Linking CXX executable whole_array
gmake[3]: Leaving directory '/scratch/luisr/mlir-aie/programming_examples/basic/matrix_multiplication/whole_array/_build'
[100%] Built target whole_array
gmake[2]: Leaving directory '/scratch/luisr/mlir-aie/programming_examples/basic/matrix_multiplication/whole_array/_build'
gmake[1]: Leaving directory '/scratch/luisr/mlir-aie/programming_examples/basic/matrix_multiplication/whole_array/_build'
cp _build/whole_array whole_array.exe 
mkdir -p build
python3 /scratch/luisr/mlir-aie/programming_examples/basic/matrix_multiplication/whole_array/whole_array.py -m 64 -k 64 -n 64 --n-aie-cols 8 --b-col-maj 0 --dev npu2 -M 1024 -K 1024 -N 1024 --dtype_in bf16 --dtype_out bf16 --trace_size 0 > build/aie_1024x1024x1024_64x64x64_8c.mlir
mkdir -p build
cd build && xchesscc_wrapper aie2p -I /proj/xbuilds/2024.2_INT_1113_1001/installs/all_platforms/Vitis/2024.2/aietools/include  -Dbf16_bf16_ONLY -DDIM_M=64 -DDIM_K=64 -DDIM_N=64 -c /scratch/luisr/mlir-aie/programming_examples/basic/matrix_multiplication/whole_array/../../../../aie_kernels/aie2p/mm.cc -o mm_64x64x64.o
WARNING: Default location for XILINX_VIVADO_IP_OVERRIDE not found: /build/xfndry/IP_2024.2_INTEGRATION_VERIFIED/customer/vivado/data/ip
mkdir -p build
cd build && aiecc.py --alloc-scheme=basic-sequential --aie-generate-xclbin --no-compile-host --xclbin-name=final_1024x1024x1024_64x64x64_8c.xclbin \
			 \
			--aie-generate-npu-insts --npu-insts-name=insts_1024x1024x1024_64x64x64_8c.txt ../build/aie_1024x1024x1024_64x64x64_8c.mlir

Generating: /scratch/luisr/mlir-aie/programming_examples/basic/matrix_multiplication/whole_array/build/aie_1024x1024x1024_64x64x64_8c.mlir.prj/aie_cdo_elfs.bin
Generating: /scratch/luisr/mlir-aie/programming_examples/basic/matrix_multiplication/whole_array/build/aie_1024x1024x1024_64x64x64_8c.mlir.prj/aie_cdo_init.bin
Generating: /scratch/luisr/mlir-aie/programming_examples/basic/matrix_multiplication/whole_array/build/aie_1024x1024x1024_64x64x64_8c.mlir.prj/aie_cdo_enable.bin
export XRT_HACK_UNSECURE_LOADING_XCLBIN=1 && \
 ./whole_array.exe -x build/final_1024x1024x1024_64x64x64_8c.xclbin -i build/insts_1024x1024x1024_64x64x64_8c.txt -k MLIR_AIE -M 1024 -K 1024 -N 1024 --iters 40 --warmup 10 --verify=false --b_col_maj 0

Avg NPU matmul time: 3013.07us.
Avg NPU gflops: 712.722

Min NPU matmul time: 2752us.
Max NPU gflops: 780.336

Max NPU matmul time: 3447us.
Min NPU gflops: 623.001

PASS!

rm -rf tmpTrace parse*.json trace*json trace.txt
rm -rf build _build whole_array.exe
rm -rf _build
mkdir -p _build
cd _build &&  cmake -E env CXXFLAGS="-std=c++23 -ggdb -DDTYPE_IN=std::bfloat16_t -DDTYPE_OUT=std::bfloat16_t -DDTYPE_ACC=float" \
	cmake `echo /scratch/luisr/mlir-aie/programming_examples/basic/matrix_multiplication/whole_array/..` -D CMAKE_C_COMPILER=gcc-13 -D CMAKE_CXX_COMPILER=g++-13 -DTARGET_NAME=whole_array -Dsubdir=whole_array
-- The C compiler identification is GNU 13.3.0
-- The CXX compiler identification is GNU 13.3.0
-- Detecting C compiler ABI info
-- Detecting C compiler ABI info - done
-- Check for working C compiler: /usr/bin/gcc-13 - skipped
-- Detecting C compile features
-- Detecting C compile features - done
-- Detecting CXX compiler ABI info
-- Detecting CXX compiler ABI info - done
-- Check for working CXX compiler: /usr/bin/g++-13 - skipped
-- Detecting CXX compile features
-- Detecting CXX compile features - done
-- Configuring done (0.3s)
-- Generating done (0.0s)
-- Build files have been written to: /scratch/luisr/mlir-aie/programming_examples/basic/matrix_multiplication/whole_array/_build
cd _build &&  cmake --build . --config Release
gmake[1]: Entering directory '/scratch/luisr/mlir-aie/programming_examples/basic/matrix_multiplication/whole_array/_build'
gmake[2]: Entering directory '/scratch/luisr/mlir-aie/programming_examples/basic/matrix_multiplication/whole_array/_build'
gmake[3]: Entering directory '/scratch/luisr/mlir-aie/programming_examples/basic/matrix_multiplication/whole_array/_build'
gmake[3]: Leaving directory '/scratch/luisr/mlir-aie/programming_examples/basic/matrix_multiplication/whole_array/_build'
gmake[3]: Entering directory '/scratch/luisr/mlir-aie/programming_examples/basic/matrix_multiplication/whole_array/_build'
[ 33%] Building CXX object CMakeFiles/whole_array.dir/scratch/luisr/mlir-aie/runtime_lib/test_lib/test_utils.cpp.o
[ 66%] Building CXX object CMakeFiles/whole_array.dir/whole_array/test.cpp.o
[100%] Linking CXX executable whole_array
gmake[3]: Leaving directory '/scratch/luisr/mlir-aie/programming_examples/basic/matrix_multiplication/whole_array/_build'
[100%] Built target whole_array
gmake[2]: Leaving directory '/scratch/luisr/mlir-aie/programming_examples/basic/matrix_multiplication/whole_array/_build'
gmake[1]: Leaving directory '/scratch/luisr/mlir-aie/programming_examples/basic/matrix_multiplication/whole_array/_build'
cp _build/whole_array whole_array.exe 
mkdir -p build
python3 /scratch/luisr/mlir-aie/programming_examples/basic/matrix_multiplication/whole_array/whole_array.py -m 64 -k 64 -n 64 --n-aie-cols 8 --b-col-maj 0 --dev npu2 -M 1024 -K 1024 -N 4096 --dtype_in bf16 --dtype_out bf16 --trace_size 0 > build/aie_1024x1024x4096_64x64x64_8c.mlir
mkdir -p build
cd build && xchesscc_wrapper aie2p -I /proj/xbuilds/2024.2_INT_1113_1001/installs/all_platforms/Vitis/2024.2/aietools/include  -Dbf16_bf16_ONLY -DDIM_M=64 -DDIM_K=64 -DDIM_N=64 -c /scratch/luisr/mlir-aie/programming_examples/basic/matrix_multiplication/whole_array/../../../../aie_kernels/aie2p/mm.cc -o mm_64x64x64.o
WARNING: Default location for XILINX_VIVADO_IP_OVERRIDE not found: /build/xfndry/IP_2024.2_INTEGRATION_VERIFIED/customer/vivado/data/ip
mkdir -p build
cd build && aiecc.py --alloc-scheme=basic-sequential --aie-generate-xclbin --no-compile-host --xclbin-name=final_1024x1024x4096_64x64x64_8c.xclbin \
			 \
			--aie-generate-npu-insts --npu-insts-name=insts_1024x1024x4096_64x64x64_8c.txt ../build/aie_1024x1024x4096_64x64x64_8c.mlir

Generating: /scratch/luisr/mlir-aie/programming_examples/basic/matrix_multiplication/whole_array/build/aie_1024x1024x4096_64x64x64_8c.mlir.prj/aie_cdo_elfs.bin
Generating: /scratch/luisr/mlir-aie/programming_examples/basic/matrix_multiplication/whole_array/build/aie_1024x1024x4096_64x64x64_8c.mlir.prj/aie_cdo_init.bin
Generating: /scratch/luisr/mlir-aie/programming_examples/basic/matrix_multiplication/whole_array/build/aie_1024x1024x4096_64x64x64_8c.mlir.prj/aie_cdo_enable.bin
export XRT_HACK_UNSECURE_LOADING_XCLBIN=1 && \
 ./whole_array.exe -x build/final_1024x1024x4096_64x64x64_8c.xclbin -i build/insts_1024x1024x4096_64x64x64_8c.txt -k MLIR_AIE -M 1024 -K 1024 -N 4096 --iters 40 --warmup 10 --verify=false --b_col_maj 0

Avg NPU matmul time: 11107us.
Avg NPU gflops: 773.38

Min NPU matmul time: 10417us.
Max NPU gflops: 824.607

Max NPU matmul time: 11728us.
Min NPU gflops: 732.43

PASS!

rm -rf tmpTrace parse*.json trace*json trace.txt
rm -rf build _build whole_array.exe
rm -rf _build
mkdir -p _build
cd _build &&  cmake -E env CXXFLAGS="-std=c++23 -ggdb -DDTYPE_IN=std::bfloat16_t -DDTYPE_OUT=std::bfloat16_t -DDTYPE_ACC=float" \
	cmake `echo /scratch/luisr/mlir-aie/programming_examples/basic/matrix_multiplication/whole_array/..` -D CMAKE_C_COMPILER=gcc-13 -D CMAKE_CXX_COMPILER=g++-13 -DTARGET_NAME=whole_array -Dsubdir=whole_array
-- The C compiler identification is GNU 13.3.0
-- The CXX compiler identification is GNU 13.3.0
-- Detecting C compiler ABI info
-- Detecting C compiler ABI info - done
-- Check for working C compiler: /usr/bin/gcc-13 - skipped
-- Detecting C compile features
-- Detecting C compile features - done
-- Detecting CXX compiler ABI info
-- Detecting CXX compiler ABI info - done
-- Check for working CXX compiler: /usr/bin/g++-13 - skipped
-- Detecting CXX compile features
-- Detecting CXX compile features - done
-- Configuring done (0.3s)
-- Generating done (0.0s)
-- Build files have been written to: /scratch/luisr/mlir-aie/programming_examples/basic/matrix_multiplication/whole_array/_build
cd _build &&  cmake --build . --config Release
gmake[1]: Entering directory '/scratch/luisr/mlir-aie/programming_examples/basic/matrix_multiplication/whole_array/_build'
gmake[2]: Entering directory '/scratch/luisr/mlir-aie/programming_examples/basic/matrix_multiplication/whole_array/_build'
gmake[3]: Entering directory '/scratch/luisr/mlir-aie/programming_examples/basic/matrix_multiplication/whole_array/_build'
gmake[3]: Leaving directory '/scratch/luisr/mlir-aie/programming_examples/basic/matrix_multiplication/whole_array/_build'
gmake[3]: Entering directory '/scratch/luisr/mlir-aie/programming_examples/basic/matrix_multiplication/whole_array/_build'
[ 33%] Building CXX object CMakeFiles/whole_array.dir/scratch/luisr/mlir-aie/runtime_lib/test_lib/test_utils.cpp.o
[ 66%] Building CXX object CMakeFiles/whole_array.dir/whole_array/test.cpp.o
[100%] Linking CXX executable whole_array
gmake[3]: Leaving directory '/scratch/luisr/mlir-aie/programming_examples/basic/matrix_multiplication/whole_array/_build'
[100%] Built target whole_array
gmake[2]: Leaving directory '/scratch/luisr/mlir-aie/programming_examples/basic/matrix_multiplication/whole_array/_build'
gmake[1]: Leaving directory '/scratch/luisr/mlir-aie/programming_examples/basic/matrix_multiplication/whole_array/_build'
cp _build/whole_array whole_array.exe 
mkdir -p build
python3 /scratch/luisr/mlir-aie/programming_examples/basic/matrix_multiplication/whole_array/whole_array.py -m 64 -k 64 -n 64 --n-aie-cols 8 --b-col-maj 0 --dev npu2 -M 1024 -K 1024 -N 8192 --dtype_in bf16 --dtype_out bf16 --trace_size 0 > build/aie_1024x1024x8192_64x64x64_8c.mlir
mkdir -p build
cd build && xchesscc_wrapper aie2p -I /proj/xbuilds/2024.2_INT_1113_1001/installs/all_platforms/Vitis/2024.2/aietools/include  -Dbf16_bf16_ONLY -DDIM_M=64 -DDIM_K=64 -DDIM_N=64 -c /scratch/luisr/mlir-aie/programming_examples/basic/matrix_multiplication/whole_array/../../../../aie_kernels/aie2p/mm.cc -o mm_64x64x64.o
WARNING: Default location for XILINX_VIVADO_IP_OVERRIDE not found: /build/xfndry/IP_2024.2_INTEGRATION_VERIFIED/customer/vivado/data/ip
mkdir -p build
cd build && aiecc.py --alloc-scheme=basic-sequential --aie-generate-xclbin --no-compile-host --xclbin-name=final_1024x1024x8192_64x64x64_8c.xclbin \
			 \
			--aie-generate-npu-insts --npu-insts-name=insts_1024x1024x8192_64x64x64_8c.txt ../build/aie_1024x1024x8192_64x64x64_8c.mlir

Generating: /scratch/luisr/mlir-aie/programming_examples/basic/matrix_multiplication/whole_array/build/aie_1024x1024x8192_64x64x64_8c.mlir.prj/aie_cdo_elfs.bin
Generating: /scratch/luisr/mlir-aie/programming_examples/basic/matrix_multiplication/whole_array/build/aie_1024x1024x8192_64x64x64_8c.mlir.prj/aie_cdo_init.bin
Generating: /scratch/luisr/mlir-aie/programming_examples/basic/matrix_multiplication/whole_array/build/aie_1024x1024x8192_64x64x64_8c.mlir.prj/aie_cdo_enable.bin
export XRT_HACK_UNSECURE_LOADING_XCLBIN=1 && \
 ./whole_array.exe -x build/final_1024x1024x8192_64x64x64_8c.xclbin -i build/insts_1024x1024x8192_64x64x64_8c.txt -k MLIR_AIE -M 1024 -K 1024 -N 8192 --iters 40 --warmup 10 --verify=false --b_col_maj 0

Avg NPU matmul time: 21501us.
Avg NPU gflops: 799.026

Min NPU matmul time: 20766us.
Max NPU gflops: 827.308

Max NPU matmul time: 22472us.
Min NPU gflops: 764.501

PASS!

rm -rf tmpTrace parse*.json trace*json trace.txt
rm -rf build _build whole_array.exe
rm -rf _build
mkdir -p _build
cd _build &&  cmake -E env CXXFLAGS="-std=c++23 -ggdb -DDTYPE_IN=std::bfloat16_t -DDTYPE_OUT=std::bfloat16_t -DDTYPE_ACC=float" \
	cmake `echo /scratch/luisr/mlir-aie/programming_examples/basic/matrix_multiplication/whole_array/..` -D CMAKE_C_COMPILER=gcc-13 -D CMAKE_CXX_COMPILER=g++-13 -DTARGET_NAME=whole_array -Dsubdir=whole_array
-- The C compiler identification is GNU 13.3.0
-- The CXX compiler identification is GNU 13.3.0
-- Detecting C compiler ABI info
-- Detecting C compiler ABI info - done
-- Check for working C compiler: /usr/bin/gcc-13 - skipped
-- Detecting C compile features
-- Detecting C compile features - done
-- Detecting CXX compiler ABI info
-- Detecting CXX compiler ABI info - done
-- Check for working CXX compiler: /usr/bin/g++-13 - skipped
-- Detecting CXX compile features
-- Detecting CXX compile features - done
-- Configuring done (0.2s)
-- Generating done (0.0s)
-- Build files have been written to: /scratch/luisr/mlir-aie/programming_examples/basic/matrix_multiplication/whole_array/_build
cd _build &&  cmake --build . --config Release
gmake[1]: Entering directory '/scratch/luisr/mlir-aie/programming_examples/basic/matrix_multiplication/whole_array/_build'
gmake[2]: Entering directory '/scratch/luisr/mlir-aie/programming_examples/basic/matrix_multiplication/whole_array/_build'
gmake[3]: Entering directory '/scratch/luisr/mlir-aie/programming_examples/basic/matrix_multiplication/whole_array/_build'
gmake[3]: Leaving directory '/scratch/luisr/mlir-aie/programming_examples/basic/matrix_multiplication/whole_array/_build'
gmake[3]: Entering directory '/scratch/luisr/mlir-aie/programming_examples/basic/matrix_multiplication/whole_array/_build'
[ 33%] Building CXX object CMakeFiles/whole_array.dir/scratch/luisr/mlir-aie/runtime_lib/test_lib/test_utils.cpp.o
[ 66%] Building CXX object CMakeFiles/whole_array.dir/whole_array/test.cpp.o
[100%] Linking CXX executable whole_array
gmake[3]: Leaving directory '/scratch/luisr/mlir-aie/programming_examples/basic/matrix_multiplication/whole_array/_build'
[100%] Built target whole_array
gmake[2]: Leaving directory '/scratch/luisr/mlir-aie/programming_examples/basic/matrix_multiplication/whole_array/_build'
gmake[1]: Leaving directory '/scratch/luisr/mlir-aie/programming_examples/basic/matrix_multiplication/whole_array/_build'
cp _build/whole_array whole_array.exe 
mkdir -p build
python3 /scratch/luisr/mlir-aie/programming_examples/basic/matrix_multiplication/whole_array/whole_array.py -m 64 -k 64 -n 64 --n-aie-cols 8 --b-col-maj 0 --dev npu2 -M 1024 -K 4096 -N 512 --dtype_in bf16 --dtype_out bf16 --trace_size 0 > build/aie_1024x4096x512_64x64x64_8c.mlir
mkdir -p build
cd build && xchesscc_wrapper aie2p -I /proj/xbuilds/2024.2_INT_1113_1001/installs/all_platforms/Vitis/2024.2/aietools/include  -Dbf16_bf16_ONLY -DDIM_M=64 -DDIM_K=64 -DDIM_N=64 -c /scratch/luisr/mlir-aie/programming_examples/basic/matrix_multiplication/whole_array/../../../../aie_kernels/aie2p/mm.cc -o mm_64x64x64.o
WARNING: Default location for XILINX_VIVADO_IP_OVERRIDE not found: /build/xfndry/IP_2024.2_INTEGRATION_VERIFIED/customer/vivado/data/ip
mkdir -p build
cd build && aiecc.py --alloc-scheme=basic-sequential --aie-generate-xclbin --no-compile-host --xclbin-name=final_1024x4096x512_64x64x64_8c.xclbin \
			 \
			--aie-generate-npu-insts --npu-insts-name=insts_1024x4096x512_64x64x64_8c.txt ../build/aie_1024x4096x512_64x64x64_8c.mlir

Generating: /scratch/luisr/mlir-aie/programming_examples/basic/matrix_multiplication/whole_array/build/aie_1024x4096x512_64x64x64_8c.mlir.prj/aie_cdo_elfs.bin
Generating: /scratch/luisr/mlir-aie/programming_examples/basic/matrix_multiplication/whole_array/build/aie_1024x4096x512_64x64x64_8c.mlir.prj/aie_cdo_init.bin
Generating: /scratch/luisr/mlir-aie/programming_examples/basic/matrix_multiplication/whole_array/build/aie_1024x4096x512_64x64x64_8c.mlir.prj/aie_cdo_enable.bin
export XRT_HACK_UNSECURE_LOADING_XCLBIN=1 && \
 ./whole_array.exe -x build/final_1024x4096x512_64x64x64_8c.xclbin -i build/insts_1024x4096x512_64x64x64_8c.txt -k MLIR_AIE -M 1024 -K 4096 -N 512 --iters 40 --warmup 10 --verify=false --b_col_maj 0

Avg NPU matmul time: 5754.88us.
Avg NPU gflops: 746.318

Min NPU matmul time: 5271us.
Max NPU gflops: 814.83

Max NPU matmul time: 6432us.
Min NPU gflops: 667.75

PASS!

rm -rf tmpTrace parse*.json trace*json trace.txt
rm -rf build _build whole_array.exe
rm -rf _build
mkdir -p _build
cd _build &&  cmake -E env CXXFLAGS="-std=c++23 -ggdb -DDTYPE_IN=std::bfloat16_t -DDTYPE_OUT=std::bfloat16_t -DDTYPE_ACC=float" \
	cmake `echo /scratch/luisr/mlir-aie/programming_examples/basic/matrix_multiplication/whole_array/..` -D CMAKE_C_COMPILER=gcc-13 -D CMAKE_CXX_COMPILER=g++-13 -DTARGET_NAME=whole_array -Dsubdir=whole_array
-- The C compiler identification is GNU 13.3.0
-- The CXX compiler identification is GNU 13.3.0
-- Detecting C compiler ABI info
-- Detecting C compiler ABI info - done
-- Check for working C compiler: /usr/bin/gcc-13 - skipped
-- Detecting C compile features
-- Detecting C compile features - done
-- Detecting CXX compiler ABI info
-- Detecting CXX compiler ABI info - done
-- Check for working CXX compiler: /usr/bin/g++-13 - skipped
-- Detecting CXX compile features
-- Detecting CXX compile features - done
-- Configuring done (0.3s)
-- Generating done (0.0s)
-- Build files have been written to: /scratch/luisr/mlir-aie/programming_examples/basic/matrix_multiplication/whole_array/_build
cd _build &&  cmake --build . --config Release
gmake[1]: Entering directory '/scratch/luisr/mlir-aie/programming_examples/basic/matrix_multiplication/whole_array/_build'
gmake[2]: Entering directory '/scratch/luisr/mlir-aie/programming_examples/basic/matrix_multiplication/whole_array/_build'
gmake[3]: Entering directory '/scratch/luisr/mlir-aie/programming_examples/basic/matrix_multiplication/whole_array/_build'
gmake[3]: Leaving directory '/scratch/luisr/mlir-aie/programming_examples/basic/matrix_multiplication/whole_array/_build'
gmake[3]: Entering directory '/scratch/luisr/mlir-aie/programming_examples/basic/matrix_multiplication/whole_array/_build'
[ 33%] Building CXX object CMakeFiles/whole_array.dir/scratch/luisr/mlir-aie/runtime_lib/test_lib/test_utils.cpp.o
[ 66%] Building CXX object CMakeFiles/whole_array.dir/whole_array/test.cpp.o
[100%] Linking CXX executable whole_array
gmake[3]: Leaving directory '/scratch/luisr/mlir-aie/programming_examples/basic/matrix_multiplication/whole_array/_build'
[100%] Built target whole_array
gmake[2]: Leaving directory '/scratch/luisr/mlir-aie/programming_examples/basic/matrix_multiplication/whole_array/_build'
gmake[1]: Leaving directory '/scratch/luisr/mlir-aie/programming_examples/basic/matrix_multiplication/whole_array/_build'
cp _build/whole_array whole_array.exe 
mkdir -p build
python3 /scratch/luisr/mlir-aie/programming_examples/basic/matrix_multiplication/whole_array/whole_array.py -m 64 -k 64 -n 64 --n-aie-cols 8 --b-col-maj 0 --dev npu2 -M 1024 -K 4096 -N 1024 --dtype_in bf16 --dtype_out bf16 --trace_size 0 > build/aie_1024x4096x1024_64x64x64_8c.mlir
mkdir -p build
cd build && xchesscc_wrapper aie2p -I /proj/xbuilds/2024.2_INT_1113_1001/installs/all_platforms/Vitis/2024.2/aietools/include  -Dbf16_bf16_ONLY -DDIM_M=64 -DDIM_K=64 -DDIM_N=64 -c /scratch/luisr/mlir-aie/programming_examples/basic/matrix_multiplication/whole_array/../../../../aie_kernels/aie2p/mm.cc -o mm_64x64x64.o
WARNING: Default location for XILINX_VIVADO_IP_OVERRIDE not found: /build/xfndry/IP_2024.2_INTEGRATION_VERIFIED/customer/vivado/data/ip
mkdir -p build
cd build && aiecc.py --alloc-scheme=basic-sequential --aie-generate-xclbin --no-compile-host --xclbin-name=final_1024x4096x1024_64x64x64_8c.xclbin \
			 \
			--aie-generate-npu-insts --npu-insts-name=insts_1024x4096x1024_64x64x64_8c.txt ../build/aie_1024x4096x1024_64x64x64_8c.mlir

Generating: /scratch/luisr/mlir-aie/programming_examples/basic/matrix_multiplication/whole_array/build/aie_1024x4096x1024_64x64x64_8c.mlir.prj/aie_cdo_elfs.bin
Generating: /scratch/luisr/mlir-aie/programming_examples/basic/matrix_multiplication/whole_array/build/aie_1024x4096x1024_64x64x64_8c.mlir.prj/aie_cdo_init.bin
Generating: /scratch/luisr/mlir-aie/programming_examples/basic/matrix_multiplication/whole_array/build/aie_1024x4096x1024_64x64x64_8c.mlir.prj/aie_cdo_enable.bin
export XRT_HACK_UNSECURE_LOADING_XCLBIN=1 && \
 ./whole_array.exe -x build/final_1024x4096x1024_64x64x64_8c.xclbin -i build/insts_1024x4096x1024_64x64x64_8c.txt -k MLIR_AIE -M 1024 -K 4096 -N 1024 --iters 40 --warmup 10 --verify=false --b_col_maj 0

Avg NPU matmul time: 11154.9us.
Avg NPU gflops: 770.058

Min NPU matmul time: 10610us.
Max NPU gflops: 809.607

Max NPU matmul time: 12305us.
Min NPU gflops: 698.085

PASS!

rm -rf tmpTrace parse*.json trace*json trace.txt
rm -rf build _build whole_array.exe
rm -rf _build
mkdir -p _build
cd _build &&  cmake -E env CXXFLAGS="-std=c++23 -ggdb -DDTYPE_IN=std::bfloat16_t -DDTYPE_OUT=std::bfloat16_t -DDTYPE_ACC=float" \
	cmake `echo /scratch/luisr/mlir-aie/programming_examples/basic/matrix_multiplication/whole_array/..` -D CMAKE_C_COMPILER=gcc-13 -D CMAKE_CXX_COMPILER=g++-13 -DTARGET_NAME=whole_array -Dsubdir=whole_array
-- The C compiler identification is GNU 13.3.0
-- The CXX compiler identification is GNU 13.3.0
-- Detecting C compiler ABI info
-- Detecting C compiler ABI info - done
-- Check for working C compiler: /usr/bin/gcc-13 - skipped
-- Detecting C compile features
-- Detecting C compile features - done
-- Detecting CXX compiler ABI info
-- Detecting CXX compiler ABI info - done
-- Check for working CXX compiler: /usr/bin/g++-13 - skipped
-- Detecting CXX compile features
-- Detecting CXX compile features - done
-- Configuring done (0.2s)
-- Generating done (0.0s)
-- Build files have been written to: /scratch/luisr/mlir-aie/programming_examples/basic/matrix_multiplication/whole_array/_build
cd _build &&  cmake --build . --config Release
gmake[1]: Entering directory '/scratch/luisr/mlir-aie/programming_examples/basic/matrix_multiplication/whole_array/_build'
gmake[2]: Entering directory '/scratch/luisr/mlir-aie/programming_examples/basic/matrix_multiplication/whole_array/_build'
gmake[3]: Entering directory '/scratch/luisr/mlir-aie/programming_examples/basic/matrix_multiplication/whole_array/_build'
gmake[3]: Leaving directory '/scratch/luisr/mlir-aie/programming_examples/basic/matrix_multiplication/whole_array/_build'
gmake[3]: Entering directory '/scratch/luisr/mlir-aie/programming_examples/basic/matrix_multiplication/whole_array/_build'
[ 33%] Building CXX object CMakeFiles/whole_array.dir/scratch/luisr/mlir-aie/runtime_lib/test_lib/test_utils.cpp.o
[ 66%] Building CXX object CMakeFiles/whole_array.dir/whole_array/test.cpp.o
[100%] Linking CXX executable whole_array
gmake[3]: Leaving directory '/scratch/luisr/mlir-aie/programming_examples/basic/matrix_multiplication/whole_array/_build'
[100%] Built target whole_array
gmake[2]: Leaving directory '/scratch/luisr/mlir-aie/programming_examples/basic/matrix_multiplication/whole_array/_build'
gmake[1]: Leaving directory '/scratch/luisr/mlir-aie/programming_examples/basic/matrix_multiplication/whole_array/_build'
cp _build/whole_array whole_array.exe 
mkdir -p build
python3 /scratch/luisr/mlir-aie/programming_examples/basic/matrix_multiplication/whole_array/whole_array.py -m 64 -k 64 -n 64 --n-aie-cols 8 --b-col-maj 0 --dev npu2 -M 1024 -K 4096 -N 4096 --dtype_in bf16 --dtype_out bf16 --trace_size 0 > build/aie_1024x4096x4096_64x64x64_8c.mlir
mkdir -p build
cd build && xchesscc_wrapper aie2p -I /proj/xbuilds/2024.2_INT_1113_1001/installs/all_platforms/Vitis/2024.2/aietools/include  -Dbf16_bf16_ONLY -DDIM_M=64 -DDIM_K=64 -DDIM_N=64 -c /scratch/luisr/mlir-aie/programming_examples/basic/matrix_multiplication/whole_array/../../../../aie_kernels/aie2p/mm.cc -o mm_64x64x64.o
WARNING: Default location for XILINX_VIVADO_IP_OVERRIDE not found: /build/xfndry/IP_2024.2_INTEGRATION_VERIFIED/customer/vivado/data/ip
mkdir -p build
cd build && aiecc.py --alloc-scheme=basic-sequential --aie-generate-xclbin --no-compile-host --xclbin-name=final_1024x4096x4096_64x64x64_8c.xclbin \
			 \
			--aie-generate-npu-insts --npu-insts-name=insts_1024x4096x4096_64x64x64_8c.txt ../build/aie_1024x4096x4096_64x64x64_8c.mlir

Generating: /scratch/luisr/mlir-aie/programming_examples/basic/matrix_multiplication/whole_array/build/aie_1024x4096x4096_64x64x64_8c.mlir.prj/aie_cdo_elfs.bin
Generating: /scratch/luisr/mlir-aie/programming_examples/basic/matrix_multiplication/whole_array/build/aie_1024x4096x4096_64x64x64_8c.mlir.prj/aie_cdo_init.bin
Generating: /scratch/luisr/mlir-aie/programming_examples/basic/matrix_multiplication/whole_array/build/aie_1024x4096x4096_64x64x64_8c.mlir.prj/aie_cdo_enable.bin
export XRT_HACK_UNSECURE_LOADING_XCLBIN=1 && \
 ./whole_array.exe -x build/final_1024x4096x4096_64x64x64_8c.xclbin -i build/insts_1024x4096x4096_64x64x64_8c.txt -k MLIR_AIE -M 1024 -K 4096 -N 4096 --iters 40 --warmup 10 --verify=false --b_col_maj 0

Avg NPU matmul time: 41973.3us.
Avg NPU gflops: 818.609

Min NPU matmul time: 41265us.
Max NPU gflops: 832.661

Max NPU matmul time: 42333us.
Min NPU gflops: 811.654

PASS!

rm -rf tmpTrace parse*.json trace*json trace.txt
rm -rf build _build whole_array.exe
rm -rf _build
mkdir -p _build
cd _build &&  cmake -E env CXXFLAGS="-std=c++23 -ggdb -DDTYPE_IN=std::bfloat16_t -DDTYPE_OUT=std::bfloat16_t -DDTYPE_ACC=float" \
	cmake `echo /scratch/luisr/mlir-aie/programming_examples/basic/matrix_multiplication/whole_array/..` -D CMAKE_C_COMPILER=gcc-13 -D CMAKE_CXX_COMPILER=g++-13 -DTARGET_NAME=whole_array -Dsubdir=whole_array
-- The C compiler identification is GNU 13.3.0
-- The CXX compiler identification is GNU 13.3.0
-- Detecting C compiler ABI info
-- Detecting C compiler ABI info - done
-- Check for working C compiler: /usr/bin/gcc-13 - skipped
-- Detecting C compile features
-- Detecting C compile features - done
-- Detecting CXX compiler ABI info
-- Detecting CXX compiler ABI info - done
-- Check for working CXX compiler: /usr/bin/g++-13 - skipped
-- Detecting CXX compile features
-- Detecting CXX compile features - done
-- Configuring done (0.3s)
-- Generating done (0.0s)
-- Build files have been written to: /scratch/luisr/mlir-aie/programming_examples/basic/matrix_multiplication/whole_array/_build
cd _build &&  cmake --build . --config Release
gmake[1]: Entering directory '/scratch/luisr/mlir-aie/programming_examples/basic/matrix_multiplication/whole_array/_build'
gmake[2]: Entering directory '/scratch/luisr/mlir-aie/programming_examples/basic/matrix_multiplication/whole_array/_build'
gmake[3]: Entering directory '/scratch/luisr/mlir-aie/programming_examples/basic/matrix_multiplication/whole_array/_build'
gmake[3]: Leaving directory '/scratch/luisr/mlir-aie/programming_examples/basic/matrix_multiplication/whole_array/_build'
gmake[3]: Entering directory '/scratch/luisr/mlir-aie/programming_examples/basic/matrix_multiplication/whole_array/_build'
[ 33%] Building CXX object CMakeFiles/whole_array.dir/scratch/luisr/mlir-aie/runtime_lib/test_lib/test_utils.cpp.o
[ 66%] Building CXX object CMakeFiles/whole_array.dir/whole_array/test.cpp.o
[100%] Linking CXX executable whole_array
gmake[3]: Leaving directory '/scratch/luisr/mlir-aie/programming_examples/basic/matrix_multiplication/whole_array/_build'
[100%] Built target whole_array
gmake[2]: Leaving directory '/scratch/luisr/mlir-aie/programming_examples/basic/matrix_multiplication/whole_array/_build'
gmake[1]: Leaving directory '/scratch/luisr/mlir-aie/programming_examples/basic/matrix_multiplication/whole_array/_build'
cp _build/whole_array whole_array.exe 
mkdir -p build
python3 /scratch/luisr/mlir-aie/programming_examples/basic/matrix_multiplication/whole_array/whole_array.py -m 64 -k 64 -n 64 --n-aie-cols 8 --b-col-maj 0 --dev npu2 -M 1024 -K 4096 -N 8192 --dtype_in bf16 --dtype_out bf16 --trace_size 0 > build/aie_1024x4096x8192_64x64x64_8c.mlir
mkdir -p build
cd build && xchesscc_wrapper aie2p -I /proj/xbuilds/2024.2_INT_1113_1001/installs/all_platforms/Vitis/2024.2/aietools/include  -Dbf16_bf16_ONLY -DDIM_M=64 -DDIM_K=64 -DDIM_N=64 -c /scratch/luisr/mlir-aie/programming_examples/basic/matrix_multiplication/whole_array/../../../../aie_kernels/aie2p/mm.cc -o mm_64x64x64.o
WARNING: Default location for XILINX_VIVADO_IP_OVERRIDE not found: /build/xfndry/IP_2024.2_INTEGRATION_VERIFIED/customer/vivado/data/ip
mkdir -p build
cd build && aiecc.py --alloc-scheme=basic-sequential --aie-generate-xclbin --no-compile-host --xclbin-name=final_1024x4096x8192_64x64x64_8c.xclbin \
			 \
			--aie-generate-npu-insts --npu-insts-name=insts_1024x4096x8192_64x64x64_8c.txt ../build/aie_1024x4096x8192_64x64x64_8c.mlir

Generating: /scratch/luisr/mlir-aie/programming_examples/basic/matrix_multiplication/whole_array/build/aie_1024x4096x8192_64x64x64_8c.mlir.prj/aie_cdo_elfs.bin
Generating: /scratch/luisr/mlir-aie/programming_examples/basic/matrix_multiplication/whole_array/build/aie_1024x4096x8192_64x64x64_8c.mlir.prj/aie_cdo_init.bin
Generating: /scratch/luisr/mlir-aie/programming_examples/basic/matrix_multiplication/whole_array/build/aie_1024x4096x8192_64x64x64_8c.mlir.prj/aie_cdo_enable.bin
export XRT_HACK_UNSECURE_LOADING_XCLBIN=1 && \
 ./whole_array.exe -x build/final_1024x4096x8192_64x64x64_8c.xclbin -i build/insts_1024x4096x8192_64x64x64_8c.txt -k MLIR_AIE -M 1024 -K 4096 -N 8192 --iters 40 --warmup 10 --verify=false --b_col_maj 0

Avg NPU matmul time: 82863.9us.
Avg NPU gflops: 829.306

Min NPU matmul time: 82114us.
Max NPU gflops: 836.879

Max NPU matmul time: 83595us.
Min NPU gflops: 822.052

PASS!

rm -rf tmpTrace parse*.json trace*json trace.txt
rm -rf build _build whole_array.exe
rm -rf _build
mkdir -p _build
cd _build &&  cmake -E env CXXFLAGS="-std=c++23 -ggdb -DDTYPE_IN=std::bfloat16_t -DDTYPE_OUT=std::bfloat16_t -DDTYPE_ACC=float" \
	cmake `echo /scratch/luisr/mlir-aie/programming_examples/basic/matrix_multiplication/whole_array/..` -D CMAKE_C_COMPILER=gcc-13 -D CMAKE_CXX_COMPILER=g++-13 -DTARGET_NAME=whole_array -Dsubdir=whole_array
-- The C compiler identification is GNU 13.3.0
-- The CXX compiler identification is GNU 13.3.0
-- Detecting C compiler ABI info
-- Detecting C compiler ABI info - done
-- Check for working C compiler: /usr/bin/gcc-13 - skipped
-- Detecting C compile features
-- Detecting C compile features - done
-- Detecting CXX compiler ABI info
-- Detecting CXX compiler ABI info - done
-- Check for working CXX compiler: /usr/bin/g++-13 - skipped
-- Detecting CXX compile features
-- Detecting CXX compile features - done
-- Configuring done (0.3s)
-- Generating done (0.0s)
-- Build files have been written to: /scratch/luisr/mlir-aie/programming_examples/basic/matrix_multiplication/whole_array/_build
cd _build &&  cmake --build . --config Release
gmake[1]: Entering directory '/scratch/luisr/mlir-aie/programming_examples/basic/matrix_multiplication/whole_array/_build'
gmake[2]: Entering directory '/scratch/luisr/mlir-aie/programming_examples/basic/matrix_multiplication/whole_array/_build'
gmake[3]: Entering directory '/scratch/luisr/mlir-aie/programming_examples/basic/matrix_multiplication/whole_array/_build'
gmake[3]: Leaving directory '/scratch/luisr/mlir-aie/programming_examples/basic/matrix_multiplication/whole_array/_build'
gmake[3]: Entering directory '/scratch/luisr/mlir-aie/programming_examples/basic/matrix_multiplication/whole_array/_build'
[ 33%] Building CXX object CMakeFiles/whole_array.dir/scratch/luisr/mlir-aie/runtime_lib/test_lib/test_utils.cpp.o
[ 66%] Building CXX object CMakeFiles/whole_array.dir/whole_array/test.cpp.o
[100%] Linking CXX executable whole_array
gmake[3]: Leaving directory '/scratch/luisr/mlir-aie/programming_examples/basic/matrix_multiplication/whole_array/_build'
[100%] Built target whole_array
gmake[2]: Leaving directory '/scratch/luisr/mlir-aie/programming_examples/basic/matrix_multiplication/whole_array/_build'
gmake[1]: Leaving directory '/scratch/luisr/mlir-aie/programming_examples/basic/matrix_multiplication/whole_array/_build'
cp _build/whole_array whole_array.exe 
mkdir -p build
python3 /scratch/luisr/mlir-aie/programming_examples/basic/matrix_multiplication/whole_array/whole_array.py -m 64 -k 64 -n 64 --n-aie-cols 8 --b-col-maj 0 --dev npu2 -M 1024 -K 6144 -N 512 --dtype_in bf16 --dtype_out bf16 --trace_size 0 > build/aie_1024x6144x512_64x64x64_8c.mlir
mkdir -p build
cd build && xchesscc_wrapper aie2p -I /proj/xbuilds/2024.2_INT_1113_1001/installs/all_platforms/Vitis/2024.2/aietools/include  -Dbf16_bf16_ONLY -DDIM_M=64 -DDIM_K=64 -DDIM_N=64 -c /scratch/luisr/mlir-aie/programming_examples/basic/matrix_multiplication/whole_array/../../../../aie_kernels/aie2p/mm.cc -o mm_64x64x64.o
WARNING: Default location for XILINX_VIVADO_IP_OVERRIDE not found: /build/xfndry/IP_2024.2_INTEGRATION_VERIFIED/customer/vivado/data/ip
mkdir -p build
cd build && aiecc.py --alloc-scheme=basic-sequential --aie-generate-xclbin --no-compile-host --xclbin-name=final_1024x6144x512_64x64x64_8c.xclbin \
			 \
			--aie-generate-npu-insts --npu-insts-name=insts_1024x6144x512_64x64x64_8c.txt ../build/aie_1024x6144x512_64x64x64_8c.mlir

Generating: /scratch/luisr/mlir-aie/programming_examples/basic/matrix_multiplication/whole_array/build/aie_1024x6144x512_64x64x64_8c.mlir.prj/aie_cdo_elfs.bin
Generating: /scratch/luisr/mlir-aie/programming_examples/basic/matrix_multiplication/whole_array/build/aie_1024x6144x512_64x64x64_8c.mlir.prj/aie_cdo_init.bin
Generating: /scratch/luisr/mlir-aie/programming_examples/basic/matrix_multiplication/whole_array/build/aie_1024x6144x512_64x64x64_8c.mlir.prj/aie_cdo_enable.bin
export XRT_HACK_UNSECURE_LOADING_XCLBIN=1 && \
 ./whole_array.exe -x build/final_1024x6144x512_64x64x64_8c.xclbin -i build/insts_1024x6144x512_64x64x64_8c.txt -k MLIR_AIE -M 1024 -K 6144 -N 512 --iters 40 --warmup 10 --verify=false --b_col_maj 0

Avg NPU matmul time: 8269.17us.
Avg NPU gflops: 779.092

Min NPU matmul time: 7898us.
Max NPU gflops: 815.707

Max NPU matmul time: 9019us.
Min NPU gflops: 714.32

PASS!

rm -rf tmpTrace parse*.json trace*json trace.txt
rm -rf build _build whole_array.exe
rm -rf _build
mkdir -p _build
cd _build &&  cmake -E env CXXFLAGS="-std=c++23 -ggdb -DDTYPE_IN=std::bfloat16_t -DDTYPE_OUT=std::bfloat16_t -DDTYPE_ACC=float" \
	cmake `echo /scratch/luisr/mlir-aie/programming_examples/basic/matrix_multiplication/whole_array/..` -D CMAKE_C_COMPILER=gcc-13 -D CMAKE_CXX_COMPILER=g++-13 -DTARGET_NAME=whole_array -Dsubdir=whole_array
-- The C compiler identification is GNU 13.3.0
-- The CXX compiler identification is GNU 13.3.0
-- Detecting C compiler ABI info
-- Detecting C compiler ABI info - done
-- Check for working C compiler: /usr/bin/gcc-13 - skipped
-- Detecting C compile features
-- Detecting C compile features - done
-- Detecting CXX compiler ABI info
-- Detecting CXX compiler ABI info - done
-- Check for working CXX compiler: /usr/bin/g++-13 - skipped
-- Detecting CXX compile features
-- Detecting CXX compile features - done
-- Configuring done (0.3s)
-- Generating done (0.0s)
-- Build files have been written to: /scratch/luisr/mlir-aie/programming_examples/basic/matrix_multiplication/whole_array/_build
cd _build &&  cmake --build . --config Release
gmake[1]: Entering directory '/scratch/luisr/mlir-aie/programming_examples/basic/matrix_multiplication/whole_array/_build'
gmake[2]: Entering directory '/scratch/luisr/mlir-aie/programming_examples/basic/matrix_multiplication/whole_array/_build'
gmake[3]: Entering directory '/scratch/luisr/mlir-aie/programming_examples/basic/matrix_multiplication/whole_array/_build'
gmake[3]: Leaving directory '/scratch/luisr/mlir-aie/programming_examples/basic/matrix_multiplication/whole_array/_build'
gmake[3]: Entering directory '/scratch/luisr/mlir-aie/programming_examples/basic/matrix_multiplication/whole_array/_build'
[ 33%] Building CXX object CMakeFiles/whole_array.dir/scratch/luisr/mlir-aie/runtime_lib/test_lib/test_utils.cpp.o
[ 66%] Building CXX object CMakeFiles/whole_array.dir/whole_array/test.cpp.o
[100%] Linking CXX executable whole_array
gmake[3]: Leaving directory '/scratch/luisr/mlir-aie/programming_examples/basic/matrix_multiplication/whole_array/_build'
[100%] Built target whole_array
gmake[2]: Leaving directory '/scratch/luisr/mlir-aie/programming_examples/basic/matrix_multiplication/whole_array/_build'
gmake[1]: Leaving directory '/scratch/luisr/mlir-aie/programming_examples/basic/matrix_multiplication/whole_array/_build'
cp _build/whole_array whole_array.exe 
mkdir -p build
python3 /scratch/luisr/mlir-aie/programming_examples/basic/matrix_multiplication/whole_array/whole_array.py -m 64 -k 64 -n 64 --n-aie-cols 8 --b-col-maj 0 --dev npu2 -M 1024 -K 6144 -N 1024 --dtype_in bf16 --dtype_out bf16 --trace_size 0 > build/aie_1024x6144x1024_64x64x64_8c.mlir
mkdir -p build
cd build && xchesscc_wrapper aie2p -I /proj/xbuilds/2024.2_INT_1113_1001/installs/all_platforms/Vitis/2024.2/aietools/include  -Dbf16_bf16_ONLY -DDIM_M=64 -DDIM_K=64 -DDIM_N=64 -c /scratch/luisr/mlir-aie/programming_examples/basic/matrix_multiplication/whole_array/../../../../aie_kernels/aie2p/mm.cc -o mm_64x64x64.o
WARNING: Default location for XILINX_VIVADO_IP_OVERRIDE not found: /build/xfndry/IP_2024.2_INTEGRATION_VERIFIED/customer/vivado/data/ip
mkdir -p build
cd build && aiecc.py --alloc-scheme=basic-sequential --aie-generate-xclbin --no-compile-host --xclbin-name=final_1024x6144x1024_64x64x64_8c.xclbin \
			 \
			--aie-generate-npu-insts --npu-insts-name=insts_1024x6144x1024_64x64x64_8c.txt ../build/aie_1024x6144x1024_64x64x64_8c.mlir

Generating: /scratch/luisr/mlir-aie/programming_examples/basic/matrix_multiplication/whole_array/build/aie_1024x6144x1024_64x64x64_8c.mlir.prj/aie_cdo_elfs.bin
Generating: /scratch/luisr/mlir-aie/programming_examples/basic/matrix_multiplication/whole_array/build/aie_1024x6144x1024_64x64x64_8c.mlir.prj/aie_cdo_init.bin
Generating: /scratch/luisr/mlir-aie/programming_examples/basic/matrix_multiplication/whole_array/build/aie_1024x6144x1024_64x64x64_8c.mlir.prj/aie_cdo_enable.bin
export XRT_HACK_UNSECURE_LOADING_XCLBIN=1 && \
 ./whole_array.exe -x build/final_1024x6144x1024_64x64x64_8c.xclbin -i build/insts_1024x6144x1024_64x64x64_8c.txt -k MLIR_AIE -M 1024 -K 6144 -N 1024 --iters 40 --warmup 10 --verify=false --b_col_maj 0

Avg NPU matmul time: 16378.1us.
Avg NPU gflops: 786.716

Min NPU matmul time: 15669us.
Max NPU gflops: 822.318

Max NPU matmul time: 17738us.
Min NPU gflops: 726.401

PASS!

rm -rf tmpTrace parse*.json trace*json trace.txt
rm -rf build _build whole_array.exe
rm -rf _build
mkdir -p _build
cd _build &&  cmake -E env CXXFLAGS="-std=c++23 -ggdb -DDTYPE_IN=std::bfloat16_t -DDTYPE_OUT=std::bfloat16_t -DDTYPE_ACC=float" \
	cmake `echo /scratch/luisr/mlir-aie/programming_examples/basic/matrix_multiplication/whole_array/..` -D CMAKE_C_COMPILER=gcc-13 -D CMAKE_CXX_COMPILER=g++-13 -DTARGET_NAME=whole_array -Dsubdir=whole_array
-- The C compiler identification is GNU 13.3.0
-- The CXX compiler identification is GNU 13.3.0
-- Detecting C compiler ABI info
-- Detecting C compiler ABI info - done
-- Check for working C compiler: /usr/bin/gcc-13 - skipped
-- Detecting C compile features
-- Detecting C compile features - done
-- Detecting CXX compiler ABI info
-- Detecting CXX compiler ABI info - done
-- Check for working CXX compiler: /usr/bin/g++-13 - skipped
-- Detecting CXX compile features
-- Detecting CXX compile features - done
-- Configuring done (0.3s)
-- Generating done (0.0s)
-- Build files have been written to: /scratch/luisr/mlir-aie/programming_examples/basic/matrix_multiplication/whole_array/_build
cd _build &&  cmake --build . --config Release
gmake[1]: Entering directory '/scratch/luisr/mlir-aie/programming_examples/basic/matrix_multiplication/whole_array/_build'
gmake[2]: Entering directory '/scratch/luisr/mlir-aie/programming_examples/basic/matrix_multiplication/whole_array/_build'
gmake[3]: Entering directory '/scratch/luisr/mlir-aie/programming_examples/basic/matrix_multiplication/whole_array/_build'
gmake[3]: Leaving directory '/scratch/luisr/mlir-aie/programming_examples/basic/matrix_multiplication/whole_array/_build'
gmake[3]: Entering directory '/scratch/luisr/mlir-aie/programming_examples/basic/matrix_multiplication/whole_array/_build'
[ 33%] Building CXX object CMakeFiles/whole_array.dir/scratch/luisr/mlir-aie/runtime_lib/test_lib/test_utils.cpp.o
[ 66%] Building CXX object CMakeFiles/whole_array.dir/whole_array/test.cpp.o
[100%] Linking CXX executable whole_array
gmake[3]: Leaving directory '/scratch/luisr/mlir-aie/programming_examples/basic/matrix_multiplication/whole_array/_build'
[100%] Built target whole_array
gmake[2]: Leaving directory '/scratch/luisr/mlir-aie/programming_examples/basic/matrix_multiplication/whole_array/_build'
gmake[1]: Leaving directory '/scratch/luisr/mlir-aie/programming_examples/basic/matrix_multiplication/whole_array/_build'
cp _build/whole_array whole_array.exe 
mkdir -p build
python3 /scratch/luisr/mlir-aie/programming_examples/basic/matrix_multiplication/whole_array/whole_array.py -m 64 -k 64 -n 64 --n-aie-cols 8 --b-col-maj 0 --dev npu2 -M 1024 -K 6144 -N 4096 --dtype_in bf16 --dtype_out bf16 --trace_size 0 > build/aie_1024x6144x4096_64x64x64_8c.mlir
mkdir -p build
cd build && xchesscc_wrapper aie2p -I /proj/xbuilds/2024.2_INT_1113_1001/installs/all_platforms/Vitis/2024.2/aietools/include  -Dbf16_bf16_ONLY -DDIM_M=64 -DDIM_K=64 -DDIM_N=64 -c /scratch/luisr/mlir-aie/programming_examples/basic/matrix_multiplication/whole_array/../../../../aie_kernels/aie2p/mm.cc -o mm_64x64x64.o
WARNING: Default location for XILINX_VIVADO_IP_OVERRIDE not found: /build/xfndry/IP_2024.2_INTEGRATION_VERIFIED/customer/vivado/data/ip
mkdir -p build
cd build && aiecc.py --alloc-scheme=basic-sequential --aie-generate-xclbin --no-compile-host --xclbin-name=final_1024x6144x4096_64x64x64_8c.xclbin \
			 \
			--aie-generate-npu-insts --npu-insts-name=insts_1024x6144x4096_64x64x64_8c.txt ../build/aie_1024x6144x4096_64x64x64_8c.mlir

Generating: /scratch/luisr/mlir-aie/programming_examples/basic/matrix_multiplication/whole_array/build/aie_1024x6144x4096_64x64x64_8c.mlir.prj/aie_cdo_elfs.bin
Generating: /scratch/luisr/mlir-aie/programming_examples/basic/matrix_multiplication/whole_array/build/aie_1024x6144x4096_64x64x64_8c.mlir.prj/aie_cdo_init.bin
Generating: /scratch/luisr/mlir-aie/programming_examples/basic/matrix_multiplication/whole_array/build/aie_1024x6144x4096_64x64x64_8c.mlir.prj/aie_cdo_enable.bin
export XRT_HACK_UNSECURE_LOADING_XCLBIN=1 && \
 ./whole_array.exe -x build/final_1024x6144x4096_64x64x64_8c.xclbin -i build/insts_1024x6144x4096_64x64x64_8c.txt -k MLIR_AIE -M 1024 -K 6144 -N 4096 --iters 40 --warmup 10 --verify=false --b_col_maj 0

Avg NPU matmul time: 62519.1us.
Avg NPU gflops: 824.381

Min NPU matmul time: 61753us.
Max NPU gflops: 834.609

Max NPU matmul time: 63439us.
Min NPU gflops: 812.428

PASS!

rm -rf tmpTrace parse*.json trace*json trace.txt
rm -rf build _build whole_array.exe
rm -rf _build
mkdir -p _build
cd _build &&  cmake -E env CXXFLAGS="-std=c++23 -ggdb -DDTYPE_IN=std::bfloat16_t -DDTYPE_OUT=std::bfloat16_t -DDTYPE_ACC=float" \
	cmake `echo /scratch/luisr/mlir-aie/programming_examples/basic/matrix_multiplication/whole_array/..` -D CMAKE_C_COMPILER=gcc-13 -D CMAKE_CXX_COMPILER=g++-13 -DTARGET_NAME=whole_array -Dsubdir=whole_array
-- The C compiler identification is GNU 13.3.0
-- The CXX compiler identification is GNU 13.3.0
-- Detecting C compiler ABI info
-- Detecting C compiler ABI info - done
-- Check for working C compiler: /usr/bin/gcc-13 - skipped
-- Detecting C compile features
-- Detecting C compile features - done
-- Detecting CXX compiler ABI info
-- Detecting CXX compiler ABI info - done
-- Check for working CXX compiler: /usr/bin/g++-13 - skipped
-- Detecting CXX compile features
-- Detecting CXX compile features - done
-- Configuring done (0.3s)
-- Generating done (0.0s)
-- Build files have been written to: /scratch/luisr/mlir-aie/programming_examples/basic/matrix_multiplication/whole_array/_build
cd _build &&  cmake --build . --config Release
gmake[1]: Entering directory '/scratch/luisr/mlir-aie/programming_examples/basic/matrix_multiplication/whole_array/_build'
gmake[2]: Entering directory '/scratch/luisr/mlir-aie/programming_examples/basic/matrix_multiplication/whole_array/_build'
gmake[3]: Entering directory '/scratch/luisr/mlir-aie/programming_examples/basic/matrix_multiplication/whole_array/_build'
gmake[3]: Leaving directory '/scratch/luisr/mlir-aie/programming_examples/basic/matrix_multiplication/whole_array/_build'
gmake[3]: Entering directory '/scratch/luisr/mlir-aie/programming_examples/basic/matrix_multiplication/whole_array/_build'
[ 33%] Building CXX object CMakeFiles/whole_array.dir/scratch/luisr/mlir-aie/runtime_lib/test_lib/test_utils.cpp.o
[ 66%] Building CXX object CMakeFiles/whole_array.dir/whole_array/test.cpp.o
[100%] Linking CXX executable whole_array
gmake[3]: Leaving directory '/scratch/luisr/mlir-aie/programming_examples/basic/matrix_multiplication/whole_array/_build'
[100%] Built target whole_array
gmake[2]: Leaving directory '/scratch/luisr/mlir-aie/programming_examples/basic/matrix_multiplication/whole_array/_build'
gmake[1]: Leaving directory '/scratch/luisr/mlir-aie/programming_examples/basic/matrix_multiplication/whole_array/_build'
cp _build/whole_array whole_array.exe 
mkdir -p build
python3 /scratch/luisr/mlir-aie/programming_examples/basic/matrix_multiplication/whole_array/whole_array.py -m 64 -k 64 -n 64 --n-aie-cols 8 --b-col-maj 0 --dev npu2 -M 1024 -K 6144 -N 8192 --dtype_in bf16 --dtype_out bf16 --trace_size 0 > build/aie_1024x6144x8192_64x64x64_8c.mlir
mkdir -p build
cd build && xchesscc_wrapper aie2p -I /proj/xbuilds/2024.2_INT_1113_1001/installs/all_platforms/Vitis/2024.2/aietools/include  -Dbf16_bf16_ONLY -DDIM_M=64 -DDIM_K=64 -DDIM_N=64 -c /scratch/luisr/mlir-aie/programming_examples/basic/matrix_multiplication/whole_array/../../../../aie_kernels/aie2p/mm.cc -o mm_64x64x64.o
WARNING: Default location for XILINX_VIVADO_IP_OVERRIDE not found: /build/xfndry/IP_2024.2_INTEGRATION_VERIFIED/customer/vivado/data/ip
mkdir -p build
cd build && aiecc.py --alloc-scheme=basic-sequential --aie-generate-xclbin --no-compile-host --xclbin-name=final_1024x6144x8192_64x64x64_8c.xclbin \
			 \
			--aie-generate-npu-insts --npu-insts-name=insts_1024x6144x8192_64x64x64_8c.txt ../build/aie_1024x6144x8192_64x64x64_8c.mlir

Generating: /scratch/luisr/mlir-aie/programming_examples/basic/matrix_multiplication/whole_array/build/aie_1024x6144x8192_64x64x64_8c.mlir.prj/aie_cdo_elfs.bin
Generating: /scratch/luisr/mlir-aie/programming_examples/basic/matrix_multiplication/whole_array/build/aie_1024x6144x8192_64x64x64_8c.mlir.prj/aie_cdo_init.bin
Generating: /scratch/luisr/mlir-aie/programming_examples/basic/matrix_multiplication/whole_array/build/aie_1024x6144x8192_64x64x64_8c.mlir.prj/aie_cdo_enable.bin
export XRT_HACK_UNSECURE_LOADING_XCLBIN=1 && \
 ./whole_array.exe -x build/final_1024x6144x8192_64x64x64_8c.xclbin -i build/insts_1024x6144x8192_64x64x64_8c.txt -k MLIR_AIE -M 1024 -K 6144 -N 8192 --iters 40 --warmup 10 --verify=false --b_col_maj 0

Avg NPU matmul time: 123956us.
Avg NPU gflops: 831.581

Min NPU matmul time: 123370us.
Max NPU gflops: 835.529

Max NPU matmul time: 125566us.
Min NPU gflops: 820.917

PASS!

rm -rf tmpTrace parse*.json trace*json trace.txt
rm -rf build _build whole_array.exe
rm -rf _build
mkdir -p _build
cd _build &&  cmake -E env CXXFLAGS="-std=c++23 -ggdb -DDTYPE_IN=std::bfloat16_t -DDTYPE_OUT=std::bfloat16_t -DDTYPE_ACC=float" \
	cmake `echo /scratch/luisr/mlir-aie/programming_examples/basic/matrix_multiplication/whole_array/..` -D CMAKE_C_COMPILER=gcc-13 -D CMAKE_CXX_COMPILER=g++-13 -DTARGET_NAME=whole_array -Dsubdir=whole_array
-- The C compiler identification is GNU 13.3.0
-- The CXX compiler identification is GNU 13.3.0
-- Detecting C compiler ABI info
-- Detecting C compiler ABI info - done
-- Check for working C compiler: /usr/bin/gcc-13 - skipped
-- Detecting C compile features
-- Detecting C compile features - done
-- Detecting CXX compiler ABI info
-- Detecting CXX compiler ABI info - done
-- Check for working CXX compiler: /usr/bin/g++-13 - skipped
-- Detecting CXX compile features
-- Detecting CXX compile features - done
-- Configuring done (0.3s)
-- Generating done (0.0s)
-- Build files have been written to: /scratch/luisr/mlir-aie/programming_examples/basic/matrix_multiplication/whole_array/_build
cd _build &&  cmake --build . --config Release
gmake[1]: Entering directory '/scratch/luisr/mlir-aie/programming_examples/basic/matrix_multiplication/whole_array/_build'
gmake[2]: Entering directory '/scratch/luisr/mlir-aie/programming_examples/basic/matrix_multiplication/whole_array/_build'
gmake[3]: Entering directory '/scratch/luisr/mlir-aie/programming_examples/basic/matrix_multiplication/whole_array/_build'
gmake[3]: Leaving directory '/scratch/luisr/mlir-aie/programming_examples/basic/matrix_multiplication/whole_array/_build'
gmake[3]: Entering directory '/scratch/luisr/mlir-aie/programming_examples/basic/matrix_multiplication/whole_array/_build'
[ 33%] Building CXX object CMakeFiles/whole_array.dir/scratch/luisr/mlir-aie/runtime_lib/test_lib/test_utils.cpp.o
[ 66%] Building CXX object CMakeFiles/whole_array.dir/whole_array/test.cpp.o
[100%] Linking CXX executable whole_array
gmake[3]: Leaving directory '/scratch/luisr/mlir-aie/programming_examples/basic/matrix_multiplication/whole_array/_build'
[100%] Built target whole_array
gmake[2]: Leaving directory '/scratch/luisr/mlir-aie/programming_examples/basic/matrix_multiplication/whole_array/_build'
gmake[1]: Leaving directory '/scratch/luisr/mlir-aie/programming_examples/basic/matrix_multiplication/whole_array/_build'
cp _build/whole_array whole_array.exe 
mkdir -p build
python3 /scratch/luisr/mlir-aie/programming_examples/basic/matrix_multiplication/whole_array/whole_array.py -m 64 -k 64 -n 64 --n-aie-cols 8 --b-col-maj 0 --dev npu2 -M 4096 -K 512 -N 512 --dtype_in bf16 --dtype_out bf16 --trace_size 0 > build/aie_4096x512x512_64x64x64_8c.mlir
mkdir -p build
cd build && xchesscc_wrapper aie2p -I /proj/xbuilds/2024.2_INT_1113_1001/installs/all_platforms/Vitis/2024.2/aietools/include  -Dbf16_bf16_ONLY -DDIM_M=64 -DDIM_K=64 -DDIM_N=64 -c /scratch/luisr/mlir-aie/programming_examples/basic/matrix_multiplication/whole_array/../../../../aie_kernels/aie2p/mm.cc -o mm_64x64x64.o
WARNING: Default location for XILINX_VIVADO_IP_OVERRIDE not found: /build/xfndry/IP_2024.2_INTEGRATION_VERIFIED/customer/vivado/data/ip
mkdir -p build
cd build && aiecc.py --alloc-scheme=basic-sequential --aie-generate-xclbin --no-compile-host --xclbin-name=final_4096x512x512_64x64x64_8c.xclbin \
			 \
			--aie-generate-npu-insts --npu-insts-name=insts_4096x512x512_64x64x64_8c.txt ../build/aie_4096x512x512_64x64x64_8c.mlir

Generating: /scratch/luisr/mlir-aie/programming_examples/basic/matrix_multiplication/whole_array/build/aie_4096x512x512_64x64x64_8c.mlir.prj/aie_cdo_elfs.bin
Generating: /scratch/luisr/mlir-aie/programming_examples/basic/matrix_multiplication/whole_array/build/aie_4096x512x512_64x64x64_8c.mlir.prj/aie_cdo_init.bin
Generating: /scratch/luisr/mlir-aie/programming_examples/basic/matrix_multiplication/whole_array/build/aie_4096x512x512_64x64x64_8c.mlir.prj/aie_cdo_enable.bin
export XRT_HACK_UNSECURE_LOADING_XCLBIN=1 && \
 ./whole_array.exe -x build/final_4096x512x512_64x64x64_8c.xclbin -i build/insts_4096x512x512_64x64x64_8c.txt -k MLIR_AIE -M 4096 -K 512 -N 512 --iters 40 --warmup 10 --verify=false --b_col_maj 0

Avg NPU matmul time: 2702us.
Avg NPU gflops: 794.776

Min NPU matmul time: 2676us.
Max NPU gflops: 802.498

Max NPU matmul time: 2830us.
Min NPU gflops: 758.828

PASS!

rm -rf tmpTrace parse*.json trace*json trace.txt
rm -rf build _build whole_array.exe
rm -rf _build
mkdir -p _build
cd _build &&  cmake -E env CXXFLAGS="-std=c++23 -ggdb -DDTYPE_IN=std::bfloat16_t -DDTYPE_OUT=std::bfloat16_t -DDTYPE_ACC=float" \
	cmake `echo /scratch/luisr/mlir-aie/programming_examples/basic/matrix_multiplication/whole_array/..` -D CMAKE_C_COMPILER=gcc-13 -D CMAKE_CXX_COMPILER=g++-13 -DTARGET_NAME=whole_array -Dsubdir=whole_array
-- The C compiler identification is GNU 13.3.0
-- The CXX compiler identification is GNU 13.3.0
-- Detecting C compiler ABI info
-- Detecting C compiler ABI info - done
-- Check for working C compiler: /usr/bin/gcc-13 - skipped
-- Detecting C compile features
-- Detecting C compile features - done
-- Detecting CXX compiler ABI info
-- Detecting CXX compiler ABI info - done
-- Check for working CXX compiler: /usr/bin/g++-13 - skipped
-- Detecting CXX compile features
-- Detecting CXX compile features - done
-- Configuring done (0.3s)
-- Generating done (0.0s)
-- Build files have been written to: /scratch/luisr/mlir-aie/programming_examples/basic/matrix_multiplication/whole_array/_build
cd _build &&  cmake --build . --config Release
gmake[1]: Entering directory '/scratch/luisr/mlir-aie/programming_examples/basic/matrix_multiplication/whole_array/_build'
gmake[2]: Entering directory '/scratch/luisr/mlir-aie/programming_examples/basic/matrix_multiplication/whole_array/_build'
gmake[3]: Entering directory '/scratch/luisr/mlir-aie/programming_examples/basic/matrix_multiplication/whole_array/_build'
gmake[3]: Leaving directory '/scratch/luisr/mlir-aie/programming_examples/basic/matrix_multiplication/whole_array/_build'
gmake[3]: Entering directory '/scratch/luisr/mlir-aie/programming_examples/basic/matrix_multiplication/whole_array/_build'
[ 33%] Building CXX object CMakeFiles/whole_array.dir/scratch/luisr/mlir-aie/runtime_lib/test_lib/test_utils.cpp.o
[ 66%] Building CXX object CMakeFiles/whole_array.dir/whole_array/test.cpp.o
[100%] Linking CXX executable whole_array
gmake[3]: Leaving directory '/scratch/luisr/mlir-aie/programming_examples/basic/matrix_multiplication/whole_array/_build'
[100%] Built target whole_array
gmake[2]: Leaving directory '/scratch/luisr/mlir-aie/programming_examples/basic/matrix_multiplication/whole_array/_build'
gmake[1]: Leaving directory '/scratch/luisr/mlir-aie/programming_examples/basic/matrix_multiplication/whole_array/_build'
cp _build/whole_array whole_array.exe 
mkdir -p build
python3 /scratch/luisr/mlir-aie/programming_examples/basic/matrix_multiplication/whole_array/whole_array.py -m 64 -k 64 -n 64 --n-aie-cols 8 --b-col-maj 0 --dev npu2 -M 4096 -K 512 -N 1024 --dtype_in bf16 --dtype_out bf16 --trace_size 0 > build/aie_4096x512x1024_64x64x64_8c.mlir
mkdir -p build
cd build && xchesscc_wrapper aie2p -I /proj/xbuilds/2024.2_INT_1113_1001/installs/all_platforms/Vitis/2024.2/aietools/include  -Dbf16_bf16_ONLY -DDIM_M=64 -DDIM_K=64 -DDIM_N=64 -c /scratch/luisr/mlir-aie/programming_examples/basic/matrix_multiplication/whole_array/../../../../aie_kernels/aie2p/mm.cc -o mm_64x64x64.o
WARNING: Default location for XILINX_VIVADO_IP_OVERRIDE not found: /build/xfndry/IP_2024.2_INTEGRATION_VERIFIED/customer/vivado/data/ip
mkdir -p build
cd build && aiecc.py --alloc-scheme=basic-sequential --aie-generate-xclbin --no-compile-host --xclbin-name=final_4096x512x1024_64x64x64_8c.xclbin \
			 \
			--aie-generate-npu-insts --npu-insts-name=insts_4096x512x1024_64x64x64_8c.txt ../build/aie_4096x512x1024_64x64x64_8c.mlir

Generating: /scratch/luisr/mlir-aie/programming_examples/basic/matrix_multiplication/whole_array/build/aie_4096x512x1024_64x64x64_8c.mlir.prj/aie_cdo_elfs.bin
Generating: /scratch/luisr/mlir-aie/programming_examples/basic/matrix_multiplication/whole_array/build/aie_4096x512x1024_64x64x64_8c.mlir.prj/aie_cdo_init.bin
Generating: /scratch/luisr/mlir-aie/programming_examples/basic/matrix_multiplication/whole_array/build/aie_4096x512x1024_64x64x64_8c.mlir.prj/aie_cdo_enable.bin
export XRT_HACK_UNSECURE_LOADING_XCLBIN=1 && \
 ./whole_array.exe -x build/final_4096x512x1024_64x64x64_8c.xclbin -i build/insts_4096x512x1024_64x64x64_8c.txt -k MLIR_AIE -M 4096 -K 512 -N 1024 --iters 40 --warmup 10 --verify=false --b_col_maj 0

Avg NPU matmul time: 5498.1us.
Avg NPU gflops: 781.173

Min NPU matmul time: 5340us.
Max NPU gflops: 804.301

Max NPU matmul time: 6303us.
Min NPU gflops: 681.416

PASS!

rm -rf tmpTrace parse*.json trace*json trace.txt
rm -rf build _build whole_array.exe
rm -rf _build
mkdir -p _build
cd _build &&  cmake -E env CXXFLAGS="-std=c++23 -ggdb -DDTYPE_IN=std::bfloat16_t -DDTYPE_OUT=std::bfloat16_t -DDTYPE_ACC=float" \
	cmake `echo /scratch/luisr/mlir-aie/programming_examples/basic/matrix_multiplication/whole_array/..` -D CMAKE_C_COMPILER=gcc-13 -D CMAKE_CXX_COMPILER=g++-13 -DTARGET_NAME=whole_array -Dsubdir=whole_array
-- The C compiler identification is GNU 13.3.0
-- The CXX compiler identification is GNU 13.3.0
-- Detecting C compiler ABI info
-- Detecting C compiler ABI info - done
-- Check for working C compiler: /usr/bin/gcc-13 - skipped
-- Detecting C compile features
-- Detecting C compile features - done
-- Detecting CXX compiler ABI info
-- Detecting CXX compiler ABI info - done
-- Check for working CXX compiler: /usr/bin/g++-13 - skipped
-- Detecting CXX compile features
-- Detecting CXX compile features - done
-- Configuring done (0.2s)
-- Generating done (0.0s)
-- Build files have been written to: /scratch/luisr/mlir-aie/programming_examples/basic/matrix_multiplication/whole_array/_build
cd _build &&  cmake --build . --config Release
gmake[1]: Entering directory '/scratch/luisr/mlir-aie/programming_examples/basic/matrix_multiplication/whole_array/_build'
gmake[2]: Entering directory '/scratch/luisr/mlir-aie/programming_examples/basic/matrix_multiplication/whole_array/_build'
gmake[3]: Entering directory '/scratch/luisr/mlir-aie/programming_examples/basic/matrix_multiplication/whole_array/_build'
gmake[3]: Leaving directory '/scratch/luisr/mlir-aie/programming_examples/basic/matrix_multiplication/whole_array/_build'
gmake[3]: Entering directory '/scratch/luisr/mlir-aie/programming_examples/basic/matrix_multiplication/whole_array/_build'
[ 33%] Building CXX object CMakeFiles/whole_array.dir/scratch/luisr/mlir-aie/runtime_lib/test_lib/test_utils.cpp.o
[ 66%] Building CXX object CMakeFiles/whole_array.dir/whole_array/test.cpp.o
[100%] Linking CXX executable whole_array
gmake[3]: Leaving directory '/scratch/luisr/mlir-aie/programming_examples/basic/matrix_multiplication/whole_array/_build'
[100%] Built target whole_array
gmake[2]: Leaving directory '/scratch/luisr/mlir-aie/programming_examples/basic/matrix_multiplication/whole_array/_build'
gmake[1]: Leaving directory '/scratch/luisr/mlir-aie/programming_examples/basic/matrix_multiplication/whole_array/_build'
cp _build/whole_array whole_array.exe 
mkdir -p build
python3 /scratch/luisr/mlir-aie/programming_examples/basic/matrix_multiplication/whole_array/whole_array.py -m 64 -k 64 -n 64 --n-aie-cols 8 --b-col-maj 0 --dev npu2 -M 4096 -K 512 -N 4096 --dtype_in bf16 --dtype_out bf16 --trace_size 0 > build/aie_4096x512x4096_64x64x64_8c.mlir
mkdir -p build
cd build && xchesscc_wrapper aie2p -I /proj/xbuilds/2024.2_INT_1113_1001/installs/all_platforms/Vitis/2024.2/aietools/include  -Dbf16_bf16_ONLY -DDIM_M=64 -DDIM_K=64 -DDIM_N=64 -c /scratch/luisr/mlir-aie/programming_examples/basic/matrix_multiplication/whole_array/../../../../aie_kernels/aie2p/mm.cc -o mm_64x64x64.o
WARNING: Default location for XILINX_VIVADO_IP_OVERRIDE not found: /build/xfndry/IP_2024.2_INTEGRATION_VERIFIED/customer/vivado/data/ip
mkdir -p build
cd build && aiecc.py --alloc-scheme=basic-sequential --aie-generate-xclbin --no-compile-host --xclbin-name=final_4096x512x4096_64x64x64_8c.xclbin \
			 \
			--aie-generate-npu-insts --npu-insts-name=insts_4096x512x4096_64x64x64_8c.txt ../build/aie_4096x512x4096_64x64x64_8c.mlir

Generating: /scratch/luisr/mlir-aie/programming_examples/basic/matrix_multiplication/whole_array/build/aie_4096x512x4096_64x64x64_8c.mlir.prj/aie_cdo_elfs.bin
Generating: /scratch/luisr/mlir-aie/programming_examples/basic/matrix_multiplication/whole_array/build/aie_4096x512x4096_64x64x64_8c.mlir.prj/aie_cdo_init.bin
Generating: /scratch/luisr/mlir-aie/programming_examples/basic/matrix_multiplication/whole_array/build/aie_4096x512x4096_64x64x64_8c.mlir.prj/aie_cdo_enable.bin
export XRT_HACK_UNSECURE_LOADING_XCLBIN=1 && \
 ./whole_array.exe -x build/final_4096x512x4096_64x64x64_8c.xclbin -i build/insts_4096x512x4096_64x64x64_8c.txt -k MLIR_AIE -M 4096 -K 512 -N 4096 --iters 40 --warmup 10 --verify=false --b_col_maj 0

Avg NPU matmul time: 21614.1us.
Avg NPU gflops: 794.847

Min NPU matmul time: 20801us.
Max NPU gflops: 825.916

Max NPU matmul time: 22530us.
Min NPU gflops: 762.533

PASS!

rm -rf tmpTrace parse*.json trace*json trace.txt
rm -rf build _build whole_array.exe
rm -rf _build
mkdir -p _build
cd _build &&  cmake -E env CXXFLAGS="-std=c++23 -ggdb -DDTYPE_IN=std::bfloat16_t -DDTYPE_OUT=std::bfloat16_t -DDTYPE_ACC=float" \
	cmake `echo /scratch/luisr/mlir-aie/programming_examples/basic/matrix_multiplication/whole_array/..` -D CMAKE_C_COMPILER=gcc-13 -D CMAKE_CXX_COMPILER=g++-13 -DTARGET_NAME=whole_array -Dsubdir=whole_array
-- The C compiler identification is GNU 13.3.0
-- The CXX compiler identification is GNU 13.3.0
-- Detecting C compiler ABI info
-- Detecting C compiler ABI info - done
-- Check for working C compiler: /usr/bin/gcc-13 - skipped
-- Detecting C compile features
-- Detecting C compile features - done
-- Detecting CXX compiler ABI info
-- Detecting CXX compiler ABI info - done
-- Check for working CXX compiler: /usr/bin/g++-13 - skipped
-- Detecting CXX compile features
-- Detecting CXX compile features - done
-- Configuring done (0.2s)
-- Generating done (0.0s)
-- Build files have been written to: /scratch/luisr/mlir-aie/programming_examples/basic/matrix_multiplication/whole_array/_build
cd _build &&  cmake --build . --config Release
gmake[1]: Entering directory '/scratch/luisr/mlir-aie/programming_examples/basic/matrix_multiplication/whole_array/_build'
gmake[2]: Entering directory '/scratch/luisr/mlir-aie/programming_examples/basic/matrix_multiplication/whole_array/_build'
gmake[3]: Entering directory '/scratch/luisr/mlir-aie/programming_examples/basic/matrix_multiplication/whole_array/_build'
gmake[3]: Leaving directory '/scratch/luisr/mlir-aie/programming_examples/basic/matrix_multiplication/whole_array/_build'
gmake[3]: Entering directory '/scratch/luisr/mlir-aie/programming_examples/basic/matrix_multiplication/whole_array/_build'
[ 33%] Building CXX object CMakeFiles/whole_array.dir/scratch/luisr/mlir-aie/runtime_lib/test_lib/test_utils.cpp.o
[ 66%] Building CXX object CMakeFiles/whole_array.dir/whole_array/test.cpp.o
[100%] Linking CXX executable whole_array
gmake[3]: Leaving directory '/scratch/luisr/mlir-aie/programming_examples/basic/matrix_multiplication/whole_array/_build'
[100%] Built target whole_array
gmake[2]: Leaving directory '/scratch/luisr/mlir-aie/programming_examples/basic/matrix_multiplication/whole_array/_build'
gmake[1]: Leaving directory '/scratch/luisr/mlir-aie/programming_examples/basic/matrix_multiplication/whole_array/_build'
cp _build/whole_array whole_array.exe 
mkdir -p build
python3 /scratch/luisr/mlir-aie/programming_examples/basic/matrix_multiplication/whole_array/whole_array.py -m 64 -k 64 -n 64 --n-aie-cols 8 --b-col-maj 0 --dev npu2 -M 4096 -K 512 -N 8192 --dtype_in bf16 --dtype_out bf16 --trace_size 0 > build/aie_4096x512x8192_64x64x64_8c.mlir
mkdir -p build
cd build && xchesscc_wrapper aie2p -I /proj/xbuilds/2024.2_INT_1113_1001/installs/all_platforms/Vitis/2024.2/aietools/include  -Dbf16_bf16_ONLY -DDIM_M=64 -DDIM_K=64 -DDIM_N=64 -c /scratch/luisr/mlir-aie/programming_examples/basic/matrix_multiplication/whole_array/../../../../aie_kernels/aie2p/mm.cc -o mm_64x64x64.o
WARNING: Default location for XILINX_VIVADO_IP_OVERRIDE not found: /build/xfndry/IP_2024.2_INTEGRATION_VERIFIED/customer/vivado/data/ip
mkdir -p build
cd build && aiecc.py --alloc-scheme=basic-sequential --aie-generate-xclbin --no-compile-host --xclbin-name=final_4096x512x8192_64x64x64_8c.xclbin \
			 \
			--aie-generate-npu-insts --npu-insts-name=insts_4096x512x8192_64x64x64_8c.txt ../build/aie_4096x512x8192_64x64x64_8c.mlir

Generating: /scratch/luisr/mlir-aie/programming_examples/basic/matrix_multiplication/whole_array/build/aie_4096x512x8192_64x64x64_8c.mlir.prj/aie_cdo_elfs.bin
Generating: /scratch/luisr/mlir-aie/programming_examples/basic/matrix_multiplication/whole_array/build/aie_4096x512x8192_64x64x64_8c.mlir.prj/aie_cdo_init.bin
Generating: /scratch/luisr/mlir-aie/programming_examples/basic/matrix_multiplication/whole_array/build/aie_4096x512x8192_64x64x64_8c.mlir.prj/aie_cdo_enable.bin
export XRT_HACK_UNSECURE_LOADING_XCLBIN=1 && \
 ./whole_array.exe -x build/final_4096x512x8192_64x64x64_8c.xclbin -i build/insts_4096x512x8192_64x64x64_8c.txt -k MLIR_AIE -M 4096 -K 512 -N 8192 --iters 40 --warmup 10 --verify=false --b_col_maj 0

Avg NPU matmul time: 42157us.
Avg NPU gflops: 815.043

Min NPU matmul time: 41582us.
Max NPU gflops: 826.313

Max NPU matmul time: 43099us.
Min NPU gflops: 797.228

PASS!

rm -rf tmpTrace parse*.json trace*json trace.txt
rm -rf build _build whole_array.exe
rm -rf _build
mkdir -p _build
cd _build &&  cmake -E env CXXFLAGS="-std=c++23 -ggdb -DDTYPE_IN=std::bfloat16_t -DDTYPE_OUT=std::bfloat16_t -DDTYPE_ACC=float" \
	cmake `echo /scratch/luisr/mlir-aie/programming_examples/basic/matrix_multiplication/whole_array/..` -D CMAKE_C_COMPILER=gcc-13 -D CMAKE_CXX_COMPILER=g++-13 -DTARGET_NAME=whole_array -Dsubdir=whole_array
-- The C compiler identification is GNU 13.3.0
-- The CXX compiler identification is GNU 13.3.0
-- Detecting C compiler ABI info
-- Detecting C compiler ABI info - done
-- Check for working C compiler: /usr/bin/gcc-13 - skipped
-- Detecting C compile features
-- Detecting C compile features - done
-- Detecting CXX compiler ABI info
-- Detecting CXX compiler ABI info - done
-- Check for working CXX compiler: /usr/bin/g++-13 - skipped
-- Detecting CXX compile features
-- Detecting CXX compile features - done
-- Configuring done (0.3s)
-- Generating done (0.0s)
-- Build files have been written to: /scratch/luisr/mlir-aie/programming_examples/basic/matrix_multiplication/whole_array/_build
cd _build &&  cmake --build . --config Release
gmake[1]: Entering directory '/scratch/luisr/mlir-aie/programming_examples/basic/matrix_multiplication/whole_array/_build'
gmake[2]: Entering directory '/scratch/luisr/mlir-aie/programming_examples/basic/matrix_multiplication/whole_array/_build'
gmake[3]: Entering directory '/scratch/luisr/mlir-aie/programming_examples/basic/matrix_multiplication/whole_array/_build'
gmake[3]: Leaving directory '/scratch/luisr/mlir-aie/programming_examples/basic/matrix_multiplication/whole_array/_build'
gmake[3]: Entering directory '/scratch/luisr/mlir-aie/programming_examples/basic/matrix_multiplication/whole_array/_build'
[ 33%] Building CXX object CMakeFiles/whole_array.dir/scratch/luisr/mlir-aie/runtime_lib/test_lib/test_utils.cpp.o
[ 66%] Building CXX object CMakeFiles/whole_array.dir/whole_array/test.cpp.o
[100%] Linking CXX executable whole_array
gmake[3]: Leaving directory '/scratch/luisr/mlir-aie/programming_examples/basic/matrix_multiplication/whole_array/_build'
[100%] Built target whole_array
gmake[2]: Leaving directory '/scratch/luisr/mlir-aie/programming_examples/basic/matrix_multiplication/whole_array/_build'
gmake[1]: Leaving directory '/scratch/luisr/mlir-aie/programming_examples/basic/matrix_multiplication/whole_array/_build'
cp _build/whole_array whole_array.exe 
mkdir -p build
python3 /scratch/luisr/mlir-aie/programming_examples/basic/matrix_multiplication/whole_array/whole_array.py -m 64 -k 64 -n 64 --n-aie-cols 8 --b-col-maj 0 --dev npu2 -M 4096 -K 1024 -N 512 --dtype_in bf16 --dtype_out bf16 --trace_size 0 > build/aie_4096x1024x512_64x64x64_8c.mlir
mkdir -p build
cd build && xchesscc_wrapper aie2p -I /proj/xbuilds/2024.2_INT_1113_1001/installs/all_platforms/Vitis/2024.2/aietools/include  -Dbf16_bf16_ONLY -DDIM_M=64 -DDIM_K=64 -DDIM_N=64 -c /scratch/luisr/mlir-aie/programming_examples/basic/matrix_multiplication/whole_array/../../../../aie_kernels/aie2p/mm.cc -o mm_64x64x64.o
WARNING: Default location for XILINX_VIVADO_IP_OVERRIDE not found: /build/xfndry/IP_2024.2_INTEGRATION_VERIFIED/customer/vivado/data/ip
mkdir -p build
cd build && aiecc.py --alloc-scheme=basic-sequential --aie-generate-xclbin --no-compile-host --xclbin-name=final_4096x1024x512_64x64x64_8c.xclbin \
			 \
			--aie-generate-npu-insts --npu-insts-name=insts_4096x1024x512_64x64x64_8c.txt ../build/aie_4096x1024x512_64x64x64_8c.mlir

Generating: /scratch/luisr/mlir-aie/programming_examples/basic/matrix_multiplication/whole_array/build/aie_4096x1024x512_64x64x64_8c.mlir.prj/aie_cdo_elfs.bin
Generating: /scratch/luisr/mlir-aie/programming_examples/basic/matrix_multiplication/whole_array/build/aie_4096x1024x512_64x64x64_8c.mlir.prj/aie_cdo_init.bin
Generating: /scratch/luisr/mlir-aie/programming_examples/basic/matrix_multiplication/whole_array/build/aie_4096x1024x512_64x64x64_8c.mlir.prj/aie_cdo_enable.bin
export XRT_HACK_UNSECURE_LOADING_XCLBIN=1 && \
 ./whole_array.exe -x build/final_4096x1024x512_64x64x64_8c.xclbin -i build/insts_4096x1024x512_64x64x64_8c.txt -k MLIR_AIE -M 4096 -K 1024 -N 512 --iters 40 --warmup 10 --verify=false --b_col_maj 0

Avg NPU matmul time: 5670.67us.
Avg NPU gflops: 757.4

Min NPU matmul time: 5331us.
Max NPU gflops: 805.659

Max NPU matmul time: 6364us.
Min NPU gflops: 674.885

PASS!

rm -rf tmpTrace parse*.json trace*json trace.txt
rm -rf build _build whole_array.exe
rm -rf _build
mkdir -p _build
cd _build &&  cmake -E env CXXFLAGS="-std=c++23 -ggdb -DDTYPE_IN=std::bfloat16_t -DDTYPE_OUT=std::bfloat16_t -DDTYPE_ACC=float" \
	cmake `echo /scratch/luisr/mlir-aie/programming_examples/basic/matrix_multiplication/whole_array/..` -D CMAKE_C_COMPILER=gcc-13 -D CMAKE_CXX_COMPILER=g++-13 -DTARGET_NAME=whole_array -Dsubdir=whole_array
-- The C compiler identification is GNU 13.3.0
-- The CXX compiler identification is GNU 13.3.0
-- Detecting C compiler ABI info
-- Detecting C compiler ABI info - done
-- Check for working C compiler: /usr/bin/gcc-13 - skipped
-- Detecting C compile features
-- Detecting C compile features - done
-- Detecting CXX compiler ABI info
-- Detecting CXX compiler ABI info - done
-- Check for working CXX compiler: /usr/bin/g++-13 - skipped
-- Detecting CXX compile features
-- Detecting CXX compile features - done
-- Configuring done (0.3s)
-- Generating done (0.0s)
-- Build files have been written to: /scratch/luisr/mlir-aie/programming_examples/basic/matrix_multiplication/whole_array/_build
cd _build &&  cmake --build . --config Release
gmake[1]: Entering directory '/scratch/luisr/mlir-aie/programming_examples/basic/matrix_multiplication/whole_array/_build'
gmake[2]: Entering directory '/scratch/luisr/mlir-aie/programming_examples/basic/matrix_multiplication/whole_array/_build'
gmake[3]: Entering directory '/scratch/luisr/mlir-aie/programming_examples/basic/matrix_multiplication/whole_array/_build'
gmake[3]: Leaving directory '/scratch/luisr/mlir-aie/programming_examples/basic/matrix_multiplication/whole_array/_build'
gmake[3]: Entering directory '/scratch/luisr/mlir-aie/programming_examples/basic/matrix_multiplication/whole_array/_build'
[ 33%] Building CXX object CMakeFiles/whole_array.dir/scratch/luisr/mlir-aie/runtime_lib/test_lib/test_utils.cpp.o
[ 66%] Building CXX object CMakeFiles/whole_array.dir/whole_array/test.cpp.o
[100%] Linking CXX executable whole_array
gmake[3]: Leaving directory '/scratch/luisr/mlir-aie/programming_examples/basic/matrix_multiplication/whole_array/_build'
[100%] Built target whole_array
gmake[2]: Leaving directory '/scratch/luisr/mlir-aie/programming_examples/basic/matrix_multiplication/whole_array/_build'
gmake[1]: Leaving directory '/scratch/luisr/mlir-aie/programming_examples/basic/matrix_multiplication/whole_array/_build'
cp _build/whole_array whole_array.exe 
mkdir -p build
python3 /scratch/luisr/mlir-aie/programming_examples/basic/matrix_multiplication/whole_array/whole_array.py -m 64 -k 64 -n 64 --n-aie-cols 8 --b-col-maj 0 --dev npu2 -M 4096 -K 1024 -N 1024 --dtype_in bf16 --dtype_out bf16 --trace_size 0 > build/aie_4096x1024x1024_64x64x64_8c.mlir
mkdir -p build
cd build && xchesscc_wrapper aie2p -I /proj/xbuilds/2024.2_INT_1113_1001/installs/all_platforms/Vitis/2024.2/aietools/include  -Dbf16_bf16_ONLY -DDIM_M=64 -DDIM_K=64 -DDIM_N=64 -c /scratch/luisr/mlir-aie/programming_examples/basic/matrix_multiplication/whole_array/../../../../aie_kernels/aie2p/mm.cc -o mm_64x64x64.o
WARNING: Default location for XILINX_VIVADO_IP_OVERRIDE not found: /build/xfndry/IP_2024.2_INTEGRATION_VERIFIED/customer/vivado/data/ip
mkdir -p build
cd build && aiecc.py --alloc-scheme=basic-sequential --aie-generate-xclbin --no-compile-host --xclbin-name=final_4096x1024x1024_64x64x64_8c.xclbin \
			 \
			--aie-generate-npu-insts --npu-insts-name=insts_4096x1024x1024_64x64x64_8c.txt ../build/aie_4096x1024x1024_64x64x64_8c.mlir

Generating: /scratch/luisr/mlir-aie/programming_examples/basic/matrix_multiplication/whole_array/build/aie_4096x1024x1024_64x64x64_8c.mlir.prj/aie_cdo_elfs.bin
Generating: /scratch/luisr/mlir-aie/programming_examples/basic/matrix_multiplication/whole_array/build/aie_4096x1024x1024_64x64x64_8c.mlir.prj/aie_cdo_init.bin
Generating: /scratch/luisr/mlir-aie/programming_examples/basic/matrix_multiplication/whole_array/build/aie_4096x1024x1024_64x64x64_8c.mlir.prj/aie_cdo_enable.bin
export XRT_HACK_UNSECURE_LOADING_XCLBIN=1 && \
 ./whole_array.exe -x build/final_4096x1024x1024_64x64x64_8c.xclbin -i build/insts_4096x1024x1024_64x64x64_8c.txt -k MLIR_AIE -M 4096 -K 1024 -N 1024 --iters 40 --warmup 10 --verify=false --b_col_maj 0

Avg NPU matmul time: 10885.1us.
Avg NPU gflops: 789.146

Min NPU matmul time: 10537us.
Max NPU gflops: 815.216

Max NPU matmul time: 11590us.
Min NPU gflops: 741.151

PASS!

rm -rf tmpTrace parse*.json trace*json trace.txt
rm -rf build _build whole_array.exe
rm -rf _build
mkdir -p _build
cd _build &&  cmake -E env CXXFLAGS="-std=c++23 -ggdb -DDTYPE_IN=std::bfloat16_t -DDTYPE_OUT=std::bfloat16_t -DDTYPE_ACC=float" \
	cmake `echo /scratch/luisr/mlir-aie/programming_examples/basic/matrix_multiplication/whole_array/..` -D CMAKE_C_COMPILER=gcc-13 -D CMAKE_CXX_COMPILER=g++-13 -DTARGET_NAME=whole_array -Dsubdir=whole_array
-- The C compiler identification is GNU 13.3.0
-- The CXX compiler identification is GNU 13.3.0
-- Detecting C compiler ABI info
-- Detecting C compiler ABI info - done
-- Check for working C compiler: /usr/bin/gcc-13 - skipped
-- Detecting C compile features
-- Detecting C compile features - done
-- Detecting CXX compiler ABI info
-- Detecting CXX compiler ABI info - done
-- Check for working CXX compiler: /usr/bin/g++-13 - skipped
-- Detecting CXX compile features
-- Detecting CXX compile features - done
-- Configuring done (0.2s)
-- Generating done (0.0s)
-- Build files have been written to: /scratch/luisr/mlir-aie/programming_examples/basic/matrix_multiplication/whole_array/_build
cd _build &&  cmake --build . --config Release
gmake[1]: Entering directory '/scratch/luisr/mlir-aie/programming_examples/basic/matrix_multiplication/whole_array/_build'
gmake[2]: Entering directory '/scratch/luisr/mlir-aie/programming_examples/basic/matrix_multiplication/whole_array/_build'
gmake[3]: Entering directory '/scratch/luisr/mlir-aie/programming_examples/basic/matrix_multiplication/whole_array/_build'
gmake[3]: Leaving directory '/scratch/luisr/mlir-aie/programming_examples/basic/matrix_multiplication/whole_array/_build'
gmake[3]: Entering directory '/scratch/luisr/mlir-aie/programming_examples/basic/matrix_multiplication/whole_array/_build'
[ 33%] Building CXX object CMakeFiles/whole_array.dir/scratch/luisr/mlir-aie/runtime_lib/test_lib/test_utils.cpp.o
[ 66%] Building CXX object CMakeFiles/whole_array.dir/whole_array/test.cpp.o
[100%] Linking CXX executable whole_array
gmake[3]: Leaving directory '/scratch/luisr/mlir-aie/programming_examples/basic/matrix_multiplication/whole_array/_build'
[100%] Built target whole_array
gmake[2]: Leaving directory '/scratch/luisr/mlir-aie/programming_examples/basic/matrix_multiplication/whole_array/_build'
gmake[1]: Leaving directory '/scratch/luisr/mlir-aie/programming_examples/basic/matrix_multiplication/whole_array/_build'
cp _build/whole_array whole_array.exe 
mkdir -p build
python3 /scratch/luisr/mlir-aie/programming_examples/basic/matrix_multiplication/whole_array/whole_array.py -m 64 -k 64 -n 64 --n-aie-cols 8 --b-col-maj 0 --dev npu2 -M 4096 -K 1024 -N 4096 --dtype_in bf16 --dtype_out bf16 --trace_size 0 > build/aie_4096x1024x4096_64x64x64_8c.mlir
mkdir -p build
cd build && xchesscc_wrapper aie2p -I /proj/xbuilds/2024.2_INT_1113_1001/installs/all_platforms/Vitis/2024.2/aietools/include  -Dbf16_bf16_ONLY -DDIM_M=64 -DDIM_K=64 -DDIM_N=64 -c /scratch/luisr/mlir-aie/programming_examples/basic/matrix_multiplication/whole_array/../../../../aie_kernels/aie2p/mm.cc -o mm_64x64x64.o
WARNING: Default location for XILINX_VIVADO_IP_OVERRIDE not found: /build/xfndry/IP_2024.2_INTEGRATION_VERIFIED/customer/vivado/data/ip
mkdir -p build
cd build && aiecc.py --alloc-scheme=basic-sequential --aie-generate-xclbin --no-compile-host --xclbin-name=final_4096x1024x4096_64x64x64_8c.xclbin \
			 \
			--aie-generate-npu-insts --npu-insts-name=insts_4096x1024x4096_64x64x64_8c.txt ../build/aie_4096x1024x4096_64x64x64_8c.mlir

Generating: /scratch/luisr/mlir-aie/programming_examples/basic/matrix_multiplication/whole_array/build/aie_4096x1024x4096_64x64x64_8c.mlir.prj/aie_cdo_elfs.bin
Generating: /scratch/luisr/mlir-aie/programming_examples/basic/matrix_multiplication/whole_array/build/aie_4096x1024x4096_64x64x64_8c.mlir.prj/aie_cdo_init.bin
Generating: /scratch/luisr/mlir-aie/programming_examples/basic/matrix_multiplication/whole_array/build/aie_4096x1024x4096_64x64x64_8c.mlir.prj/aie_cdo_enable.bin
export XRT_HACK_UNSECURE_LOADING_XCLBIN=1 && \
 ./whole_array.exe -x build/final_4096x1024x4096_64x64x64_8c.xclbin -i build/insts_4096x1024x4096_64x64x64_8c.txt -k MLIR_AIE -M 4096 -K 1024 -N 4096 --iters 40 --warmup 10 --verify=false --b_col_maj 0

Avg NPU matmul time: 41440.3us.
Avg NPU gflops: 829.138

Min NPU matmul time: 41095us.
Max NPU gflops: 836.105

Max NPU matmul time: 42064us.
Min NPU gflops: 816.844

PASS!

rm -rf tmpTrace parse*.json trace*json trace.txt
rm -rf build _build whole_array.exe
rm -rf _build
mkdir -p _build
cd _build &&  cmake -E env CXXFLAGS="-std=c++23 -ggdb -DDTYPE_IN=std::bfloat16_t -DDTYPE_OUT=std::bfloat16_t -DDTYPE_ACC=float" \
	cmake `echo /scratch/luisr/mlir-aie/programming_examples/basic/matrix_multiplication/whole_array/..` -D CMAKE_C_COMPILER=gcc-13 -D CMAKE_CXX_COMPILER=g++-13 -DTARGET_NAME=whole_array -Dsubdir=whole_array
-- The C compiler identification is GNU 13.3.0
-- The CXX compiler identification is GNU 13.3.0
-- Detecting C compiler ABI info
-- Detecting C compiler ABI info - done
-- Check for working C compiler: /usr/bin/gcc-13 - skipped
-- Detecting C compile features
-- Detecting C compile features - done
-- Detecting CXX compiler ABI info
-- Detecting CXX compiler ABI info - done
-- Check for working CXX compiler: /usr/bin/g++-13 - skipped
-- Detecting CXX compile features
-- Detecting CXX compile features - done
-- Configuring done (0.3s)
-- Generating done (0.0s)
-- Build files have been written to: /scratch/luisr/mlir-aie/programming_examples/basic/matrix_multiplication/whole_array/_build
cd _build &&  cmake --build . --config Release
gmake[1]: Entering directory '/scratch/luisr/mlir-aie/programming_examples/basic/matrix_multiplication/whole_array/_build'
gmake[2]: Entering directory '/scratch/luisr/mlir-aie/programming_examples/basic/matrix_multiplication/whole_array/_build'
gmake[3]: Entering directory '/scratch/luisr/mlir-aie/programming_examples/basic/matrix_multiplication/whole_array/_build'
gmake[3]: Leaving directory '/scratch/luisr/mlir-aie/programming_examples/basic/matrix_multiplication/whole_array/_build'
gmake[3]: Entering directory '/scratch/luisr/mlir-aie/programming_examples/basic/matrix_multiplication/whole_array/_build'
[ 33%] Building CXX object CMakeFiles/whole_array.dir/scratch/luisr/mlir-aie/runtime_lib/test_lib/test_utils.cpp.o
[ 66%] Building CXX object CMakeFiles/whole_array.dir/whole_array/test.cpp.o
[100%] Linking CXX executable whole_array
gmake[3]: Leaving directory '/scratch/luisr/mlir-aie/programming_examples/basic/matrix_multiplication/whole_array/_build'
[100%] Built target whole_array
gmake[2]: Leaving directory '/scratch/luisr/mlir-aie/programming_examples/basic/matrix_multiplication/whole_array/_build'
gmake[1]: Leaving directory '/scratch/luisr/mlir-aie/programming_examples/basic/matrix_multiplication/whole_array/_build'
cp _build/whole_array whole_array.exe 
mkdir -p build
python3 /scratch/luisr/mlir-aie/programming_examples/basic/matrix_multiplication/whole_array/whole_array.py -m 64 -k 64 -n 64 --n-aie-cols 8 --b-col-maj 0 --dev npu2 -M 4096 -K 1024 -N 8192 --dtype_in bf16 --dtype_out bf16 --trace_size 0 > build/aie_4096x1024x8192_64x64x64_8c.mlir
mkdir -p build
cd build && xchesscc_wrapper aie2p -I /proj/xbuilds/2024.2_INT_1113_1001/installs/all_platforms/Vitis/2024.2/aietools/include  -Dbf16_bf16_ONLY -DDIM_M=64 -DDIM_K=64 -DDIM_N=64 -c /scratch/luisr/mlir-aie/programming_examples/basic/matrix_multiplication/whole_array/../../../../aie_kernels/aie2p/mm.cc -o mm_64x64x64.o
WARNING: Default location for XILINX_VIVADO_IP_OVERRIDE not found: /build/xfndry/IP_2024.2_INTEGRATION_VERIFIED/customer/vivado/data/ip
mkdir -p build
cd build && aiecc.py --alloc-scheme=basic-sequential --aie-generate-xclbin --no-compile-host --xclbin-name=final_4096x1024x8192_64x64x64_8c.xclbin \
			 \
			--aie-generate-npu-insts --npu-insts-name=insts_4096x1024x8192_64x64x64_8c.txt ../build/aie_4096x1024x8192_64x64x64_8c.mlir

Generating: /scratch/luisr/mlir-aie/programming_examples/basic/matrix_multiplication/whole_array/build/aie_4096x1024x8192_64x64x64_8c.mlir.prj/aie_cdo_elfs.bin
Generating: /scratch/luisr/mlir-aie/programming_examples/basic/matrix_multiplication/whole_array/build/aie_4096x1024x8192_64x64x64_8c.mlir.prj/aie_cdo_init.bin
Generating: /scratch/luisr/mlir-aie/programming_examples/basic/matrix_multiplication/whole_array/build/aie_4096x1024x8192_64x64x64_8c.mlir.prj/aie_cdo_enable.bin
export XRT_HACK_UNSECURE_LOADING_XCLBIN=1 && \
 ./whole_array.exe -x build/final_4096x1024x8192_64x64x64_8c.xclbin -i build/insts_4096x1024x8192_64x64x64_8c.txt -k MLIR_AIE -M 4096 -K 1024 -N 8192 --iters 40 --warmup 10 --verify=false --b_col_maj 0

Avg NPU matmul time: 82442us.
Avg NPU gflops: 833.55

Min NPU matmul time: 82077us.
Max NPU gflops: 837.256

Max NPU matmul time: 82978us.
Min NPU gflops: 828.165

PASS!

rm -rf tmpTrace parse*.json trace*json trace.txt
rm -rf build _build whole_array.exe
rm -rf _build
mkdir -p _build
cd _build &&  cmake -E env CXXFLAGS="-std=c++23 -ggdb -DDTYPE_IN=std::bfloat16_t -DDTYPE_OUT=std::bfloat16_t -DDTYPE_ACC=float" \
	cmake `echo /scratch/luisr/mlir-aie/programming_examples/basic/matrix_multiplication/whole_array/..` -D CMAKE_C_COMPILER=gcc-13 -D CMAKE_CXX_COMPILER=g++-13 -DTARGET_NAME=whole_array -Dsubdir=whole_array
-- The C compiler identification is GNU 13.3.0
-- The CXX compiler identification is GNU 13.3.0
-- Detecting C compiler ABI info
-- Detecting C compiler ABI info - done
-- Check for working C compiler: /usr/bin/gcc-13 - skipped
-- Detecting C compile features
-- Detecting C compile features - done
-- Detecting CXX compiler ABI info
-- Detecting CXX compiler ABI info - done
-- Check for working CXX compiler: /usr/bin/g++-13 - skipped
-- Detecting CXX compile features
-- Detecting CXX compile features - done
-- Configuring done (0.3s)
-- Generating done (0.0s)
-- Build files have been written to: /scratch/luisr/mlir-aie/programming_examples/basic/matrix_multiplication/whole_array/_build
cd _build &&  cmake --build . --config Release
gmake[1]: Entering directory '/scratch/luisr/mlir-aie/programming_examples/basic/matrix_multiplication/whole_array/_build'
gmake[2]: Entering directory '/scratch/luisr/mlir-aie/programming_examples/basic/matrix_multiplication/whole_array/_build'
gmake[3]: Entering directory '/scratch/luisr/mlir-aie/programming_examples/basic/matrix_multiplication/whole_array/_build'
gmake[3]: Leaving directory '/scratch/luisr/mlir-aie/programming_examples/basic/matrix_multiplication/whole_array/_build'
gmake[3]: Entering directory '/scratch/luisr/mlir-aie/programming_examples/basic/matrix_multiplication/whole_array/_build'
[ 33%] Building CXX object CMakeFiles/whole_array.dir/scratch/luisr/mlir-aie/runtime_lib/test_lib/test_utils.cpp.o
[ 66%] Building CXX object CMakeFiles/whole_array.dir/whole_array/test.cpp.o
[100%] Linking CXX executable whole_array
gmake[3]: Leaving directory '/scratch/luisr/mlir-aie/programming_examples/basic/matrix_multiplication/whole_array/_build'
[100%] Built target whole_array
gmake[2]: Leaving directory '/scratch/luisr/mlir-aie/programming_examples/basic/matrix_multiplication/whole_array/_build'
gmake[1]: Leaving directory '/scratch/luisr/mlir-aie/programming_examples/basic/matrix_multiplication/whole_array/_build'
cp _build/whole_array whole_array.exe 
mkdir -p build
python3 /scratch/luisr/mlir-aie/programming_examples/basic/matrix_multiplication/whole_array/whole_array.py -m 64 -k 64 -n 64 --n-aie-cols 8 --b-col-maj 0 --dev npu2 -M 4096 -K 4096 -N 512 --dtype_in bf16 --dtype_out bf16 --trace_size 0 > build/aie_4096x4096x512_64x64x64_8c.mlir
mkdir -p build
cd build && xchesscc_wrapper aie2p -I /proj/xbuilds/2024.2_INT_1113_1001/installs/all_platforms/Vitis/2024.2/aietools/include  -Dbf16_bf16_ONLY -DDIM_M=64 -DDIM_K=64 -DDIM_N=64 -c /scratch/luisr/mlir-aie/programming_examples/basic/matrix_multiplication/whole_array/../../../../aie_kernels/aie2p/mm.cc -o mm_64x64x64.o
WARNING: Default location for XILINX_VIVADO_IP_OVERRIDE not found: /build/xfndry/IP_2024.2_INTEGRATION_VERIFIED/customer/vivado/data/ip
mkdir -p build
cd build && aiecc.py --alloc-scheme=basic-sequential --aie-generate-xclbin --no-compile-host --xclbin-name=final_4096x4096x512_64x64x64_8c.xclbin \
			 \
			--aie-generate-npu-insts --npu-insts-name=insts_4096x4096x512_64x64x64_8c.txt ../build/aie_4096x4096x512_64x64x64_8c.mlir

Generating: /scratch/luisr/mlir-aie/programming_examples/basic/matrix_multiplication/whole_array/build/aie_4096x4096x512_64x64x64_8c.mlir.prj/aie_cdo_elfs.bin
Generating: /scratch/luisr/mlir-aie/programming_examples/basic/matrix_multiplication/whole_array/build/aie_4096x4096x512_64x64x64_8c.mlir.prj/aie_cdo_init.bin
Generating: /scratch/luisr/mlir-aie/programming_examples/basic/matrix_multiplication/whole_array/build/aie_4096x4096x512_64x64x64_8c.mlir.prj/aie_cdo_enable.bin
export XRT_HACK_UNSECURE_LOADING_XCLBIN=1 && \
 ./whole_array.exe -x build/final_4096x4096x512_64x64x64_8c.xclbin -i build/insts_4096x4096x512_64x64x64_8c.txt -k MLIR_AIE -M 4096 -K 4096 -N 512 --iters 40 --warmup 10 --verify=false --b_col_maj 0

Avg NPU matmul time: 21451.8us.
Avg NPU gflops: 800.858

Min NPU matmul time: 20735us.
Max NPU gflops: 828.544

Max NPU matmul time: 22069us.
Min NPU gflops: 778.462

PASS!

rm -rf tmpTrace parse*.json trace*json trace.txt
rm -rf build _build whole_array.exe
rm -rf _build
mkdir -p _build
cd _build &&  cmake -E env CXXFLAGS="-std=c++23 -ggdb -DDTYPE_IN=std::bfloat16_t -DDTYPE_OUT=std::bfloat16_t -DDTYPE_ACC=float" \
	cmake `echo /scratch/luisr/mlir-aie/programming_examples/basic/matrix_multiplication/whole_array/..` -D CMAKE_C_COMPILER=gcc-13 -D CMAKE_CXX_COMPILER=g++-13 -DTARGET_NAME=whole_array -Dsubdir=whole_array
-- The C compiler identification is GNU 13.3.0
-- The CXX compiler identification is GNU 13.3.0
-- Detecting C compiler ABI info
-- Detecting C compiler ABI info - done
-- Check for working C compiler: /usr/bin/gcc-13 - skipped
-- Detecting C compile features
-- Detecting C compile features - done
-- Detecting CXX compiler ABI info
-- Detecting CXX compiler ABI info - done
-- Check for working CXX compiler: /usr/bin/g++-13 - skipped
-- Detecting CXX compile features
-- Detecting CXX compile features - done
-- Configuring done (0.2s)
-- Generating done (0.0s)
-- Build files have been written to: /scratch/luisr/mlir-aie/programming_examples/basic/matrix_multiplication/whole_array/_build
cd _build &&  cmake --build . --config Release
gmake[1]: Entering directory '/scratch/luisr/mlir-aie/programming_examples/basic/matrix_multiplication/whole_array/_build'
gmake[2]: Entering directory '/scratch/luisr/mlir-aie/programming_examples/basic/matrix_multiplication/whole_array/_build'
gmake[3]: Entering directory '/scratch/luisr/mlir-aie/programming_examples/basic/matrix_multiplication/whole_array/_build'
gmake[3]: Leaving directory '/scratch/luisr/mlir-aie/programming_examples/basic/matrix_multiplication/whole_array/_build'
gmake[3]: Entering directory '/scratch/luisr/mlir-aie/programming_examples/basic/matrix_multiplication/whole_array/_build'
[ 33%] Building CXX object CMakeFiles/whole_array.dir/scratch/luisr/mlir-aie/runtime_lib/test_lib/test_utils.cpp.o
[ 66%] Building CXX object CMakeFiles/whole_array.dir/whole_array/test.cpp.o
[100%] Linking CXX executable whole_array
gmake[3]: Leaving directory '/scratch/luisr/mlir-aie/programming_examples/basic/matrix_multiplication/whole_array/_build'
[100%] Built target whole_array
gmake[2]: Leaving directory '/scratch/luisr/mlir-aie/programming_examples/basic/matrix_multiplication/whole_array/_build'
gmake[1]: Leaving directory '/scratch/luisr/mlir-aie/programming_examples/basic/matrix_multiplication/whole_array/_build'
cp _build/whole_array whole_array.exe 
mkdir -p build
python3 /scratch/luisr/mlir-aie/programming_examples/basic/matrix_multiplication/whole_array/whole_array.py -m 64 -k 64 -n 64 --n-aie-cols 8 --b-col-maj 0 --dev npu2 -M 4096 -K 4096 -N 1024 --dtype_in bf16 --dtype_out bf16 --trace_size 0 > build/aie_4096x4096x1024_64x64x64_8c.mlir
mkdir -p build
cd build && xchesscc_wrapper aie2p -I /proj/xbuilds/2024.2_INT_1113_1001/installs/all_platforms/Vitis/2024.2/aietools/include  -Dbf16_bf16_ONLY -DDIM_M=64 -DDIM_K=64 -DDIM_N=64 -c /scratch/luisr/mlir-aie/programming_examples/basic/matrix_multiplication/whole_array/../../../../aie_kernels/aie2p/mm.cc -o mm_64x64x64.o
WARNING: Default location for XILINX_VIVADO_IP_OVERRIDE not found: /build/xfndry/IP_2024.2_INTEGRATION_VERIFIED/customer/vivado/data/ip
mkdir -p build
cd build && aiecc.py --alloc-scheme=basic-sequential --aie-generate-xclbin --no-compile-host --xclbin-name=final_4096x4096x1024_64x64x64_8c.xclbin \
			 \
			--aie-generate-npu-insts --npu-insts-name=insts_4096x4096x1024_64x64x64_8c.txt ../build/aie_4096x4096x1024_64x64x64_8c.mlir

Generating: /scratch/luisr/mlir-aie/programming_examples/basic/matrix_multiplication/whole_array/build/aie_4096x4096x1024_64x64x64_8c.mlir.prj/aie_cdo_elfs.bin
Generating: /scratch/luisr/mlir-aie/programming_examples/basic/matrix_multiplication/whole_array/build/aie_4096x4096x1024_64x64x64_8c.mlir.prj/aie_cdo_init.bin
Generating: /scratch/luisr/mlir-aie/programming_examples/basic/matrix_multiplication/whole_array/build/aie_4096x4096x1024_64x64x64_8c.mlir.prj/aie_cdo_enable.bin
export XRT_HACK_UNSECURE_LOADING_XCLBIN=1 && \
 ./whole_array.exe -x build/final_4096x4096x1024_64x64x64_8c.xclbin -i build/insts_4096x4096x1024_64x64x64_8c.txt -k MLIR_AIE -M 4096 -K 4096 -N 1024 --iters 40 --warmup 10 --verify=false --b_col_maj 0

Avg NPU matmul time: 41875.9us.
Avg NPU gflops: 820.513

Min NPU matmul time: 41190us.
Max NPU gflops: 834.177

Max NPU matmul time: 42362us.
Min NPU gflops: 811.098

PASS!

rm -rf tmpTrace parse*.json trace*json trace.txt
rm -rf build _build whole_array.exe
rm -rf _build
mkdir -p _build
cd _build &&  cmake -E env CXXFLAGS="-std=c++23 -ggdb -DDTYPE_IN=std::bfloat16_t -DDTYPE_OUT=std::bfloat16_t -DDTYPE_ACC=float" \
	cmake `echo /scratch/luisr/mlir-aie/programming_examples/basic/matrix_multiplication/whole_array/..` -D CMAKE_C_COMPILER=gcc-13 -D CMAKE_CXX_COMPILER=g++-13 -DTARGET_NAME=whole_array -Dsubdir=whole_array
-- The C compiler identification is GNU 13.3.0
-- The CXX compiler identification is GNU 13.3.0
-- Detecting C compiler ABI info
-- Detecting C compiler ABI info - done
-- Check for working C compiler: /usr/bin/gcc-13 - skipped
-- Detecting C compile features
-- Detecting C compile features - done
-- Detecting CXX compiler ABI info
-- Detecting CXX compiler ABI info - done
-- Check for working CXX compiler: /usr/bin/g++-13 - skipped
-- Detecting CXX compile features
-- Detecting CXX compile features - done
-- Configuring done (0.3s)
-- Generating done (0.0s)
-- Build files have been written to: /scratch/luisr/mlir-aie/programming_examples/basic/matrix_multiplication/whole_array/_build
cd _build &&  cmake --build . --config Release
gmake[1]: Entering directory '/scratch/luisr/mlir-aie/programming_examples/basic/matrix_multiplication/whole_array/_build'
gmake[2]: Entering directory '/scratch/luisr/mlir-aie/programming_examples/basic/matrix_multiplication/whole_array/_build'
gmake[3]: Entering directory '/scratch/luisr/mlir-aie/programming_examples/basic/matrix_multiplication/whole_array/_build'
gmake[3]: Leaving directory '/scratch/luisr/mlir-aie/programming_examples/basic/matrix_multiplication/whole_array/_build'
gmake[3]: Entering directory '/scratch/luisr/mlir-aie/programming_examples/basic/matrix_multiplication/whole_array/_build'
[ 33%] Building CXX object CMakeFiles/whole_array.dir/scratch/luisr/mlir-aie/runtime_lib/test_lib/test_utils.cpp.o
[ 66%] Building CXX object CMakeFiles/whole_array.dir/whole_array/test.cpp.o
[100%] Linking CXX executable whole_array
gmake[3]: Leaving directory '/scratch/luisr/mlir-aie/programming_examples/basic/matrix_multiplication/whole_array/_build'
[100%] Built target whole_array
gmake[2]: Leaving directory '/scratch/luisr/mlir-aie/programming_examples/basic/matrix_multiplication/whole_array/_build'
gmake[1]: Leaving directory '/scratch/luisr/mlir-aie/programming_examples/basic/matrix_multiplication/whole_array/_build'
cp _build/whole_array whole_array.exe 
mkdir -p build
python3 /scratch/luisr/mlir-aie/programming_examples/basic/matrix_multiplication/whole_array/whole_array.py -m 64 -k 64 -n 64 --n-aie-cols 8 --b-col-maj 0 --dev npu2 -M 4096 -K 4096 -N 4096 --dtype_in bf16 --dtype_out bf16 --trace_size 0 > build/aie_4096x4096x4096_64x64x64_8c.mlir
mkdir -p build
cd build && xchesscc_wrapper aie2p -I /proj/xbuilds/2024.2_INT_1113_1001/installs/all_platforms/Vitis/2024.2/aietools/include  -Dbf16_bf16_ONLY -DDIM_M=64 -DDIM_K=64 -DDIM_N=64 -c /scratch/luisr/mlir-aie/programming_examples/basic/matrix_multiplication/whole_array/../../../../aie_kernels/aie2p/mm.cc -o mm_64x64x64.o
WARNING: Default location for XILINX_VIVADO_IP_OVERRIDE not found: /build/xfndry/IP_2024.2_INTEGRATION_VERIFIED/customer/vivado/data/ip
mkdir -p build
cd build && aiecc.py --alloc-scheme=basic-sequential --aie-generate-xclbin --no-compile-host --xclbin-name=final_4096x4096x4096_64x64x64_8c.xclbin \
			 \
			--aie-generate-npu-insts --npu-insts-name=insts_4096x4096x4096_64x64x64_8c.txt ../build/aie_4096x4096x4096_64x64x64_8c.mlir

Generating: /scratch/luisr/mlir-aie/programming_examples/basic/matrix_multiplication/whole_array/build/aie_4096x4096x4096_64x64x64_8c.mlir.prj/aie_cdo_elfs.bin
Generating: /scratch/luisr/mlir-aie/programming_examples/basic/matrix_multiplication/whole_array/build/aie_4096x4096x4096_64x64x64_8c.mlir.prj/aie_cdo_init.bin
Generating: /scratch/luisr/mlir-aie/programming_examples/basic/matrix_multiplication/whole_array/build/aie_4096x4096x4096_64x64x64_8c.mlir.prj/aie_cdo_enable.bin
export XRT_HACK_UNSECURE_LOADING_XCLBIN=1 && \
 ./whole_array.exe -x build/final_4096x4096x4096_64x64x64_8c.xclbin -i build/insts_4096x4096x4096_64x64x64_8c.txt -k MLIR_AIE -M 4096 -K 4096 -N 4096 --iters 40 --warmup 10 --verify=false --b_col_maj 0

Avg NPU matmul time: 164837us.
Avg NPU gflops: 833.787

Min NPU matmul time: 164264us.
Max NPU gflops: 836.695

Max NPU matmul time: 165711us.
Min NPU gflops: 829.389

PASS!

rm -rf tmpTrace parse*.json trace*json trace.txt
rm -rf build _build whole_array.exe
rm -rf _build
mkdir -p _build
cd _build &&  cmake -E env CXXFLAGS="-std=c++23 -ggdb -DDTYPE_IN=std::bfloat16_t -DDTYPE_OUT=std::bfloat16_t -DDTYPE_ACC=float" \
	cmake `echo /scratch/luisr/mlir-aie/programming_examples/basic/matrix_multiplication/whole_array/..` -D CMAKE_C_COMPILER=gcc-13 -D CMAKE_CXX_COMPILER=g++-13 -DTARGET_NAME=whole_array -Dsubdir=whole_array
-- The C compiler identification is GNU 13.3.0
-- The CXX compiler identification is GNU 13.3.0
-- Detecting C compiler ABI info
-- Detecting C compiler ABI info - done
-- Check for working C compiler: /usr/bin/gcc-13 - skipped
-- Detecting C compile features
-- Detecting C compile features - done
-- Detecting CXX compiler ABI info
-- Detecting CXX compiler ABI info - done
-- Check for working CXX compiler: /usr/bin/g++-13 - skipped
-- Detecting CXX compile features
-- Detecting CXX compile features - done
-- Configuring done (0.3s)
-- Generating done (0.0s)
-- Build files have been written to: /scratch/luisr/mlir-aie/programming_examples/basic/matrix_multiplication/whole_array/_build
cd _build &&  cmake --build . --config Release
gmake[1]: Entering directory '/scratch/luisr/mlir-aie/programming_examples/basic/matrix_multiplication/whole_array/_build'
gmake[2]: Entering directory '/scratch/luisr/mlir-aie/programming_examples/basic/matrix_multiplication/whole_array/_build'
gmake[3]: Entering directory '/scratch/luisr/mlir-aie/programming_examples/basic/matrix_multiplication/whole_array/_build'
gmake[3]: Leaving directory '/scratch/luisr/mlir-aie/programming_examples/basic/matrix_multiplication/whole_array/_build'
gmake[3]: Entering directory '/scratch/luisr/mlir-aie/programming_examples/basic/matrix_multiplication/whole_array/_build'
[ 33%] Building CXX object CMakeFiles/whole_array.dir/scratch/luisr/mlir-aie/runtime_lib/test_lib/test_utils.cpp.o
[ 66%] Building CXX object CMakeFiles/whole_array.dir/whole_array/test.cpp.o
[100%] Linking CXX executable whole_array
gmake[3]: Leaving directory '/scratch/luisr/mlir-aie/programming_examples/basic/matrix_multiplication/whole_array/_build'
[100%] Built target whole_array
gmake[2]: Leaving directory '/scratch/luisr/mlir-aie/programming_examples/basic/matrix_multiplication/whole_array/_build'
gmake[1]: Leaving directory '/scratch/luisr/mlir-aie/programming_examples/basic/matrix_multiplication/whole_array/_build'
cp _build/whole_array whole_array.exe 
mkdir -p build
python3 /scratch/luisr/mlir-aie/programming_examples/basic/matrix_multiplication/whole_array/whole_array.py -m 64 -k 64 -n 64 --n-aie-cols 8 --b-col-maj 0 --dev npu2 -M 4096 -K 4096 -N 8192 --dtype_in bf16 --dtype_out bf16 --trace_size 0 > build/aie_4096x4096x8192_64x64x64_8c.mlir
mkdir -p build
cd build && xchesscc_wrapper aie2p -I /proj/xbuilds/2024.2_INT_1113_1001/installs/all_platforms/Vitis/2024.2/aietools/include  -Dbf16_bf16_ONLY -DDIM_M=64 -DDIM_K=64 -DDIM_N=64 -c /scratch/luisr/mlir-aie/programming_examples/basic/matrix_multiplication/whole_array/../../../../aie_kernels/aie2p/mm.cc -o mm_64x64x64.o
WARNING: Default location for XILINX_VIVADO_IP_OVERRIDE not found: /build/xfndry/IP_2024.2_INTEGRATION_VERIFIED/customer/vivado/data/ip
mkdir -p build
cd build && aiecc.py --alloc-scheme=basic-sequential --aie-generate-xclbin --no-compile-host --xclbin-name=final_4096x4096x8192_64x64x64_8c.xclbin \
			 \
			--aie-generate-npu-insts --npu-insts-name=insts_4096x4096x8192_64x64x64_8c.txt ../build/aie_4096x4096x8192_64x64x64_8c.mlir

Generating: /scratch/luisr/mlir-aie/programming_examples/basic/matrix_multiplication/whole_array/build/aie_4096x4096x8192_64x64x64_8c.mlir.prj/aie_cdo_elfs.bin
Generating: /scratch/luisr/mlir-aie/programming_examples/basic/matrix_multiplication/whole_array/build/aie_4096x4096x8192_64x64x64_8c.mlir.prj/aie_cdo_init.bin
Generating: /scratch/luisr/mlir-aie/programming_examples/basic/matrix_multiplication/whole_array/build/aie_4096x4096x8192_64x64x64_8c.mlir.prj/aie_cdo_enable.bin
export XRT_HACK_UNSECURE_LOADING_XCLBIN=1 && \
 ./whole_array.exe -x build/final_4096x4096x8192_64x64x64_8c.xclbin -i build/insts_4096x4096x8192_64x64x64_8c.txt -k MLIR_AIE -M 4096 -K 4096 -N 8192 --iters 40 --warmup 10 --verify=false --b_col_maj 0

Avg NPU matmul time: 328666us.
Avg NPU gflops: 836.344

Min NPU matmul time: 328014us.
Max NPU gflops: 838.007

Max NPU matmul time: 329344us.
Min NPU gflops: 834.622

PASS!

rm -rf tmpTrace parse*.json trace*json trace.txt
rm -rf build _build whole_array.exe
rm -rf _build
mkdir -p _build
cd _build &&  cmake -E env CXXFLAGS="-std=c++23 -ggdb -DDTYPE_IN=std::bfloat16_t -DDTYPE_OUT=std::bfloat16_t -DDTYPE_ACC=float" \
	cmake `echo /scratch/luisr/mlir-aie/programming_examples/basic/matrix_multiplication/whole_array/..` -D CMAKE_C_COMPILER=gcc-13 -D CMAKE_CXX_COMPILER=g++-13 -DTARGET_NAME=whole_array -Dsubdir=whole_array
-- The C compiler identification is GNU 13.3.0
-- The CXX compiler identification is GNU 13.3.0
-- Detecting C compiler ABI info
-- Detecting C compiler ABI info - done
-- Check for working C compiler: /usr/bin/gcc-13 - skipped
-- Detecting C compile features
-- Detecting C compile features - done
-- Detecting CXX compiler ABI info
-- Detecting CXX compiler ABI info - done
-- Check for working CXX compiler: /usr/bin/g++-13 - skipped
-- Detecting CXX compile features
-- Detecting CXX compile features - done
-- Configuring done (0.3s)
-- Generating done (0.0s)
-- Build files have been written to: /scratch/luisr/mlir-aie/programming_examples/basic/matrix_multiplication/whole_array/_build
cd _build &&  cmake --build . --config Release
gmake[1]: Entering directory '/scratch/luisr/mlir-aie/programming_examples/basic/matrix_multiplication/whole_array/_build'
gmake[2]: Entering directory '/scratch/luisr/mlir-aie/programming_examples/basic/matrix_multiplication/whole_array/_build'
gmake[3]: Entering directory '/scratch/luisr/mlir-aie/programming_examples/basic/matrix_multiplication/whole_array/_build'
gmake[3]: Leaving directory '/scratch/luisr/mlir-aie/programming_examples/basic/matrix_multiplication/whole_array/_build'
gmake[3]: Entering directory '/scratch/luisr/mlir-aie/programming_examples/basic/matrix_multiplication/whole_array/_build'
[ 33%] Building CXX object CMakeFiles/whole_array.dir/scratch/luisr/mlir-aie/runtime_lib/test_lib/test_utils.cpp.o
[ 66%] Building CXX object CMakeFiles/whole_array.dir/whole_array/test.cpp.o
[100%] Linking CXX executable whole_array
gmake[3]: Leaving directory '/scratch/luisr/mlir-aie/programming_examples/basic/matrix_multiplication/whole_array/_build'
[100%] Built target whole_array
gmake[2]: Leaving directory '/scratch/luisr/mlir-aie/programming_examples/basic/matrix_multiplication/whole_array/_build'
gmake[1]: Leaving directory '/scratch/luisr/mlir-aie/programming_examples/basic/matrix_multiplication/whole_array/_build'
cp _build/whole_array whole_array.exe 
mkdir -p build
python3 /scratch/luisr/mlir-aie/programming_examples/basic/matrix_multiplication/whole_array/whole_array.py -m 64 -k 64 -n 64 --n-aie-cols 8 --b-col-maj 0 --dev npu2 -M 4096 -K 6144 -N 512 --dtype_in bf16 --dtype_out bf16 --trace_size 0 > build/aie_4096x6144x512_64x64x64_8c.mlir
mkdir -p build
cd build && xchesscc_wrapper aie2p -I /proj/xbuilds/2024.2_INT_1113_1001/installs/all_platforms/Vitis/2024.2/aietools/include  -Dbf16_bf16_ONLY -DDIM_M=64 -DDIM_K=64 -DDIM_N=64 -c /scratch/luisr/mlir-aie/programming_examples/basic/matrix_multiplication/whole_array/../../../../aie_kernels/aie2p/mm.cc -o mm_64x64x64.o
WARNING: Default location for XILINX_VIVADO_IP_OVERRIDE not found: /build/xfndry/IP_2024.2_INTEGRATION_VERIFIED/customer/vivado/data/ip
mkdir -p build
cd build && aiecc.py --alloc-scheme=basic-sequential --aie-generate-xclbin --no-compile-host --xclbin-name=final_4096x6144x512_64x64x64_8c.xclbin \
			 \
			--aie-generate-npu-insts --npu-insts-name=insts_4096x6144x512_64x64x64_8c.txt ../build/aie_4096x6144x512_64x64x64_8c.mlir

Generating: /scratch/luisr/mlir-aie/programming_examples/basic/matrix_multiplication/whole_array/build/aie_4096x6144x512_64x64x64_8c.mlir.prj/aie_cdo_elfs.bin
Generating: /scratch/luisr/mlir-aie/programming_examples/basic/matrix_multiplication/whole_array/build/aie_4096x6144x512_64x64x64_8c.mlir.prj/aie_cdo_init.bin
Generating: /scratch/luisr/mlir-aie/programming_examples/basic/matrix_multiplication/whole_array/build/aie_4096x6144x512_64x64x64_8c.mlir.prj/aie_cdo_enable.bin
export XRT_HACK_UNSECURE_LOADING_XCLBIN=1 && \
 ./whole_array.exe -x build/final_4096x6144x512_64x64x64_8c.xclbin -i build/insts_4096x6144x512_64x64x64_8c.txt -k MLIR_AIE -M 4096 -K 6144 -N 512 --iters 40 --warmup 10 --verify=false --b_col_maj 0

Avg NPU matmul time: 31782.5us.
Avg NPU gflops: 810.817

Min NPU matmul time: 30991us.
Max NPU gflops: 831.525

Max NPU matmul time: 32369us.
Min NPU gflops: 796.126

PASS!

rm -rf tmpTrace parse*.json trace*json trace.txt
rm -rf build _build whole_array.exe
rm -rf _build
mkdir -p _build
cd _build &&  cmake -E env CXXFLAGS="-std=c++23 -ggdb -DDTYPE_IN=std::bfloat16_t -DDTYPE_OUT=std::bfloat16_t -DDTYPE_ACC=float" \
	cmake `echo /scratch/luisr/mlir-aie/programming_examples/basic/matrix_multiplication/whole_array/..` -D CMAKE_C_COMPILER=gcc-13 -D CMAKE_CXX_COMPILER=g++-13 -DTARGET_NAME=whole_array -Dsubdir=whole_array
-- The C compiler identification is GNU 13.3.0
-- The CXX compiler identification is GNU 13.3.0
-- Detecting C compiler ABI info
-- Detecting C compiler ABI info - done
-- Check for working C compiler: /usr/bin/gcc-13 - skipped
-- Detecting C compile features
-- Detecting C compile features - done
-- Detecting CXX compiler ABI info
-- Detecting CXX compiler ABI info - done
-- Check for working CXX compiler: /usr/bin/g++-13 - skipped
-- Detecting CXX compile features
-- Detecting CXX compile features - done
-- Configuring done (0.2s)
-- Generating done (0.0s)
-- Build files have been written to: /scratch/luisr/mlir-aie/programming_examples/basic/matrix_multiplication/whole_array/_build
cd _build &&  cmake --build . --config Release
gmake[1]: Entering directory '/scratch/luisr/mlir-aie/programming_examples/basic/matrix_multiplication/whole_array/_build'
gmake[2]: Entering directory '/scratch/luisr/mlir-aie/programming_examples/basic/matrix_multiplication/whole_array/_build'
gmake[3]: Entering directory '/scratch/luisr/mlir-aie/programming_examples/basic/matrix_multiplication/whole_array/_build'
gmake[3]: Leaving directory '/scratch/luisr/mlir-aie/programming_examples/basic/matrix_multiplication/whole_array/_build'
gmake[3]: Entering directory '/scratch/luisr/mlir-aie/programming_examples/basic/matrix_multiplication/whole_array/_build'
[ 33%] Building CXX object CMakeFiles/whole_array.dir/scratch/luisr/mlir-aie/runtime_lib/test_lib/test_utils.cpp.o
[ 66%] Building CXX object CMakeFiles/whole_array.dir/whole_array/test.cpp.o
[100%] Linking CXX executable whole_array
gmake[3]: Leaving directory '/scratch/luisr/mlir-aie/programming_examples/basic/matrix_multiplication/whole_array/_build'
[100%] Built target whole_array
gmake[2]: Leaving directory '/scratch/luisr/mlir-aie/programming_examples/basic/matrix_multiplication/whole_array/_build'
gmake[1]: Leaving directory '/scratch/luisr/mlir-aie/programming_examples/basic/matrix_multiplication/whole_array/_build'
cp _build/whole_array whole_array.exe 
mkdir -p build
python3 /scratch/luisr/mlir-aie/programming_examples/basic/matrix_multiplication/whole_array/whole_array.py -m 64 -k 64 -n 64 --n-aie-cols 8 --b-col-maj 0 --dev npu2 -M 4096 -K 6144 -N 1024 --dtype_in bf16 --dtype_out bf16 --trace_size 0 > build/aie_4096x6144x1024_64x64x64_8c.mlir
mkdir -p build
cd build && xchesscc_wrapper aie2p -I /proj/xbuilds/2024.2_INT_1113_1001/installs/all_platforms/Vitis/2024.2/aietools/include  -Dbf16_bf16_ONLY -DDIM_M=64 -DDIM_K=64 -DDIM_N=64 -c /scratch/luisr/mlir-aie/programming_examples/basic/matrix_multiplication/whole_array/../../../../aie_kernels/aie2p/mm.cc -o mm_64x64x64.o
WARNING: Default location for XILINX_VIVADO_IP_OVERRIDE not found: /build/xfndry/IP_2024.2_INTEGRATION_VERIFIED/customer/vivado/data/ip
mkdir -p build
cd build && aiecc.py --alloc-scheme=basic-sequential --aie-generate-xclbin --no-compile-host --xclbin-name=final_4096x6144x1024_64x64x64_8c.xclbin \
			 \
			--aie-generate-npu-insts --npu-insts-name=insts_4096x6144x1024_64x64x64_8c.txt ../build/aie_4096x6144x1024_64x64x64_8c.mlir

Generating: /scratch/luisr/mlir-aie/programming_examples/basic/matrix_multiplication/whole_array/build/aie_4096x6144x1024_64x64x64_8c.mlir.prj/aie_cdo_elfs.bin
Generating: /scratch/luisr/mlir-aie/programming_examples/basic/matrix_multiplication/whole_array/build/aie_4096x6144x1024_64x64x64_8c.mlir.prj/aie_cdo_init.bin
Generating: /scratch/luisr/mlir-aie/programming_examples/basic/matrix_multiplication/whole_array/build/aie_4096x6144x1024_64x64x64_8c.mlir.prj/aie_cdo_enable.bin
export XRT_HACK_UNSECURE_LOADING_XCLBIN=1 && \
 ./whole_array.exe -x build/final_4096x6144x1024_64x64x64_8c.xclbin -i build/insts_4096x6144x1024_64x64x64_8c.txt -k MLIR_AIE -M 4096 -K 6144 -N 1024 --iters 40 --warmup 10 --verify=false --b_col_maj 0

Avg NPU matmul time: 62442.2us.
Avg NPU gflops: 825.397

Min NPU matmul time: 61690us.
Max NPU gflops: 835.461

Max NPU matmul time: 62955us.
Min NPU gflops: 818.674

PASS!

rm -rf tmpTrace parse*.json trace*json trace.txt
rm -rf build _build whole_array.exe
rm -rf _build
mkdir -p _build
cd _build &&  cmake -E env CXXFLAGS="-std=c++23 -ggdb -DDTYPE_IN=std::bfloat16_t -DDTYPE_OUT=std::bfloat16_t -DDTYPE_ACC=float" \
	cmake `echo /scratch/luisr/mlir-aie/programming_examples/basic/matrix_multiplication/whole_array/..` -D CMAKE_C_COMPILER=gcc-13 -D CMAKE_CXX_COMPILER=g++-13 -DTARGET_NAME=whole_array -Dsubdir=whole_array
-- The C compiler identification is GNU 13.3.0
-- The CXX compiler identification is GNU 13.3.0
-- Detecting C compiler ABI info
-- Detecting C compiler ABI info - done
-- Check for working C compiler: /usr/bin/gcc-13 - skipped
-- Detecting C compile features
-- Detecting C compile features - done
-- Detecting CXX compiler ABI info
-- Detecting CXX compiler ABI info - done
-- Check for working CXX compiler: /usr/bin/g++-13 - skipped
-- Detecting CXX compile features
-- Detecting CXX compile features - done
-- Configuring done (0.3s)
-- Generating done (0.0s)
-- Build files have been written to: /scratch/luisr/mlir-aie/programming_examples/basic/matrix_multiplication/whole_array/_build
cd _build &&  cmake --build . --config Release
gmake[1]: Entering directory '/scratch/luisr/mlir-aie/programming_examples/basic/matrix_multiplication/whole_array/_build'
gmake[2]: Entering directory '/scratch/luisr/mlir-aie/programming_examples/basic/matrix_multiplication/whole_array/_build'
gmake[3]: Entering directory '/scratch/luisr/mlir-aie/programming_examples/basic/matrix_multiplication/whole_array/_build'
gmake[3]: Leaving directory '/scratch/luisr/mlir-aie/programming_examples/basic/matrix_multiplication/whole_array/_build'
gmake[3]: Entering directory '/scratch/luisr/mlir-aie/programming_examples/basic/matrix_multiplication/whole_array/_build'
[ 33%] Building CXX object CMakeFiles/whole_array.dir/scratch/luisr/mlir-aie/runtime_lib/test_lib/test_utils.cpp.o
[ 66%] Building CXX object CMakeFiles/whole_array.dir/whole_array/test.cpp.o
[100%] Linking CXX executable whole_array
gmake[3]: Leaving directory '/scratch/luisr/mlir-aie/programming_examples/basic/matrix_multiplication/whole_array/_build'
[100%] Built target whole_array
gmake[2]: Leaving directory '/scratch/luisr/mlir-aie/programming_examples/basic/matrix_multiplication/whole_array/_build'
gmake[1]: Leaving directory '/scratch/luisr/mlir-aie/programming_examples/basic/matrix_multiplication/whole_array/_build'
cp _build/whole_array whole_array.exe 
mkdir -p build
python3 /scratch/luisr/mlir-aie/programming_examples/basic/matrix_multiplication/whole_array/whole_array.py -m 64 -k 64 -n 64 --n-aie-cols 8 --b-col-maj 0 --dev npu2 -M 4096 -K 6144 -N 4096 --dtype_in bf16 --dtype_out bf16 --trace_size 0 > build/aie_4096x6144x4096_64x64x64_8c.mlir
mkdir -p build
cd build && xchesscc_wrapper aie2p -I /proj/xbuilds/2024.2_INT_1113_1001/installs/all_platforms/Vitis/2024.2/aietools/include  -Dbf16_bf16_ONLY -DDIM_M=64 -DDIM_K=64 -DDIM_N=64 -c /scratch/luisr/mlir-aie/programming_examples/basic/matrix_multiplication/whole_array/../../../../aie_kernels/aie2p/mm.cc -o mm_64x64x64.o
WARNING: Default location for XILINX_VIVADO_IP_OVERRIDE not found: /build/xfndry/IP_2024.2_INTEGRATION_VERIFIED/customer/vivado/data/ip
mkdir -p build
cd build && aiecc.py --alloc-scheme=basic-sequential --aie-generate-xclbin --no-compile-host --xclbin-name=final_4096x6144x4096_64x64x64_8c.xclbin \
			 \
			--aie-generate-npu-insts --npu-insts-name=insts_4096x6144x4096_64x64x64_8c.txt ../build/aie_4096x6144x4096_64x64x64_8c.mlir

Generating: /scratch/luisr/mlir-aie/programming_examples/basic/matrix_multiplication/whole_array/build/aie_4096x6144x4096_64x64x64_8c.mlir.prj/aie_cdo_elfs.bin
Generating: /scratch/luisr/mlir-aie/programming_examples/basic/matrix_multiplication/whole_array/build/aie_4096x6144x4096_64x64x64_8c.mlir.prj/aie_cdo_init.bin
Generating: /scratch/luisr/mlir-aie/programming_examples/basic/matrix_multiplication/whole_array/build/aie_4096x6144x4096_64x64x64_8c.mlir.prj/aie_cdo_enable.bin
export XRT_HACK_UNSECURE_LOADING_XCLBIN=1 && \
 ./whole_array.exe -x build/final_4096x6144x4096_64x64x64_8c.xclbin -i build/insts_4096x6144x4096_64x64x64_8c.txt -k MLIR_AIE -M 4096 -K 6144 -N 4096 --iters 40 --warmup 10 --verify=false --b_col_maj 0

Avg NPU matmul time: 246821us.
Avg NPU gflops: 835.256

Min NPU matmul time: 246181us.
Max NPU gflops: 837.426

Max NPU matmul time: 247551us.
Min NPU gflops: 832.792

PASS!

rm -rf tmpTrace parse*.json trace*json trace.txt
rm -rf build _build whole_array.exe
rm -rf _build
mkdir -p _build
cd _build &&  cmake -E env CXXFLAGS="-std=c++23 -ggdb -DDTYPE_IN=std::bfloat16_t -DDTYPE_OUT=std::bfloat16_t -DDTYPE_ACC=float" \
	cmake `echo /scratch/luisr/mlir-aie/programming_examples/basic/matrix_multiplication/whole_array/..` -D CMAKE_C_COMPILER=gcc-13 -D CMAKE_CXX_COMPILER=g++-13 -DTARGET_NAME=whole_array -Dsubdir=whole_array
-- The C compiler identification is GNU 13.3.0
-- The CXX compiler identification is GNU 13.3.0
-- Detecting C compiler ABI info
-- Detecting C compiler ABI info - done
-- Check for working C compiler: /usr/bin/gcc-13 - skipped
-- Detecting C compile features
-- Detecting C compile features - done
-- Detecting CXX compiler ABI info
-- Detecting CXX compiler ABI info - done
-- Check for working CXX compiler: /usr/bin/g++-13 - skipped
-- Detecting CXX compile features
-- Detecting CXX compile features - done
-- Configuring done (0.3s)
-- Generating done (0.0s)
-- Build files have been written to: /scratch/luisr/mlir-aie/programming_examples/basic/matrix_multiplication/whole_array/_build
cd _build &&  cmake --build . --config Release
gmake[1]: Entering directory '/scratch/luisr/mlir-aie/programming_examples/basic/matrix_multiplication/whole_array/_build'
gmake[2]: Entering directory '/scratch/luisr/mlir-aie/programming_examples/basic/matrix_multiplication/whole_array/_build'
gmake[3]: Entering directory '/scratch/luisr/mlir-aie/programming_examples/basic/matrix_multiplication/whole_array/_build'
gmake[3]: Leaving directory '/scratch/luisr/mlir-aie/programming_examples/basic/matrix_multiplication/whole_array/_build'
gmake[3]: Entering directory '/scratch/luisr/mlir-aie/programming_examples/basic/matrix_multiplication/whole_array/_build'
[ 33%] Building CXX object CMakeFiles/whole_array.dir/scratch/luisr/mlir-aie/runtime_lib/test_lib/test_utils.cpp.o
[ 66%] Building CXX object CMakeFiles/whole_array.dir/whole_array/test.cpp.o
[100%] Linking CXX executable whole_array
gmake[3]: Leaving directory '/scratch/luisr/mlir-aie/programming_examples/basic/matrix_multiplication/whole_array/_build'
[100%] Built target whole_array
gmake[2]: Leaving directory '/scratch/luisr/mlir-aie/programming_examples/basic/matrix_multiplication/whole_array/_build'
gmake[1]: Leaving directory '/scratch/luisr/mlir-aie/programming_examples/basic/matrix_multiplication/whole_array/_build'
cp _build/whole_array whole_array.exe 
mkdir -p build
python3 /scratch/luisr/mlir-aie/programming_examples/basic/matrix_multiplication/whole_array/whole_array.py -m 64 -k 64 -n 64 --n-aie-cols 8 --b-col-maj 0 --dev npu2 -M 4096 -K 6144 -N 8192 --dtype_in bf16 --dtype_out bf16 --trace_size 0 > build/aie_4096x6144x8192_64x64x64_8c.mlir
mkdir -p build
cd build && xchesscc_wrapper aie2p -I /proj/xbuilds/2024.2_INT_1113_1001/installs/all_platforms/Vitis/2024.2/aietools/include  -Dbf16_bf16_ONLY -DDIM_M=64 -DDIM_K=64 -DDIM_N=64 -c /scratch/luisr/mlir-aie/programming_examples/basic/matrix_multiplication/whole_array/../../../../aie_kernels/aie2p/mm.cc -o mm_64x64x64.o
WARNING: Default location for XILINX_VIVADO_IP_OVERRIDE not found: /build/xfndry/IP_2024.2_INTEGRATION_VERIFIED/customer/vivado/data/ip
mkdir -p build
cd build && aiecc.py --alloc-scheme=basic-sequential --aie-generate-xclbin --no-compile-host --xclbin-name=final_4096x6144x8192_64x64x64_8c.xclbin \
			 \
			--aie-generate-npu-insts --npu-insts-name=insts_4096x6144x8192_64x64x64_8c.txt ../build/aie_4096x6144x8192_64x64x64_8c.mlir

Generating: /scratch/luisr/mlir-aie/programming_examples/basic/matrix_multiplication/whole_array/build/aie_4096x6144x8192_64x64x64_8c.mlir.prj/aie_cdo_elfs.bin
Generating: /scratch/luisr/mlir-aie/programming_examples/basic/matrix_multiplication/whole_array/build/aie_4096x6144x8192_64x64x64_8c.mlir.prj/aie_cdo_init.bin
Generating: /scratch/luisr/mlir-aie/programming_examples/basic/matrix_multiplication/whole_array/build/aie_4096x6144x8192_64x64x64_8c.mlir.prj/aie_cdo_enable.bin
export XRT_HACK_UNSECURE_LOADING_XCLBIN=1 && \
 ./whole_array.exe -x build/final_4096x6144x8192_64x64x64_8c.xclbin -i build/insts_4096x6144x8192_64x64x64_8c.txt -k MLIR_AIE -M 4096 -K 6144 -N 8192 --iters 40 --warmup 10 --verify=false --b_col_maj 0

Avg NPU matmul time: 492337us.
Avg NPU gflops: 837.469

Min NPU matmul time: 491699us.
Max NPU gflops: 838.555

Max NPU matmul time: 493151us.
Min NPU gflops: 836.086

PASS!

rm -rf tmpTrace parse*.json trace*json trace.txt
rm -rf build _build whole_array.exe
rm -rf _build
mkdir -p _build
cd _build &&  cmake -E env CXXFLAGS="-std=c++23 -ggdb -DDTYPE_IN=std::bfloat16_t -DDTYPE_OUT=std::bfloat16_t -DDTYPE_ACC=float" \
	cmake `echo /scratch/luisr/mlir-aie/programming_examples/basic/matrix_multiplication/whole_array/..` -D CMAKE_C_COMPILER=gcc-13 -D CMAKE_CXX_COMPILER=g++-13 -DTARGET_NAME=whole_array -Dsubdir=whole_array
-- The C compiler identification is GNU 13.3.0
-- The CXX compiler identification is GNU 13.3.0
-- Detecting C compiler ABI info
-- Detecting C compiler ABI info - done
-- Check for working C compiler: /usr/bin/gcc-13 - skipped
-- Detecting C compile features
-- Detecting C compile features - done
-- Detecting CXX compiler ABI info
-- Detecting CXX compiler ABI info - done
-- Check for working CXX compiler: /usr/bin/g++-13 - skipped
-- Detecting CXX compile features
-- Detecting CXX compile features - done
-- Configuring done (0.3s)
-- Generating done (0.0s)
-- Build files have been written to: /scratch/luisr/mlir-aie/programming_examples/basic/matrix_multiplication/whole_array/_build
cd _build &&  cmake --build . --config Release
gmake[1]: Entering directory '/scratch/luisr/mlir-aie/programming_examples/basic/matrix_multiplication/whole_array/_build'
gmake[2]: Entering directory '/scratch/luisr/mlir-aie/programming_examples/basic/matrix_multiplication/whole_array/_build'
gmake[3]: Entering directory '/scratch/luisr/mlir-aie/programming_examples/basic/matrix_multiplication/whole_array/_build'
gmake[3]: Leaving directory '/scratch/luisr/mlir-aie/programming_examples/basic/matrix_multiplication/whole_array/_build'
gmake[3]: Entering directory '/scratch/luisr/mlir-aie/programming_examples/basic/matrix_multiplication/whole_array/_build'
[ 33%] Building CXX object CMakeFiles/whole_array.dir/scratch/luisr/mlir-aie/runtime_lib/test_lib/test_utils.cpp.o
[ 66%] Building CXX object CMakeFiles/whole_array.dir/whole_array/test.cpp.o
[100%] Linking CXX executable whole_array
gmake[3]: Leaving directory '/scratch/luisr/mlir-aie/programming_examples/basic/matrix_multiplication/whole_array/_build'
[100%] Built target whole_array
gmake[2]: Leaving directory '/scratch/luisr/mlir-aie/programming_examples/basic/matrix_multiplication/whole_array/_build'
gmake[1]: Leaving directory '/scratch/luisr/mlir-aie/programming_examples/basic/matrix_multiplication/whole_array/_build'
cp _build/whole_array whole_array.exe 
mkdir -p build
python3 /scratch/luisr/mlir-aie/programming_examples/basic/matrix_multiplication/whole_array/whole_array.py -m 64 -k 64 -n 64 --n-aie-cols 8 --b-col-maj 0 --dev npu2 -M 8192 -K 512 -N 512 --dtype_in bf16 --dtype_out bf16 --trace_size 0 > build/aie_8192x512x512_64x64x64_8c.mlir
mkdir -p build
cd build && xchesscc_wrapper aie2p -I /proj/xbuilds/2024.2_INT_1113_1001/installs/all_platforms/Vitis/2024.2/aietools/include  -Dbf16_bf16_ONLY -DDIM_M=64 -DDIM_K=64 -DDIM_N=64 -c /scratch/luisr/mlir-aie/programming_examples/basic/matrix_multiplication/whole_array/../../../../aie_kernels/aie2p/mm.cc -o mm_64x64x64.o
WARNING: Default location for XILINX_VIVADO_IP_OVERRIDE not found: /build/xfndry/IP_2024.2_INTEGRATION_VERIFIED/customer/vivado/data/ip
mkdir -p build
cd build && aiecc.py --alloc-scheme=basic-sequential --aie-generate-xclbin --no-compile-host --xclbin-name=final_8192x512x512_64x64x64_8c.xclbin \
			 \
			--aie-generate-npu-insts --npu-insts-name=insts_8192x512x512_64x64x64_8c.txt ../build/aie_8192x512x512_64x64x64_8c.mlir

Generating: /scratch/luisr/mlir-aie/programming_examples/basic/matrix_multiplication/whole_array/build/aie_8192x512x512_64x64x64_8c.mlir.prj/aie_cdo_elfs.bin
Generating: /scratch/luisr/mlir-aie/programming_examples/basic/matrix_multiplication/whole_array/build/aie_8192x512x512_64x64x64_8c.mlir.prj/aie_cdo_init.bin
Generating: /scratch/luisr/mlir-aie/programming_examples/basic/matrix_multiplication/whole_array/build/aie_8192x512x512_64x64x64_8c.mlir.prj/aie_cdo_enable.bin
export XRT_HACK_UNSECURE_LOADING_XCLBIN=1 && \
 ./whole_array.exe -x build/final_8192x512x512_64x64x64_8c.xclbin -i build/insts_8192x512x512_64x64x64_8c.txt -k MLIR_AIE -M 8192 -K 512 -N 512 --iters 40 --warmup 10 --verify=false --b_col_maj 0

Avg NPU matmul time: 5457.4us.
Avg NPU gflops: 786.999

Min NPU matmul time: 5275us.
Max NPU gflops: 814.212

Max NPU matmul time: 6573us.
Min NPU gflops: 653.426

PASS!

rm -rf tmpTrace parse*.json trace*json trace.txt
rm -rf build _build whole_array.exe
rm -rf _build
mkdir -p _build
cd _build &&  cmake -E env CXXFLAGS="-std=c++23 -ggdb -DDTYPE_IN=std::bfloat16_t -DDTYPE_OUT=std::bfloat16_t -DDTYPE_ACC=float" \
	cmake `echo /scratch/luisr/mlir-aie/programming_examples/basic/matrix_multiplication/whole_array/..` -D CMAKE_C_COMPILER=gcc-13 -D CMAKE_CXX_COMPILER=g++-13 -DTARGET_NAME=whole_array -Dsubdir=whole_array
-- The C compiler identification is GNU 13.3.0
-- The CXX compiler identification is GNU 13.3.0
-- Detecting C compiler ABI info
-- Detecting C compiler ABI info - done
-- Check for working C compiler: /usr/bin/gcc-13 - skipped
-- Detecting C compile features
-- Detecting C compile features - done
-- Detecting CXX compiler ABI info
-- Detecting CXX compiler ABI info - done
-- Check for working CXX compiler: /usr/bin/g++-13 - skipped
-- Detecting CXX compile features
-- Detecting CXX compile features - done
-- Configuring done (0.3s)
-- Generating done (0.0s)
-- Build files have been written to: /scratch/luisr/mlir-aie/programming_examples/basic/matrix_multiplication/whole_array/_build
cd _build &&  cmake --build . --config Release
gmake[1]: Entering directory '/scratch/luisr/mlir-aie/programming_examples/basic/matrix_multiplication/whole_array/_build'
gmake[2]: Entering directory '/scratch/luisr/mlir-aie/programming_examples/basic/matrix_multiplication/whole_array/_build'
gmake[3]: Entering directory '/scratch/luisr/mlir-aie/programming_examples/basic/matrix_multiplication/whole_array/_build'
gmake[3]: Leaving directory '/scratch/luisr/mlir-aie/programming_examples/basic/matrix_multiplication/whole_array/_build'
gmake[3]: Entering directory '/scratch/luisr/mlir-aie/programming_examples/basic/matrix_multiplication/whole_array/_build'
[ 33%] Building CXX object CMakeFiles/whole_array.dir/scratch/luisr/mlir-aie/runtime_lib/test_lib/test_utils.cpp.o
[ 66%] Building CXX object CMakeFiles/whole_array.dir/whole_array/test.cpp.o
[100%] Linking CXX executable whole_array
gmake[3]: Leaving directory '/scratch/luisr/mlir-aie/programming_examples/basic/matrix_multiplication/whole_array/_build'
[100%] Built target whole_array
gmake[2]: Leaving directory '/scratch/luisr/mlir-aie/programming_examples/basic/matrix_multiplication/whole_array/_build'
gmake[1]: Leaving directory '/scratch/luisr/mlir-aie/programming_examples/basic/matrix_multiplication/whole_array/_build'
cp _build/whole_array whole_array.exe 
mkdir -p build
python3 /scratch/luisr/mlir-aie/programming_examples/basic/matrix_multiplication/whole_array/whole_array.py -m 64 -k 64 -n 64 --n-aie-cols 8 --b-col-maj 0 --dev npu2 -M 8192 -K 512 -N 1024 --dtype_in bf16 --dtype_out bf16 --trace_size 0 > build/aie_8192x512x1024_64x64x64_8c.mlir
mkdir -p build
cd build && xchesscc_wrapper aie2p -I /proj/xbuilds/2024.2_INT_1113_1001/installs/all_platforms/Vitis/2024.2/aietools/include  -Dbf16_bf16_ONLY -DDIM_M=64 -DDIM_K=64 -DDIM_N=64 -c /scratch/luisr/mlir-aie/programming_examples/basic/matrix_multiplication/whole_array/../../../../aie_kernels/aie2p/mm.cc -o mm_64x64x64.o
WARNING: Default location for XILINX_VIVADO_IP_OVERRIDE not found: /build/xfndry/IP_2024.2_INTEGRATION_VERIFIED/customer/vivado/data/ip
mkdir -p build
cd build && aiecc.py --alloc-scheme=basic-sequential --aie-generate-xclbin --no-compile-host --xclbin-name=final_8192x512x1024_64x64x64_8c.xclbin \
			 \
			--aie-generate-npu-insts --npu-insts-name=insts_8192x512x1024_64x64x64_8c.txt ../build/aie_8192x512x1024_64x64x64_8c.mlir

Generating: /scratch/luisr/mlir-aie/programming_examples/basic/matrix_multiplication/whole_array/build/aie_8192x512x1024_64x64x64_8c.mlir.prj/aie_cdo_elfs.bin
Generating: /scratch/luisr/mlir-aie/programming_examples/basic/matrix_multiplication/whole_array/build/aie_8192x512x1024_64x64x64_8c.mlir.prj/aie_cdo_init.bin
Generating: /scratch/luisr/mlir-aie/programming_examples/basic/matrix_multiplication/whole_array/build/aie_8192x512x1024_64x64x64_8c.mlir.prj/aie_cdo_enable.bin
export XRT_HACK_UNSECURE_LOADING_XCLBIN=1 && \
 ./whole_array.exe -x build/final_8192x512x1024_64x64x64_8c.xclbin -i build/insts_8192x512x1024_64x64x64_8c.txt -k MLIR_AIE -M 8192 -K 512 -N 1024 --iters 40 --warmup 10 --verify=false --b_col_maj 0

Avg NPU matmul time: 11140us.
Avg NPU gflops: 771.093

Min NPU matmul time: 10477us.
Max NPU gflops: 819.885

Max NPU matmul time: 11629us.
Min NPU gflops: 738.665

PASS!

rm -rf tmpTrace parse*.json trace*json trace.txt
rm -rf build _build whole_array.exe
rm -rf _build
mkdir -p _build
cd _build &&  cmake -E env CXXFLAGS="-std=c++23 -ggdb -DDTYPE_IN=std::bfloat16_t -DDTYPE_OUT=std::bfloat16_t -DDTYPE_ACC=float" \
	cmake `echo /scratch/luisr/mlir-aie/programming_examples/basic/matrix_multiplication/whole_array/..` -D CMAKE_C_COMPILER=gcc-13 -D CMAKE_CXX_COMPILER=g++-13 -DTARGET_NAME=whole_array -Dsubdir=whole_array
-- The C compiler identification is GNU 13.3.0
-- The CXX compiler identification is GNU 13.3.0
-- Detecting C compiler ABI info
-- Detecting C compiler ABI info - done
-- Check for working C compiler: /usr/bin/gcc-13 - skipped
-- Detecting C compile features
-- Detecting C compile features - done
-- Detecting CXX compiler ABI info
-- Detecting CXX compiler ABI info - done
-- Check for working CXX compiler: /usr/bin/g++-13 - skipped
-- Detecting CXX compile features
-- Detecting CXX compile features - done
-- Configuring done (0.3s)
-- Generating done (0.0s)
-- Build files have been written to: /scratch/luisr/mlir-aie/programming_examples/basic/matrix_multiplication/whole_array/_build
cd _build &&  cmake --build . --config Release
gmake[1]: Entering directory '/scratch/luisr/mlir-aie/programming_examples/basic/matrix_multiplication/whole_array/_build'
gmake[2]: Entering directory '/scratch/luisr/mlir-aie/programming_examples/basic/matrix_multiplication/whole_array/_build'
gmake[3]: Entering directory '/scratch/luisr/mlir-aie/programming_examples/basic/matrix_multiplication/whole_array/_build'
gmake[3]: Leaving directory '/scratch/luisr/mlir-aie/programming_examples/basic/matrix_multiplication/whole_array/_build'
gmake[3]: Entering directory '/scratch/luisr/mlir-aie/programming_examples/basic/matrix_multiplication/whole_array/_build'
[ 33%] Building CXX object CMakeFiles/whole_array.dir/scratch/luisr/mlir-aie/runtime_lib/test_lib/test_utils.cpp.o
[ 66%] Building CXX object CMakeFiles/whole_array.dir/whole_array/test.cpp.o
[100%] Linking CXX executable whole_array
gmake[3]: Leaving directory '/scratch/luisr/mlir-aie/programming_examples/basic/matrix_multiplication/whole_array/_build'
[100%] Built target whole_array
gmake[2]: Leaving directory '/scratch/luisr/mlir-aie/programming_examples/basic/matrix_multiplication/whole_array/_build'
gmake[1]: Leaving directory '/scratch/luisr/mlir-aie/programming_examples/basic/matrix_multiplication/whole_array/_build'
cp _build/whole_array whole_array.exe 
mkdir -p build
python3 /scratch/luisr/mlir-aie/programming_examples/basic/matrix_multiplication/whole_array/whole_array.py -m 64 -k 64 -n 64 --n-aie-cols 8 --b-col-maj 0 --dev npu2 -M 8192 -K 512 -N 4096 --dtype_in bf16 --dtype_out bf16 --trace_size 0 > build/aie_8192x512x4096_64x64x64_8c.mlir
mkdir -p build
cd build && xchesscc_wrapper aie2p -I /proj/xbuilds/2024.2_INT_1113_1001/installs/all_platforms/Vitis/2024.2/aietools/include  -Dbf16_bf16_ONLY -DDIM_M=64 -DDIM_K=64 -DDIM_N=64 -c /scratch/luisr/mlir-aie/programming_examples/basic/matrix_multiplication/whole_array/../../../../aie_kernels/aie2p/mm.cc -o mm_64x64x64.o
WARNING: Default location for XILINX_VIVADO_IP_OVERRIDE not found: /build/xfndry/IP_2024.2_INTEGRATION_VERIFIED/customer/vivado/data/ip
mkdir -p build
cd build && aiecc.py --alloc-scheme=basic-sequential --aie-generate-xclbin --no-compile-host --xclbin-name=final_8192x512x4096_64x64x64_8c.xclbin \
			 \
			--aie-generate-npu-insts --npu-insts-name=insts_8192x512x4096_64x64x64_8c.txt ../build/aie_8192x512x4096_64x64x64_8c.mlir

Generating: /scratch/luisr/mlir-aie/programming_examples/basic/matrix_multiplication/whole_array/build/aie_8192x512x4096_64x64x64_8c.mlir.prj/aie_cdo_elfs.bin
Generating: /scratch/luisr/mlir-aie/programming_examples/basic/matrix_multiplication/whole_array/build/aie_8192x512x4096_64x64x64_8c.mlir.prj/aie_cdo_init.bin
Generating: /scratch/luisr/mlir-aie/programming_examples/basic/matrix_multiplication/whole_array/build/aie_8192x512x4096_64x64x64_8c.mlir.prj/aie_cdo_enable.bin
export XRT_HACK_UNSECURE_LOADING_XCLBIN=1 && \
 ./whole_array.exe -x build/final_8192x512x4096_64x64x64_8c.xclbin -i build/insts_8192x512x4096_64x64x64_8c.txt -k MLIR_AIE -M 8192 -K 512 -N 4096 --iters 40 --warmup 10 --verify=false --b_col_maj 0

Avg NPU matmul time: 42561.6us.
Avg NPU gflops: 807.295

Min NPU matmul time: 41929us.
Max NPU gflops: 819.474

Max NPU matmul time: 43454us.
Min NPU gflops: 790.715

PASS!

rm -rf tmpTrace parse*.json trace*json trace.txt
rm -rf build _build whole_array.exe
rm -rf _build
mkdir -p _build
cd _build &&  cmake -E env CXXFLAGS="-std=c++23 -ggdb -DDTYPE_IN=std::bfloat16_t -DDTYPE_OUT=std::bfloat16_t -DDTYPE_ACC=float" \
	cmake `echo /scratch/luisr/mlir-aie/programming_examples/basic/matrix_multiplication/whole_array/..` -D CMAKE_C_COMPILER=gcc-13 -D CMAKE_CXX_COMPILER=g++-13 -DTARGET_NAME=whole_array -Dsubdir=whole_array
-- The C compiler identification is GNU 13.3.0
-- The CXX compiler identification is GNU 13.3.0
-- Detecting C compiler ABI info
-- Detecting C compiler ABI info - done
-- Check for working C compiler: /usr/bin/gcc-13 - skipped
-- Detecting C compile features
-- Detecting C compile features - done
-- Detecting CXX compiler ABI info
-- Detecting CXX compiler ABI info - done
-- Check for working CXX compiler: /usr/bin/g++-13 - skipped
-- Detecting CXX compile features
-- Detecting CXX compile features - done
-- Configuring done (0.3s)
-- Generating done (0.0s)
-- Build files have been written to: /scratch/luisr/mlir-aie/programming_examples/basic/matrix_multiplication/whole_array/_build
cd _build &&  cmake --build . --config Release
gmake[1]: Entering directory '/scratch/luisr/mlir-aie/programming_examples/basic/matrix_multiplication/whole_array/_build'
gmake[2]: Entering directory '/scratch/luisr/mlir-aie/programming_examples/basic/matrix_multiplication/whole_array/_build'
gmake[3]: Entering directory '/scratch/luisr/mlir-aie/programming_examples/basic/matrix_multiplication/whole_array/_build'
gmake[3]: Leaving directory '/scratch/luisr/mlir-aie/programming_examples/basic/matrix_multiplication/whole_array/_build'
gmake[3]: Entering directory '/scratch/luisr/mlir-aie/programming_examples/basic/matrix_multiplication/whole_array/_build'
[ 33%] Building CXX object CMakeFiles/whole_array.dir/scratch/luisr/mlir-aie/runtime_lib/test_lib/test_utils.cpp.o
[ 66%] Building CXX object CMakeFiles/whole_array.dir/whole_array/test.cpp.o
[100%] Linking CXX executable whole_array
gmake[3]: Leaving directory '/scratch/luisr/mlir-aie/programming_examples/basic/matrix_multiplication/whole_array/_build'
[100%] Built target whole_array
gmake[2]: Leaving directory '/scratch/luisr/mlir-aie/programming_examples/basic/matrix_multiplication/whole_array/_build'
gmake[1]: Leaving directory '/scratch/luisr/mlir-aie/programming_examples/basic/matrix_multiplication/whole_array/_build'
cp _build/whole_array whole_array.exe 
mkdir -p build
python3 /scratch/luisr/mlir-aie/programming_examples/basic/matrix_multiplication/whole_array/whole_array.py -m 64 -k 64 -n 64 --n-aie-cols 8 --b-col-maj 0 --dev npu2 -M 8192 -K 512 -N 8192 --dtype_in bf16 --dtype_out bf16 --trace_size 0 > build/aie_8192x512x8192_64x64x64_8c.mlir
mkdir -p build
cd build && xchesscc_wrapper aie2p -I /proj/xbuilds/2024.2_INT_1113_1001/installs/all_platforms/Vitis/2024.2/aietools/include  -Dbf16_bf16_ONLY -DDIM_M=64 -DDIM_K=64 -DDIM_N=64 -c /scratch/luisr/mlir-aie/programming_examples/basic/matrix_multiplication/whole_array/../../../../aie_kernels/aie2p/mm.cc -o mm_64x64x64.o
WARNING: Default location for XILINX_VIVADO_IP_OVERRIDE not found: /build/xfndry/IP_2024.2_INTEGRATION_VERIFIED/customer/vivado/data/ip
mkdir -p build
cd build && aiecc.py --alloc-scheme=basic-sequential --aie-generate-xclbin --no-compile-host --xclbin-name=final_8192x512x8192_64x64x64_8c.xclbin \
			 \
			--aie-generate-npu-insts --npu-insts-name=insts_8192x512x8192_64x64x64_8c.txt ../build/aie_8192x512x8192_64x64x64_8c.mlir

Generating: /scratch/luisr/mlir-aie/programming_examples/basic/matrix_multiplication/whole_array/build/aie_8192x512x8192_64x64x64_8c.mlir.prj/aie_cdo_elfs.bin
Generating: /scratch/luisr/mlir-aie/programming_examples/basic/matrix_multiplication/whole_array/build/aie_8192x512x8192_64x64x64_8c.mlir.prj/aie_cdo_init.bin
Generating: /scratch/luisr/mlir-aie/programming_examples/basic/matrix_multiplication/whole_array/build/aie_8192x512x8192_64x64x64_8c.mlir.prj/aie_cdo_enable.bin
export XRT_HACK_UNSECURE_LOADING_XCLBIN=1 && \
 ./whole_array.exe -x build/final_8192x512x8192_64x64x64_8c.xclbin -i build/insts_8192x512x8192_64x64x64_8c.txt -k MLIR_AIE -M 8192 -K 512 -N 8192 --iters 40 --warmup 10 --verify=false --b_col_maj 0

Avg NPU matmul time: 83049us.
Avg NPU gflops: 827.457

Min NPU matmul time: 82238us.
Max NPU gflops: 835.617

Max NPU matmul time: 83632us.
Min NPU gflops: 821.689

PASS!

rm -rf tmpTrace parse*.json trace*json trace.txt
rm -rf build _build whole_array.exe
rm -rf _build
mkdir -p _build
cd _build &&  cmake -E env CXXFLAGS="-std=c++23 -ggdb -DDTYPE_IN=std::bfloat16_t -DDTYPE_OUT=std::bfloat16_t -DDTYPE_ACC=float" \
	cmake `echo /scratch/luisr/mlir-aie/programming_examples/basic/matrix_multiplication/whole_array/..` -D CMAKE_C_COMPILER=gcc-13 -D CMAKE_CXX_COMPILER=g++-13 -DTARGET_NAME=whole_array -Dsubdir=whole_array
-- The C compiler identification is GNU 13.3.0
-- The CXX compiler identification is GNU 13.3.0
-- Detecting C compiler ABI info
-- Detecting C compiler ABI info - done
-- Check for working C compiler: /usr/bin/gcc-13 - skipped
-- Detecting C compile features
-- Detecting C compile features - done
-- Detecting CXX compiler ABI info
-- Detecting CXX compiler ABI info - done
-- Check for working CXX compiler: /usr/bin/g++-13 - skipped
-- Detecting CXX compile features
-- Detecting CXX compile features - done
-- Configuring done (0.3s)
-- Generating done (0.0s)
-- Build files have been written to: /scratch/luisr/mlir-aie/programming_examples/basic/matrix_multiplication/whole_array/_build
cd _build &&  cmake --build . --config Release
gmake[1]: Entering directory '/scratch/luisr/mlir-aie/programming_examples/basic/matrix_multiplication/whole_array/_build'
gmake[2]: Entering directory '/scratch/luisr/mlir-aie/programming_examples/basic/matrix_multiplication/whole_array/_build'
gmake[3]: Entering directory '/scratch/luisr/mlir-aie/programming_examples/basic/matrix_multiplication/whole_array/_build'
gmake[3]: Leaving directory '/scratch/luisr/mlir-aie/programming_examples/basic/matrix_multiplication/whole_array/_build'
gmake[3]: Entering directory '/scratch/luisr/mlir-aie/programming_examples/basic/matrix_multiplication/whole_array/_build'
[ 33%] Building CXX object CMakeFiles/whole_array.dir/scratch/luisr/mlir-aie/runtime_lib/test_lib/test_utils.cpp.o
[ 66%] Building CXX object CMakeFiles/whole_array.dir/whole_array/test.cpp.o
[100%] Linking CXX executable whole_array
gmake[3]: Leaving directory '/scratch/luisr/mlir-aie/programming_examples/basic/matrix_multiplication/whole_array/_build'
[100%] Built target whole_array
gmake[2]: Leaving directory '/scratch/luisr/mlir-aie/programming_examples/basic/matrix_multiplication/whole_array/_build'
gmake[1]: Leaving directory '/scratch/luisr/mlir-aie/programming_examples/basic/matrix_multiplication/whole_array/_build'
cp _build/whole_array whole_array.exe 
mkdir -p build
python3 /scratch/luisr/mlir-aie/programming_examples/basic/matrix_multiplication/whole_array/whole_array.py -m 64 -k 64 -n 64 --n-aie-cols 8 --b-col-maj 0 --dev npu2 -M 8192 -K 1024 -N 512 --dtype_in bf16 --dtype_out bf16 --trace_size 0 > build/aie_8192x1024x512_64x64x64_8c.mlir
mkdir -p build
cd build && xchesscc_wrapper aie2p -I /proj/xbuilds/2024.2_INT_1113_1001/installs/all_platforms/Vitis/2024.2/aietools/include  -Dbf16_bf16_ONLY -DDIM_M=64 -DDIM_K=64 -DDIM_N=64 -c /scratch/luisr/mlir-aie/programming_examples/basic/matrix_multiplication/whole_array/../../../../aie_kernels/aie2p/mm.cc -o mm_64x64x64.o
WARNING: Default location for XILINX_VIVADO_IP_OVERRIDE not found: /build/xfndry/IP_2024.2_INTEGRATION_VERIFIED/customer/vivado/data/ip
mkdir -p build
cd build && aiecc.py --alloc-scheme=basic-sequential --aie-generate-xclbin --no-compile-host --xclbin-name=final_8192x1024x512_64x64x64_8c.xclbin \
			 \
			--aie-generate-npu-insts --npu-insts-name=insts_8192x1024x512_64x64x64_8c.txt ../build/aie_8192x1024x512_64x64x64_8c.mlir

Generating: /scratch/luisr/mlir-aie/programming_examples/basic/matrix_multiplication/whole_array/build/aie_8192x1024x512_64x64x64_8c.mlir.prj/aie_cdo_elfs.bin
Generating: /scratch/luisr/mlir-aie/programming_examples/basic/matrix_multiplication/whole_array/build/aie_8192x1024x512_64x64x64_8c.mlir.prj/aie_cdo_init.bin
Generating: /scratch/luisr/mlir-aie/programming_examples/basic/matrix_multiplication/whole_array/build/aie_8192x1024x512_64x64x64_8c.mlir.prj/aie_cdo_enable.bin
export XRT_HACK_UNSECURE_LOADING_XCLBIN=1 && \
 ./whole_array.exe -x build/final_8192x1024x512_64x64x64_8c.xclbin -i build/insts_8192x1024x512_64x64x64_8c.txt -k MLIR_AIE -M 8192 -K 1024 -N 512 --iters 40 --warmup 10 --verify=false --b_col_maj 0

Avg NPU matmul time: 10771.5us.
Avg NPU gflops: 797.471

Min NPU matmul time: 10404us.
Max NPU gflops: 825.638

Max NPU matmul time: 10987us.
Min NPU gflops: 781.827

PASS!

rm -rf tmpTrace parse*.json trace*json trace.txt
rm -rf build _build whole_array.exe
rm -rf _build
mkdir -p _build
cd _build &&  cmake -E env CXXFLAGS="-std=c++23 -ggdb -DDTYPE_IN=std::bfloat16_t -DDTYPE_OUT=std::bfloat16_t -DDTYPE_ACC=float" \
	cmake `echo /scratch/luisr/mlir-aie/programming_examples/basic/matrix_multiplication/whole_array/..` -D CMAKE_C_COMPILER=gcc-13 -D CMAKE_CXX_COMPILER=g++-13 -DTARGET_NAME=whole_array -Dsubdir=whole_array
-- The C compiler identification is GNU 13.3.0
-- The CXX compiler identification is GNU 13.3.0
-- Detecting C compiler ABI info
-- Detecting C compiler ABI info - done
-- Check for working C compiler: /usr/bin/gcc-13 - skipped
-- Detecting C compile features
-- Detecting C compile features - done
-- Detecting CXX compiler ABI info
-- Detecting CXX compiler ABI info - done
-- Check for working CXX compiler: /usr/bin/g++-13 - skipped
-- Detecting CXX compile features
-- Detecting CXX compile features - done
-- Configuring done (0.3s)
-- Generating done (0.0s)
-- Build files have been written to: /scratch/luisr/mlir-aie/programming_examples/basic/matrix_multiplication/whole_array/_build
cd _build &&  cmake --build . --config Release
gmake[1]: Entering directory '/scratch/luisr/mlir-aie/programming_examples/basic/matrix_multiplication/whole_array/_build'
gmake[2]: Entering directory '/scratch/luisr/mlir-aie/programming_examples/basic/matrix_multiplication/whole_array/_build'
gmake[3]: Entering directory '/scratch/luisr/mlir-aie/programming_examples/basic/matrix_multiplication/whole_array/_build'
gmake[3]: Leaving directory '/scratch/luisr/mlir-aie/programming_examples/basic/matrix_multiplication/whole_array/_build'
gmake[3]: Entering directory '/scratch/luisr/mlir-aie/programming_examples/basic/matrix_multiplication/whole_array/_build'
[ 33%] Building CXX object CMakeFiles/whole_array.dir/scratch/luisr/mlir-aie/runtime_lib/test_lib/test_utils.cpp.o
[ 66%] Building CXX object CMakeFiles/whole_array.dir/whole_array/test.cpp.o
[100%] Linking CXX executable whole_array
gmake[3]: Leaving directory '/scratch/luisr/mlir-aie/programming_examples/basic/matrix_multiplication/whole_array/_build'
[100%] Built target whole_array
gmake[2]: Leaving directory '/scratch/luisr/mlir-aie/programming_examples/basic/matrix_multiplication/whole_array/_build'
gmake[1]: Leaving directory '/scratch/luisr/mlir-aie/programming_examples/basic/matrix_multiplication/whole_array/_build'
cp _build/whole_array whole_array.exe 
mkdir -p build
python3 /scratch/luisr/mlir-aie/programming_examples/basic/matrix_multiplication/whole_array/whole_array.py -m 64 -k 64 -n 64 --n-aie-cols 8 --b-col-maj 0 --dev npu2 -M 8192 -K 1024 -N 1024 --dtype_in bf16 --dtype_out bf16 --trace_size 0 > build/aie_8192x1024x1024_64x64x64_8c.mlir
mkdir -p build
cd build && xchesscc_wrapper aie2p -I /proj/xbuilds/2024.2_INT_1113_1001/installs/all_platforms/Vitis/2024.2/aietools/include  -Dbf16_bf16_ONLY -DDIM_M=64 -DDIM_K=64 -DDIM_N=64 -c /scratch/luisr/mlir-aie/programming_examples/basic/matrix_multiplication/whole_array/../../../../aie_kernels/aie2p/mm.cc -o mm_64x64x64.o
WARNING: Default location for XILINX_VIVADO_IP_OVERRIDE not found: /build/xfndry/IP_2024.2_INTEGRATION_VERIFIED/customer/vivado/data/ip
mkdir -p build
cd build && aiecc.py --alloc-scheme=basic-sequential --aie-generate-xclbin --no-compile-host --xclbin-name=final_8192x1024x1024_64x64x64_8c.xclbin \
			 \
			--aie-generate-npu-insts --npu-insts-name=insts_8192x1024x1024_64x64x64_8c.txt ../build/aie_8192x1024x1024_64x64x64_8c.mlir

Generating: /scratch/luisr/mlir-aie/programming_examples/basic/matrix_multiplication/whole_array/build/aie_8192x1024x1024_64x64x64_8c.mlir.prj/aie_cdo_elfs.bin
Generating: /scratch/luisr/mlir-aie/programming_examples/basic/matrix_multiplication/whole_array/build/aie_8192x1024x1024_64x64x64_8c.mlir.prj/aie_cdo_init.bin
Generating: /scratch/luisr/mlir-aie/programming_examples/basic/matrix_multiplication/whole_array/build/aie_8192x1024x1024_64x64x64_8c.mlir.prj/aie_cdo_enable.bin
export XRT_HACK_UNSECURE_LOADING_XCLBIN=1 && \
 ./whole_array.exe -x build/final_8192x1024x1024_64x64x64_8c.xclbin -i build/insts_8192x1024x1024_64x64x64_8c.txt -k MLIR_AIE -M 8192 -K 1024 -N 1024 --iters 40 --warmup 10 --verify=false --b_col_maj 0

Avg NPU matmul time: 21075us.
Avg NPU gflops: 815.179

Min NPU matmul time: 20682us.
Max NPU gflops: 830.668

Max NPU matmul time: 21410us.
Min NPU gflops: 802.423

PASS!

rm -rf tmpTrace parse*.json trace*json trace.txt
rm -rf build _build whole_array.exe
rm -rf _build
mkdir -p _build
cd _build &&  cmake -E env CXXFLAGS="-std=c++23 -ggdb -DDTYPE_IN=std::bfloat16_t -DDTYPE_OUT=std::bfloat16_t -DDTYPE_ACC=float" \
	cmake `echo /scratch/luisr/mlir-aie/programming_examples/basic/matrix_multiplication/whole_array/..` -D CMAKE_C_COMPILER=gcc-13 -D CMAKE_CXX_COMPILER=g++-13 -DTARGET_NAME=whole_array -Dsubdir=whole_array
-- The C compiler identification is GNU 13.3.0
-- The CXX compiler identification is GNU 13.3.0
-- Detecting C compiler ABI info
-- Detecting C compiler ABI info - done
-- Check for working C compiler: /usr/bin/gcc-13 - skipped
-- Detecting C compile features
-- Detecting C compile features - done
-- Detecting CXX compiler ABI info
-- Detecting CXX compiler ABI info - done
-- Check for working CXX compiler: /usr/bin/g++-13 - skipped
-- Detecting CXX compile features
-- Detecting CXX compile features - done
-- Configuring done (0.3s)
-- Generating done (0.0s)
-- Build files have been written to: /scratch/luisr/mlir-aie/programming_examples/basic/matrix_multiplication/whole_array/_build
cd _build &&  cmake --build . --config Release
gmake[1]: Entering directory '/scratch/luisr/mlir-aie/programming_examples/basic/matrix_multiplication/whole_array/_build'
gmake[2]: Entering directory '/scratch/luisr/mlir-aie/programming_examples/basic/matrix_multiplication/whole_array/_build'
gmake[3]: Entering directory '/scratch/luisr/mlir-aie/programming_examples/basic/matrix_multiplication/whole_array/_build'
gmake[3]: Leaving directory '/scratch/luisr/mlir-aie/programming_examples/basic/matrix_multiplication/whole_array/_build'
gmake[3]: Entering directory '/scratch/luisr/mlir-aie/programming_examples/basic/matrix_multiplication/whole_array/_build'
[ 33%] Building CXX object CMakeFiles/whole_array.dir/scratch/luisr/mlir-aie/runtime_lib/test_lib/test_utils.cpp.o
[ 66%] Building CXX object CMakeFiles/whole_array.dir/whole_array/test.cpp.o
[100%] Linking CXX executable whole_array
gmake[3]: Leaving directory '/scratch/luisr/mlir-aie/programming_examples/basic/matrix_multiplication/whole_array/_build'
[100%] Built target whole_array
gmake[2]: Leaving directory '/scratch/luisr/mlir-aie/programming_examples/basic/matrix_multiplication/whole_array/_build'
gmake[1]: Leaving directory '/scratch/luisr/mlir-aie/programming_examples/basic/matrix_multiplication/whole_array/_build'
cp _build/whole_array whole_array.exe 
mkdir -p build
python3 /scratch/luisr/mlir-aie/programming_examples/basic/matrix_multiplication/whole_array/whole_array.py -m 64 -k 64 -n 64 --n-aie-cols 8 --b-col-maj 0 --dev npu2 -M 8192 -K 1024 -N 4096 --dtype_in bf16 --dtype_out bf16 --trace_size 0 > build/aie_8192x1024x4096_64x64x64_8c.mlir
mkdir -p build
cd build && xchesscc_wrapper aie2p -I /proj/xbuilds/2024.2_INT_1113_1001/installs/all_platforms/Vitis/2024.2/aietools/include  -Dbf16_bf16_ONLY -DDIM_M=64 -DDIM_K=64 -DDIM_N=64 -c /scratch/luisr/mlir-aie/programming_examples/basic/matrix_multiplication/whole_array/../../../../aie_kernels/aie2p/mm.cc -o mm_64x64x64.o
WARNING: Default location for XILINX_VIVADO_IP_OVERRIDE not found: /build/xfndry/IP_2024.2_INTEGRATION_VERIFIED/customer/vivado/data/ip
mkdir -p build
cd build && aiecc.py --alloc-scheme=basic-sequential --aie-generate-xclbin --no-compile-host --xclbin-name=final_8192x1024x4096_64x64x64_8c.xclbin \
			 \
			--aie-generate-npu-insts --npu-insts-name=insts_8192x1024x4096_64x64x64_8c.txt ../build/aie_8192x1024x4096_64x64x64_8c.mlir

Generating: /scratch/luisr/mlir-aie/programming_examples/basic/matrix_multiplication/whole_array/build/aie_8192x1024x4096_64x64x64_8c.mlir.prj/aie_cdo_elfs.bin
Generating: /scratch/luisr/mlir-aie/programming_examples/basic/matrix_multiplication/whole_array/build/aie_8192x1024x4096_64x64x64_8c.mlir.prj/aie_cdo_init.bin
Generating: /scratch/luisr/mlir-aie/programming_examples/basic/matrix_multiplication/whole_array/build/aie_8192x1024x4096_64x64x64_8c.mlir.prj/aie_cdo_enable.bin
export XRT_HACK_UNSECURE_LOADING_XCLBIN=1 && \
 ./whole_array.exe -x build/final_8192x1024x4096_64x64x64_8c.xclbin -i build/insts_8192x1024x4096_64x64x64_8c.txt -k MLIR_AIE -M 8192 -K 1024 -N 4096 --iters 40 --warmup 10 --verify=false --b_col_maj 0

Avg NPU matmul time: 82690.6us.
Avg NPU gflops: 831.043

Min NPU matmul time: 82094us.
Max NPU gflops: 837.083

Max NPU matmul time: 83429us.
Min NPU gflops: 823.688

PASS!

rm -rf tmpTrace parse*.json trace*json trace.txt
rm -rf build _build whole_array.exe
rm -rf _build
mkdir -p _build
cd _build &&  cmake -E env CXXFLAGS="-std=c++23 -ggdb -DDTYPE_IN=std::bfloat16_t -DDTYPE_OUT=std::bfloat16_t -DDTYPE_ACC=float" \
	cmake `echo /scratch/luisr/mlir-aie/programming_examples/basic/matrix_multiplication/whole_array/..` -D CMAKE_C_COMPILER=gcc-13 -D CMAKE_CXX_COMPILER=g++-13 -DTARGET_NAME=whole_array -Dsubdir=whole_array
-- The C compiler identification is GNU 13.3.0
-- The CXX compiler identification is GNU 13.3.0
-- Detecting C compiler ABI info
-- Detecting C compiler ABI info - done
-- Check for working C compiler: /usr/bin/gcc-13 - skipped
-- Detecting C compile features
-- Detecting C compile features - done
-- Detecting CXX compiler ABI info
-- Detecting CXX compiler ABI info - done
-- Check for working CXX compiler: /usr/bin/g++-13 - skipped
-- Detecting CXX compile features
-- Detecting CXX compile features - done
-- Configuring done (0.3s)
-- Generating done (0.0s)
-- Build files have been written to: /scratch/luisr/mlir-aie/programming_examples/basic/matrix_multiplication/whole_array/_build
cd _build &&  cmake --build . --config Release
gmake[1]: Entering directory '/scratch/luisr/mlir-aie/programming_examples/basic/matrix_multiplication/whole_array/_build'
gmake[2]: Entering directory '/scratch/luisr/mlir-aie/programming_examples/basic/matrix_multiplication/whole_array/_build'
gmake[3]: Entering directory '/scratch/luisr/mlir-aie/programming_examples/basic/matrix_multiplication/whole_array/_build'
gmake[3]: Leaving directory '/scratch/luisr/mlir-aie/programming_examples/basic/matrix_multiplication/whole_array/_build'
gmake[3]: Entering directory '/scratch/luisr/mlir-aie/programming_examples/basic/matrix_multiplication/whole_array/_build'
[ 33%] Building CXX object CMakeFiles/whole_array.dir/scratch/luisr/mlir-aie/runtime_lib/test_lib/test_utils.cpp.o
[ 66%] Building CXX object CMakeFiles/whole_array.dir/whole_array/test.cpp.o
[100%] Linking CXX executable whole_array
gmake[3]: Leaving directory '/scratch/luisr/mlir-aie/programming_examples/basic/matrix_multiplication/whole_array/_build'
[100%] Built target whole_array
gmake[2]: Leaving directory '/scratch/luisr/mlir-aie/programming_examples/basic/matrix_multiplication/whole_array/_build'
gmake[1]: Leaving directory '/scratch/luisr/mlir-aie/programming_examples/basic/matrix_multiplication/whole_array/_build'
cp _build/whole_array whole_array.exe 
mkdir -p build
python3 /scratch/luisr/mlir-aie/programming_examples/basic/matrix_multiplication/whole_array/whole_array.py -m 64 -k 64 -n 64 --n-aie-cols 8 --b-col-maj 0 --dev npu2 -M 8192 -K 1024 -N 8192 --dtype_in bf16 --dtype_out bf16 --trace_size 0 > build/aie_8192x1024x8192_64x64x64_8c.mlir
mkdir -p build
cd build && xchesscc_wrapper aie2p -I /proj/xbuilds/2024.2_INT_1113_1001/installs/all_platforms/Vitis/2024.2/aietools/include  -Dbf16_bf16_ONLY -DDIM_M=64 -DDIM_K=64 -DDIM_N=64 -c /scratch/luisr/mlir-aie/programming_examples/basic/matrix_multiplication/whole_array/../../../../aie_kernels/aie2p/mm.cc -o mm_64x64x64.o
WARNING: Default location for XILINX_VIVADO_IP_OVERRIDE not found: /build/xfndry/IP_2024.2_INTEGRATION_VERIFIED/customer/vivado/data/ip
mkdir -p build
cd build && aiecc.py --alloc-scheme=basic-sequential --aie-generate-xclbin --no-compile-host --xclbin-name=final_8192x1024x8192_64x64x64_8c.xclbin \
			 \
			--aie-generate-npu-insts --npu-insts-name=insts_8192x1024x8192_64x64x64_8c.txt ../build/aie_8192x1024x8192_64x64x64_8c.mlir

Generating: /scratch/luisr/mlir-aie/programming_examples/basic/matrix_multiplication/whole_array/build/aie_8192x1024x8192_64x64x64_8c.mlir.prj/aie_cdo_elfs.bin
Generating: /scratch/luisr/mlir-aie/programming_examples/basic/matrix_multiplication/whole_array/build/aie_8192x1024x8192_64x64x64_8c.mlir.prj/aie_cdo_init.bin
Generating: /scratch/luisr/mlir-aie/programming_examples/basic/matrix_multiplication/whole_array/build/aie_8192x1024x8192_64x64x64_8c.mlir.prj/aie_cdo_enable.bin
export XRT_HACK_UNSECURE_LOADING_XCLBIN=1 && \
 ./whole_array.exe -x build/final_8192x1024x8192_64x64x64_8c.xclbin -i build/insts_8192x1024x8192_64x64x64_8c.txt -k MLIR_AIE -M 8192 -K 1024 -N 8192 --iters 40 --warmup 10 --verify=false --b_col_maj 0

Avg NPU matmul time: 164431us.
Avg NPU gflops: 835.845

Min NPU matmul time: 164084us.
Max NPU gflops: 837.613

Max NPU matmul time: 164914us.
Min NPU gflops: 833.398

PASS!

rm -rf tmpTrace parse*.json trace*json trace.txt
rm -rf build _build whole_array.exe
rm -rf _build
mkdir -p _build
cd _build &&  cmake -E env CXXFLAGS="-std=c++23 -ggdb -DDTYPE_IN=std::bfloat16_t -DDTYPE_OUT=std::bfloat16_t -DDTYPE_ACC=float" \
	cmake `echo /scratch/luisr/mlir-aie/programming_examples/basic/matrix_multiplication/whole_array/..` -D CMAKE_C_COMPILER=gcc-13 -D CMAKE_CXX_COMPILER=g++-13 -DTARGET_NAME=whole_array -Dsubdir=whole_array
-- The C compiler identification is GNU 13.3.0
-- The CXX compiler identification is GNU 13.3.0
-- Detecting C compiler ABI info
-- Detecting C compiler ABI info - done
-- Check for working C compiler: /usr/bin/gcc-13 - skipped
-- Detecting C compile features
-- Detecting C compile features - done
-- Detecting CXX compiler ABI info
-- Detecting CXX compiler ABI info - done
-- Check for working CXX compiler: /usr/bin/g++-13 - skipped
-- Detecting CXX compile features
-- Detecting CXX compile features - done
-- Configuring done (0.3s)
-- Generating done (0.0s)
-- Build files have been written to: /scratch/luisr/mlir-aie/programming_examples/basic/matrix_multiplication/whole_array/_build
cd _build &&  cmake --build . --config Release
gmake[1]: Entering directory '/scratch/luisr/mlir-aie/programming_examples/basic/matrix_multiplication/whole_array/_build'
gmake[2]: Entering directory '/scratch/luisr/mlir-aie/programming_examples/basic/matrix_multiplication/whole_array/_build'
gmake[3]: Entering directory '/scratch/luisr/mlir-aie/programming_examples/basic/matrix_multiplication/whole_array/_build'
gmake[3]: Leaving directory '/scratch/luisr/mlir-aie/programming_examples/basic/matrix_multiplication/whole_array/_build'
gmake[3]: Entering directory '/scratch/luisr/mlir-aie/programming_examples/basic/matrix_multiplication/whole_array/_build'
[ 33%] Building CXX object CMakeFiles/whole_array.dir/scratch/luisr/mlir-aie/runtime_lib/test_lib/test_utils.cpp.o
[ 66%] Building CXX object CMakeFiles/whole_array.dir/whole_array/test.cpp.o
[100%] Linking CXX executable whole_array
gmake[3]: Leaving directory '/scratch/luisr/mlir-aie/programming_examples/basic/matrix_multiplication/whole_array/_build'
[100%] Built target whole_array
gmake[2]: Leaving directory '/scratch/luisr/mlir-aie/programming_examples/basic/matrix_multiplication/whole_array/_build'
gmake[1]: Leaving directory '/scratch/luisr/mlir-aie/programming_examples/basic/matrix_multiplication/whole_array/_build'
cp _build/whole_array whole_array.exe 
mkdir -p build
python3 /scratch/luisr/mlir-aie/programming_examples/basic/matrix_multiplication/whole_array/whole_array.py -m 64 -k 64 -n 64 --n-aie-cols 8 --b-col-maj 0 --dev npu2 -M 8192 -K 4096 -N 512 --dtype_in bf16 --dtype_out bf16 --trace_size 0 > build/aie_8192x4096x512_64x64x64_8c.mlir
mkdir -p build
cd build && xchesscc_wrapper aie2p -I /proj/xbuilds/2024.2_INT_1113_1001/installs/all_platforms/Vitis/2024.2/aietools/include  -Dbf16_bf16_ONLY -DDIM_M=64 -DDIM_K=64 -DDIM_N=64 -c /scratch/luisr/mlir-aie/programming_examples/basic/matrix_multiplication/whole_array/../../../../aie_kernels/aie2p/mm.cc -o mm_64x64x64.o
WARNING: Default location for XILINX_VIVADO_IP_OVERRIDE not found: /build/xfndry/IP_2024.2_INTEGRATION_VERIFIED/customer/vivado/data/ip
mkdir -p build
cd build && aiecc.py --alloc-scheme=basic-sequential --aie-generate-xclbin --no-compile-host --xclbin-name=final_8192x4096x512_64x64x64_8c.xclbin \
			 \
			--aie-generate-npu-insts --npu-insts-name=insts_8192x4096x512_64x64x64_8c.txt ../build/aie_8192x4096x512_64x64x64_8c.mlir

Generating: /scratch/luisr/mlir-aie/programming_examples/basic/matrix_multiplication/whole_array/build/aie_8192x4096x512_64x64x64_8c.mlir.prj/aie_cdo_elfs.bin
Generating: /scratch/luisr/mlir-aie/programming_examples/basic/matrix_multiplication/whole_array/build/aie_8192x4096x512_64x64x64_8c.mlir.prj/aie_cdo_init.bin
Generating: /scratch/luisr/mlir-aie/programming_examples/basic/matrix_multiplication/whole_array/build/aie_8192x4096x512_64x64x64_8c.mlir.prj/aie_cdo_enable.bin
export XRT_HACK_UNSECURE_LOADING_XCLBIN=1 && \
 ./whole_array.exe -x build/final_8192x4096x512_64x64x64_8c.xclbin -i build/insts_8192x4096x512_64x64x64_8c.txt -k MLIR_AIE -M 8192 -K 4096 -N 512 --iters 40 --warmup 10 --verify=false --b_col_maj 0

Avg NPU matmul time: 41738.2us.
Avg NPU gflops: 823.22

Min NPU matmul time: 41065us.
Max NPU gflops: 836.716

Max NPU matmul time: 47861us.
Min NPU gflops: 717.907

PASS!

rm -rf tmpTrace parse*.json trace*json trace.txt
rm -rf build _build whole_array.exe
rm -rf _build
mkdir -p _build
cd _build &&  cmake -E env CXXFLAGS="-std=c++23 -ggdb -DDTYPE_IN=std::bfloat16_t -DDTYPE_OUT=std::bfloat16_t -DDTYPE_ACC=float" \
	cmake `echo /scratch/luisr/mlir-aie/programming_examples/basic/matrix_multiplication/whole_array/..` -D CMAKE_C_COMPILER=gcc-13 -D CMAKE_CXX_COMPILER=g++-13 -DTARGET_NAME=whole_array -Dsubdir=whole_array
-- The C compiler identification is GNU 13.3.0
-- The CXX compiler identification is GNU 13.3.0
-- Detecting C compiler ABI info
-- Detecting C compiler ABI info - done
-- Check for working C compiler: /usr/bin/gcc-13 - skipped
-- Detecting C compile features
-- Detecting C compile features - done
-- Detecting CXX compiler ABI info
-- Detecting CXX compiler ABI info - done
-- Check for working CXX compiler: /usr/bin/g++-13 - skipped
-- Detecting CXX compile features
-- Detecting CXX compile features - done
-- Configuring done (0.3s)
-- Generating done (0.0s)
-- Build files have been written to: /scratch/luisr/mlir-aie/programming_examples/basic/matrix_multiplication/whole_array/_build
cd _build &&  cmake --build . --config Release
gmake[1]: Entering directory '/scratch/luisr/mlir-aie/programming_examples/basic/matrix_multiplication/whole_array/_build'
gmake[2]: Entering directory '/scratch/luisr/mlir-aie/programming_examples/basic/matrix_multiplication/whole_array/_build'
gmake[3]: Entering directory '/scratch/luisr/mlir-aie/programming_examples/basic/matrix_multiplication/whole_array/_build'
gmake[3]: Leaving directory '/scratch/luisr/mlir-aie/programming_examples/basic/matrix_multiplication/whole_array/_build'
gmake[3]: Entering directory '/scratch/luisr/mlir-aie/programming_examples/basic/matrix_multiplication/whole_array/_build'
[ 33%] Building CXX object CMakeFiles/whole_array.dir/scratch/luisr/mlir-aie/runtime_lib/test_lib/test_utils.cpp.o
[ 66%] Building CXX object CMakeFiles/whole_array.dir/whole_array/test.cpp.o
[100%] Linking CXX executable whole_array
gmake[3]: Leaving directory '/scratch/luisr/mlir-aie/programming_examples/basic/matrix_multiplication/whole_array/_build'
[100%] Built target whole_array
gmake[2]: Leaving directory '/scratch/luisr/mlir-aie/programming_examples/basic/matrix_multiplication/whole_array/_build'
gmake[1]: Leaving directory '/scratch/luisr/mlir-aie/programming_examples/basic/matrix_multiplication/whole_array/_build'
cp _build/whole_array whole_array.exe 
mkdir -p build
python3 /scratch/luisr/mlir-aie/programming_examples/basic/matrix_multiplication/whole_array/whole_array.py -m 64 -k 64 -n 64 --n-aie-cols 8 --b-col-maj 0 --dev npu2 -M 8192 -K 4096 -N 1024 --dtype_in bf16 --dtype_out bf16 --trace_size 0 > build/aie_8192x4096x1024_64x64x64_8c.mlir
mkdir -p build
cd build && xchesscc_wrapper aie2p -I /proj/xbuilds/2024.2_INT_1113_1001/installs/all_platforms/Vitis/2024.2/aietools/include  -Dbf16_bf16_ONLY -DDIM_M=64 -DDIM_K=64 -DDIM_N=64 -c /scratch/luisr/mlir-aie/programming_examples/basic/matrix_multiplication/whole_array/../../../../aie_kernels/aie2p/mm.cc -o mm_64x64x64.o
WARNING: Default location for XILINX_VIVADO_IP_OVERRIDE not found: /build/xfndry/IP_2024.2_INTEGRATION_VERIFIED/customer/vivado/data/ip
mkdir -p build
cd build && aiecc.py --alloc-scheme=basic-sequential --aie-generate-xclbin --no-compile-host --xclbin-name=final_8192x4096x1024_64x64x64_8c.xclbin \
			 \
			--aie-generate-npu-insts --npu-insts-name=insts_8192x4096x1024_64x64x64_8c.txt ../build/aie_8192x4096x1024_64x64x64_8c.mlir

Generating: /scratch/luisr/mlir-aie/programming_examples/basic/matrix_multiplication/whole_array/build/aie_8192x4096x1024_64x64x64_8c.mlir.prj/aie_cdo_elfs.bin
Generating: /scratch/luisr/mlir-aie/programming_examples/basic/matrix_multiplication/whole_array/build/aie_8192x4096x1024_64x64x64_8c.mlir.prj/aie_cdo_init.bin
Generating: /scratch/luisr/mlir-aie/programming_examples/basic/matrix_multiplication/whole_array/build/aie_8192x4096x1024_64x64x64_8c.mlir.prj/aie_cdo_enable.bin
export XRT_HACK_UNSECURE_LOADING_XCLBIN=1 && \
 ./whole_array.exe -x build/final_8192x4096x1024_64x64x64_8c.xclbin -i build/insts_8192x4096x1024_64x64x64_8c.txt -k MLIR_AIE -M 8192 -K 4096 -N 1024 --iters 40 --warmup 10 --verify=false --b_col_maj 0

Avg NPU matmul time: 82423.6us.
Avg NPU gflops: 833.735

Min NPU matmul time: 82058us.
Max NPU gflops: 837.45

Max NPU matmul time: 82735us.
Min NPU gflops: 830.597

PASS!

rm -rf tmpTrace parse*.json trace*json trace.txt
rm -rf build _build whole_array.exe
rm -rf _build
mkdir -p _build
cd _build &&  cmake -E env CXXFLAGS="-std=c++23 -ggdb -DDTYPE_IN=std::bfloat16_t -DDTYPE_OUT=std::bfloat16_t -DDTYPE_ACC=float" \
	cmake `echo /scratch/luisr/mlir-aie/programming_examples/basic/matrix_multiplication/whole_array/..` -D CMAKE_C_COMPILER=gcc-13 -D CMAKE_CXX_COMPILER=g++-13 -DTARGET_NAME=whole_array -Dsubdir=whole_array
-- The C compiler identification is GNU 13.3.0
-- The CXX compiler identification is GNU 13.3.0
-- Detecting C compiler ABI info
-- Detecting C compiler ABI info - done
-- Check for working C compiler: /usr/bin/gcc-13 - skipped
-- Detecting C compile features
-- Detecting C compile features - done
-- Detecting CXX compiler ABI info
-- Detecting CXX compiler ABI info - done
-- Check for working CXX compiler: /usr/bin/g++-13 - skipped
-- Detecting CXX compile features
-- Detecting CXX compile features - done
-- Configuring done (0.3s)
-- Generating done (0.0s)
-- Build files have been written to: /scratch/luisr/mlir-aie/programming_examples/basic/matrix_multiplication/whole_array/_build
cd _build &&  cmake --build . --config Release
gmake[1]: Entering directory '/scratch/luisr/mlir-aie/programming_examples/basic/matrix_multiplication/whole_array/_build'
gmake[2]: Entering directory '/scratch/luisr/mlir-aie/programming_examples/basic/matrix_multiplication/whole_array/_build'
gmake[3]: Entering directory '/scratch/luisr/mlir-aie/programming_examples/basic/matrix_multiplication/whole_array/_build'
gmake[3]: Leaving directory '/scratch/luisr/mlir-aie/programming_examples/basic/matrix_multiplication/whole_array/_build'
gmake[3]: Entering directory '/scratch/luisr/mlir-aie/programming_examples/basic/matrix_multiplication/whole_array/_build'
[ 33%] Building CXX object CMakeFiles/whole_array.dir/scratch/luisr/mlir-aie/runtime_lib/test_lib/test_utils.cpp.o
[ 66%] Building CXX object CMakeFiles/whole_array.dir/whole_array/test.cpp.o
[100%] Linking CXX executable whole_array
gmake[3]: Leaving directory '/scratch/luisr/mlir-aie/programming_examples/basic/matrix_multiplication/whole_array/_build'
[100%] Built target whole_array
gmake[2]: Leaving directory '/scratch/luisr/mlir-aie/programming_examples/basic/matrix_multiplication/whole_array/_build'
gmake[1]: Leaving directory '/scratch/luisr/mlir-aie/programming_examples/basic/matrix_multiplication/whole_array/_build'
cp _build/whole_array whole_array.exe 
mkdir -p build
python3 /scratch/luisr/mlir-aie/programming_examples/basic/matrix_multiplication/whole_array/whole_array.py -m 64 -k 64 -n 64 --n-aie-cols 8 --b-col-maj 0 --dev npu2 -M 8192 -K 4096 -N 4096 --dtype_in bf16 --dtype_out bf16 --trace_size 0 > build/aie_8192x4096x4096_64x64x64_8c.mlir
mkdir -p build
cd build && xchesscc_wrapper aie2p -I /proj/xbuilds/2024.2_INT_1113_1001/installs/all_platforms/Vitis/2024.2/aietools/include  -Dbf16_bf16_ONLY -DDIM_M=64 -DDIM_K=64 -DDIM_N=64 -c /scratch/luisr/mlir-aie/programming_examples/basic/matrix_multiplication/whole_array/../../../../aie_kernels/aie2p/mm.cc -o mm_64x64x64.o
WARNING: Default location for XILINX_VIVADO_IP_OVERRIDE not found: /build/xfndry/IP_2024.2_INTEGRATION_VERIFIED/customer/vivado/data/ip
mkdir -p build
cd build && aiecc.py --alloc-scheme=basic-sequential --aie-generate-xclbin --no-compile-host --xclbin-name=final_8192x4096x4096_64x64x64_8c.xclbin \
			 \
			--aie-generate-npu-insts --npu-insts-name=insts_8192x4096x4096_64x64x64_8c.txt ../build/aie_8192x4096x4096_64x64x64_8c.mlir

Generating: /scratch/luisr/mlir-aie/programming_examples/basic/matrix_multiplication/whole_array/build/aie_8192x4096x4096_64x64x64_8c.mlir.prj/aie_cdo_elfs.bin
Generating: /scratch/luisr/mlir-aie/programming_examples/basic/matrix_multiplication/whole_array/build/aie_8192x4096x4096_64x64x64_8c.mlir.prj/aie_cdo_init.bin
Generating: /scratch/luisr/mlir-aie/programming_examples/basic/matrix_multiplication/whole_array/build/aie_8192x4096x4096_64x64x64_8c.mlir.prj/aie_cdo_enable.bin
export XRT_HACK_UNSECURE_LOADING_XCLBIN=1 && \
 ./whole_array.exe -x build/final_8192x4096x4096_64x64x64_8c.xclbin -i build/insts_8192x4096x4096_64x64x64_8c.txt -k MLIR_AIE -M 8192 -K 4096 -N 4096 --iters 40 --warmup 10 --verify=false --b_col_maj 0

Avg NPU matmul time: 328138us.
Avg NPU gflops: 837.69

Min NPU matmul time: 327654us.
Max NPU gflops: 838.927

Max NPU matmul time: 328791us.
Min NPU gflops: 836.026

PASS!

rm -rf tmpTrace parse*.json trace*json trace.txt
rm -rf build _build whole_array.exe
rm -rf _build
mkdir -p _build
cd _build &&  cmake -E env CXXFLAGS="-std=c++23 -ggdb -DDTYPE_IN=std::bfloat16_t -DDTYPE_OUT=std::bfloat16_t -DDTYPE_ACC=float" \
	cmake `echo /scratch/luisr/mlir-aie/programming_examples/basic/matrix_multiplication/whole_array/..` -D CMAKE_C_COMPILER=gcc-13 -D CMAKE_CXX_COMPILER=g++-13 -DTARGET_NAME=whole_array -Dsubdir=whole_array
-- The C compiler identification is GNU 13.3.0
-- The CXX compiler identification is GNU 13.3.0
-- Detecting C compiler ABI info
-- Detecting C compiler ABI info - done
-- Check for working C compiler: /usr/bin/gcc-13 - skipped
-- Detecting C compile features
-- Detecting C compile features - done
-- Detecting CXX compiler ABI info
-- Detecting CXX compiler ABI info - done
-- Check for working CXX compiler: /usr/bin/g++-13 - skipped
-- Detecting CXX compile features
-- Detecting CXX compile features - done
-- Configuring done (0.3s)
-- Generating done (0.0s)
-- Build files have been written to: /scratch/luisr/mlir-aie/programming_examples/basic/matrix_multiplication/whole_array/_build
cd _build &&  cmake --build . --config Release
gmake[1]: Entering directory '/scratch/luisr/mlir-aie/programming_examples/basic/matrix_multiplication/whole_array/_build'
gmake[2]: Entering directory '/scratch/luisr/mlir-aie/programming_examples/basic/matrix_multiplication/whole_array/_build'
gmake[3]: Entering directory '/scratch/luisr/mlir-aie/programming_examples/basic/matrix_multiplication/whole_array/_build'
gmake[3]: Leaving directory '/scratch/luisr/mlir-aie/programming_examples/basic/matrix_multiplication/whole_array/_build'
gmake[3]: Entering directory '/scratch/luisr/mlir-aie/programming_examples/basic/matrix_multiplication/whole_array/_build'
[ 33%] Building CXX object CMakeFiles/whole_array.dir/scratch/luisr/mlir-aie/runtime_lib/test_lib/test_utils.cpp.o
[ 66%] Building CXX object CMakeFiles/whole_array.dir/whole_array/test.cpp.o
[100%] Linking CXX executable whole_array
gmake[3]: Leaving directory '/scratch/luisr/mlir-aie/programming_examples/basic/matrix_multiplication/whole_array/_build'
[100%] Built target whole_array
gmake[2]: Leaving directory '/scratch/luisr/mlir-aie/programming_examples/basic/matrix_multiplication/whole_array/_build'
gmake[1]: Leaving directory '/scratch/luisr/mlir-aie/programming_examples/basic/matrix_multiplication/whole_array/_build'
cp _build/whole_array whole_array.exe 
mkdir -p build
python3 /scratch/luisr/mlir-aie/programming_examples/basic/matrix_multiplication/whole_array/whole_array.py -m 64 -k 64 -n 64 --n-aie-cols 8 --b-col-maj 0 --dev npu2 -M 8192 -K 4096 -N 8192 --dtype_in bf16 --dtype_out bf16 --trace_size 0 > build/aie_8192x4096x8192_64x64x64_8c.mlir
mkdir -p build
cd build && xchesscc_wrapper aie2p -I /proj/xbuilds/2024.2_INT_1113_1001/installs/all_platforms/Vitis/2024.2/aietools/include  -Dbf16_bf16_ONLY -DDIM_M=64 -DDIM_K=64 -DDIM_N=64 -c /scratch/luisr/mlir-aie/programming_examples/basic/matrix_multiplication/whole_array/../../../../aie_kernels/aie2p/mm.cc -o mm_64x64x64.o
WARNING: Default location for XILINX_VIVADO_IP_OVERRIDE not found: /build/xfndry/IP_2024.2_INTEGRATION_VERIFIED/customer/vivado/data/ip
mkdir -p build
cd build && aiecc.py --alloc-scheme=basic-sequential --aie-generate-xclbin --no-compile-host --xclbin-name=final_8192x4096x8192_64x64x64_8c.xclbin \
			 \
			--aie-generate-npu-insts --npu-insts-name=insts_8192x4096x8192_64x64x64_8c.txt ../build/aie_8192x4096x8192_64x64x64_8c.mlir

Generating: /scratch/luisr/mlir-aie/programming_examples/basic/matrix_multiplication/whole_array/build/aie_8192x4096x8192_64x64x64_8c.mlir.prj/aie_cdo_elfs.bin
Generating: /scratch/luisr/mlir-aie/programming_examples/basic/matrix_multiplication/whole_array/build/aie_8192x4096x8192_64x64x64_8c.mlir.prj/aie_cdo_init.bin
Generating: /scratch/luisr/mlir-aie/programming_examples/basic/matrix_multiplication/whole_array/build/aie_8192x4096x8192_64x64x64_8c.mlir.prj/aie_cdo_enable.bin
export XRT_HACK_UNSECURE_LOADING_XCLBIN=1 && \
 ./whole_array.exe -x build/final_8192x4096x8192_64x64x64_8c.xclbin -i build/insts_8192x4096x8192_64x64x64_8c.txt -k MLIR_AIE -M 8192 -K 4096 -N 8192 --iters 40 --warmup 10 --verify=false --b_col_maj 0

Avg NPU matmul time: 655695us.
Avg NPU gflops: 838.433

Min NPU matmul time: 655314us.
Max NPU gflops: 838.92

Max NPU matmul time: 656173us.
Min NPU gflops: 837.821

PASS!

rm -rf tmpTrace parse*.json trace*json trace.txt
rm -rf build _build whole_array.exe
rm -rf _build
mkdir -p _build
cd _build &&  cmake -E env CXXFLAGS="-std=c++23 -ggdb -DDTYPE_IN=std::bfloat16_t -DDTYPE_OUT=std::bfloat16_t -DDTYPE_ACC=float" \
	cmake `echo /scratch/luisr/mlir-aie/programming_examples/basic/matrix_multiplication/whole_array/..` -D CMAKE_C_COMPILER=gcc-13 -D CMAKE_CXX_COMPILER=g++-13 -DTARGET_NAME=whole_array -Dsubdir=whole_array
-- The C compiler identification is GNU 13.3.0
-- The CXX compiler identification is GNU 13.3.0
-- Detecting C compiler ABI info
-- Detecting C compiler ABI info - done
-- Check for working C compiler: /usr/bin/gcc-13 - skipped
-- Detecting C compile features
-- Detecting C compile features - done
-- Detecting CXX compiler ABI info
-- Detecting CXX compiler ABI info - done
-- Check for working CXX compiler: /usr/bin/g++-13 - skipped
-- Detecting CXX compile features
-- Detecting CXX compile features - done
-- Configuring done (0.3s)
-- Generating done (0.0s)
-- Build files have been written to: /scratch/luisr/mlir-aie/programming_examples/basic/matrix_multiplication/whole_array/_build
cd _build &&  cmake --build . --config Release
gmake[1]: Entering directory '/scratch/luisr/mlir-aie/programming_examples/basic/matrix_multiplication/whole_array/_build'
gmake[2]: Entering directory '/scratch/luisr/mlir-aie/programming_examples/basic/matrix_multiplication/whole_array/_build'
gmake[3]: Entering directory '/scratch/luisr/mlir-aie/programming_examples/basic/matrix_multiplication/whole_array/_build'
gmake[3]: Leaving directory '/scratch/luisr/mlir-aie/programming_examples/basic/matrix_multiplication/whole_array/_build'
gmake[3]: Entering directory '/scratch/luisr/mlir-aie/programming_examples/basic/matrix_multiplication/whole_array/_build'
[ 33%] Building CXX object CMakeFiles/whole_array.dir/scratch/luisr/mlir-aie/runtime_lib/test_lib/test_utils.cpp.o
[ 66%] Building CXX object CMakeFiles/whole_array.dir/whole_array/test.cpp.o
[100%] Linking CXX executable whole_array
gmake[3]: Leaving directory '/scratch/luisr/mlir-aie/programming_examples/basic/matrix_multiplication/whole_array/_build'
[100%] Built target whole_array
gmake[2]: Leaving directory '/scratch/luisr/mlir-aie/programming_examples/basic/matrix_multiplication/whole_array/_build'
gmake[1]: Leaving directory '/scratch/luisr/mlir-aie/programming_examples/basic/matrix_multiplication/whole_array/_build'
cp _build/whole_array whole_array.exe 
mkdir -p build
python3 /scratch/luisr/mlir-aie/programming_examples/basic/matrix_multiplication/whole_array/whole_array.py -m 64 -k 64 -n 64 --n-aie-cols 8 --b-col-maj 0 --dev npu2 -M 8192 -K 6144 -N 512 --dtype_in bf16 --dtype_out bf16 --trace_size 0 > build/aie_8192x6144x512_64x64x64_8c.mlir
mkdir -p build
cd build && xchesscc_wrapper aie2p -I /proj/xbuilds/2024.2_INT_1113_1001/installs/all_platforms/Vitis/2024.2/aietools/include  -Dbf16_bf16_ONLY -DDIM_M=64 -DDIM_K=64 -DDIM_N=64 -c /scratch/luisr/mlir-aie/programming_examples/basic/matrix_multiplication/whole_array/../../../../aie_kernels/aie2p/mm.cc -o mm_64x64x64.o
WARNING: Default location for XILINX_VIVADO_IP_OVERRIDE not found: /build/xfndry/IP_2024.2_INTEGRATION_VERIFIED/customer/vivado/data/ip
mkdir -p build
cd build && aiecc.py --alloc-scheme=basic-sequential --aie-generate-xclbin --no-compile-host --xclbin-name=final_8192x6144x512_64x64x64_8c.xclbin \
			 \
			--aie-generate-npu-insts --npu-insts-name=insts_8192x6144x512_64x64x64_8c.txt ../build/aie_8192x6144x512_64x64x64_8c.mlir

Generating: /scratch/luisr/mlir-aie/programming_examples/basic/matrix_multiplication/whole_array/build/aie_8192x6144x512_64x64x64_8c.mlir.prj/aie_cdo_elfs.bin
Generating: /scratch/luisr/mlir-aie/programming_examples/basic/matrix_multiplication/whole_array/build/aie_8192x6144x512_64x64x64_8c.mlir.prj/aie_cdo_init.bin
Generating: /scratch/luisr/mlir-aie/programming_examples/basic/matrix_multiplication/whole_array/build/aie_8192x6144x512_64x64x64_8c.mlir.prj/aie_cdo_enable.bin
export XRT_HACK_UNSECURE_LOADING_XCLBIN=1 && \
 ./whole_array.exe -x build/final_8192x6144x512_64x64x64_8c.xclbin -i build/insts_8192x6144x512_64x64x64_8c.txt -k MLIR_AIE -M 8192 -K 6144 -N 512 --iters 40 --warmup 10 --verify=false --b_col_maj 0

Avg NPU matmul time: 62038.3us.
Avg NPU gflops: 830.771

Min NPU matmul time: 61699us.
Max NPU gflops: 835.339

Max NPU matmul time: 62291us.
Min NPU gflops: 827.401

PASS!

rm -rf tmpTrace parse*.json trace*json trace.txt
rm -rf build _build whole_array.exe
rm -rf _build
mkdir -p _build
cd _build &&  cmake -E env CXXFLAGS="-std=c++23 -ggdb -DDTYPE_IN=std::bfloat16_t -DDTYPE_OUT=std::bfloat16_t -DDTYPE_ACC=float" \
	cmake `echo /scratch/luisr/mlir-aie/programming_examples/basic/matrix_multiplication/whole_array/..` -D CMAKE_C_COMPILER=gcc-13 -D CMAKE_CXX_COMPILER=g++-13 -DTARGET_NAME=whole_array -Dsubdir=whole_array
-- The C compiler identification is GNU 13.3.0
-- The CXX compiler identification is GNU 13.3.0
-- Detecting C compiler ABI info
-- Detecting C compiler ABI info - done
-- Check for working C compiler: /usr/bin/gcc-13 - skipped
-- Detecting C compile features
-- Detecting C compile features - done
-- Detecting CXX compiler ABI info
-- Detecting CXX compiler ABI info - done
-- Check for working CXX compiler: /usr/bin/g++-13 - skipped
-- Detecting CXX compile features
-- Detecting CXX compile features - done
-- Configuring done (0.3s)
-- Generating done (0.0s)
-- Build files have been written to: /scratch/luisr/mlir-aie/programming_examples/basic/matrix_multiplication/whole_array/_build
cd _build &&  cmake --build . --config Release
gmake[1]: Entering directory '/scratch/luisr/mlir-aie/programming_examples/basic/matrix_multiplication/whole_array/_build'
gmake[2]: Entering directory '/scratch/luisr/mlir-aie/programming_examples/basic/matrix_multiplication/whole_array/_build'
gmake[3]: Entering directory '/scratch/luisr/mlir-aie/programming_examples/basic/matrix_multiplication/whole_array/_build'
gmake[3]: Leaving directory '/scratch/luisr/mlir-aie/programming_examples/basic/matrix_multiplication/whole_array/_build'
gmake[3]: Entering directory '/scratch/luisr/mlir-aie/programming_examples/basic/matrix_multiplication/whole_array/_build'
[ 33%] Building CXX object CMakeFiles/whole_array.dir/scratch/luisr/mlir-aie/runtime_lib/test_lib/test_utils.cpp.o
[ 66%] Building CXX object CMakeFiles/whole_array.dir/whole_array/test.cpp.o
[100%] Linking CXX executable whole_array
gmake[3]: Leaving directory '/scratch/luisr/mlir-aie/programming_examples/basic/matrix_multiplication/whole_array/_build'
[100%] Built target whole_array
gmake[2]: Leaving directory '/scratch/luisr/mlir-aie/programming_examples/basic/matrix_multiplication/whole_array/_build'
gmake[1]: Leaving directory '/scratch/luisr/mlir-aie/programming_examples/basic/matrix_multiplication/whole_array/_build'
cp _build/whole_array whole_array.exe 
mkdir -p build
python3 /scratch/luisr/mlir-aie/programming_examples/basic/matrix_multiplication/whole_array/whole_array.py -m 64 -k 64 -n 64 --n-aie-cols 8 --b-col-maj 0 --dev npu2 -M 8192 -K 6144 -N 1024 --dtype_in bf16 --dtype_out bf16 --trace_size 0 > build/aie_8192x6144x1024_64x64x64_8c.mlir
mkdir -p build
cd build && xchesscc_wrapper aie2p -I /proj/xbuilds/2024.2_INT_1113_1001/installs/all_platforms/Vitis/2024.2/aietools/include  -Dbf16_bf16_ONLY -DDIM_M=64 -DDIM_K=64 -DDIM_N=64 -c /scratch/luisr/mlir-aie/programming_examples/basic/matrix_multiplication/whole_array/../../../../aie_kernels/aie2p/mm.cc -o mm_64x64x64.o
WARNING: Default location for XILINX_VIVADO_IP_OVERRIDE not found: /build/xfndry/IP_2024.2_INTEGRATION_VERIFIED/customer/vivado/data/ip
mkdir -p build
cd build && aiecc.py --alloc-scheme=basic-sequential --aie-generate-xclbin --no-compile-host --xclbin-name=final_8192x6144x1024_64x64x64_8c.xclbin \
			 \
			--aie-generate-npu-insts --npu-insts-name=insts_8192x6144x1024_64x64x64_8c.txt ../build/aie_8192x6144x1024_64x64x64_8c.mlir

Generating: /scratch/luisr/mlir-aie/programming_examples/basic/matrix_multiplication/whole_array/build/aie_8192x6144x1024_64x64x64_8c.mlir.prj/aie_cdo_elfs.bin
Generating: /scratch/luisr/mlir-aie/programming_examples/basic/matrix_multiplication/whole_array/build/aie_8192x6144x1024_64x64x64_8c.mlir.prj/aie_cdo_init.bin
Generating: /scratch/luisr/mlir-aie/programming_examples/basic/matrix_multiplication/whole_array/build/aie_8192x6144x1024_64x64x64_8c.mlir.prj/aie_cdo_enable.bin
export XRT_HACK_UNSECURE_LOADING_XCLBIN=1 && \
 ./whole_array.exe -x build/final_8192x6144x1024_64x64x64_8c.xclbin -i build/insts_8192x6144x1024_64x64x64_8c.txt -k MLIR_AIE -M 8192 -K 6144 -N 1024 --iters 40 --warmup 10 --verify=false --b_col_maj 0

Avg NPU matmul time: 123511us.
Avg NPU gflops: 834.578

Min NPU matmul time: 123062us.
Max NPU gflops: 837.62

Max NPU matmul time: 124013us.
Min NPU gflops: 831.197

PASS!

rm -rf tmpTrace parse*.json trace*json trace.txt
rm -rf build _build whole_array.exe
rm -rf _build
mkdir -p _build
cd _build &&  cmake -E env CXXFLAGS="-std=c++23 -ggdb -DDTYPE_IN=std::bfloat16_t -DDTYPE_OUT=std::bfloat16_t -DDTYPE_ACC=float" \
	cmake `echo /scratch/luisr/mlir-aie/programming_examples/basic/matrix_multiplication/whole_array/..` -D CMAKE_C_COMPILER=gcc-13 -D CMAKE_CXX_COMPILER=g++-13 -DTARGET_NAME=whole_array -Dsubdir=whole_array
-- The C compiler identification is GNU 13.3.0
-- The CXX compiler identification is GNU 13.3.0
-- Detecting C compiler ABI info
-- Detecting C compiler ABI info - done
-- Check for working C compiler: /usr/bin/gcc-13 - skipped
-- Detecting C compile features
-- Detecting C compile features - done
-- Detecting CXX compiler ABI info
-- Detecting CXX compiler ABI info - done
-- Check for working CXX compiler: /usr/bin/g++-13 - skipped
-- Detecting CXX compile features
-- Detecting CXX compile features - done
-- Configuring done (0.3s)
-- Generating done (0.0s)
-- Build files have been written to: /scratch/luisr/mlir-aie/programming_examples/basic/matrix_multiplication/whole_array/_build
cd _build &&  cmake --build . --config Release
gmake[1]: Entering directory '/scratch/luisr/mlir-aie/programming_examples/basic/matrix_multiplication/whole_array/_build'
gmake[2]: Entering directory '/scratch/luisr/mlir-aie/programming_examples/basic/matrix_multiplication/whole_array/_build'
gmake[3]: Entering directory '/scratch/luisr/mlir-aie/programming_examples/basic/matrix_multiplication/whole_array/_build'
gmake[3]: Leaving directory '/scratch/luisr/mlir-aie/programming_examples/basic/matrix_multiplication/whole_array/_build'
gmake[3]: Entering directory '/scratch/luisr/mlir-aie/programming_examples/basic/matrix_multiplication/whole_array/_build'
[ 33%] Building CXX object CMakeFiles/whole_array.dir/scratch/luisr/mlir-aie/runtime_lib/test_lib/test_utils.cpp.o
[ 66%] Building CXX object CMakeFiles/whole_array.dir/whole_array/test.cpp.o
[100%] Linking CXX executable whole_array
gmake[3]: Leaving directory '/scratch/luisr/mlir-aie/programming_examples/basic/matrix_multiplication/whole_array/_build'
[100%] Built target whole_array
gmake[2]: Leaving directory '/scratch/luisr/mlir-aie/programming_examples/basic/matrix_multiplication/whole_array/_build'
gmake[1]: Leaving directory '/scratch/luisr/mlir-aie/programming_examples/basic/matrix_multiplication/whole_array/_build'
cp _build/whole_array whole_array.exe 
mkdir -p build
python3 /scratch/luisr/mlir-aie/programming_examples/basic/matrix_multiplication/whole_array/whole_array.py -m 64 -k 64 -n 64 --n-aie-cols 8 --b-col-maj 0 --dev npu2 -M 8192 -K 6144 -N 4096 --dtype_in bf16 --dtype_out bf16 --trace_size 0 > build/aie_8192x6144x4096_64x64x64_8c.mlir
mkdir -p build
cd build && xchesscc_wrapper aie2p -I /proj/xbuilds/2024.2_INT_1113_1001/installs/all_platforms/Vitis/2024.2/aietools/include  -Dbf16_bf16_ONLY -DDIM_M=64 -DDIM_K=64 -DDIM_N=64 -c /scratch/luisr/mlir-aie/programming_examples/basic/matrix_multiplication/whole_array/../../../../aie_kernels/aie2p/mm.cc -o mm_64x64x64.o
WARNING: Default location for XILINX_VIVADO_IP_OVERRIDE not found: /build/xfndry/IP_2024.2_INTEGRATION_VERIFIED/customer/vivado/data/ip
mkdir -p build
cd build && aiecc.py --alloc-scheme=basic-sequential --aie-generate-xclbin --no-compile-host --xclbin-name=final_8192x6144x4096_64x64x64_8c.xclbin \
			 \
			--aie-generate-npu-insts --npu-insts-name=insts_8192x6144x4096_64x64x64_8c.txt ../build/aie_8192x6144x4096_64x64x64_8c.mlir

Generating: /scratch/luisr/mlir-aie/programming_examples/basic/matrix_multiplication/whole_array/build/aie_8192x6144x4096_64x64x64_8c.mlir.prj/aie_cdo_elfs.bin
Generating: /scratch/luisr/mlir-aie/programming_examples/basic/matrix_multiplication/whole_array/build/aie_8192x6144x4096_64x64x64_8c.mlir.prj/aie_cdo_init.bin
Generating: /scratch/luisr/mlir-aie/programming_examples/basic/matrix_multiplication/whole_array/build/aie_8192x6144x4096_64x64x64_8c.mlir.prj/aie_cdo_enable.bin
export XRT_HACK_UNSECURE_LOADING_XCLBIN=1 && \
 ./whole_array.exe -x build/final_8192x6144x4096_64x64x64_8c.xclbin -i build/insts_8192x6144x4096_64x64x64_8c.txt -k MLIR_AIE -M 8192 -K 6144 -N 4096 --iters 40 --warmup 10 --verify=false --b_col_maj 0

Avg NPU matmul time: 491860us.
Avg NPU gflops: 838.282

Min NPU matmul time: 491365us.
Max NPU gflops: 839.125

Max NPU matmul time: 492532us.
Min NPU gflops: 837.137

PASS!

rm -rf tmpTrace parse*.json trace*json trace.txt
rm -rf build _build whole_array.exe
rm -rf _build
mkdir -p _build
cd _build &&  cmake -E env CXXFLAGS="-std=c++23 -ggdb -DDTYPE_IN=std::bfloat16_t -DDTYPE_OUT=std::bfloat16_t -DDTYPE_ACC=float" \
	cmake `echo /scratch/luisr/mlir-aie/programming_examples/basic/matrix_multiplication/whole_array/..` -D CMAKE_C_COMPILER=gcc-13 -D CMAKE_CXX_COMPILER=g++-13 -DTARGET_NAME=whole_array -Dsubdir=whole_array
-- The C compiler identification is GNU 13.3.0
-- The CXX compiler identification is GNU 13.3.0
-- Detecting C compiler ABI info
-- Detecting C compiler ABI info - done
-- Check for working C compiler: /usr/bin/gcc-13 - skipped
-- Detecting C compile features
-- Detecting C compile features - done
-- Detecting CXX compiler ABI info
-- Detecting CXX compiler ABI info - done
-- Check for working CXX compiler: /usr/bin/g++-13 - skipped
-- Detecting CXX compile features
-- Detecting CXX compile features - done
-- Configuring done (0.3s)
-- Generating done (0.0s)
-- Build files have been written to: /scratch/luisr/mlir-aie/programming_examples/basic/matrix_multiplication/whole_array/_build
cd _build &&  cmake --build . --config Release
gmake[1]: Entering directory '/scratch/luisr/mlir-aie/programming_examples/basic/matrix_multiplication/whole_array/_build'
gmake[2]: Entering directory '/scratch/luisr/mlir-aie/programming_examples/basic/matrix_multiplication/whole_array/_build'
gmake[3]: Entering directory '/scratch/luisr/mlir-aie/programming_examples/basic/matrix_multiplication/whole_array/_build'
gmake[3]: Leaving directory '/scratch/luisr/mlir-aie/programming_examples/basic/matrix_multiplication/whole_array/_build'
gmake[3]: Entering directory '/scratch/luisr/mlir-aie/programming_examples/basic/matrix_multiplication/whole_array/_build'
[ 33%] Building CXX object CMakeFiles/whole_array.dir/scratch/luisr/mlir-aie/runtime_lib/test_lib/test_utils.cpp.o
[ 66%] Building CXX object CMakeFiles/whole_array.dir/whole_array/test.cpp.o
[100%] Linking CXX executable whole_array
gmake[3]: Leaving directory '/scratch/luisr/mlir-aie/programming_examples/basic/matrix_multiplication/whole_array/_build'
[100%] Built target whole_array
gmake[2]: Leaving directory '/scratch/luisr/mlir-aie/programming_examples/basic/matrix_multiplication/whole_array/_build'
gmake[1]: Leaving directory '/scratch/luisr/mlir-aie/programming_examples/basic/matrix_multiplication/whole_array/_build'
cp _build/whole_array whole_array.exe 
mkdir -p build
python3 /scratch/luisr/mlir-aie/programming_examples/basic/matrix_multiplication/whole_array/whole_array.py -m 64 -k 64 -n 64 --n-aie-cols 8 --b-col-maj 0 --dev npu2 -M 8192 -K 6144 -N 8192 --dtype_in bf16 --dtype_out bf16 --trace_size 0 > build/aie_8192x6144x8192_64x64x64_8c.mlir
mkdir -p build
cd build && xchesscc_wrapper aie2p -I /proj/xbuilds/2024.2_INT_1113_1001/installs/all_platforms/Vitis/2024.2/aietools/include  -Dbf16_bf16_ONLY -DDIM_M=64 -DDIM_K=64 -DDIM_N=64 -c /scratch/luisr/mlir-aie/programming_examples/basic/matrix_multiplication/whole_array/../../../../aie_kernels/aie2p/mm.cc -o mm_64x64x64.o
WARNING: Default location for XILINX_VIVADO_IP_OVERRIDE not found: /build/xfndry/IP_2024.2_INTEGRATION_VERIFIED/customer/vivado/data/ip
mkdir -p build
cd build && aiecc.py --alloc-scheme=basic-sequential --aie-generate-xclbin --no-compile-host --xclbin-name=final_8192x6144x8192_64x64x64_8c.xclbin \
			 \
			--aie-generate-npu-insts --npu-insts-name=insts_8192x6144x8192_64x64x64_8c.txt ../build/aie_8192x6144x8192_64x64x64_8c.mlir

Generating: /scratch/luisr/mlir-aie/programming_examples/basic/matrix_multiplication/whole_array/build/aie_8192x6144x8192_64x64x64_8c.mlir.prj/aie_cdo_elfs.bin
Generating: /scratch/luisr/mlir-aie/programming_examples/basic/matrix_multiplication/whole_array/build/aie_8192x6144x8192_64x64x64_8c.mlir.prj/aie_cdo_init.bin
Generating: /scratch/luisr/mlir-aie/programming_examples/basic/matrix_multiplication/whole_array/build/aie_8192x6144x8192_64x64x64_8c.mlir.prj/aie_cdo_enable.bin
export XRT_HACK_UNSECURE_LOADING_XCLBIN=1 && \
 ./whole_array.exe -x build/final_8192x6144x8192_64x64x64_8c.xclbin -i build/insts_8192x6144x8192_64x64x64_8c.txt -k MLIR_AIE -M 8192 -K 6144 -N 8192 --iters 40 --warmup 10 --verify=false --b_col_maj 0

Avg NPU matmul time: 983037us.
Avg NPU gflops: 838.863

Min NPU matmul time: 982466us.
Max NPU gflops: 839.351

Max NPU matmul time: 986879us.
Min NPU gflops: 835.598

PASS!

