XILINX_LOC=/proj/xbuilds/2024.2_INT_daily_latest/installs/lin64/Vitis/2024.2
SHELL=/bin/csh
MYXILINX_VER=2024.2
HISTCONTROL=ignoreboth:erasedups
TERM_PROGRAM_VERSION=3.4
GROUP=newhiredefaultgrp
MACHTYPE=x86_64
TMUX=/tmp/tmux-50093633/default,2175750,0
AIETOOLS_ROOT=/proj/xbuilds/2024.2_INT_daily_latest/installs/lin64/Vitis/2024.2/aietools
XILINX_XRT=/opt/xilinx/xrt
n_aie_cols=8
PWD=/scratch/luisr/mlir-aie/programming_examples/basic/matrix_multiplication/whole_array
LOGNAME=lromeror
NPU2=1
XDG_SESSION_TYPE=tty
MLIR_AIE_INSTALL_DIR=/scratch/luisr/mlir-aie/install
N=8192
M=8192
K=6144
n=64
m=64
k=88
HOME=/home/lromeror
LANG=en_US.UTF-8
PEANO_INSTALL_DIR=/scratch/luisr/mlir-aie/ironenv/lib/python3.12/site-packages/llvm-aie
VIRTUAL_ENV=/scratch/luisr/mlir-aie/ironenv
OSTYPE=linux
SSH_CONNECTION=172.21.39.59 54406 172.20.10.58 22
XDG_SESSION_CLASS=user
PYTHONPATH=/scratch/luisr/mlir-aie/install/python:/opt/xilinx/xrt/python:/scratch/luisr/mlir-aie/install/python:/opt/xilinx/xrt/python
TERM=tmux-256color
HOST=xcoradaie213
USER=lromeror
use_chess=1
TMUX_PANE=%0
emulate_bfloat16_mmul_with_bfp16=1
SHLVL=4
XDG_SESSION_ID=2023
VIRTUAL_ENV_PROMPT=(ironenv) 
LM_LICENSE_FILE=2100@aiengine
LD_LIBRARY_PATH=/scratch/luisr/mlir-aie/install/lib:/opt/xilinx/xrt/lib:/scratch/luisr/mlir-aie/install/lib:/opt/xilinx/xrt/lib
XDG_RUNTIME_DIR=/run/user/50093633
MYXILINX_BASE=/proj/xbuilds/2024.2_INT_daily_latest
dtype_out=bf16
SSH_CLIENT=172.21.39.59 54406 22
NLSPATH=/usr/share/locale/%L/LC_MESSAGES/%N.cat:/usr/share/locale/%l/LC_MESSAGES/%N.cat
VENDOR=unknown
PATH=/scratch/luisr/mlir-aie/install/bin:/scratch/luisr/mlir-aie/ironenv/bin:/opt/xilinx/xrt/bin:/scratch/luisr/mlir-aie/install/bin:/scratch/luisr/mlir-aie/ironenv/bin:/opt/xilinx/xrt/bin:/usr/local/sbin:/usr/local/bin:/usr/sbin:/usr/bin:/sbin:/bin:/usr/games:/usr/local/games:/snap/bin:/proj/xbuilds/2024.2_INT_daily_latest/installs/lin64/Vitis/2024.2/aietools/bin:/proj/xbuilds/2024.2_INT_daily_latest/installs/lin64/Vitis/2024.2/bin:/proj/xbuilds/2024.2_INT_daily_latest/installs/lin64/Vitis/2024.2/aietools/bin:/proj/xbuilds/2024.2_INT_daily_latest/installs/lin64/Vitis/2024.2/bin
dtype_in=bf16
DBUS_SESSION_BUS_ADDRESS=unix:path=/run/user/50093633/bus
opt_perf=0
SSH_TTY=/dev/pts/1
HOSTTYPE=x86_64-linux
REMOTEHOST=172.21.39.59
OLDPWD=/scratch/luisr/mlir-aie/programming_examples/basic/block_datatypes/matrix_multiplication/whole_array
runargs=--iters 40 --warmup 10 --verify=false
TERM_PROGRAM=tmux
_=/usr/bin/env
##===- Makefile -----------------------------------------------------------===##
# 
# This file licensed under the Apache License v2.0 with LLVM Exceptions.
# See https://llvm.org/LICENSE.txt for license information.
# SPDX-License-Identifier: Apache-2.0 WITH LLVM-exception
#
# Copyright (C) 2025, Advanced Micro Devices, Inc.
# 
##===----------------------------------------------------------------------===##
srcdir := $(shell dirname $(realpath $(firstword $(MAKEFILE_LIST))))
subdir=whole_array
targetname=whole_array


# M, K, N: final GEMM dimensions
M?=512
K?=512
N?=512

# m, k, n: single AIE core GEMM dimensions
m?=32
k?=32
n?=32

n_aie_cols?=4
b_col_maj?=0

kernels=mm_${m}x${k}x${n}
aieargs+=-m $m -k $k -n $n --n-aie-cols ${n_aie_cols} --b-col-maj ${b_col_maj}
runargs+=--b_col_maj ${b_col_maj}
target_suffix=${M}x${K}x${N}_${m}x${k}x${n}_${n_aie_cols}c
use_placed?=0
use_iron?=0

# set this flag to 1 for linear buffer allocation
# else, 0 for bank-aware
use_linear_buf_alloc?=1

ifeq (${use_linear_buf_alloc}, 1)
buffer_aloc_flag=basic-sequential
else
buffer_aloc_flag=bank-aware
endif

ifeq (${use_placed}, 1)
aie_py_src=${targetname}_placed.py
ifeq (${use_iron}, 1)
$(error Cannot specify both placed design and IRON)
endif
endif

ifeq (${use_iron}, 1)
aie_py_src=${targetname}_iron.py
endif

KERNEL_DEFINES=-D${dtype_in}_${dtype_out}_ONLY -DDIM_M=${m} -DDIM_K=${k} -DDIM_N=${n}
ifeq (${b_col_maj}, 1)
	KERNEL_DEFINES+=-DB_COL_MAJ
endif

include ${srcdir}/../makefile-common

build/mm_${m}x${k}x${n}.o: ${kernels_dir}/mm.cc
	mkdir -p ${@D}
	cd ${@D} && ${KERNEL_CC} ${KERNEL_CFLAGS} ${KERNEL_DEFINES} -c $< -o ${@F}
rm -rf tmpTrace parse*.json trace*json trace.txt
rm -rf build _build whole_array.exe
rm -rf _build
mkdir -p _build
cd _build &&  cmake -E env CXXFLAGS="-std=c++23 -ggdb -DDTYPE_IN=std::bfloat16_t -DDTYPE_OUT=std::bfloat16_t -DDTYPE_ACC=float" \
	cmake `echo /scratch/luisr/mlir-aie/programming_examples/basic/matrix_multiplication/whole_array/..` -D CMAKE_C_COMPILER=gcc-13 -D CMAKE_CXX_COMPILER=g++-13 -DTARGET_NAME=whole_array -Dsubdir=whole_array
-- The C compiler identification is GNU 13.3.0
-- The CXX compiler identification is GNU 13.3.0
-- Detecting C compiler ABI info
-- Detecting C compiler ABI info - done
-- Check for working C compiler: /usr/bin/gcc-13 - skipped
-- Detecting C compile features
-- Detecting C compile features - done
-- Detecting CXX compiler ABI info
-- Detecting CXX compiler ABI info - done
-- Check for working CXX compiler: /usr/bin/g++-13 - skipped
-- Detecting CXX compile features
-- Detecting CXX compile features - done
-- Configuring done (0.3s)
-- Generating done (0.0s)
-- Build files have been written to: /scratch/luisr/mlir-aie/programming_examples/basic/matrix_multiplication/whole_array/_build
cd _build &&  cmake --build . --config Release
gmake[1]: Entering directory '/scratch/luisr/mlir-aie/programming_examples/basic/matrix_multiplication/whole_array/_build'
gmake[2]: Entering directory '/scratch/luisr/mlir-aie/programming_examples/basic/matrix_multiplication/whole_array/_build'
gmake[3]: Entering directory '/scratch/luisr/mlir-aie/programming_examples/basic/matrix_multiplication/whole_array/_build'
gmake[3]: Leaving directory '/scratch/luisr/mlir-aie/programming_examples/basic/matrix_multiplication/whole_array/_build'
gmake[3]: Entering directory '/scratch/luisr/mlir-aie/programming_examples/basic/matrix_multiplication/whole_array/_build'
[ 33%] Building CXX object CMakeFiles/whole_array.dir/scratch/luisr/mlir-aie/runtime_lib/test_lib/test_utils.cpp.o
[ 66%] Building CXX object CMakeFiles/whole_array.dir/whole_array/test.cpp.o
[100%] Linking CXX executable whole_array
gmake[3]: Leaving directory '/scratch/luisr/mlir-aie/programming_examples/basic/matrix_multiplication/whole_array/_build'
[100%] Built target whole_array
gmake[2]: Leaving directory '/scratch/luisr/mlir-aie/programming_examples/basic/matrix_multiplication/whole_array/_build'
gmake[1]: Leaving directory '/scratch/luisr/mlir-aie/programming_examples/basic/matrix_multiplication/whole_array/_build'
cp _build/whole_array whole_array.exe 
mkdir -p build
python3 /scratch/luisr/mlir-aie/programming_examples/basic/matrix_multiplication/whole_array/whole_array.py -m 64 -k 88 -n 64 --n-aie-cols 8 --b-col-maj 0 --dev npu2 -M 512 -K 704 -N 512 --dtype_in bf16 --dtype_out bf16 --emulate-bf16-mmul-with-bfp16 true --trace_size 0 > build/aie_512x704x512_64x88x64_8c.mlir
mkdir -p build
cd build && xchesscc_wrapper aie2p -I /proj/xbuilds/2024.2_INT_1113_1001/installs/all_platforms/Vitis/2024.2/aietools/include  -Dbf16_bf16_ONLY -DDIM_M=64 -DDIM_K=88 -DDIM_N=64 -DAIE_API_EMULATE_BFLOAT16_MMUL_WITH_BFP16 -c /scratch/luisr/mlir-aie/programming_examples/basic/matrix_multiplication/whole_array/../../../../aie_kernels/aie2p/mm.cc -o mm_64x88x64.o
WARNING: Default location for XILINX_VIVADO_IP_OVERRIDE not found: /build/xfndry/IP_2024.2_INTEGRATION_VERIFIED/customer/vivado/data/ip
mkdir -p build
cd build && aiecc.py --alloc-scheme=basic-sequential --aie-generate-xclbin --no-compile-host --xclbin-name=final_512x704x512_64x88x64_8c.xclbin \
			 \
			--aie-generate-npu-insts --npu-insts-name=insts_512x704x512_64x88x64_8c.txt ../build/aie_512x704x512_64x88x64_8c.mlir

Generating: /scratch/luisr/mlir-aie/programming_examples/basic/matrix_multiplication/whole_array/build/aie_512x704x512_64x88x64_8c.mlir.prj/aie_cdo_elfs.bin
Generating: /scratch/luisr/mlir-aie/programming_examples/basic/matrix_multiplication/whole_array/build/aie_512x704x512_64x88x64_8c.mlir.prj/aie_cdo_init.bin
Generating: /scratch/luisr/mlir-aie/programming_examples/basic/matrix_multiplication/whole_array/build/aie_512x704x512_64x88x64_8c.mlir.prj/aie_cdo_enable.bin
export XRT_HACK_UNSECURE_LOADING_XCLBIN=1 && \
 ./whole_array.exe -x build/final_512x704x512_64x88x64_8c.xclbin -i build/insts_512x704x512_64x88x64_8c.txt -k MLIR_AIE -M 512 -K 704 -N 512 --iters 40 --warmup 10 --verify=false --b_col_maj 0

Avg NPU matmul time: 173.85us.
Avg NPU gflops: 2123.09

Min NPU matmul time: 167us.
Max NPU gflops: 2210.17

Max NPU matmul time: 184us.
Min NPU gflops: 2005.97

PASS!

rm -rf tmpTrace parse*.json trace*json trace.txt
rm -rf build _build whole_array.exe
rm -rf _build
mkdir -p _build
cd _build &&  cmake -E env CXXFLAGS="-std=c++23 -ggdb -DDTYPE_IN=std::bfloat16_t -DDTYPE_OUT=std::bfloat16_t -DDTYPE_ACC=float" \
	cmake `echo /scratch/luisr/mlir-aie/programming_examples/basic/matrix_multiplication/whole_array/..` -D CMAKE_C_COMPILER=gcc-13 -D CMAKE_CXX_COMPILER=g++-13 -DTARGET_NAME=whole_array -Dsubdir=whole_array
-- The C compiler identification is GNU 13.3.0
-- The CXX compiler identification is GNU 13.3.0
-- Detecting C compiler ABI info
-- Detecting C compiler ABI info - done
-- Check for working C compiler: /usr/bin/gcc-13 - skipped
-- Detecting C compile features
-- Detecting C compile features - done
-- Detecting CXX compiler ABI info
-- Detecting CXX compiler ABI info - done
-- Check for working CXX compiler: /usr/bin/g++-13 - skipped
-- Detecting CXX compile features
-- Detecting CXX compile features - done
-- Configuring done (0.3s)
-- Generating done (0.0s)
-- Build files have been written to: /scratch/luisr/mlir-aie/programming_examples/basic/matrix_multiplication/whole_array/_build
cd _build &&  cmake --build . --config Release
gmake[1]: Entering directory '/scratch/luisr/mlir-aie/programming_examples/basic/matrix_multiplication/whole_array/_build'
gmake[2]: Entering directory '/scratch/luisr/mlir-aie/programming_examples/basic/matrix_multiplication/whole_array/_build'
gmake[3]: Entering directory '/scratch/luisr/mlir-aie/programming_examples/basic/matrix_multiplication/whole_array/_build'
gmake[3]: Leaving directory '/scratch/luisr/mlir-aie/programming_examples/basic/matrix_multiplication/whole_array/_build'
gmake[3]: Entering directory '/scratch/luisr/mlir-aie/programming_examples/basic/matrix_multiplication/whole_array/_build'
[ 33%] Building CXX object CMakeFiles/whole_array.dir/scratch/luisr/mlir-aie/runtime_lib/test_lib/test_utils.cpp.o
[ 66%] Building CXX object CMakeFiles/whole_array.dir/whole_array/test.cpp.o
[100%] Linking CXX executable whole_array
gmake[3]: Leaving directory '/scratch/luisr/mlir-aie/programming_examples/basic/matrix_multiplication/whole_array/_build'
[100%] Built target whole_array
gmake[2]: Leaving directory '/scratch/luisr/mlir-aie/programming_examples/basic/matrix_multiplication/whole_array/_build'
gmake[1]: Leaving directory '/scratch/luisr/mlir-aie/programming_examples/basic/matrix_multiplication/whole_array/_build'
cp _build/whole_array whole_array.exe 
mkdir -p build
python3 /scratch/luisr/mlir-aie/programming_examples/basic/matrix_multiplication/whole_array/whole_array.py -m 64 -k 88 -n 64 --n-aie-cols 8 --b-col-maj 0 --dev npu2 -M 512 -K 704 -N 1024 --dtype_in bf16 --dtype_out bf16 --emulate-bf16-mmul-with-bfp16 true --trace_size 0 > build/aie_512x704x1024_64x88x64_8c.mlir
mkdir -p build
cd build && xchesscc_wrapper aie2p -I /proj/xbuilds/2024.2_INT_1113_1001/installs/all_platforms/Vitis/2024.2/aietools/include  -Dbf16_bf16_ONLY -DDIM_M=64 -DDIM_K=88 -DDIM_N=64 -DAIE_API_EMULATE_BFLOAT16_MMUL_WITH_BFP16 -c /scratch/luisr/mlir-aie/programming_examples/basic/matrix_multiplication/whole_array/../../../../aie_kernels/aie2p/mm.cc -o mm_64x88x64.o
WARNING: Default location for XILINX_VIVADO_IP_OVERRIDE not found: /build/xfndry/IP_2024.2_INTEGRATION_VERIFIED/customer/vivado/data/ip
mkdir -p build
cd build && aiecc.py --alloc-scheme=basic-sequential --aie-generate-xclbin --no-compile-host --xclbin-name=final_512x704x1024_64x88x64_8c.xclbin \
			 \
			--aie-generate-npu-insts --npu-insts-name=insts_512x704x1024_64x88x64_8c.txt ../build/aie_512x704x1024_64x88x64_8c.mlir

Generating: /scratch/luisr/mlir-aie/programming_examples/basic/matrix_multiplication/whole_array/build/aie_512x704x1024_64x88x64_8c.mlir.prj/aie_cdo_elfs.bin
Generating: /scratch/luisr/mlir-aie/programming_examples/basic/matrix_multiplication/whole_array/build/aie_512x704x1024_64x88x64_8c.mlir.prj/aie_cdo_init.bin
Generating: /scratch/luisr/mlir-aie/programming_examples/basic/matrix_multiplication/whole_array/build/aie_512x704x1024_64x88x64_8c.mlir.prj/aie_cdo_enable.bin
export XRT_HACK_UNSECURE_LOADING_XCLBIN=1 && \
 ./whole_array.exe -x build/final_512x704x1024_64x88x64_8c.xclbin -i build/insts_512x704x1024_64x88x64_8c.txt -k MLIR_AIE -M 512 -K 704 -N 1024 --iters 40 --warmup 10 --verify=false --b_col_maj 0

Avg NPU matmul time: 246.3us.
Avg NPU gflops: 2997.15

Min NPU matmul time: 239us.
Max NPU gflops: 3088.69

Max NPU matmul time: 252us.
Min NPU gflops: 2929.36

PASS!

rm -rf tmpTrace parse*.json trace*json trace.txt
rm -rf build _build whole_array.exe
rm -rf _build
mkdir -p _build
cd _build &&  cmake -E env CXXFLAGS="-std=c++23 -ggdb -DDTYPE_IN=std::bfloat16_t -DDTYPE_OUT=std::bfloat16_t -DDTYPE_ACC=float" \
	cmake `echo /scratch/luisr/mlir-aie/programming_examples/basic/matrix_multiplication/whole_array/..` -D CMAKE_C_COMPILER=gcc-13 -D CMAKE_CXX_COMPILER=g++-13 -DTARGET_NAME=whole_array -Dsubdir=whole_array
-- The C compiler identification is GNU 13.3.0
-- The CXX compiler identification is GNU 13.3.0
-- Detecting C compiler ABI info
-- Detecting C compiler ABI info - done
-- Check for working C compiler: /usr/bin/gcc-13 - skipped
-- Detecting C compile features
-- Detecting C compile features - done
-- Detecting CXX compiler ABI info
-- Detecting CXX compiler ABI info - done
-- Check for working CXX compiler: /usr/bin/g++-13 - skipped
-- Detecting CXX compile features
-- Detecting CXX compile features - done
-- Configuring done (0.3s)
-- Generating done (0.0s)
-- Build files have been written to: /scratch/luisr/mlir-aie/programming_examples/basic/matrix_multiplication/whole_array/_build
cd _build &&  cmake --build . --config Release
gmake[1]: Entering directory '/scratch/luisr/mlir-aie/programming_examples/basic/matrix_multiplication/whole_array/_build'
gmake[2]: Entering directory '/scratch/luisr/mlir-aie/programming_examples/basic/matrix_multiplication/whole_array/_build'
gmake[3]: Entering directory '/scratch/luisr/mlir-aie/programming_examples/basic/matrix_multiplication/whole_array/_build'
gmake[3]: Leaving directory '/scratch/luisr/mlir-aie/programming_examples/basic/matrix_multiplication/whole_array/_build'
gmake[3]: Entering directory '/scratch/luisr/mlir-aie/programming_examples/basic/matrix_multiplication/whole_array/_build'
[ 33%] Building CXX object CMakeFiles/whole_array.dir/scratch/luisr/mlir-aie/runtime_lib/test_lib/test_utils.cpp.o
[ 66%] Building CXX object CMakeFiles/whole_array.dir/whole_array/test.cpp.o
[100%] Linking CXX executable whole_array
gmake[3]: Leaving directory '/scratch/luisr/mlir-aie/programming_examples/basic/matrix_multiplication/whole_array/_build'
[100%] Built target whole_array
gmake[2]: Leaving directory '/scratch/luisr/mlir-aie/programming_examples/basic/matrix_multiplication/whole_array/_build'
gmake[1]: Leaving directory '/scratch/luisr/mlir-aie/programming_examples/basic/matrix_multiplication/whole_array/_build'
cp _build/whole_array whole_array.exe 
mkdir -p build
python3 /scratch/luisr/mlir-aie/programming_examples/basic/matrix_multiplication/whole_array/whole_array.py -m 64 -k 88 -n 64 --n-aie-cols 8 --b-col-maj 0 --dev npu2 -M 512 -K 704 -N 4096 --dtype_in bf16 --dtype_out bf16 --emulate-bf16-mmul-with-bfp16 true --trace_size 0 > build/aie_512x704x4096_64x88x64_8c.mlir
mkdir -p build
cd build && xchesscc_wrapper aie2p -I /proj/xbuilds/2024.2_INT_1113_1001/installs/all_platforms/Vitis/2024.2/aietools/include  -Dbf16_bf16_ONLY -DDIM_M=64 -DDIM_K=88 -DDIM_N=64 -DAIE_API_EMULATE_BFLOAT16_MMUL_WITH_BFP16 -c /scratch/luisr/mlir-aie/programming_examples/basic/matrix_multiplication/whole_array/../../../../aie_kernels/aie2p/mm.cc -o mm_64x88x64.o
WARNING: Default location for XILINX_VIVADO_IP_OVERRIDE not found: /build/xfndry/IP_2024.2_INTEGRATION_VERIFIED/customer/vivado/data/ip
mkdir -p build
cd build && aiecc.py --alloc-scheme=basic-sequential --aie-generate-xclbin --no-compile-host --xclbin-name=final_512x704x4096_64x88x64_8c.xclbin \
			 \
			--aie-generate-npu-insts --npu-insts-name=insts_512x704x4096_64x88x64_8c.txt ../build/aie_512x704x4096_64x88x64_8c.mlir

Generating: /scratch/luisr/mlir-aie/programming_examples/basic/matrix_multiplication/whole_array/build/aie_512x704x4096_64x88x64_8c.mlir.prj/aie_cdo_elfs.bin
Generating: /scratch/luisr/mlir-aie/programming_examples/basic/matrix_multiplication/whole_array/build/aie_512x704x4096_64x88x64_8c.mlir.prj/aie_cdo_init.bin
Generating: /scratch/luisr/mlir-aie/programming_examples/basic/matrix_multiplication/whole_array/build/aie_512x704x4096_64x88x64_8c.mlir.prj/aie_cdo_enable.bin
export XRT_HACK_UNSECURE_LOADING_XCLBIN=1 && \
 ./whole_array.exe -x build/final_512x704x4096_64x88x64_8c.xclbin -i build/insts_512x704x4096_64x88x64_8c.txt -k MLIR_AIE -M 512 -K 704 -N 4096 --iters 40 --warmup 10 --verify=false --b_col_maj 0

Avg NPU matmul time: 762.05us.
Avg NPU gflops: 3874.8

Min NPU matmul time: 735us.
Max NPU gflops: 4017.4

Max NPU matmul time: 783us.
Min NPU gflops: 3771.12

PASS!

rm -rf tmpTrace parse*.json trace*json trace.txt
rm -rf build _build whole_array.exe
rm -rf _build
mkdir -p _build
cd _build &&  cmake -E env CXXFLAGS="-std=c++23 -ggdb -DDTYPE_IN=std::bfloat16_t -DDTYPE_OUT=std::bfloat16_t -DDTYPE_ACC=float" \
	cmake `echo /scratch/luisr/mlir-aie/programming_examples/basic/matrix_multiplication/whole_array/..` -D CMAKE_C_COMPILER=gcc-13 -D CMAKE_CXX_COMPILER=g++-13 -DTARGET_NAME=whole_array -Dsubdir=whole_array
-- The C compiler identification is GNU 13.3.0
-- The CXX compiler identification is GNU 13.3.0
-- Detecting C compiler ABI info
-- Detecting C compiler ABI info - done
-- Check for working C compiler: /usr/bin/gcc-13 - skipped
-- Detecting C compile features
-- Detecting C compile features - done
-- Detecting CXX compiler ABI info
-- Detecting CXX compiler ABI info - done
-- Check for working CXX compiler: /usr/bin/g++-13 - skipped
-- Detecting CXX compile features
-- Detecting CXX compile features - done
-- Configuring done (0.3s)
-- Generating done (0.0s)
-- Build files have been written to: /scratch/luisr/mlir-aie/programming_examples/basic/matrix_multiplication/whole_array/_build
cd _build &&  cmake --build . --config Release
gmake[1]: Entering directory '/scratch/luisr/mlir-aie/programming_examples/basic/matrix_multiplication/whole_array/_build'
gmake[2]: Entering directory '/scratch/luisr/mlir-aie/programming_examples/basic/matrix_multiplication/whole_array/_build'
gmake[3]: Entering directory '/scratch/luisr/mlir-aie/programming_examples/basic/matrix_multiplication/whole_array/_build'
gmake[3]: Leaving directory '/scratch/luisr/mlir-aie/programming_examples/basic/matrix_multiplication/whole_array/_build'
gmake[3]: Entering directory '/scratch/luisr/mlir-aie/programming_examples/basic/matrix_multiplication/whole_array/_build'
[ 33%] Building CXX object CMakeFiles/whole_array.dir/scratch/luisr/mlir-aie/runtime_lib/test_lib/test_utils.cpp.o
[ 66%] Building CXX object CMakeFiles/whole_array.dir/whole_array/test.cpp.o
[100%] Linking CXX executable whole_array
gmake[3]: Leaving directory '/scratch/luisr/mlir-aie/programming_examples/basic/matrix_multiplication/whole_array/_build'
[100%] Built target whole_array
gmake[2]: Leaving directory '/scratch/luisr/mlir-aie/programming_examples/basic/matrix_multiplication/whole_array/_build'
gmake[1]: Leaving directory '/scratch/luisr/mlir-aie/programming_examples/basic/matrix_multiplication/whole_array/_build'
cp _build/whole_array whole_array.exe 
mkdir -p build
python3 /scratch/luisr/mlir-aie/programming_examples/basic/matrix_multiplication/whole_array/whole_array.py -m 64 -k 88 -n 64 --n-aie-cols 8 --b-col-maj 0 --dev npu2 -M 512 -K 704 -N 8192 --dtype_in bf16 --dtype_out bf16 --emulate-bf16-mmul-with-bfp16 true --trace_size 0 > build/aie_512x704x8192_64x88x64_8c.mlir
mkdir -p build
cd build && xchesscc_wrapper aie2p -I /proj/xbuilds/2024.2_INT_1113_1001/installs/all_platforms/Vitis/2024.2/aietools/include  -Dbf16_bf16_ONLY -DDIM_M=64 -DDIM_K=88 -DDIM_N=64 -DAIE_API_EMULATE_BFLOAT16_MMUL_WITH_BFP16 -c /scratch/luisr/mlir-aie/programming_examples/basic/matrix_multiplication/whole_array/../../../../aie_kernels/aie2p/mm.cc -o mm_64x88x64.o
WARNING: Default location for XILINX_VIVADO_IP_OVERRIDE not found: /build/xfndry/IP_2024.2_INTEGRATION_VERIFIED/customer/vivado/data/ip
mkdir -p build
cd build && aiecc.py --alloc-scheme=basic-sequential --aie-generate-xclbin --no-compile-host --xclbin-name=final_512x704x8192_64x88x64_8c.xclbin \
			 \
			--aie-generate-npu-insts --npu-insts-name=insts_512x704x8192_64x88x64_8c.txt ../build/aie_512x704x8192_64x88x64_8c.mlir

Generating: /scratch/luisr/mlir-aie/programming_examples/basic/matrix_multiplication/whole_array/build/aie_512x704x8192_64x88x64_8c.mlir.prj/aie_cdo_elfs.bin
Generating: /scratch/luisr/mlir-aie/programming_examples/basic/matrix_multiplication/whole_array/build/aie_512x704x8192_64x88x64_8c.mlir.prj/aie_cdo_init.bin
Generating: /scratch/luisr/mlir-aie/programming_examples/basic/matrix_multiplication/whole_array/build/aie_512x704x8192_64x88x64_8c.mlir.prj/aie_cdo_enable.bin
export XRT_HACK_UNSECURE_LOADING_XCLBIN=1 && \
 ./whole_array.exe -x build/final_512x704x8192_64x88x64_8c.xclbin -i build/insts_512x704x8192_64x88x64_8c.txt -k MLIR_AIE -M 512 -K 704 -N 8192 --iters 40 --warmup 10 --verify=false --b_col_maj 0

Avg NPU matmul time: 1573.43us.
Avg NPU gflops: 3753.33

Min NPU matmul time: 1527us.
Max NPU gflops: 3867.44

Max NPU matmul time: 1681us.
Min NPU gflops: 3513.14

PASS!

rm -rf tmpTrace parse*.json trace*json trace.txt
rm -rf build _build whole_array.exe
rm -rf _build
mkdir -p _build
cd _build &&  cmake -E env CXXFLAGS="-std=c++23 -ggdb -DDTYPE_IN=std::bfloat16_t -DDTYPE_OUT=std::bfloat16_t -DDTYPE_ACC=float" \
	cmake `echo /scratch/luisr/mlir-aie/programming_examples/basic/matrix_multiplication/whole_array/..` -D CMAKE_C_COMPILER=gcc-13 -D CMAKE_CXX_COMPILER=g++-13 -DTARGET_NAME=whole_array -Dsubdir=whole_array
-- The C compiler identification is GNU 13.3.0
-- The CXX compiler identification is GNU 13.3.0
-- Detecting C compiler ABI info
-- Detecting C compiler ABI info - done
-- Check for working C compiler: /usr/bin/gcc-13 - skipped
-- Detecting C compile features
-- Detecting C compile features - done
-- Detecting CXX compiler ABI info
-- Detecting CXX compiler ABI info - done
-- Check for working CXX compiler: /usr/bin/g++-13 - skipped
-- Detecting CXX compile features
-- Detecting CXX compile features - done
-- Configuring done (0.2s)
-- Generating done (0.0s)
-- Build files have been written to: /scratch/luisr/mlir-aie/programming_examples/basic/matrix_multiplication/whole_array/_build
cd _build &&  cmake --build . --config Release
gmake[1]: Entering directory '/scratch/luisr/mlir-aie/programming_examples/basic/matrix_multiplication/whole_array/_build'
gmake[2]: Entering directory '/scratch/luisr/mlir-aie/programming_examples/basic/matrix_multiplication/whole_array/_build'
gmake[3]: Entering directory '/scratch/luisr/mlir-aie/programming_examples/basic/matrix_multiplication/whole_array/_build'
gmake[3]: Leaving directory '/scratch/luisr/mlir-aie/programming_examples/basic/matrix_multiplication/whole_array/_build'
gmake[3]: Entering directory '/scratch/luisr/mlir-aie/programming_examples/basic/matrix_multiplication/whole_array/_build'
[ 33%] Building CXX object CMakeFiles/whole_array.dir/scratch/luisr/mlir-aie/runtime_lib/test_lib/test_utils.cpp.o
[ 66%] Building CXX object CMakeFiles/whole_array.dir/whole_array/test.cpp.o
[100%] Linking CXX executable whole_array
gmake[3]: Leaving directory '/scratch/luisr/mlir-aie/programming_examples/basic/matrix_multiplication/whole_array/_build'
[100%] Built target whole_array
gmake[2]: Leaving directory '/scratch/luisr/mlir-aie/programming_examples/basic/matrix_multiplication/whole_array/_build'
gmake[1]: Leaving directory '/scratch/luisr/mlir-aie/programming_examples/basic/matrix_multiplication/whole_array/_build'
cp _build/whole_array whole_array.exe 
mkdir -p build
python3 /scratch/luisr/mlir-aie/programming_examples/basic/matrix_multiplication/whole_array/whole_array.py -m 64 -k 88 -n 64 --n-aie-cols 8 --b-col-maj 0 --dev npu2 -M 512 -K 1408 -N 512 --dtype_in bf16 --dtype_out bf16 --emulate-bf16-mmul-with-bfp16 true --trace_size 0 > build/aie_512x1408x512_64x88x64_8c.mlir
mkdir -p build
cd build && xchesscc_wrapper aie2p -I /proj/xbuilds/2024.2_INT_1113_1001/installs/all_platforms/Vitis/2024.2/aietools/include  -Dbf16_bf16_ONLY -DDIM_M=64 -DDIM_K=88 -DDIM_N=64 -DAIE_API_EMULATE_BFLOAT16_MMUL_WITH_BFP16 -c /scratch/luisr/mlir-aie/programming_examples/basic/matrix_multiplication/whole_array/../../../../aie_kernels/aie2p/mm.cc -o mm_64x88x64.o
WARNING: Default location for XILINX_VIVADO_IP_OVERRIDE not found: /build/xfndry/IP_2024.2_INTEGRATION_VERIFIED/customer/vivado/data/ip
mkdir -p build
cd build && aiecc.py --alloc-scheme=basic-sequential --aie-generate-xclbin --no-compile-host --xclbin-name=final_512x1408x512_64x88x64_8c.xclbin \
			 \
			--aie-generate-npu-insts --npu-insts-name=insts_512x1408x512_64x88x64_8c.txt ../build/aie_512x1408x512_64x88x64_8c.mlir

Generating: /scratch/luisr/mlir-aie/programming_examples/basic/matrix_multiplication/whole_array/build/aie_512x1408x512_64x88x64_8c.mlir.prj/aie_cdo_elfs.bin
rm -rf tmpTrace parse*.json trace*json trace.txt
rm -rf build _build whole_array.exe
rm -rf _build
mkdir -p _build
cd _build &&  cmake -E env CXXFLAGS="-std=c++23 -ggdb -DDTYPE_IN=std::bfloat16_t -DDTYPE_OUT=std::bfloat16_t -DDTYPE_ACC=float" \
	cmake `echo /scratch/luisr/mlir-aie/programming_examples/basic/matrix_multiplication/whole_array/..` -D CMAKE_C_COMPILER=gcc-13 -D CMAKE_CXX_COMPILER=g++-13 -DTARGET_NAME=whole_array -Dsubdir=whole_array
-- The C compiler identification is GNU 13.3.0
-- The CXX compiler identification is GNU 13.3.0
-- Detecting C compiler ABI info
-- Detecting C compiler ABI info - done
-- Check for working C compiler: /usr/bin/gcc-13 - skipped
-- Detecting C compile features
-- Detecting C compile features - done
-- Detecting CXX compiler ABI info
-- Detecting CXX compiler ABI info - done
-- Check for working CXX compiler: /usr/bin/g++-13 - skipped
-- Detecting CXX compile features
-- Detecting CXX compile features - done
-- Configuring done (0.3s)
-- Generating done (0.0s)
-- Build files have been written to: /scratch/luisr/mlir-aie/programming_examples/basic/matrix_multiplication/whole_array/_build
cd _build &&  cmake --build . --config Release
gmake[1]: Entering directory '/scratch/luisr/mlir-aie/programming_examples/basic/matrix_multiplication/whole_array/_build'
gmake[2]: Entering directory '/scratch/luisr/mlir-aie/programming_examples/basic/matrix_multiplication/whole_array/_build'
gmake[3]: Entering directory '/scratch/luisr/mlir-aie/programming_examples/basic/matrix_multiplication/whole_array/_build'
gmake[3]: Leaving directory '/scratch/luisr/mlir-aie/programming_examples/basic/matrix_multiplication/whole_array/_build'
gmake[3]: Entering directory '/scratch/luisr/mlir-aie/programming_examples/basic/matrix_multiplication/whole_array/_build'
[ 33%] Building CXX object CMakeFiles/whole_array.dir/scratch/luisr/mlir-aie/runtime_lib/test_lib/test_utils.cpp.o
[ 66%] Building CXX object CMakeFiles/whole_array.dir/whole_array/test.cpp.o
[100%] Linking CXX executable whole_array
gmake[3]: Leaving directory '/scratch/luisr/mlir-aie/programming_examples/basic/matrix_multiplication/whole_array/_build'
[100%] Built target whole_array
gmake[2]: Leaving directory '/scratch/luisr/mlir-aie/programming_examples/basic/matrix_multiplication/whole_array/_build'
gmake[1]: Leaving directory '/scratch/luisr/mlir-aie/programming_examples/basic/matrix_multiplication/whole_array/_build'
cp _build/whole_array whole_array.exe 
mkdir -p build
python3 /scratch/luisr/mlir-aie/programming_examples/basic/matrix_multiplication/whole_array/whole_array.py -m 64 -k 88 -n 64 --n-aie-cols 8 --b-col-maj 0 --dev npu2 -M 512 -K 1408 -N 1024 --dtype_in bf16 --dtype_out bf16 --emulate-bf16-mmul-with-bfp16 true --trace_size 0 > build/aie_512x1408x1024_64x88x64_8c.mlir
mkdir -p build
cd build && xchesscc_wrapper aie2p -I /proj/xbuilds/2024.2_INT_1113_1001/installs/all_platforms/Vitis/2024.2/aietools/include  -Dbf16_bf16_ONLY -DDIM_M=64 -DDIM_K=88 -DDIM_N=64 -DAIE_API_EMULATE_BFLOAT16_MMUL_WITH_BFP16 -c /scratch/luisr/mlir-aie/programming_examples/basic/matrix_multiplication/whole_array/../../../../aie_kernels/aie2p/mm.cc -o mm_64x88x64.o
WARNING: Default location for XILINX_VIVADO_IP_OVERRIDE not found: /build/xfndry/IP_2024.2_INTEGRATION_VERIFIED/customer/vivado/data/ip
mkdir -p build
cd build && aiecc.py --alloc-scheme=basic-sequential --aie-generate-xclbin --no-compile-host --xclbin-name=final_512x1408x1024_64x88x64_8c.xclbin \
			 \
			--aie-generate-npu-insts --npu-insts-name=insts_512x1408x1024_64x88x64_8c.txt ../build/aie_512x1408x1024_64x88x64_8c.mlir

Generating: /scratch/luisr/mlir-aie/programming_examples/basic/matrix_multiplication/whole_array/build/aie_512x1408x1024_64x88x64_8c.mlir.prj/aie_cdo_elfs.bin
Generating: /scratch/luisr/mlir-aie/programming_examples/basic/matrix_multiplication/whole_array/build/aie_512x1408x1024_64x88x64_8c.mlir.prj/aie_cdo_init.bin
Generating: /scratch/luisr/mlir-aie/programming_examples/basic/matrix_multiplication/whole_array/build/aie_512x1408x1024_64x88x64_8c.mlir.prj/aie_cdo_enable.bin
export XRT_HACK_UNSECURE_LOADING_XCLBIN=1 && \
 ./whole_array.exe -x build/final_512x1408x1024_64x88x64_8c.xclbin -i build/insts_512x1408x1024_64x88x64_8c.txt -k MLIR_AIE -M 512 -K 1408 -N 1024 --iters 40 --warmup 10 --verify=false --b_col_maj 0

Avg NPU matmul time: 395.475us.
Avg NPU gflops: 3733.22

Min NPU matmul time: 390us.
Max NPU gflops: 3785.63

Max NPU matmul time: 401us.
Min NPU gflops: 3681.78

PASS!

rm -rf tmpTrace parse*.json trace*json trace.txt
rm -rf build _build whole_array.exe
rm -rf _build
mkdir -p _build
cd _build &&  cmake -E env CXXFLAGS="-std=c++23 -ggdb -DDTYPE_IN=std::bfloat16_t -DDTYPE_OUT=std::bfloat16_t -DDTYPE_ACC=float" \
	cmake `echo /scratch/luisr/mlir-aie/programming_examples/basic/matrix_multiplication/whole_array/..` -D CMAKE_C_COMPILER=gcc-13 -D CMAKE_CXX_COMPILER=g++-13 -DTARGET_NAME=whole_array -Dsubdir=whole_array
-- The C compiler identification is GNU 13.3.0
-- The CXX compiler identification is GNU 13.3.0
-- Detecting C compiler ABI info
-- Detecting C compiler ABI info - done
-- Check for working C compiler: /usr/bin/gcc-13 - skipped
-- Detecting C compile features
-- Detecting C compile features - done
-- Detecting CXX compiler ABI info
-- Detecting CXX compiler ABI info - done
-- Check for working CXX compiler: /usr/bin/g++-13 - skipped
-- Detecting CXX compile features
-- Detecting CXX compile features - done
-- Configuring done (0.2s)
-- Generating done (0.0s)
-- Build files have been written to: /scratch/luisr/mlir-aie/programming_examples/basic/matrix_multiplication/whole_array/_build
cd _build &&  cmake --build . --config Release
gmake[1]: Entering directory '/scratch/luisr/mlir-aie/programming_examples/basic/matrix_multiplication/whole_array/_build'
gmake[2]: Entering directory '/scratch/luisr/mlir-aie/programming_examples/basic/matrix_multiplication/whole_array/_build'
gmake[3]: Entering directory '/scratch/luisr/mlir-aie/programming_examples/basic/matrix_multiplication/whole_array/_build'
gmake[3]: Leaving directory '/scratch/luisr/mlir-aie/programming_examples/basic/matrix_multiplication/whole_array/_build'
gmake[3]: Entering directory '/scratch/luisr/mlir-aie/programming_examples/basic/matrix_multiplication/whole_array/_build'
[ 33%] Building CXX object CMakeFiles/whole_array.dir/scratch/luisr/mlir-aie/runtime_lib/test_lib/test_utils.cpp.o
[ 66%] Building CXX object CMakeFiles/whole_array.dir/whole_array/test.cpp.o
[100%] Linking CXX executable whole_array
gmake[3]: Leaving directory '/scratch/luisr/mlir-aie/programming_examples/basic/matrix_multiplication/whole_array/_build'
[100%] Built target whole_array
gmake[2]: Leaving directory '/scratch/luisr/mlir-aie/programming_examples/basic/matrix_multiplication/whole_array/_build'
gmake[1]: Leaving directory '/scratch/luisr/mlir-aie/programming_examples/basic/matrix_multiplication/whole_array/_build'
cp _build/whole_array whole_array.exe 
mkdir -p build
python3 /scratch/luisr/mlir-aie/programming_examples/basic/matrix_multiplication/whole_array/whole_array.py -m 64 -k 88 -n 64 --n-aie-cols 8 --b-col-maj 0 --dev npu2 -M 512 -K 1408 -N 4096 --dtype_in bf16 --dtype_out bf16 --emulate-bf16-mmul-with-bfp16 true --trace_size 0 > build/aie_512x1408x4096_64x88x64_8c.mlir
mkdir -p build
cd build && xchesscc_wrapper aie2p -I /proj/xbuilds/2024.2_INT_1113_1001/installs/all_platforms/Vitis/2024.2/aietools/include  -Dbf16_bf16_ONLY -DDIM_M=64 -DDIM_K=88 -DDIM_N=64 -DAIE_API_EMULATE_BFLOAT16_MMUL_WITH_BFP16 -c /scratch/luisr/mlir-aie/programming_examples/basic/matrix_multiplication/whole_array/../../../../aie_kernels/aie2p/mm.cc -o mm_64x88x64.o
WARNING: Default location for XILINX_VIVADO_IP_OVERRIDE not found: /build/xfndry/IP_2024.2_INTEGRATION_VERIFIED/customer/vivado/data/ip
mkdir -p build
cd build && aiecc.py --alloc-scheme=basic-sequential --aie-generate-xclbin --no-compile-host --xclbin-name=final_512x1408x4096_64x88x64_8c.xclbin \
			 \
			--aie-generate-npu-insts --npu-insts-name=insts_512x1408x4096_64x88x64_8c.txt ../build/aie_512x1408x4096_64x88x64_8c.mlir

Generating: /scratch/luisr/mlir-aie/programming_examples/basic/matrix_multiplication/whole_array/build/aie_512x1408x4096_64x88x64_8c.mlir.prj/aie_cdo_elfs.bin
Generating: /scratch/luisr/mlir-aie/programming_examples/basic/matrix_multiplication/whole_array/build/aie_512x1408x4096_64x88x64_8c.mlir.prj/aie_cdo_init.bin
Generating: /scratch/luisr/mlir-aie/programming_examples/basic/matrix_multiplication/whole_array/build/aie_512x1408x4096_64x88x64_8c.mlir.prj/aie_cdo_enable.bin
export XRT_HACK_UNSECURE_LOADING_XCLBIN=1 && \
 ./whole_array.exe -x build/final_512x1408x4096_64x88x64_8c.xclbin -i build/insts_512x1408x4096_64x88x64_8c.txt -k MLIR_AIE -M 512 -K 1408 -N 4096 --iters 40 --warmup 10 --verify=false --b_col_maj 0

Avg NPU matmul time: 1379.22us.
Avg NPU gflops: 4281.81

Min NPU matmul time: 1351us.
Max NPU gflops: 4371.27

Max NPU matmul time: 1420us.
Min NPU gflops: 4158.86

PASS!

rm -rf tmpTrace parse*.json trace*json trace.txt
rm -rf build _build whole_array.exe
rm -rf _build
mkdir -p _build
cd _build &&  cmake -E env CXXFLAGS="-std=c++23 -ggdb -DDTYPE_IN=std::bfloat16_t -DDTYPE_OUT=std::bfloat16_t -DDTYPE_ACC=float" \
	cmake `echo /scratch/luisr/mlir-aie/programming_examples/basic/matrix_multiplication/whole_array/..` -D CMAKE_C_COMPILER=gcc-13 -D CMAKE_CXX_COMPILER=g++-13 -DTARGET_NAME=whole_array -Dsubdir=whole_array
-- The C compiler identification is GNU 13.3.0
-- The CXX compiler identification is GNU 13.3.0
-- Detecting C compiler ABI info
-- Detecting C compiler ABI info - done
-- Check for working C compiler: /usr/bin/gcc-13 - skipped
-- Detecting C compile features
-- Detecting C compile features - done
-- Detecting CXX compiler ABI info
-- Detecting CXX compiler ABI info - done
-- Check for working CXX compiler: /usr/bin/g++-13 - skipped
-- Detecting CXX compile features
-- Detecting CXX compile features - done
-- Configuring done (0.3s)
-- Generating done (0.0s)
-- Build files have been written to: /scratch/luisr/mlir-aie/programming_examples/basic/matrix_multiplication/whole_array/_build
cd _build &&  cmake --build . --config Release
gmake[1]: Entering directory '/scratch/luisr/mlir-aie/programming_examples/basic/matrix_multiplication/whole_array/_build'
gmake[2]: Entering directory '/scratch/luisr/mlir-aie/programming_examples/basic/matrix_multiplication/whole_array/_build'
gmake[3]: Entering directory '/scratch/luisr/mlir-aie/programming_examples/basic/matrix_multiplication/whole_array/_build'
gmake[3]: Leaving directory '/scratch/luisr/mlir-aie/programming_examples/basic/matrix_multiplication/whole_array/_build'
gmake[3]: Entering directory '/scratch/luisr/mlir-aie/programming_examples/basic/matrix_multiplication/whole_array/_build'
[ 33%] Building CXX object CMakeFiles/whole_array.dir/scratch/luisr/mlir-aie/runtime_lib/test_lib/test_utils.cpp.o
[ 66%] Building CXX object CMakeFiles/whole_array.dir/whole_array/test.cpp.o
[100%] Linking CXX executable whole_array
gmake[3]: Leaving directory '/scratch/luisr/mlir-aie/programming_examples/basic/matrix_multiplication/whole_array/_build'
[100%] Built target whole_array
gmake[2]: Leaving directory '/scratch/luisr/mlir-aie/programming_examples/basic/matrix_multiplication/whole_array/_build'
gmake[1]: Leaving directory '/scratch/luisr/mlir-aie/programming_examples/basic/matrix_multiplication/whole_array/_build'
cp _build/whole_array whole_array.exe 
mkdir -p build
python3 /scratch/luisr/mlir-aie/programming_examples/basic/matrix_multiplication/whole_array/whole_array.py -m 64 -k 88 -n 64 --n-aie-cols 8 --b-col-maj 0 --dev npu2 -M 512 -K 1408 -N 8192 --dtype_in bf16 --dtype_out bf16 --emulate-bf16-mmul-with-bfp16 true --trace_size 0 > build/aie_512x1408x8192_64x88x64_8c.mlir
mkdir -p build
cd build && xchesscc_wrapper aie2p -I /proj/xbuilds/2024.2_INT_1113_1001/installs/all_platforms/Vitis/2024.2/aietools/include  -Dbf16_bf16_ONLY -DDIM_M=64 -DDIM_K=88 -DDIM_N=64 -DAIE_API_EMULATE_BFLOAT16_MMUL_WITH_BFP16 -c /scratch/luisr/mlir-aie/programming_examples/basic/matrix_multiplication/whole_array/../../../../aie_kernels/aie2p/mm.cc -o mm_64x88x64.o
WARNING: Default location for XILINX_VIVADO_IP_OVERRIDE not found: /build/xfndry/IP_2024.2_INTEGRATION_VERIFIED/customer/vivado/data/ip
mkdir -p build
cd build && aiecc.py --alloc-scheme=basic-sequential --aie-generate-xclbin --no-compile-host --xclbin-name=final_512x1408x8192_64x88x64_8c.xclbin \
			 \
			--aie-generate-npu-insts --npu-insts-name=insts_512x1408x8192_64x88x64_8c.txt ../build/aie_512x1408x8192_64x88x64_8c.mlir

Generating: /scratch/luisr/mlir-aie/programming_examples/basic/matrix_multiplication/whole_array/build/aie_512x1408x8192_64x88x64_8c.mlir.prj/aie_cdo_elfs.bin
Generating: /scratch/luisr/mlir-aie/programming_examples/basic/matrix_multiplication/whole_array/build/aie_512x1408x8192_64x88x64_8c.mlir.prj/aie_cdo_init.bin
Generating: /scratch/luisr/mlir-aie/programming_examples/basic/matrix_multiplication/whole_array/build/aie_512x1408x8192_64x88x64_8c.mlir.prj/aie_cdo_enable.bin
export XRT_HACK_UNSECURE_LOADING_XCLBIN=1 && \
 ./whole_array.exe -x build/final_512x1408x8192_64x88x64_8c.xclbin -i build/insts_512x1408x8192_64x88x64_8c.txt -k MLIR_AIE -M 512 -K 1408 -N 8192 --iters 40 --warmup 10 --verify=false --b_col_maj 0

Avg NPU matmul time: 2987.98us.
Avg NPU gflops: 3952.9

Min NPU matmul time: 2866us.
Max NPU gflops: 4121.13

Max NPU matmul time: 3494us.
Min NPU gflops: 3380.41

PASS!

rm -rf tmpTrace parse*.json trace*json trace.txt
rm -rf build _build whole_array.exe
rm -rf _build
mkdir -p _build
cd _build &&  cmake -E env CXXFLAGS="-std=c++23 -ggdb -DDTYPE_IN=std::bfloat16_t -DDTYPE_OUT=std::bfloat16_t -DDTYPE_ACC=float" \
	cmake `echo /scratch/luisr/mlir-aie/programming_examples/basic/matrix_multiplication/whole_array/..` -D CMAKE_C_COMPILER=gcc-13 -D CMAKE_CXX_COMPILER=g++-13 -DTARGET_NAME=whole_array -Dsubdir=whole_array
-- The C compiler identification is GNU 13.3.0
-- The CXX compiler identification is GNU 13.3.0
-- Detecting C compiler ABI info
-- Detecting C compiler ABI info - done
-- Check for working C compiler: /usr/bin/gcc-13 - skipped
-- Detecting C compile features
-- Detecting C compile features - done
-- Detecting CXX compiler ABI info
-- Detecting CXX compiler ABI info - done
-- Check for working CXX compiler: /usr/bin/g++-13 - skipped
-- Detecting CXX compile features
-- Detecting CXX compile features - done
-- Configuring done (0.3s)
-- Generating done (0.0s)
-- Build files have been written to: /scratch/luisr/mlir-aie/programming_examples/basic/matrix_multiplication/whole_array/_build
cd _build &&  cmake --build . --config Release
gmake[1]: Entering directory '/scratch/luisr/mlir-aie/programming_examples/basic/matrix_multiplication/whole_array/_build'
gmake[2]: Entering directory '/scratch/luisr/mlir-aie/programming_examples/basic/matrix_multiplication/whole_array/_build'
gmake[3]: Entering directory '/scratch/luisr/mlir-aie/programming_examples/basic/matrix_multiplication/whole_array/_build'
gmake[3]: Leaving directory '/scratch/luisr/mlir-aie/programming_examples/basic/matrix_multiplication/whole_array/_build'
gmake[3]: Entering directory '/scratch/luisr/mlir-aie/programming_examples/basic/matrix_multiplication/whole_array/_build'
[ 33%] Building CXX object CMakeFiles/whole_array.dir/scratch/luisr/mlir-aie/runtime_lib/test_lib/test_utils.cpp.o
[ 66%] Building CXX object CMakeFiles/whole_array.dir/whole_array/test.cpp.o
[100%] Linking CXX executable whole_array
gmake[3]: Leaving directory '/scratch/luisr/mlir-aie/programming_examples/basic/matrix_multiplication/whole_array/_build'
[100%] Built target whole_array
gmake[2]: Leaving directory '/scratch/luisr/mlir-aie/programming_examples/basic/matrix_multiplication/whole_array/_build'
gmake[1]: Leaving directory '/scratch/luisr/mlir-aie/programming_examples/basic/matrix_multiplication/whole_array/_build'
cp _build/whole_array whole_array.exe 
mkdir -p build
python3 /scratch/luisr/mlir-aie/programming_examples/basic/matrix_multiplication/whole_array/whole_array.py -m 64 -k 88 -n 64 --n-aie-cols 8 --b-col-maj 0 --dev npu2 -M 512 -K 4224 -N 512 --dtype_in bf16 --dtype_out bf16 --emulate-bf16-mmul-with-bfp16 true --trace_size 0 > build/aie_512x4224x512_64x88x64_8c.mlir
mkdir -p build
cd build && xchesscc_wrapper aie2p -I /proj/xbuilds/2024.2_INT_1113_1001/installs/all_platforms/Vitis/2024.2/aietools/include  -Dbf16_bf16_ONLY -DDIM_M=64 -DDIM_K=88 -DDIM_N=64 -DAIE_API_EMULATE_BFLOAT16_MMUL_WITH_BFP16 -c /scratch/luisr/mlir-aie/programming_examples/basic/matrix_multiplication/whole_array/../../../../aie_kernels/aie2p/mm.cc -o mm_64x88x64.o
WARNING: Default location for XILINX_VIVADO_IP_OVERRIDE not found: /build/xfndry/IP_2024.2_INTEGRATION_VERIFIED/customer/vivado/data/ip
mkdir -p build
cd build && aiecc.py --alloc-scheme=basic-sequential --aie-generate-xclbin --no-compile-host --xclbin-name=final_512x4224x512_64x88x64_8c.xclbin \
			 \
			--aie-generate-npu-insts --npu-insts-name=insts_512x4224x512_64x88x64_8c.txt ../build/aie_512x4224x512_64x88x64_8c.mlir

Generating: /scratch/luisr/mlir-aie/programming_examples/basic/matrix_multiplication/whole_array/build/aie_512x4224x512_64x88x64_8c.mlir.prj/aie_cdo_elfs.bin
Generating: /scratch/luisr/mlir-aie/programming_examples/basic/matrix_multiplication/whole_array/build/aie_512x4224x512_64x88x64_8c.mlir.prj/aie_cdo_init.bin
Generating: /scratch/luisr/mlir-aie/programming_examples/basic/matrix_multiplication/whole_array/build/aie_512x4224x512_64x88x64_8c.mlir.prj/aie_cdo_enable.bin
export XRT_HACK_UNSECURE_LOADING_XCLBIN=1 && \
 ./whole_array.exe -x build/final_512x4224x512_64x88x64_8c.xclbin -i build/insts_512x4224x512_64x88x64_8c.txt -k MLIR_AIE -M 512 -K 4224 -N 512 --iters 40 --warmup 10 --verify=false --b_col_maj 0

Avg NPU matmul time: 570.725us.
Avg NPU gflops: 3880.31

Min NPU matmul time: 535us.
Max NPU gflops: 4139.43

Max NPU matmul time: 603us.
Min NPU gflops: 3672.62

PASS!

rm -rf tmpTrace parse*.json trace*json trace.txt
rm -rf build _build whole_array.exe
rm -rf _build
mkdir -p _build
cd _build &&  cmake -E env CXXFLAGS="-std=c++23 -ggdb -DDTYPE_IN=std::bfloat16_t -DDTYPE_OUT=std::bfloat16_t -DDTYPE_ACC=float" \
	cmake `echo /scratch/luisr/mlir-aie/programming_examples/basic/matrix_multiplication/whole_array/..` -D CMAKE_C_COMPILER=gcc-13 -D CMAKE_CXX_COMPILER=g++-13 -DTARGET_NAME=whole_array -Dsubdir=whole_array
-- The C compiler identification is GNU 13.3.0
-- The CXX compiler identification is GNU 13.3.0
-- Detecting C compiler ABI info
-- Detecting C compiler ABI info - done
-- Check for working C compiler: /usr/bin/gcc-13 - skipped
-- Detecting C compile features
-- Detecting C compile features - done
-- Detecting CXX compiler ABI info
-- Detecting CXX compiler ABI info - done
-- Check for working CXX compiler: /usr/bin/g++-13 - skipped
-- Detecting CXX compile features
-- Detecting CXX compile features - done
-- Configuring done (0.2s)
-- Generating done (0.0s)
-- Build files have been written to: /scratch/luisr/mlir-aie/programming_examples/basic/matrix_multiplication/whole_array/_build
cd _build &&  cmake --build . --config Release
gmake[1]: Entering directory '/scratch/luisr/mlir-aie/programming_examples/basic/matrix_multiplication/whole_array/_build'
gmake[2]: Entering directory '/scratch/luisr/mlir-aie/programming_examples/basic/matrix_multiplication/whole_array/_build'
gmake[3]: Entering directory '/scratch/luisr/mlir-aie/programming_examples/basic/matrix_multiplication/whole_array/_build'
gmake[3]: Leaving directory '/scratch/luisr/mlir-aie/programming_examples/basic/matrix_multiplication/whole_array/_build'
gmake[3]: Entering directory '/scratch/luisr/mlir-aie/programming_examples/basic/matrix_multiplication/whole_array/_build'
[ 33%] Building CXX object CMakeFiles/whole_array.dir/scratch/luisr/mlir-aie/runtime_lib/test_lib/test_utils.cpp.o
[ 66%] Building CXX object CMakeFiles/whole_array.dir/whole_array/test.cpp.o
[100%] Linking CXX executable whole_array
gmake[3]: Leaving directory '/scratch/luisr/mlir-aie/programming_examples/basic/matrix_multiplication/whole_array/_build'
[100%] Built target whole_array
gmake[2]: Leaving directory '/scratch/luisr/mlir-aie/programming_examples/basic/matrix_multiplication/whole_array/_build'
gmake[1]: Leaving directory '/scratch/luisr/mlir-aie/programming_examples/basic/matrix_multiplication/whole_array/_build'
cp _build/whole_array whole_array.exe 
mkdir -p build
python3 /scratch/luisr/mlir-aie/programming_examples/basic/matrix_multiplication/whole_array/whole_array.py -m 64 -k 88 -n 64 --n-aie-cols 8 --b-col-maj 0 --dev npu2 -M 512 -K 4224 -N 1024 --dtype_in bf16 --dtype_out bf16 --emulate-bf16-mmul-with-bfp16 true --trace_size 0 > build/aie_512x4224x1024_64x88x64_8c.mlir
mkdir -p build
cd build && xchesscc_wrapper aie2p -I /proj/xbuilds/2024.2_INT_1113_1001/installs/all_platforms/Vitis/2024.2/aietools/include  -Dbf16_bf16_ONLY -DDIM_M=64 -DDIM_K=88 -DDIM_N=64 -DAIE_API_EMULATE_BFLOAT16_MMUL_WITH_BFP16 -c /scratch/luisr/mlir-aie/programming_examples/basic/matrix_multiplication/whole_array/../../../../aie_kernels/aie2p/mm.cc -o mm_64x88x64.o
WARNING: Default location for XILINX_VIVADO_IP_OVERRIDE not found: /build/xfndry/IP_2024.2_INTEGRATION_VERIFIED/customer/vivado/data/ip
mkdir -p build
cd build && aiecc.py --alloc-scheme=basic-sequential --aie-generate-xclbin --no-compile-host --xclbin-name=final_512x4224x1024_64x88x64_8c.xclbin \
			 \
			--aie-generate-npu-insts --npu-insts-name=insts_512x4224x1024_64x88x64_8c.txt ../build/aie_512x4224x1024_64x88x64_8c.mlir

Generating: /scratch/luisr/mlir-aie/programming_examples/basic/matrix_multiplication/whole_array/build/aie_512x4224x1024_64x88x64_8c.mlir.prj/aie_cdo_elfs.bin
Generating: /scratch/luisr/mlir-aie/programming_examples/basic/matrix_multiplication/whole_array/build/aie_512x4224x1024_64x88x64_8c.mlir.prj/aie_cdo_init.bin
Generating: /scratch/luisr/mlir-aie/programming_examples/basic/matrix_multiplication/whole_array/build/aie_512x4224x1024_64x88x64_8c.mlir.prj/aie_cdo_enable.bin
export XRT_HACK_UNSECURE_LOADING_XCLBIN=1 && \
 ./whole_array.exe -x build/final_512x4224x1024_64x88x64_8c.xclbin -i build/insts_512x4224x1024_64x88x64_8c.txt -k MLIR_AIE -M 512 -K 4224 -N 1024 --iters 40 --warmup 10 --verify=false --b_col_maj 0

Avg NPU matmul time: 1315.2us.
Avg NPU gflops: 3367.69

Min NPU matmul time: 1022us.
Max NPU gflops: 4333.84

Max NPU matmul time: 1474us.
Min NPU gflops: 3004.87

PASS!

rm -rf tmpTrace parse*.json trace*json trace.txt
rm -rf build _build whole_array.exe
rm -rf _build
mkdir -p _build
cd _build &&  cmake -E env CXXFLAGS="-std=c++23 -ggdb -DDTYPE_IN=std::bfloat16_t -DDTYPE_OUT=std::bfloat16_t -DDTYPE_ACC=float" \
	cmake `echo /scratch/luisr/mlir-aie/programming_examples/basic/matrix_multiplication/whole_array/..` -D CMAKE_C_COMPILER=gcc-13 -D CMAKE_CXX_COMPILER=g++-13 -DTARGET_NAME=whole_array -Dsubdir=whole_array
-- The C compiler identification is GNU 13.3.0
-- The CXX compiler identification is GNU 13.3.0
-- Detecting C compiler ABI info
-- Detecting C compiler ABI info - done
-- Check for working C compiler: /usr/bin/gcc-13 - skipped
-- Detecting C compile features
-- Detecting C compile features - done
-- Detecting CXX compiler ABI info
-- Detecting CXX compiler ABI info - done
-- Check for working CXX compiler: /usr/bin/g++-13 - skipped
-- Detecting CXX compile features
-- Detecting CXX compile features - done
-- Configuring done (0.3s)
-- Generating done (0.0s)
-- Build files have been written to: /scratch/luisr/mlir-aie/programming_examples/basic/matrix_multiplication/whole_array/_build
cd _build &&  cmake --build . --config Release
gmake[1]: Entering directory '/scratch/luisr/mlir-aie/programming_examples/basic/matrix_multiplication/whole_array/_build'
gmake[2]: Entering directory '/scratch/luisr/mlir-aie/programming_examples/basic/matrix_multiplication/whole_array/_build'
gmake[3]: Entering directory '/scratch/luisr/mlir-aie/programming_examples/basic/matrix_multiplication/whole_array/_build'
gmake[3]: Leaving directory '/scratch/luisr/mlir-aie/programming_examples/basic/matrix_multiplication/whole_array/_build'
gmake[3]: Entering directory '/scratch/luisr/mlir-aie/programming_examples/basic/matrix_multiplication/whole_array/_build'
[ 33%] Building CXX object CMakeFiles/whole_array.dir/scratch/luisr/mlir-aie/runtime_lib/test_lib/test_utils.cpp.o
[ 66%] Building CXX object CMakeFiles/whole_array.dir/whole_array/test.cpp.o
[100%] Linking CXX executable whole_array
gmake[3]: Leaving directory '/scratch/luisr/mlir-aie/programming_examples/basic/matrix_multiplication/whole_array/_build'
[100%] Built target whole_array
gmake[2]: Leaving directory '/scratch/luisr/mlir-aie/programming_examples/basic/matrix_multiplication/whole_array/_build'
gmake[1]: Leaving directory '/scratch/luisr/mlir-aie/programming_examples/basic/matrix_multiplication/whole_array/_build'
cp _build/whole_array whole_array.exe 
mkdir -p build
python3 /scratch/luisr/mlir-aie/programming_examples/basic/matrix_multiplication/whole_array/whole_array.py -m 64 -k 88 -n 64 --n-aie-cols 8 --b-col-maj 0 --dev npu2 -M 512 -K 4224 -N 4096 --dtype_in bf16 --dtype_out bf16 --emulate-bf16-mmul-with-bfp16 true --trace_size 0 > build/aie_512x4224x4096_64x88x64_8c.mlir
mkdir -p build
cd build && xchesscc_wrapper aie2p -I /proj/xbuilds/2024.2_INT_1113_1001/installs/all_platforms/Vitis/2024.2/aietools/include  -Dbf16_bf16_ONLY -DDIM_M=64 -DDIM_K=88 -DDIM_N=64 -DAIE_API_EMULATE_BFLOAT16_MMUL_WITH_BFP16 -c /scratch/luisr/mlir-aie/programming_examples/basic/matrix_multiplication/whole_array/../../../../aie_kernels/aie2p/mm.cc -o mm_64x88x64.o
WARNING: Default location for XILINX_VIVADO_IP_OVERRIDE not found: /build/xfndry/IP_2024.2_INTEGRATION_VERIFIED/customer/vivado/data/ip
mkdir -p build
cd build && aiecc.py --alloc-scheme=basic-sequential --aie-generate-xclbin --no-compile-host --xclbin-name=final_512x4224x4096_64x88x64_8c.xclbin \
			 \
			--aie-generate-npu-insts --npu-insts-name=insts_512x4224x4096_64x88x64_8c.txt ../build/aie_512x4224x4096_64x88x64_8c.mlir

Generating: /scratch/luisr/mlir-aie/programming_examples/basic/matrix_multiplication/whole_array/build/aie_512x4224x4096_64x88x64_8c.mlir.prj/aie_cdo_elfs.bin
Generating: /scratch/luisr/mlir-aie/programming_examples/basic/matrix_multiplication/whole_array/build/aie_512x4224x4096_64x88x64_8c.mlir.prj/aie_cdo_init.bin
Generating: /scratch/luisr/mlir-aie/programming_examples/basic/matrix_multiplication/whole_array/build/aie_512x4224x4096_64x88x64_8c.mlir.prj/aie_cdo_enable.bin
export XRT_HACK_UNSECURE_LOADING_XCLBIN=1 && \
 ./whole_array.exe -x build/final_512x4224x4096_64x88x64_8c.xclbin -i build/insts_512x4224x4096_64x88x64_8c.txt -k MLIR_AIE -M 512 -K 4224 -N 4096 --iters 40 --warmup 10 --verify=false --b_col_maj 0

Avg NPU matmul time: 4254.92us.
Avg NPU gflops: 4163.82

Min NPU matmul time: 4130us.
Max NPU gflops: 4289.77

Max NPU matmul time: 4562us.
Min NPU gflops: 3883.55

PASS!

rm -rf tmpTrace parse*.json trace*json trace.txt
rm -rf build _build whole_array.exe
rm -rf _build
mkdir -p _build
cd _build &&  cmake -E env CXXFLAGS="-std=c++23 -ggdb -DDTYPE_IN=std::bfloat16_t -DDTYPE_OUT=std::bfloat16_t -DDTYPE_ACC=float" \
	cmake `echo /scratch/luisr/mlir-aie/programming_examples/basic/matrix_multiplication/whole_array/..` -D CMAKE_C_COMPILER=gcc-13 -D CMAKE_CXX_COMPILER=g++-13 -DTARGET_NAME=whole_array -Dsubdir=whole_array
-- The C compiler identification is GNU 13.3.0
-- The CXX compiler identification is GNU 13.3.0
-- Detecting C compiler ABI info
-- Detecting C compiler ABI info - done
-- Check for working C compiler: /usr/bin/gcc-13 - skipped
-- Detecting C compile features
-- Detecting C compile features - done
-- Detecting CXX compiler ABI info
-- Detecting CXX compiler ABI info - done
-- Check for working CXX compiler: /usr/bin/g++-13 - skipped
-- Detecting CXX compile features
-- Detecting CXX compile features - done
-- Configuring done (0.2s)
-- Generating done (0.0s)
-- Build files have been written to: /scratch/luisr/mlir-aie/programming_examples/basic/matrix_multiplication/whole_array/_build
cd _build &&  cmake --build . --config Release
gmake[1]: Entering directory '/scratch/luisr/mlir-aie/programming_examples/basic/matrix_multiplication/whole_array/_build'
gmake[2]: Entering directory '/scratch/luisr/mlir-aie/programming_examples/basic/matrix_multiplication/whole_array/_build'
gmake[3]: Entering directory '/scratch/luisr/mlir-aie/programming_examples/basic/matrix_multiplication/whole_array/_build'
gmake[3]: Leaving directory '/scratch/luisr/mlir-aie/programming_examples/basic/matrix_multiplication/whole_array/_build'
gmake[3]: Entering directory '/scratch/luisr/mlir-aie/programming_examples/basic/matrix_multiplication/whole_array/_build'
[ 33%] Building CXX object CMakeFiles/whole_array.dir/scratch/luisr/mlir-aie/runtime_lib/test_lib/test_utils.cpp.o
[ 66%] Building CXX object CMakeFiles/whole_array.dir/whole_array/test.cpp.o
[100%] Linking CXX executable whole_array
gmake[3]: Leaving directory '/scratch/luisr/mlir-aie/programming_examples/basic/matrix_multiplication/whole_array/_build'
[100%] Built target whole_array
gmake[2]: Leaving directory '/scratch/luisr/mlir-aie/programming_examples/basic/matrix_multiplication/whole_array/_build'
gmake[1]: Leaving directory '/scratch/luisr/mlir-aie/programming_examples/basic/matrix_multiplication/whole_array/_build'
cp _build/whole_array whole_array.exe 
mkdir -p build
python3 /scratch/luisr/mlir-aie/programming_examples/basic/matrix_multiplication/whole_array/whole_array.py -m 64 -k 88 -n 64 --n-aie-cols 8 --b-col-maj 0 --dev npu2 -M 512 -K 4224 -N 8192 --dtype_in bf16 --dtype_out bf16 --emulate-bf16-mmul-with-bfp16 true --trace_size 0 > build/aie_512x4224x8192_64x88x64_8c.mlir
mkdir -p build
cd build && xchesscc_wrapper aie2p -I /proj/xbuilds/2024.2_INT_1113_1001/installs/all_platforms/Vitis/2024.2/aietools/include  -Dbf16_bf16_ONLY -DDIM_M=64 -DDIM_K=88 -DDIM_N=64 -DAIE_API_EMULATE_BFLOAT16_MMUL_WITH_BFP16 -c /scratch/luisr/mlir-aie/programming_examples/basic/matrix_multiplication/whole_array/../../../../aie_kernels/aie2p/mm.cc -o mm_64x88x64.o
WARNING: Default location for XILINX_VIVADO_IP_OVERRIDE not found: /build/xfndry/IP_2024.2_INTEGRATION_VERIFIED/customer/vivado/data/ip
mkdir -p build
cd build && aiecc.py --alloc-scheme=basic-sequential --aie-generate-xclbin --no-compile-host --xclbin-name=final_512x4224x8192_64x88x64_8c.xclbin \
			 \
			--aie-generate-npu-insts --npu-insts-name=insts_512x4224x8192_64x88x64_8c.txt ../build/aie_512x4224x8192_64x88x64_8c.mlir

Generating: /scratch/luisr/mlir-aie/programming_examples/basic/matrix_multiplication/whole_array/build/aie_512x4224x8192_64x88x64_8c.mlir.prj/aie_cdo_elfs.bin
Generating: /scratch/luisr/mlir-aie/programming_examples/basic/matrix_multiplication/whole_array/build/aie_512x4224x8192_64x88x64_8c.mlir.prj/aie_cdo_init.bin
Generating: /scratch/luisr/mlir-aie/programming_examples/basic/matrix_multiplication/whole_array/build/aie_512x4224x8192_64x88x64_8c.mlir.prj/aie_cdo_enable.bin
export XRT_HACK_UNSECURE_LOADING_XCLBIN=1 && \
 ./whole_array.exe -x build/final_512x4224x8192_64x88x64_8c.xclbin -i build/insts_512x4224x8192_64x88x64_8c.txt -k MLIR_AIE -M 512 -K 4224 -N 8192 --iters 40 --warmup 10 --verify=false --b_col_maj 0

Avg NPU matmul time: 9183.5us.
Avg NPU gflops: 3858.39

Min NPU matmul time: 8647us.
Max NPU gflops: 4097.78

Max NPU matmul time: 9865us.
Min NPU gflops: 3591.84

PASS!

rm -rf tmpTrace parse*.json trace*json trace.txt
rm -rf build _build whole_array.exe
rm -rf _build
mkdir -p _build
cd _build &&  cmake -E env CXXFLAGS="-std=c++23 -ggdb -DDTYPE_IN=std::bfloat16_t -DDTYPE_OUT=std::bfloat16_t -DDTYPE_ACC=float" \
	cmake `echo /scratch/luisr/mlir-aie/programming_examples/basic/matrix_multiplication/whole_array/..` -D CMAKE_C_COMPILER=gcc-13 -D CMAKE_CXX_COMPILER=g++-13 -DTARGET_NAME=whole_array -Dsubdir=whole_array
-- The C compiler identification is GNU 13.3.0
-- The CXX compiler identification is GNU 13.3.0
-- Detecting C compiler ABI info
-- Detecting C compiler ABI info - done
-- Check for working C compiler: /usr/bin/gcc-13 - skipped
-- Detecting C compile features
-- Detecting C compile features - done
-- Detecting CXX compiler ABI info
-- Detecting CXX compiler ABI info - done
-- Check for working CXX compiler: /usr/bin/g++-13 - skipped
-- Detecting CXX compile features
-- Detecting CXX compile features - done
-- Configuring done (0.3s)
-- Generating done (0.0s)
-- Build files have been written to: /scratch/luisr/mlir-aie/programming_examples/basic/matrix_multiplication/whole_array/_build
cd _build &&  cmake --build . --config Release
gmake[1]: Entering directory '/scratch/luisr/mlir-aie/programming_examples/basic/matrix_multiplication/whole_array/_build'
gmake[2]: Entering directory '/scratch/luisr/mlir-aie/programming_examples/basic/matrix_multiplication/whole_array/_build'
gmake[3]: Entering directory '/scratch/luisr/mlir-aie/programming_examples/basic/matrix_multiplication/whole_array/_build'
gmake[3]: Leaving directory '/scratch/luisr/mlir-aie/programming_examples/basic/matrix_multiplication/whole_array/_build'
gmake[3]: Entering directory '/scratch/luisr/mlir-aie/programming_examples/basic/matrix_multiplication/whole_array/_build'
[ 33%] Building CXX object CMakeFiles/whole_array.dir/scratch/luisr/mlir-aie/runtime_lib/test_lib/test_utils.cpp.o
[ 66%] Building CXX object CMakeFiles/whole_array.dir/whole_array/test.cpp.o
[100%] Linking CXX executable whole_array
gmake[3]: Leaving directory '/scratch/luisr/mlir-aie/programming_examples/basic/matrix_multiplication/whole_array/_build'
[100%] Built target whole_array
gmake[2]: Leaving directory '/scratch/luisr/mlir-aie/programming_examples/basic/matrix_multiplication/whole_array/_build'
gmake[1]: Leaving directory '/scratch/luisr/mlir-aie/programming_examples/basic/matrix_multiplication/whole_array/_build'
cp _build/whole_array whole_array.exe 
mkdir -p build
python3 /scratch/luisr/mlir-aie/programming_examples/basic/matrix_multiplication/whole_array/whole_array.py -m 64 -k 88 -n 64 --n-aie-cols 8 --b-col-maj 0 --dev npu2 -M 512 -K 5632 -N 512 --dtype_in bf16 --dtype_out bf16 --emulate-bf16-mmul-with-bfp16 true --trace_size 0 > build/aie_512x5632x512_64x88x64_8c.mlir
mkdir -p build
cd build && xchesscc_wrapper aie2p -I /proj/xbuilds/2024.2_INT_1113_1001/installs/all_platforms/Vitis/2024.2/aietools/include  -Dbf16_bf16_ONLY -DDIM_M=64 -DDIM_K=88 -DDIM_N=64 -DAIE_API_EMULATE_BFLOAT16_MMUL_WITH_BFP16 -c /scratch/luisr/mlir-aie/programming_examples/basic/matrix_multiplication/whole_array/../../../../aie_kernels/aie2p/mm.cc -o mm_64x88x64.o
WARNING: Default location for XILINX_VIVADO_IP_OVERRIDE not found: /build/xfndry/IP_2024.2_INTEGRATION_VERIFIED/customer/vivado/data/ip
mkdir -p build
cd build && aiecc.py --alloc-scheme=basic-sequential --aie-generate-xclbin --no-compile-host --xclbin-name=final_512x5632x512_64x88x64_8c.xclbin \
			 \
			--aie-generate-npu-insts --npu-insts-name=insts_512x5632x512_64x88x64_8c.txt ../build/aie_512x5632x512_64x88x64_8c.mlir

Generating: /scratch/luisr/mlir-aie/programming_examples/basic/matrix_multiplication/whole_array/build/aie_512x5632x512_64x88x64_8c.mlir.prj/aie_cdo_elfs.bin
Generating: /scratch/luisr/mlir-aie/programming_examples/basic/matrix_multiplication/whole_array/build/aie_512x5632x512_64x88x64_8c.mlir.prj/aie_cdo_init.bin
Generating: /scratch/luisr/mlir-aie/programming_examples/basic/matrix_multiplication/whole_array/build/aie_512x5632x512_64x88x64_8c.mlir.prj/aie_cdo_enable.bin
export XRT_HACK_UNSECURE_LOADING_XCLBIN=1 && \
 ./whole_array.exe -x build/final_512x5632x512_64x88x64_8c.xclbin -i build/insts_512x5632x512_64x88x64_8c.txt -k MLIR_AIE -M 512 -K 5632 -N 512 --iters 40 --warmup 10 --verify=false --b_col_maj 0

Avg NPU matmul time: 713.475us.
Avg NPU gflops: 4138.6

Min NPU matmul time: 705us.
Max NPU gflops: 4188.35

Max NPU matmul time: 721us.
Min NPU gflops: 4095.41

PASS!

rm -rf tmpTrace parse*.json trace*json trace.txt
rm -rf build _build whole_array.exe
rm -rf _build
mkdir -p _build
cd _build &&  cmake -E env CXXFLAGS="-std=c++23 -ggdb -DDTYPE_IN=std::bfloat16_t -DDTYPE_OUT=std::bfloat16_t -DDTYPE_ACC=float" \
	cmake `echo /scratch/luisr/mlir-aie/programming_examples/basic/matrix_multiplication/whole_array/..` -D CMAKE_C_COMPILER=gcc-13 -D CMAKE_CXX_COMPILER=g++-13 -DTARGET_NAME=whole_array -Dsubdir=whole_array
-- The C compiler identification is GNU 13.3.0
-- The CXX compiler identification is GNU 13.3.0
-- Detecting C compiler ABI info
-- Detecting C compiler ABI info - done
-- Check for working C compiler: /usr/bin/gcc-13 - skipped
-- Detecting C compile features
-- Detecting C compile features - done
-- Detecting CXX compiler ABI info
-- Detecting CXX compiler ABI info - done
-- Check for working CXX compiler: /usr/bin/g++-13 - skipped
-- Detecting CXX compile features
-- Detecting CXX compile features - done
-- Configuring done (0.3s)
-- Generating done (0.0s)
-- Build files have been written to: /scratch/luisr/mlir-aie/programming_examples/basic/matrix_multiplication/whole_array/_build
cd _build &&  cmake --build . --config Release
gmake[1]: Entering directory '/scratch/luisr/mlir-aie/programming_examples/basic/matrix_multiplication/whole_array/_build'
gmake[2]: Entering directory '/scratch/luisr/mlir-aie/programming_examples/basic/matrix_multiplication/whole_array/_build'
gmake[3]: Entering directory '/scratch/luisr/mlir-aie/programming_examples/basic/matrix_multiplication/whole_array/_build'
gmake[3]: Leaving directory '/scratch/luisr/mlir-aie/programming_examples/basic/matrix_multiplication/whole_array/_build'
gmake[3]: Entering directory '/scratch/luisr/mlir-aie/programming_examples/basic/matrix_multiplication/whole_array/_build'
[ 33%] Building CXX object CMakeFiles/whole_array.dir/scratch/luisr/mlir-aie/runtime_lib/test_lib/test_utils.cpp.o
[ 66%] Building CXX object CMakeFiles/whole_array.dir/whole_array/test.cpp.o
[100%] Linking CXX executable whole_array
gmake[3]: Leaving directory '/scratch/luisr/mlir-aie/programming_examples/basic/matrix_multiplication/whole_array/_build'
[100%] Built target whole_array
gmake[2]: Leaving directory '/scratch/luisr/mlir-aie/programming_examples/basic/matrix_multiplication/whole_array/_build'
gmake[1]: Leaving directory '/scratch/luisr/mlir-aie/programming_examples/basic/matrix_multiplication/whole_array/_build'
cp _build/whole_array whole_array.exe 
mkdir -p build
python3 /scratch/luisr/mlir-aie/programming_examples/basic/matrix_multiplication/whole_array/whole_array.py -m 64 -k 88 -n 64 --n-aie-cols 8 --b-col-maj 0 --dev npu2 -M 512 -K 5632 -N 1024 --dtype_in bf16 --dtype_out bf16 --emulate-bf16-mmul-with-bfp16 true --trace_size 0 > build/aie_512x5632x1024_64x88x64_8c.mlir
mkdir -p build
cd build && xchesscc_wrapper aie2p -I /proj/xbuilds/2024.2_INT_1113_1001/installs/all_platforms/Vitis/2024.2/aietools/include  -Dbf16_bf16_ONLY -DDIM_M=64 -DDIM_K=88 -DDIM_N=64 -DAIE_API_EMULATE_BFLOAT16_MMUL_WITH_BFP16 -c /scratch/luisr/mlir-aie/programming_examples/basic/matrix_multiplication/whole_array/../../../../aie_kernels/aie2p/mm.cc -o mm_64x88x64.o
WARNING: Default location for XILINX_VIVADO_IP_OVERRIDE not found: /build/xfndry/IP_2024.2_INTEGRATION_VERIFIED/customer/vivado/data/ip
mkdir -p build
cd build && aiecc.py --alloc-scheme=basic-sequential --aie-generate-xclbin --no-compile-host --xclbin-name=final_512x5632x1024_64x88x64_8c.xclbin \
			 \
			--aie-generate-npu-insts --npu-insts-name=insts_512x5632x1024_64x88x64_8c.txt ../build/aie_512x5632x1024_64x88x64_8c.mlir

Generating: /scratch/luisr/mlir-aie/programming_examples/basic/matrix_multiplication/whole_array/build/aie_512x5632x1024_64x88x64_8c.mlir.prj/aie_cdo_elfs.bin
Generating: /scratch/luisr/mlir-aie/programming_examples/basic/matrix_multiplication/whole_array/build/aie_512x5632x1024_64x88x64_8c.mlir.prj/aie_cdo_init.bin
Generating: /scratch/luisr/mlir-aie/programming_examples/basic/matrix_multiplication/whole_array/build/aie_512x5632x1024_64x88x64_8c.mlir.prj/aie_cdo_enable.bin
export XRT_HACK_UNSECURE_LOADING_XCLBIN=1 && \
 ./whole_array.exe -x build/final_512x5632x1024_64x88x64_8c.xclbin -i build/insts_512x5632x1024_64x88x64_8c.txt -k MLIR_AIE -M 512 -K 5632 -N 1024 --iters 40 --warmup 10 --verify=false --b_col_maj 0

Avg NPU matmul time: 1637.43us.
Avg NPU gflops: 3606.63

Min NPU matmul time: 1343us.
Max NPU gflops: 4397.3

Max NPU matmul time: 1686us.
Min NPU gflops: 3502.72

PASS!

rm -rf tmpTrace parse*.json trace*json trace.txt
rm -rf build _build whole_array.exe
rm -rf _build
mkdir -p _build
cd _build &&  cmake -E env CXXFLAGS="-std=c++23 -ggdb -DDTYPE_IN=std::bfloat16_t -DDTYPE_OUT=std::bfloat16_t -DDTYPE_ACC=float" \
	cmake `echo /scratch/luisr/mlir-aie/programming_examples/basic/matrix_multiplication/whole_array/..` -D CMAKE_C_COMPILER=gcc-13 -D CMAKE_CXX_COMPILER=g++-13 -DTARGET_NAME=whole_array -Dsubdir=whole_array
-- The C compiler identification is GNU 13.3.0
-- The CXX compiler identification is GNU 13.3.0
-- Detecting C compiler ABI info
-- Detecting C compiler ABI info - done
-- Check for working C compiler: /usr/bin/gcc-13 - skipped
-- Detecting C compile features
-- Detecting C compile features - done
-- Detecting CXX compiler ABI info
-- Detecting CXX compiler ABI info - done
-- Check for working CXX compiler: /usr/bin/g++-13 - skipped
-- Detecting CXX compile features
-- Detecting CXX compile features - done
-- Configuring done (0.3s)
-- Generating done (0.0s)
-- Build files have been written to: /scratch/luisr/mlir-aie/programming_examples/basic/matrix_multiplication/whole_array/_build
cd _build &&  cmake --build . --config Release
gmake[1]: Entering directory '/scratch/luisr/mlir-aie/programming_examples/basic/matrix_multiplication/whole_array/_build'
gmake[2]: Entering directory '/scratch/luisr/mlir-aie/programming_examples/basic/matrix_multiplication/whole_array/_build'
gmake[3]: Entering directory '/scratch/luisr/mlir-aie/programming_examples/basic/matrix_multiplication/whole_array/_build'
gmake[3]: Leaving directory '/scratch/luisr/mlir-aie/programming_examples/basic/matrix_multiplication/whole_array/_build'
gmake[3]: Entering directory '/scratch/luisr/mlir-aie/programming_examples/basic/matrix_multiplication/whole_array/_build'
[ 33%] Building CXX object CMakeFiles/whole_array.dir/scratch/luisr/mlir-aie/runtime_lib/test_lib/test_utils.cpp.o
[ 66%] Building CXX object CMakeFiles/whole_array.dir/whole_array/test.cpp.o
[100%] Linking CXX executable whole_array
gmake[3]: Leaving directory '/scratch/luisr/mlir-aie/programming_examples/basic/matrix_multiplication/whole_array/_build'
[100%] Built target whole_array
gmake[2]: Leaving directory '/scratch/luisr/mlir-aie/programming_examples/basic/matrix_multiplication/whole_array/_build'
gmake[1]: Leaving directory '/scratch/luisr/mlir-aie/programming_examples/basic/matrix_multiplication/whole_array/_build'
cp _build/whole_array whole_array.exe 
mkdir -p build
python3 /scratch/luisr/mlir-aie/programming_examples/basic/matrix_multiplication/whole_array/whole_array.py -m 64 -k 88 -n 64 --n-aie-cols 8 --b-col-maj 0 --dev npu2 -M 512 -K 5632 -N 4096 --dtype_in bf16 --dtype_out bf16 --emulate-bf16-mmul-with-bfp16 true --trace_size 0 > build/aie_512x5632x4096_64x88x64_8c.mlir
mkdir -p build
cd build && xchesscc_wrapper aie2p -I /proj/xbuilds/2024.2_INT_1113_1001/installs/all_platforms/Vitis/2024.2/aietools/include  -Dbf16_bf16_ONLY -DDIM_M=64 -DDIM_K=88 -DDIM_N=64 -DAIE_API_EMULATE_BFLOAT16_MMUL_WITH_BFP16 -c /scratch/luisr/mlir-aie/programming_examples/basic/matrix_multiplication/whole_array/../../../../aie_kernels/aie2p/mm.cc -o mm_64x88x64.o
WARNING: Default location for XILINX_VIVADO_IP_OVERRIDE not found: /build/xfndry/IP_2024.2_INTEGRATION_VERIFIED/customer/vivado/data/ip
mkdir -p build
cd build && aiecc.py --alloc-scheme=basic-sequential --aie-generate-xclbin --no-compile-host --xclbin-name=final_512x5632x4096_64x88x64_8c.xclbin \
			 \
			--aie-generate-npu-insts --npu-insts-name=insts_512x5632x4096_64x88x64_8c.txt ../build/aie_512x5632x4096_64x88x64_8c.mlir

Generating: /scratch/luisr/mlir-aie/programming_examples/basic/matrix_multiplication/whole_array/build/aie_512x5632x4096_64x88x64_8c.mlir.prj/aie_cdo_elfs.bin
Generating: /scratch/luisr/mlir-aie/programming_examples/basic/matrix_multiplication/whole_array/build/aie_512x5632x4096_64x88x64_8c.mlir.prj/aie_cdo_init.bin
Generating: /scratch/luisr/mlir-aie/programming_examples/basic/matrix_multiplication/whole_array/build/aie_512x5632x4096_64x88x64_8c.mlir.prj/aie_cdo_enable.bin
export XRT_HACK_UNSECURE_LOADING_XCLBIN=1 && \
 ./whole_array.exe -x build/final_512x5632x4096_64x88x64_8c.xclbin -i build/insts_512x5632x4096_64x88x64_8c.txt -k MLIR_AIE -M 512 -K 5632 -N 4096 --iters 40 --warmup 10 --verify=false --b_col_maj 0

Avg NPU matmul time: 5595.73us.
Avg NPU gflops: 4221.49

Min NPU matmul time: 5219us.
Max NPU gflops: 4526.22

Max NPU matmul time: 6649us.
Min NPU gflops: 3552.76

PASS!

rm -rf tmpTrace parse*.json trace*json trace.txt
rm -rf build _build whole_array.exe
rm -rf _build
mkdir -p _build
cd _build &&  cmake -E env CXXFLAGS="-std=c++23 -ggdb -DDTYPE_IN=std::bfloat16_t -DDTYPE_OUT=std::bfloat16_t -DDTYPE_ACC=float" \
	cmake `echo /scratch/luisr/mlir-aie/programming_examples/basic/matrix_multiplication/whole_array/..` -D CMAKE_C_COMPILER=gcc-13 -D CMAKE_CXX_COMPILER=g++-13 -DTARGET_NAME=whole_array -Dsubdir=whole_array
-- The C compiler identification is GNU 13.3.0
-- The CXX compiler identification is GNU 13.3.0
-- Detecting C compiler ABI info
-- Detecting C compiler ABI info - done
-- Check for working C compiler: /usr/bin/gcc-13 - skipped
-- Detecting C compile features
-- Detecting C compile features - done
-- Detecting CXX compiler ABI info
-- Detecting CXX compiler ABI info - done
-- Check for working CXX compiler: /usr/bin/g++-13 - skipped
-- Detecting CXX compile features
-- Detecting CXX compile features - done
-- Configuring done (0.3s)
-- Generating done (0.0s)
-- Build files have been written to: /scratch/luisr/mlir-aie/programming_examples/basic/matrix_multiplication/whole_array/_build
cd _build &&  cmake --build . --config Release
gmake[1]: Entering directory '/scratch/luisr/mlir-aie/programming_examples/basic/matrix_multiplication/whole_array/_build'
gmake[2]: Entering directory '/scratch/luisr/mlir-aie/programming_examples/basic/matrix_multiplication/whole_array/_build'
gmake[3]: Entering directory '/scratch/luisr/mlir-aie/programming_examples/basic/matrix_multiplication/whole_array/_build'
gmake[3]: Leaving directory '/scratch/luisr/mlir-aie/programming_examples/basic/matrix_multiplication/whole_array/_build'
gmake[3]: Entering directory '/scratch/luisr/mlir-aie/programming_examples/basic/matrix_multiplication/whole_array/_build'
[ 33%] Building CXX object CMakeFiles/whole_array.dir/scratch/luisr/mlir-aie/runtime_lib/test_lib/test_utils.cpp.o
[ 66%] Building CXX object CMakeFiles/whole_array.dir/whole_array/test.cpp.o
[100%] Linking CXX executable whole_array
gmake[3]: Leaving directory '/scratch/luisr/mlir-aie/programming_examples/basic/matrix_multiplication/whole_array/_build'
[100%] Built target whole_array
gmake[2]: Leaving directory '/scratch/luisr/mlir-aie/programming_examples/basic/matrix_multiplication/whole_array/_build'
gmake[1]: Leaving directory '/scratch/luisr/mlir-aie/programming_examples/basic/matrix_multiplication/whole_array/_build'
cp _build/whole_array whole_array.exe 
mkdir -p build
python3 /scratch/luisr/mlir-aie/programming_examples/basic/matrix_multiplication/whole_array/whole_array.py -m 64 -k 88 -n 64 --n-aie-cols 8 --b-col-maj 0 --dev npu2 -M 512 -K 5632 -N 8192 --dtype_in bf16 --dtype_out bf16 --emulate-bf16-mmul-with-bfp16 true --trace_size 0 > build/aie_512x5632x8192_64x88x64_8c.mlir
mkdir -p build
cd build && xchesscc_wrapper aie2p -I /proj/xbuilds/2024.2_INT_1113_1001/installs/all_platforms/Vitis/2024.2/aietools/include  -Dbf16_bf16_ONLY -DDIM_M=64 -DDIM_K=88 -DDIM_N=64 -DAIE_API_EMULATE_BFLOAT16_MMUL_WITH_BFP16 -c /scratch/luisr/mlir-aie/programming_examples/basic/matrix_multiplication/whole_array/../../../../aie_kernels/aie2p/mm.cc -o mm_64x88x64.o
WARNING: Default location for XILINX_VIVADO_IP_OVERRIDE not found: /build/xfndry/IP_2024.2_INTEGRATION_VERIFIED/customer/vivado/data/ip
mkdir -p build
cd build && aiecc.py --alloc-scheme=basic-sequential --aie-generate-xclbin --no-compile-host --xclbin-name=final_512x5632x8192_64x88x64_8c.xclbin \
			 \
			--aie-generate-npu-insts --npu-insts-name=insts_512x5632x8192_64x88x64_8c.txt ../build/aie_512x5632x8192_64x88x64_8c.mlir

Generating: /scratch/luisr/mlir-aie/programming_examples/basic/matrix_multiplication/whole_array/build/aie_512x5632x8192_64x88x64_8c.mlir.prj/aie_cdo_elfs.bin
Generating: /scratch/luisr/mlir-aie/programming_examples/basic/matrix_multiplication/whole_array/build/aie_512x5632x8192_64x88x64_8c.mlir.prj/aie_cdo_init.bin
Generating: /scratch/luisr/mlir-aie/programming_examples/basic/matrix_multiplication/whole_array/build/aie_512x5632x8192_64x88x64_8c.mlir.prj/aie_cdo_enable.bin
export XRT_HACK_UNSECURE_LOADING_XCLBIN=1 && \
 ./whole_array.exe -x build/final_512x5632x8192_64x88x64_8c.xclbin -i build/insts_512x5632x8192_64x88x64_8c.txt -k MLIR_AIE -M 512 -K 5632 -N 8192 --iters 40 --warmup 10 --verify=false --b_col_maj 0

Avg NPU matmul time: 12234.5us.
Avg NPU gflops: 3861.58

Min NPU matmul time: 11525us.
Max NPU gflops: 4099.32

Max NPU matmul time: 12932us.
Min NPU gflops: 3653.31

PASS!

rm -rf tmpTrace parse*.json trace*json trace.txt
rm -rf build _build whole_array.exe
rm -rf _build
mkdir -p _build
cd _build &&  cmake -E env CXXFLAGS="-std=c++23 -ggdb -DDTYPE_IN=std::bfloat16_t -DDTYPE_OUT=std::bfloat16_t -DDTYPE_ACC=float" \
	cmake `echo /scratch/luisr/mlir-aie/programming_examples/basic/matrix_multiplication/whole_array/..` -D CMAKE_C_COMPILER=gcc-13 -D CMAKE_CXX_COMPILER=g++-13 -DTARGET_NAME=whole_array -Dsubdir=whole_array
-- The C compiler identification is GNU 13.3.0
-- The CXX compiler identification is GNU 13.3.0
-- Detecting C compiler ABI info
-- Detecting C compiler ABI info - done
-- Check for working C compiler: /usr/bin/gcc-13 - skipped
-- Detecting C compile features
-- Detecting C compile features - done
-- Detecting CXX compiler ABI info
-- Detecting CXX compiler ABI info - done
-- Check for working CXX compiler: /usr/bin/g++-13 - skipped
-- Detecting CXX compile features
-- Detecting CXX compile features - done
-- Configuring done (0.3s)
-- Generating done (0.0s)
-- Build files have been written to: /scratch/luisr/mlir-aie/programming_examples/basic/matrix_multiplication/whole_array/_build
cd _build &&  cmake --build . --config Release
gmake[1]: Entering directory '/scratch/luisr/mlir-aie/programming_examples/basic/matrix_multiplication/whole_array/_build'
gmake[2]: Entering directory '/scratch/luisr/mlir-aie/programming_examples/basic/matrix_multiplication/whole_array/_build'
gmake[3]: Entering directory '/scratch/luisr/mlir-aie/programming_examples/basic/matrix_multiplication/whole_array/_build'
gmake[3]: Leaving directory '/scratch/luisr/mlir-aie/programming_examples/basic/matrix_multiplication/whole_array/_build'
gmake[3]: Entering directory '/scratch/luisr/mlir-aie/programming_examples/basic/matrix_multiplication/whole_array/_build'
[ 33%] Building CXX object CMakeFiles/whole_array.dir/scratch/luisr/mlir-aie/runtime_lib/test_lib/test_utils.cpp.o
[ 66%] Building CXX object CMakeFiles/whole_array.dir/whole_array/test.cpp.o
[100%] Linking CXX executable whole_array
gmake[3]: Leaving directory '/scratch/luisr/mlir-aie/programming_examples/basic/matrix_multiplication/whole_array/_build'
[100%] Built target whole_array
gmake[2]: Leaving directory '/scratch/luisr/mlir-aie/programming_examples/basic/matrix_multiplication/whole_array/_build'
gmake[1]: Leaving directory '/scratch/luisr/mlir-aie/programming_examples/basic/matrix_multiplication/whole_array/_build'
cp _build/whole_array whole_array.exe 
mkdir -p build
python3 /scratch/luisr/mlir-aie/programming_examples/basic/matrix_multiplication/whole_array/whole_array.py -m 64 -k 88 -n 64 --n-aie-cols 8 --b-col-maj 0 --dev npu2 -M 1024 -K 704 -N 512 --dtype_in bf16 --dtype_out bf16 --emulate-bf16-mmul-with-bfp16 true --trace_size 0 > build/aie_1024x704x512_64x88x64_8c.mlir
mkdir -p build
cd build && xchesscc_wrapper aie2p -I /proj/xbuilds/2024.2_INT_1113_1001/installs/all_platforms/Vitis/2024.2/aietools/include  -Dbf16_bf16_ONLY -DDIM_M=64 -DDIM_K=88 -DDIM_N=64 -DAIE_API_EMULATE_BFLOAT16_MMUL_WITH_BFP16 -c /scratch/luisr/mlir-aie/programming_examples/basic/matrix_multiplication/whole_array/../../../../aie_kernels/aie2p/mm.cc -o mm_64x88x64.o
WARNING: Default location for XILINX_VIVADO_IP_OVERRIDE not found: /build/xfndry/IP_2024.2_INTEGRATION_VERIFIED/customer/vivado/data/ip
mkdir -p build
cd build && aiecc.py --alloc-scheme=basic-sequential --aie-generate-xclbin --no-compile-host --xclbin-name=final_1024x704x512_64x88x64_8c.xclbin \
			 \
			--aie-generate-npu-insts --npu-insts-name=insts_1024x704x512_64x88x64_8c.txt ../build/aie_1024x704x512_64x88x64_8c.mlir

Generating: /scratch/luisr/mlir-aie/programming_examples/basic/matrix_multiplication/whole_array/build/aie_1024x704x512_64x88x64_8c.mlir.prj/aie_cdo_elfs.bin
Generating: /scratch/luisr/mlir-aie/programming_examples/basic/matrix_multiplication/whole_array/build/aie_1024x704x512_64x88x64_8c.mlir.prj/aie_cdo_init.bin
Generating: /scratch/luisr/mlir-aie/programming_examples/basic/matrix_multiplication/whole_array/build/aie_1024x704x512_64x88x64_8c.mlir.prj/aie_cdo_enable.bin
export XRT_HACK_UNSECURE_LOADING_XCLBIN=1 && \
 ./whole_array.exe -x build/final_1024x704x512_64x88x64_8c.xclbin -i build/insts_1024x704x512_64x88x64_8c.txt -k MLIR_AIE -M 1024 -K 704 -N 512 --iters 40 --warmup 10 --verify=false --b_col_maj 0

Avg NPU matmul time: 246.15us.
Avg NPU gflops: 2998.97

Min NPU matmul time: 234us.
Max NPU gflops: 3154.69

Max NPU matmul time: 302us.
Min NPU gflops: 2444.36

PASS!

rm -rf tmpTrace parse*.json trace*json trace.txt
rm -rf build _build whole_array.exe
rm -rf _build
mkdir -p _build
cd _build &&  cmake -E env CXXFLAGS="-std=c++23 -ggdb -DDTYPE_IN=std::bfloat16_t -DDTYPE_OUT=std::bfloat16_t -DDTYPE_ACC=float" \
	cmake `echo /scratch/luisr/mlir-aie/programming_examples/basic/matrix_multiplication/whole_array/..` -D CMAKE_C_COMPILER=gcc-13 -D CMAKE_CXX_COMPILER=g++-13 -DTARGET_NAME=whole_array -Dsubdir=whole_array
-- The C compiler identification is GNU 13.3.0
-- The CXX compiler identification is GNU 13.3.0
-- Detecting C compiler ABI info
-- Detecting C compiler ABI info - done
-- Check for working C compiler: /usr/bin/gcc-13 - skipped
-- Detecting C compile features
-- Detecting C compile features - done
-- Detecting CXX compiler ABI info
-- Detecting CXX compiler ABI info - done
-- Check for working CXX compiler: /usr/bin/g++-13 - skipped
-- Detecting CXX compile features
-- Detecting CXX compile features - done
-- Configuring done (0.2s)
-- Generating done (0.0s)
-- Build files have been written to: /scratch/luisr/mlir-aie/programming_examples/basic/matrix_multiplication/whole_array/_build
cd _build &&  cmake --build . --config Release
gmake[1]: Entering directory '/scratch/luisr/mlir-aie/programming_examples/basic/matrix_multiplication/whole_array/_build'
gmake[2]: Entering directory '/scratch/luisr/mlir-aie/programming_examples/basic/matrix_multiplication/whole_array/_build'
gmake[3]: Entering directory '/scratch/luisr/mlir-aie/programming_examples/basic/matrix_multiplication/whole_array/_build'
gmake[3]: Leaving directory '/scratch/luisr/mlir-aie/programming_examples/basic/matrix_multiplication/whole_array/_build'
gmake[3]: Entering directory '/scratch/luisr/mlir-aie/programming_examples/basic/matrix_multiplication/whole_array/_build'
[ 33%] Building CXX object CMakeFiles/whole_array.dir/scratch/luisr/mlir-aie/runtime_lib/test_lib/test_utils.cpp.o
[ 66%] Building CXX object CMakeFiles/whole_array.dir/whole_array/test.cpp.o
[100%] Linking CXX executable whole_array
gmake[3]: Leaving directory '/scratch/luisr/mlir-aie/programming_examples/basic/matrix_multiplication/whole_array/_build'
[100%] Built target whole_array
gmake[2]: Leaving directory '/scratch/luisr/mlir-aie/programming_examples/basic/matrix_multiplication/whole_array/_build'
gmake[1]: Leaving directory '/scratch/luisr/mlir-aie/programming_examples/basic/matrix_multiplication/whole_array/_build'
cp _build/whole_array whole_array.exe 
mkdir -p build
python3 /scratch/luisr/mlir-aie/programming_examples/basic/matrix_multiplication/whole_array/whole_array.py -m 64 -k 88 -n 64 --n-aie-cols 8 --b-col-maj 0 --dev npu2 -M 1024 -K 704 -N 1024 --dtype_in bf16 --dtype_out bf16 --emulate-bf16-mmul-with-bfp16 true --trace_size 0 > build/aie_1024x704x1024_64x88x64_8c.mlir
mkdir -p build
cd build && xchesscc_wrapper aie2p -I /proj/xbuilds/2024.2_INT_1113_1001/installs/all_platforms/Vitis/2024.2/aietools/include  -Dbf16_bf16_ONLY -DDIM_M=64 -DDIM_K=88 -DDIM_N=64 -DAIE_API_EMULATE_BFLOAT16_MMUL_WITH_BFP16 -c /scratch/luisr/mlir-aie/programming_examples/basic/matrix_multiplication/whole_array/../../../../aie_kernels/aie2p/mm.cc -o mm_64x88x64.o
WARNING: Default location for XILINX_VIVADO_IP_OVERRIDE not found: /build/xfndry/IP_2024.2_INTEGRATION_VERIFIED/customer/vivado/data/ip
mkdir -p build
cd build && aiecc.py --alloc-scheme=basic-sequential --aie-generate-xclbin --no-compile-host --xclbin-name=final_1024x704x1024_64x88x64_8c.xclbin \
			 \
			--aie-generate-npu-insts --npu-insts-name=insts_1024x704x1024_64x88x64_8c.txt ../build/aie_1024x704x1024_64x88x64_8c.mlir

Generating: /scratch/luisr/mlir-aie/programming_examples/basic/matrix_multiplication/whole_array/build/aie_1024x704x1024_64x88x64_8c.mlir.prj/aie_cdo_elfs.bin
Generating: /scratch/luisr/mlir-aie/programming_examples/basic/matrix_multiplication/whole_array/build/aie_1024x704x1024_64x88x64_8c.mlir.prj/aie_cdo_init.bin
Generating: /scratch/luisr/mlir-aie/programming_examples/basic/matrix_multiplication/whole_array/build/aie_1024x704x1024_64x88x64_8c.mlir.prj/aie_cdo_enable.bin
export XRT_HACK_UNSECURE_LOADING_XCLBIN=1 && \
 ./whole_array.exe -x build/final_1024x704x1024_64x88x64_8c.xclbin -i build/insts_1024x704x1024_64x88x64_8c.txt -k MLIR_AIE -M 1024 -K 704 -N 1024 --iters 40 --warmup 10 --verify=false --b_col_maj 0

Avg NPU matmul time: 420.95us.
Avg NPU gflops: 3507.29

Min NPU matmul time: 386us.
Max NPU gflops: 3824.86

Max NPU matmul time: 467us.
Min NPU gflops: 3161.45

PASS!

rm -rf tmpTrace parse*.json trace*json trace.txt
rm -rf build _build whole_array.exe
rm -rf _build
mkdir -p _build
cd _build &&  cmake -E env CXXFLAGS="-std=c++23 -ggdb -DDTYPE_IN=std::bfloat16_t -DDTYPE_OUT=std::bfloat16_t -DDTYPE_ACC=float" \
	cmake `echo /scratch/luisr/mlir-aie/programming_examples/basic/matrix_multiplication/whole_array/..` -D CMAKE_C_COMPILER=gcc-13 -D CMAKE_CXX_COMPILER=g++-13 -DTARGET_NAME=whole_array -Dsubdir=whole_array
-- The C compiler identification is GNU 13.3.0
-- The CXX compiler identification is GNU 13.3.0
-- Detecting C compiler ABI info
-- Detecting C compiler ABI info - done
-- Check for working C compiler: /usr/bin/gcc-13 - skipped
-- Detecting C compile features
-- Detecting C compile features - done
-- Detecting CXX compiler ABI info
-- Detecting CXX compiler ABI info - done
-- Check for working CXX compiler: /usr/bin/g++-13 - skipped
-- Detecting CXX compile features
-- Detecting CXX compile features - done
-- Configuring done (0.3s)
-- Generating done (0.0s)
-- Build files have been written to: /scratch/luisr/mlir-aie/programming_examples/basic/matrix_multiplication/whole_array/_build
cd _build &&  cmake --build . --config Release
gmake[1]: Entering directory '/scratch/luisr/mlir-aie/programming_examples/basic/matrix_multiplication/whole_array/_build'
gmake[2]: Entering directory '/scratch/luisr/mlir-aie/programming_examples/basic/matrix_multiplication/whole_array/_build'
gmake[3]: Entering directory '/scratch/luisr/mlir-aie/programming_examples/basic/matrix_multiplication/whole_array/_build'
gmake[3]: Leaving directory '/scratch/luisr/mlir-aie/programming_examples/basic/matrix_multiplication/whole_array/_build'
gmake[3]: Entering directory '/scratch/luisr/mlir-aie/programming_examples/basic/matrix_multiplication/whole_array/_build'
[ 33%] Building CXX object CMakeFiles/whole_array.dir/scratch/luisr/mlir-aie/runtime_lib/test_lib/test_utils.cpp.o
[ 66%] Building CXX object CMakeFiles/whole_array.dir/whole_array/test.cpp.o
[100%] Linking CXX executable whole_array
gmake[3]: Leaving directory '/scratch/luisr/mlir-aie/programming_examples/basic/matrix_multiplication/whole_array/_build'
[100%] Built target whole_array
gmake[2]: Leaving directory '/scratch/luisr/mlir-aie/programming_examples/basic/matrix_multiplication/whole_array/_build'
gmake[1]: Leaving directory '/scratch/luisr/mlir-aie/programming_examples/basic/matrix_multiplication/whole_array/_build'
cp _build/whole_array whole_array.exe 
mkdir -p build
python3 /scratch/luisr/mlir-aie/programming_examples/basic/matrix_multiplication/whole_array/whole_array.py -m 64 -k 88 -n 64 --n-aie-cols 8 --b-col-maj 0 --dev npu2 -M 1024 -K 704 -N 4096 --dtype_in bf16 --dtype_out bf16 --emulate-bf16-mmul-with-bfp16 true --trace_size 0 > build/aie_1024x704x4096_64x88x64_8c.mlir
mkdir -p build
cd build && xchesscc_wrapper aie2p -I /proj/xbuilds/2024.2_INT_1113_1001/installs/all_platforms/Vitis/2024.2/aietools/include  -Dbf16_bf16_ONLY -DDIM_M=64 -DDIM_K=88 -DDIM_N=64 -DAIE_API_EMULATE_BFLOAT16_MMUL_WITH_BFP16 -c /scratch/luisr/mlir-aie/programming_examples/basic/matrix_multiplication/whole_array/../../../../aie_kernels/aie2p/mm.cc -o mm_64x88x64.o
WARNING: Default location for XILINX_VIVADO_IP_OVERRIDE not found: /build/xfndry/IP_2024.2_INTEGRATION_VERIFIED/customer/vivado/data/ip
mkdir -p build
cd build && aiecc.py --alloc-scheme=basic-sequential --aie-generate-xclbin --no-compile-host --xclbin-name=final_1024x704x4096_64x88x64_8c.xclbin \
			 \
			--aie-generate-npu-insts --npu-insts-name=insts_1024x704x4096_64x88x64_8c.txt ../build/aie_1024x704x4096_64x88x64_8c.mlir

Generating: /scratch/luisr/mlir-aie/programming_examples/basic/matrix_multiplication/whole_array/build/aie_1024x704x4096_64x88x64_8c.mlir.prj/aie_cdo_elfs.bin
Generating: /scratch/luisr/mlir-aie/programming_examples/basic/matrix_multiplication/whole_array/build/aie_1024x704x4096_64x88x64_8c.mlir.prj/aie_cdo_init.bin
Generating: /scratch/luisr/mlir-aie/programming_examples/basic/matrix_multiplication/whole_array/build/aie_1024x704x4096_64x88x64_8c.mlir.prj/aie_cdo_enable.bin
export XRT_HACK_UNSECURE_LOADING_XCLBIN=1 && \
 ./whole_array.exe -x build/final_1024x704x4096_64x88x64_8c.xclbin -i build/insts_1024x704x4096_64x88x64_8c.txt -k MLIR_AIE -M 1024 -K 704 -N 4096 --iters 40 --warmup 10 --verify=false --b_col_maj 0

Avg NPU matmul time: 1840.65us.
Avg NPU gflops: 3208.42

Min NPU matmul time: 1369us.
Max NPU gflops: 4313.79

Max NPU matmul time: 2570us.
Min NPU gflops: 2297.89

PASS!

rm -rf tmpTrace parse*.json trace*json trace.txt
rm -rf build _build whole_array.exe
rm -rf _build
mkdir -p _build
cd _build &&  cmake -E env CXXFLAGS="-std=c++23 -ggdb -DDTYPE_IN=std::bfloat16_t -DDTYPE_OUT=std::bfloat16_t -DDTYPE_ACC=float" \
	cmake `echo /scratch/luisr/mlir-aie/programming_examples/basic/matrix_multiplication/whole_array/..` -D CMAKE_C_COMPILER=gcc-13 -D CMAKE_CXX_COMPILER=g++-13 -DTARGET_NAME=whole_array -Dsubdir=whole_array
-- The C compiler identification is GNU 13.3.0
-- The CXX compiler identification is GNU 13.3.0
-- Detecting C compiler ABI info
-- Detecting C compiler ABI info - done
-- Check for working C compiler: /usr/bin/gcc-13 - skipped
-- Detecting C compile features
-- Detecting C compile features - done
-- Detecting CXX compiler ABI info
-- Detecting CXX compiler ABI info - done
-- Check for working CXX compiler: /usr/bin/g++-13 - skipped
-- Detecting CXX compile features
-- Detecting CXX compile features - done
-- Configuring done (0.3s)
-- Generating done (0.0s)
-- Build files have been written to: /scratch/luisr/mlir-aie/programming_examples/basic/matrix_multiplication/whole_array/_build
cd _build &&  cmake --build . --config Release
gmake[1]: Entering directory '/scratch/luisr/mlir-aie/programming_examples/basic/matrix_multiplication/whole_array/_build'
gmake[2]: Entering directory '/scratch/luisr/mlir-aie/programming_examples/basic/matrix_multiplication/whole_array/_build'
gmake[3]: Entering directory '/scratch/luisr/mlir-aie/programming_examples/basic/matrix_multiplication/whole_array/_build'
gmake[3]: Leaving directory '/scratch/luisr/mlir-aie/programming_examples/basic/matrix_multiplication/whole_array/_build'
gmake[3]: Entering directory '/scratch/luisr/mlir-aie/programming_examples/basic/matrix_multiplication/whole_array/_build'
[ 33%] Building CXX object CMakeFiles/whole_array.dir/scratch/luisr/mlir-aie/runtime_lib/test_lib/test_utils.cpp.o
[ 66%] Building CXX object CMakeFiles/whole_array.dir/whole_array/test.cpp.o
[100%] Linking CXX executable whole_array
gmake[3]: Leaving directory '/scratch/luisr/mlir-aie/programming_examples/basic/matrix_multiplication/whole_array/_build'
[100%] Built target whole_array
gmake[2]: Leaving directory '/scratch/luisr/mlir-aie/programming_examples/basic/matrix_multiplication/whole_array/_build'
gmake[1]: Leaving directory '/scratch/luisr/mlir-aie/programming_examples/basic/matrix_multiplication/whole_array/_build'
cp _build/whole_array whole_array.exe 
mkdir -p build
python3 /scratch/luisr/mlir-aie/programming_examples/basic/matrix_multiplication/whole_array/whole_array.py -m 64 -k 88 -n 64 --n-aie-cols 8 --b-col-maj 0 --dev npu2 -M 1024 -K 704 -N 8192 --dtype_in bf16 --dtype_out bf16 --emulate-bf16-mmul-with-bfp16 true --trace_size 0 > build/aie_1024x704x8192_64x88x64_8c.mlir
mkdir -p build
cd build && xchesscc_wrapper aie2p -I /proj/xbuilds/2024.2_INT_1113_1001/installs/all_platforms/Vitis/2024.2/aietools/include  -Dbf16_bf16_ONLY -DDIM_M=64 -DDIM_K=88 -DDIM_N=64 -DAIE_API_EMULATE_BFLOAT16_MMUL_WITH_BFP16 -c /scratch/luisr/mlir-aie/programming_examples/basic/matrix_multiplication/whole_array/../../../../aie_kernels/aie2p/mm.cc -o mm_64x88x64.o
WARNING: Default location for XILINX_VIVADO_IP_OVERRIDE not found: /build/xfndry/IP_2024.2_INTEGRATION_VERIFIED/customer/vivado/data/ip
mkdir -p build
cd build && aiecc.py --alloc-scheme=basic-sequential --aie-generate-xclbin --no-compile-host --xclbin-name=final_1024x704x8192_64x88x64_8c.xclbin \
			 \
			--aie-generate-npu-insts --npu-insts-name=insts_1024x704x8192_64x88x64_8c.txt ../build/aie_1024x704x8192_64x88x64_8c.mlir

Generating: /scratch/luisr/mlir-aie/programming_examples/basic/matrix_multiplication/whole_array/build/aie_1024x704x8192_64x88x64_8c.mlir.prj/aie_cdo_elfs.bin
Generating: /scratch/luisr/mlir-aie/programming_examples/basic/matrix_multiplication/whole_array/build/aie_1024x704x8192_64x88x64_8c.mlir.prj/aie_cdo_init.bin
Generating: /scratch/luisr/mlir-aie/programming_examples/basic/matrix_multiplication/whole_array/build/aie_1024x704x8192_64x88x64_8c.mlir.prj/aie_cdo_enable.bin
export XRT_HACK_UNSECURE_LOADING_XCLBIN=1 && \
 ./whole_array.exe -x build/final_1024x704x8192_64x88x64_8c.xclbin -i build/insts_1024x704x8192_64x88x64_8c.txt -k MLIR_AIE -M 1024 -K 704 -N 8192 --iters 40 --warmup 10 --verify=false --b_col_maj 0

Avg NPU matmul time: 3374.48us.
Avg NPU gflops: 3500.15

Min NPU matmul time: 3049us.
Max NPU gflops: 3873.78

Max NPU matmul time: 3624us.
Min NPU gflops: 3259.15

PASS!

rm -rf tmpTrace parse*.json trace*json trace.txt
rm -rf build _build whole_array.exe
rm -rf _build
mkdir -p _build
cd _build &&  cmake -E env CXXFLAGS="-std=c++23 -ggdb -DDTYPE_IN=std::bfloat16_t -DDTYPE_OUT=std::bfloat16_t -DDTYPE_ACC=float" \
	cmake `echo /scratch/luisr/mlir-aie/programming_examples/basic/matrix_multiplication/whole_array/..` -D CMAKE_C_COMPILER=gcc-13 -D CMAKE_CXX_COMPILER=g++-13 -DTARGET_NAME=whole_array -Dsubdir=whole_array
-- The C compiler identification is GNU 13.3.0
-- The CXX compiler identification is GNU 13.3.0
-- Detecting C compiler ABI info
-- Detecting C compiler ABI info - done
-- Check for working C compiler: /usr/bin/gcc-13 - skipped
-- Detecting C compile features
-- Detecting C compile features - done
-- Detecting CXX compiler ABI info
-- Detecting CXX compiler ABI info - done
-- Check for working CXX compiler: /usr/bin/g++-13 - skipped
-- Detecting CXX compile features
-- Detecting CXX compile features - done
-- Configuring done (0.2s)
-- Generating done (0.0s)
-- Build files have been written to: /scratch/luisr/mlir-aie/programming_examples/basic/matrix_multiplication/whole_array/_build
cd _build &&  cmake --build . --config Release
gmake[1]: Entering directory '/scratch/luisr/mlir-aie/programming_examples/basic/matrix_multiplication/whole_array/_build'
gmake[2]: Entering directory '/scratch/luisr/mlir-aie/programming_examples/basic/matrix_multiplication/whole_array/_build'
gmake[3]: Entering directory '/scratch/luisr/mlir-aie/programming_examples/basic/matrix_multiplication/whole_array/_build'
gmake[3]: Leaving directory '/scratch/luisr/mlir-aie/programming_examples/basic/matrix_multiplication/whole_array/_build'
gmake[3]: Entering directory '/scratch/luisr/mlir-aie/programming_examples/basic/matrix_multiplication/whole_array/_build'
[ 33%] Building CXX object CMakeFiles/whole_array.dir/scratch/luisr/mlir-aie/runtime_lib/test_lib/test_utils.cpp.o
[ 66%] Building CXX object CMakeFiles/whole_array.dir/whole_array/test.cpp.o
[100%] Linking CXX executable whole_array
gmake[3]: Leaving directory '/scratch/luisr/mlir-aie/programming_examples/basic/matrix_multiplication/whole_array/_build'
[100%] Built target whole_array
gmake[2]: Leaving directory '/scratch/luisr/mlir-aie/programming_examples/basic/matrix_multiplication/whole_array/_build'
gmake[1]: Leaving directory '/scratch/luisr/mlir-aie/programming_examples/basic/matrix_multiplication/whole_array/_build'
cp _build/whole_array whole_array.exe 
mkdir -p build
python3 /scratch/luisr/mlir-aie/programming_examples/basic/matrix_multiplication/whole_array/whole_array.py -m 64 -k 88 -n 64 --n-aie-cols 8 --b-col-maj 0 --dev npu2 -M 1024 -K 1408 -N 512 --dtype_in bf16 --dtype_out bf16 --emulate-bf16-mmul-with-bfp16 true --trace_size 0 > build/aie_1024x1408x512_64x88x64_8c.mlir
mkdir -p build
cd build && xchesscc_wrapper aie2p -I /proj/xbuilds/2024.2_INT_1113_1001/installs/all_platforms/Vitis/2024.2/aietools/include  -Dbf16_bf16_ONLY -DDIM_M=64 -DDIM_K=88 -DDIM_N=64 -DAIE_API_EMULATE_BFLOAT16_MMUL_WITH_BFP16 -c /scratch/luisr/mlir-aie/programming_examples/basic/matrix_multiplication/whole_array/../../../../aie_kernels/aie2p/mm.cc -o mm_64x88x64.o
WARNING: Default location for XILINX_VIVADO_IP_OVERRIDE not found: /build/xfndry/IP_2024.2_INTEGRATION_VERIFIED/customer/vivado/data/ip
mkdir -p build
cd build && aiecc.py --alloc-scheme=basic-sequential --aie-generate-xclbin --no-compile-host --xclbin-name=final_1024x1408x512_64x88x64_8c.xclbin \
			 \
			--aie-generate-npu-insts --npu-insts-name=insts_1024x1408x512_64x88x64_8c.txt ../build/aie_1024x1408x512_64x88x64_8c.mlir

Generating: /scratch/luisr/mlir-aie/programming_examples/basic/matrix_multiplication/whole_array/build/aie_1024x1408x512_64x88x64_8c.mlir.prj/aie_cdo_elfs.bin
Generating: /scratch/luisr/mlir-aie/programming_examples/basic/matrix_multiplication/whole_array/build/aie_1024x1408x512_64x88x64_8c.mlir.prj/aie_cdo_init.bin
Generating: /scratch/luisr/mlir-aie/programming_examples/basic/matrix_multiplication/whole_array/build/aie_1024x1408x512_64x88x64_8c.mlir.prj/aie_cdo_enable.bin
export XRT_HACK_UNSECURE_LOADING_XCLBIN=1 && \
 ./whole_array.exe -x build/final_1024x1408x512_64x88x64_8c.xclbin -i build/insts_1024x1408x512_64x88x64_8c.txt -k MLIR_AIE -M 1024 -K 1408 -N 512 --iters 40 --warmup 10 --verify=false --b_col_maj 0

Avg NPU matmul time: 400.05us.
Avg NPU gflops: 3690.53

Min NPU matmul time: 386us.
Max NPU gflops: 3824.86

Max NPU matmul time: 454us.
Min NPU gflops: 3251.97

PASS!

rm -rf tmpTrace parse*.json trace*json trace.txt
rm -rf build _build whole_array.exe
rm -rf _build
mkdir -p _build
cd _build &&  cmake -E env CXXFLAGS="-std=c++23 -ggdb -DDTYPE_IN=std::bfloat16_t -DDTYPE_OUT=std::bfloat16_t -DDTYPE_ACC=float" \
	cmake `echo /scratch/luisr/mlir-aie/programming_examples/basic/matrix_multiplication/whole_array/..` -D CMAKE_C_COMPILER=gcc-13 -D CMAKE_CXX_COMPILER=g++-13 -DTARGET_NAME=whole_array -Dsubdir=whole_array
-- The C compiler identification is GNU 13.3.0
-- The CXX compiler identification is GNU 13.3.0
-- Detecting C compiler ABI info
-- Detecting C compiler ABI info - done
-- Check for working C compiler: /usr/bin/gcc-13 - skipped
-- Detecting C compile features
-- Detecting C compile features - done
-- Detecting CXX compiler ABI info
-- Detecting CXX compiler ABI info - done
-- Check for working CXX compiler: /usr/bin/g++-13 - skipped
-- Detecting CXX compile features
-- Detecting CXX compile features - done
-- Configuring done (0.3s)
-- Generating done (0.0s)
-- Build files have been written to: /scratch/luisr/mlir-aie/programming_examples/basic/matrix_multiplication/whole_array/_build
cd _build &&  cmake --build . --config Release
gmake[1]: Entering directory '/scratch/luisr/mlir-aie/programming_examples/basic/matrix_multiplication/whole_array/_build'
gmake[2]: Entering directory '/scratch/luisr/mlir-aie/programming_examples/basic/matrix_multiplication/whole_array/_build'
gmake[3]: Entering directory '/scratch/luisr/mlir-aie/programming_examples/basic/matrix_multiplication/whole_array/_build'
gmake[3]: Leaving directory '/scratch/luisr/mlir-aie/programming_examples/basic/matrix_multiplication/whole_array/_build'
gmake[3]: Entering directory '/scratch/luisr/mlir-aie/programming_examples/basic/matrix_multiplication/whole_array/_build'
[ 33%] Building CXX object CMakeFiles/whole_array.dir/scratch/luisr/mlir-aie/runtime_lib/test_lib/test_utils.cpp.o
[ 66%] Building CXX object CMakeFiles/whole_array.dir/whole_array/test.cpp.o
[100%] Linking CXX executable whole_array
gmake[3]: Leaving directory '/scratch/luisr/mlir-aie/programming_examples/basic/matrix_multiplication/whole_array/_build'
[100%] Built target whole_array
gmake[2]: Leaving directory '/scratch/luisr/mlir-aie/programming_examples/basic/matrix_multiplication/whole_array/_build'
gmake[1]: Leaving directory '/scratch/luisr/mlir-aie/programming_examples/basic/matrix_multiplication/whole_array/_build'
cp _build/whole_array whole_array.exe 
mkdir -p build
python3 /scratch/luisr/mlir-aie/programming_examples/basic/matrix_multiplication/whole_array/whole_array.py -m 64 -k 88 -n 64 --n-aie-cols 8 --b-col-maj 0 --dev npu2 -M 1024 -K 1408 -N 1024 --dtype_in bf16 --dtype_out bf16 --emulate-bf16-mmul-with-bfp16 true --trace_size 0 > build/aie_1024x1408x1024_64x88x64_8c.mlir
mkdir -p build
cd build && xchesscc_wrapper aie2p -I /proj/xbuilds/2024.2_INT_1113_1001/installs/all_platforms/Vitis/2024.2/aietools/include  -Dbf16_bf16_ONLY -DDIM_M=64 -DDIM_K=88 -DDIM_N=64 -DAIE_API_EMULATE_BFLOAT16_MMUL_WITH_BFP16 -c /scratch/luisr/mlir-aie/programming_examples/basic/matrix_multiplication/whole_array/../../../../aie_kernels/aie2p/mm.cc -o mm_64x88x64.o
WARNING: Default location for XILINX_VIVADO_IP_OVERRIDE not found: /build/xfndry/IP_2024.2_INTEGRATION_VERIFIED/customer/vivado/data/ip
mkdir -p build
cd build && aiecc.py --alloc-scheme=basic-sequential --aie-generate-xclbin --no-compile-host --xclbin-name=final_1024x1408x1024_64x88x64_8c.xclbin \
			 \
			--aie-generate-npu-insts --npu-insts-name=insts_1024x1408x1024_64x88x64_8c.txt ../build/aie_1024x1408x1024_64x88x64_8c.mlir

Generating: /scratch/luisr/mlir-aie/programming_examples/basic/matrix_multiplication/whole_array/build/aie_1024x1408x1024_64x88x64_8c.mlir.prj/aie_cdo_elfs.bin
Generating: /scratch/luisr/mlir-aie/programming_examples/basic/matrix_multiplication/whole_array/build/aie_1024x1408x1024_64x88x64_8c.mlir.prj/aie_cdo_init.bin
Generating: /scratch/luisr/mlir-aie/programming_examples/basic/matrix_multiplication/whole_array/build/aie_1024x1408x1024_64x88x64_8c.mlir.prj/aie_cdo_enable.bin
export XRT_HACK_UNSECURE_LOADING_XCLBIN=1 && \
 ./whole_array.exe -x build/final_1024x1408x1024_64x88x64_8c.xclbin -i build/insts_1024x1408x1024_64x88x64_8c.txt -k MLIR_AIE -M 1024 -K 1408 -N 1024 --iters 40 --warmup 10 --verify=false --b_col_maj 0

Avg NPU matmul time: 717.95us.
Avg NPU gflops: 4112.81

Min NPU matmul time: 707us.
Max NPU gflops: 4176.51

Max NPU matmul time: 723us.
Min NPU gflops: 4084.08

PASS!

rm -rf tmpTrace parse*.json trace*json trace.txt
rm -rf build _build whole_array.exe
rm -rf _build
mkdir -p _build
cd _build &&  cmake -E env CXXFLAGS="-std=c++23 -ggdb -DDTYPE_IN=std::bfloat16_t -DDTYPE_OUT=std::bfloat16_t -DDTYPE_ACC=float" \
	cmake `echo /scratch/luisr/mlir-aie/programming_examples/basic/matrix_multiplication/whole_array/..` -D CMAKE_C_COMPILER=gcc-13 -D CMAKE_CXX_COMPILER=g++-13 -DTARGET_NAME=whole_array -Dsubdir=whole_array
-- The C compiler identification is GNU 13.3.0
-- The CXX compiler identification is GNU 13.3.0
-- Detecting C compiler ABI info
-- Detecting C compiler ABI info - done
-- Check for working C compiler: /usr/bin/gcc-13 - skipped
-- Detecting C compile features
-- Detecting C compile features - done
-- Detecting CXX compiler ABI info
-- Detecting CXX compiler ABI info - done
-- Check for working CXX compiler: /usr/bin/g++-13 - skipped
-- Detecting CXX compile features
-- Detecting CXX compile features - done
-- Configuring done (0.3s)
-- Generating done (0.0s)
-- Build files have been written to: /scratch/luisr/mlir-aie/programming_examples/basic/matrix_multiplication/whole_array/_build
cd _build &&  cmake --build . --config Release
gmake[1]: Entering directory '/scratch/luisr/mlir-aie/programming_examples/basic/matrix_multiplication/whole_array/_build'
gmake[2]: Entering directory '/scratch/luisr/mlir-aie/programming_examples/basic/matrix_multiplication/whole_array/_build'
gmake[3]: Entering directory '/scratch/luisr/mlir-aie/programming_examples/basic/matrix_multiplication/whole_array/_build'
gmake[3]: Leaving directory '/scratch/luisr/mlir-aie/programming_examples/basic/matrix_multiplication/whole_array/_build'
gmake[3]: Entering directory '/scratch/luisr/mlir-aie/programming_examples/basic/matrix_multiplication/whole_array/_build'
[ 33%] Building CXX object CMakeFiles/whole_array.dir/scratch/luisr/mlir-aie/runtime_lib/test_lib/test_utils.cpp.o
[ 66%] Building CXX object CMakeFiles/whole_array.dir/whole_array/test.cpp.o
[100%] Linking CXX executable whole_array
gmake[3]: Leaving directory '/scratch/luisr/mlir-aie/programming_examples/basic/matrix_multiplication/whole_array/_build'
[100%] Built target whole_array
gmake[2]: Leaving directory '/scratch/luisr/mlir-aie/programming_examples/basic/matrix_multiplication/whole_array/_build'
gmake[1]: Leaving directory '/scratch/luisr/mlir-aie/programming_examples/basic/matrix_multiplication/whole_array/_build'
cp _build/whole_array whole_array.exe 
mkdir -p build
python3 /scratch/luisr/mlir-aie/programming_examples/basic/matrix_multiplication/whole_array/whole_array.py -m 64 -k 88 -n 64 --n-aie-cols 8 --b-col-maj 0 --dev npu2 -M 1024 -K 1408 -N 4096 --dtype_in bf16 --dtype_out bf16 --emulate-bf16-mmul-with-bfp16 true --trace_size 0 > build/aie_1024x1408x4096_64x88x64_8c.mlir
mkdir -p build
cd build && xchesscc_wrapper aie2p -I /proj/xbuilds/2024.2_INT_1113_1001/installs/all_platforms/Vitis/2024.2/aietools/include  -Dbf16_bf16_ONLY -DDIM_M=64 -DDIM_K=88 -DDIM_N=64 -DAIE_API_EMULATE_BFLOAT16_MMUL_WITH_BFP16 -c /scratch/luisr/mlir-aie/programming_examples/basic/matrix_multiplication/whole_array/../../../../aie_kernels/aie2p/mm.cc -o mm_64x88x64.o
WARNING: Default location for XILINX_VIVADO_IP_OVERRIDE not found: /build/xfndry/IP_2024.2_INTEGRATION_VERIFIED/customer/vivado/data/ip
mkdir -p build
cd build && aiecc.py --alloc-scheme=basic-sequential --aie-generate-xclbin --no-compile-host --xclbin-name=final_1024x1408x4096_64x88x64_8c.xclbin \
			 \
			--aie-generate-npu-insts --npu-insts-name=insts_1024x1408x4096_64x88x64_8c.txt ../build/aie_1024x1408x4096_64x88x64_8c.mlir

Generating: /scratch/luisr/mlir-aie/programming_examples/basic/matrix_multiplication/whole_array/build/aie_1024x1408x4096_64x88x64_8c.mlir.prj/aie_cdo_elfs.bin
Generating: /scratch/luisr/mlir-aie/programming_examples/basic/matrix_multiplication/whole_array/build/aie_1024x1408x4096_64x88x64_8c.mlir.prj/aie_cdo_init.bin
Generating: /scratch/luisr/mlir-aie/programming_examples/basic/matrix_multiplication/whole_array/build/aie_1024x1408x4096_64x88x64_8c.mlir.prj/aie_cdo_enable.bin
export XRT_HACK_UNSECURE_LOADING_XCLBIN=1 && \
 ./whole_array.exe -x build/final_1024x1408x4096_64x88x64_8c.xclbin -i build/insts_1024x1408x4096_64x88x64_8c.txt -k MLIR_AIE -M 1024 -K 1408 -N 4096 --iters 40 --warmup 10 --verify=false --b_col_maj 0

Avg NPU matmul time: 2935.23us.
Avg NPU gflops: 4023.94

Min NPU matmul time: 2632us.
Max NPU gflops: 4487.52

Max NPU matmul time: 3196us.
Min NPU gflops: 3695.61

PASS!

rm -rf tmpTrace parse*.json trace*json trace.txt
rm -rf build _build whole_array.exe
rm -rf _build
mkdir -p _build
cd _build &&  cmake -E env CXXFLAGS="-std=c++23 -ggdb -DDTYPE_IN=std::bfloat16_t -DDTYPE_OUT=std::bfloat16_t -DDTYPE_ACC=float" \
	cmake `echo /scratch/luisr/mlir-aie/programming_examples/basic/matrix_multiplication/whole_array/..` -D CMAKE_C_COMPILER=gcc-13 -D CMAKE_CXX_COMPILER=g++-13 -DTARGET_NAME=whole_array -Dsubdir=whole_array
-- The C compiler identification is GNU 13.3.0
-- The CXX compiler identification is GNU 13.3.0
-- Detecting C compiler ABI info
-- Detecting C compiler ABI info - done
-- Check for working C compiler: /usr/bin/gcc-13 - skipped
-- Detecting C compile features
-- Detecting C compile features - done
-- Detecting CXX compiler ABI info
-- Detecting CXX compiler ABI info - done
-- Check for working CXX compiler: /usr/bin/g++-13 - skipped
-- Detecting CXX compile features
-- Detecting CXX compile features - done
-- Configuring done (0.3s)
-- Generating done (0.0s)
-- Build files have been written to: /scratch/luisr/mlir-aie/programming_examples/basic/matrix_multiplication/whole_array/_build
cd _build &&  cmake --build . --config Release
gmake[1]: Entering directory '/scratch/luisr/mlir-aie/programming_examples/basic/matrix_multiplication/whole_array/_build'
gmake[2]: Entering directory '/scratch/luisr/mlir-aie/programming_examples/basic/matrix_multiplication/whole_array/_build'
gmake[3]: Entering directory '/scratch/luisr/mlir-aie/programming_examples/basic/matrix_multiplication/whole_array/_build'
gmake[3]: Leaving directory '/scratch/luisr/mlir-aie/programming_examples/basic/matrix_multiplication/whole_array/_build'
gmake[3]: Entering directory '/scratch/luisr/mlir-aie/programming_examples/basic/matrix_multiplication/whole_array/_build'
[ 33%] Building CXX object CMakeFiles/whole_array.dir/scratch/luisr/mlir-aie/runtime_lib/test_lib/test_utils.cpp.o
[ 66%] Building CXX object CMakeFiles/whole_array.dir/whole_array/test.cpp.o
[100%] Linking CXX executable whole_array
gmake[3]: Leaving directory '/scratch/luisr/mlir-aie/programming_examples/basic/matrix_multiplication/whole_array/_build'
[100%] Built target whole_array
gmake[2]: Leaving directory '/scratch/luisr/mlir-aie/programming_examples/basic/matrix_multiplication/whole_array/_build'
gmake[1]: Leaving directory '/scratch/luisr/mlir-aie/programming_examples/basic/matrix_multiplication/whole_array/_build'
cp _build/whole_array whole_array.exe 
mkdir -p build
python3 /scratch/luisr/mlir-aie/programming_examples/basic/matrix_multiplication/whole_array/whole_array.py -m 64 -k 88 -n 64 --n-aie-cols 8 --b-col-maj 0 --dev npu2 -M 1024 -K 1408 -N 8192 --dtype_in bf16 --dtype_out bf16 --emulate-bf16-mmul-with-bfp16 true --trace_size 0 > build/aie_1024x1408x8192_64x88x64_8c.mlir
mkdir -p build
cd build && xchesscc_wrapper aie2p -I /proj/xbuilds/2024.2_INT_1113_1001/installs/all_platforms/Vitis/2024.2/aietools/include  -Dbf16_bf16_ONLY -DDIM_M=64 -DDIM_K=88 -DDIM_N=64 -DAIE_API_EMULATE_BFLOAT16_MMUL_WITH_BFP16 -c /scratch/luisr/mlir-aie/programming_examples/basic/matrix_multiplication/whole_array/../../../../aie_kernels/aie2p/mm.cc -o mm_64x88x64.o
WARNING: Default location for XILINX_VIVADO_IP_OVERRIDE not found: /build/xfndry/IP_2024.2_INTEGRATION_VERIFIED/customer/vivado/data/ip
mkdir -p build
cd build && aiecc.py --alloc-scheme=basic-sequential --aie-generate-xclbin --no-compile-host --xclbin-name=final_1024x1408x8192_64x88x64_8c.xclbin \
			 \
			--aie-generate-npu-insts --npu-insts-name=insts_1024x1408x8192_64x88x64_8c.txt ../build/aie_1024x1408x8192_64x88x64_8c.mlir

Generating: /scratch/luisr/mlir-aie/programming_examples/basic/matrix_multiplication/whole_array/build/aie_1024x1408x8192_64x88x64_8c.mlir.prj/aie_cdo_elfs.bin
Generating: /scratch/luisr/mlir-aie/programming_examples/basic/matrix_multiplication/whole_array/build/aie_1024x1408x8192_64x88x64_8c.mlir.prj/aie_cdo_init.bin
Generating: /scratch/luisr/mlir-aie/programming_examples/basic/matrix_multiplication/whole_array/build/aie_1024x1408x8192_64x88x64_8c.mlir.prj/aie_cdo_enable.bin
export XRT_HACK_UNSECURE_LOADING_XCLBIN=1 && \
 ./whole_array.exe -x build/final_1024x1408x8192_64x88x64_8c.xclbin -i build/insts_1024x1408x8192_64x88x64_8c.txt -k MLIR_AIE -M 1024 -K 1408 -N 8192 --iters 40 --warmup 10 --verify=false --b_col_maj 0

Avg NPU matmul time: 6105.95us.
Avg NPU gflops: 3868.74

Min NPU matmul time: 5619us.
Max NPU gflops: 4204.01

Max NPU matmul time: 7729us.
Min NPU gflops: 3056.32

PASS!

rm -rf tmpTrace parse*.json trace*json trace.txt
rm -rf build _build whole_array.exe
rm -rf _build
mkdir -p _build
cd _build &&  cmake -E env CXXFLAGS="-std=c++23 -ggdb -DDTYPE_IN=std::bfloat16_t -DDTYPE_OUT=std::bfloat16_t -DDTYPE_ACC=float" \
	cmake `echo /scratch/luisr/mlir-aie/programming_examples/basic/matrix_multiplication/whole_array/..` -D CMAKE_C_COMPILER=gcc-13 -D CMAKE_CXX_COMPILER=g++-13 -DTARGET_NAME=whole_array -Dsubdir=whole_array
-- The C compiler identification is GNU 13.3.0
-- The CXX compiler identification is GNU 13.3.0
-- Detecting C compiler ABI info
-- Detecting C compiler ABI info - done
-- Check for working C compiler: /usr/bin/gcc-13 - skipped
-- Detecting C compile features
-- Detecting C compile features - done
-- Detecting CXX compiler ABI info
-- Detecting CXX compiler ABI info - done
-- Check for working CXX compiler: /usr/bin/g++-13 - skipped
-- Detecting CXX compile features
-- Detecting CXX compile features - done
-- Configuring done (0.2s)
-- Generating done (0.0s)
-- Build files have been written to: /scratch/luisr/mlir-aie/programming_examples/basic/matrix_multiplication/whole_array/_build
cd _build &&  cmake --build . --config Release
gmake[1]: Entering directory '/scratch/luisr/mlir-aie/programming_examples/basic/matrix_multiplication/whole_array/_build'
gmake[2]: Entering directory '/scratch/luisr/mlir-aie/programming_examples/basic/matrix_multiplication/whole_array/_build'
gmake[3]: Entering directory '/scratch/luisr/mlir-aie/programming_examples/basic/matrix_multiplication/whole_array/_build'
gmake[3]: Leaving directory '/scratch/luisr/mlir-aie/programming_examples/basic/matrix_multiplication/whole_array/_build'
gmake[3]: Entering directory '/scratch/luisr/mlir-aie/programming_examples/basic/matrix_multiplication/whole_array/_build'
[ 33%] Building CXX object CMakeFiles/whole_array.dir/scratch/luisr/mlir-aie/runtime_lib/test_lib/test_utils.cpp.o
[ 66%] Building CXX object CMakeFiles/whole_array.dir/whole_array/test.cpp.o
[100%] Linking CXX executable whole_array
gmake[3]: Leaving directory '/scratch/luisr/mlir-aie/programming_examples/basic/matrix_multiplication/whole_array/_build'
[100%] Built target whole_array
gmake[2]: Leaving directory '/scratch/luisr/mlir-aie/programming_examples/basic/matrix_multiplication/whole_array/_build'
gmake[1]: Leaving directory '/scratch/luisr/mlir-aie/programming_examples/basic/matrix_multiplication/whole_array/_build'
cp _build/whole_array whole_array.exe 
mkdir -p build
python3 /scratch/luisr/mlir-aie/programming_examples/basic/matrix_multiplication/whole_array/whole_array.py -m 64 -k 88 -n 64 --n-aie-cols 8 --b-col-maj 0 --dev npu2 -M 1024 -K 4224 -N 512 --dtype_in bf16 --dtype_out bf16 --emulate-bf16-mmul-with-bfp16 true --trace_size 0 > build/aie_1024x4224x512_64x88x64_8c.mlir
mkdir -p build
cd build && xchesscc_wrapper aie2p -I /proj/xbuilds/2024.2_INT_1113_1001/installs/all_platforms/Vitis/2024.2/aietools/include  -Dbf16_bf16_ONLY -DDIM_M=64 -DDIM_K=88 -DDIM_N=64 -DAIE_API_EMULATE_BFLOAT16_MMUL_WITH_BFP16 -c /scratch/luisr/mlir-aie/programming_examples/basic/matrix_multiplication/whole_array/../../../../aie_kernels/aie2p/mm.cc -o mm_64x88x64.o
WARNING: Default location for XILINX_VIVADO_IP_OVERRIDE not found: /build/xfndry/IP_2024.2_INTEGRATION_VERIFIED/customer/vivado/data/ip
mkdir -p build
cd build && aiecc.py --alloc-scheme=basic-sequential --aie-generate-xclbin --no-compile-host --xclbin-name=final_1024x4224x512_64x88x64_8c.xclbin \
			 \
			--aie-generate-npu-insts --npu-insts-name=insts_1024x4224x512_64x88x64_8c.txt ../build/aie_1024x4224x512_64x88x64_8c.mlir

Generating: /scratch/luisr/mlir-aie/programming_examples/basic/matrix_multiplication/whole_array/build/aie_1024x4224x512_64x88x64_8c.mlir.prj/aie_cdo_elfs.bin
Generating: /scratch/luisr/mlir-aie/programming_examples/basic/matrix_multiplication/whole_array/build/aie_1024x4224x512_64x88x64_8c.mlir.prj/aie_cdo_init.bin
Generating: /scratch/luisr/mlir-aie/programming_examples/basic/matrix_multiplication/whole_array/build/aie_1024x4224x512_64x88x64_8c.mlir.prj/aie_cdo_enable.bin
export XRT_HACK_UNSECURE_LOADING_XCLBIN=1 && \
 ./whole_array.exe -x build/final_1024x4224x512_64x88x64_8c.xclbin -i build/insts_1024x4224x512_64x88x64_8c.txt -k MLIR_AIE -M 1024 -K 4224 -N 512 --iters 40 --warmup 10 --verify=false --b_col_maj 0

Avg NPU matmul time: 1346.9us.
Avg NPU gflops: 3288.43

Min NPU matmul time: 1036us.
Max NPU gflops: 4275.27

Max NPU matmul time: 1568us.
Min NPU gflops: 2824.74

PASS!

rm -rf tmpTrace parse*.json trace*json trace.txt
rm -rf build _build whole_array.exe
rm -rf _build
mkdir -p _build
cd _build &&  cmake -E env CXXFLAGS="-std=c++23 -ggdb -DDTYPE_IN=std::bfloat16_t -DDTYPE_OUT=std::bfloat16_t -DDTYPE_ACC=float" \
	cmake `echo /scratch/luisr/mlir-aie/programming_examples/basic/matrix_multiplication/whole_array/..` -D CMAKE_C_COMPILER=gcc-13 -D CMAKE_CXX_COMPILER=g++-13 -DTARGET_NAME=whole_array -Dsubdir=whole_array
-- The C compiler identification is GNU 13.3.0
-- The CXX compiler identification is GNU 13.3.0
-- Detecting C compiler ABI info
-- Detecting C compiler ABI info - done
-- Check for working C compiler: /usr/bin/gcc-13 - skipped
-- Detecting C compile features
-- Detecting C compile features - done
-- Detecting CXX compiler ABI info
-- Detecting CXX compiler ABI info - done
-- Check for working CXX compiler: /usr/bin/g++-13 - skipped
-- Detecting CXX compile features
-- Detecting CXX compile features - done
-- Configuring done (0.3s)
-- Generating done (0.0s)
-- Build files have been written to: /scratch/luisr/mlir-aie/programming_examples/basic/matrix_multiplication/whole_array/_build
cd _build &&  cmake --build . --config Release
gmake[1]: Entering directory '/scratch/luisr/mlir-aie/programming_examples/basic/matrix_multiplication/whole_array/_build'
gmake[2]: Entering directory '/scratch/luisr/mlir-aie/programming_examples/basic/matrix_multiplication/whole_array/_build'
gmake[3]: Entering directory '/scratch/luisr/mlir-aie/programming_examples/basic/matrix_multiplication/whole_array/_build'
gmake[3]: Leaving directory '/scratch/luisr/mlir-aie/programming_examples/basic/matrix_multiplication/whole_array/_build'
gmake[3]: Entering directory '/scratch/luisr/mlir-aie/programming_examples/basic/matrix_multiplication/whole_array/_build'
[ 33%] Building CXX object CMakeFiles/whole_array.dir/scratch/luisr/mlir-aie/runtime_lib/test_lib/test_utils.cpp.o
[ 66%] Building CXX object CMakeFiles/whole_array.dir/whole_array/test.cpp.o
[100%] Linking CXX executable whole_array
gmake[3]: Leaving directory '/scratch/luisr/mlir-aie/programming_examples/basic/matrix_multiplication/whole_array/_build'
[100%] Built target whole_array
gmake[2]: Leaving directory '/scratch/luisr/mlir-aie/programming_examples/basic/matrix_multiplication/whole_array/_build'
gmake[1]: Leaving directory '/scratch/luisr/mlir-aie/programming_examples/basic/matrix_multiplication/whole_array/_build'
cp _build/whole_array whole_array.exe 
mkdir -p build
python3 /scratch/luisr/mlir-aie/programming_examples/basic/matrix_multiplication/whole_array/whole_array.py -m 64 -k 88 -n 64 --n-aie-cols 8 --b-col-maj 0 --dev npu2 -M 1024 -K 4224 -N 1024 --dtype_in bf16 --dtype_out bf16 --emulate-bf16-mmul-with-bfp16 true --trace_size 0 > build/aie_1024x4224x1024_64x88x64_8c.mlir
mkdir -p build
cd build && xchesscc_wrapper aie2p -I /proj/xbuilds/2024.2_INT_1113_1001/installs/all_platforms/Vitis/2024.2/aietools/include  -Dbf16_bf16_ONLY -DDIM_M=64 -DDIM_K=88 -DDIM_N=64 -DAIE_API_EMULATE_BFLOAT16_MMUL_WITH_BFP16 -c /scratch/luisr/mlir-aie/programming_examples/basic/matrix_multiplication/whole_array/../../../../aie_kernels/aie2p/mm.cc -o mm_64x88x64.o
WARNING: Default location for XILINX_VIVADO_IP_OVERRIDE not found: /build/xfndry/IP_2024.2_INTEGRATION_VERIFIED/customer/vivado/data/ip
mkdir -p build
cd build && aiecc.py --alloc-scheme=basic-sequential --aie-generate-xclbin --no-compile-host --xclbin-name=final_1024x4224x1024_64x88x64_8c.xclbin \
			 \
			--aie-generate-npu-insts --npu-insts-name=insts_1024x4224x1024_64x88x64_8c.txt ../build/aie_1024x4224x1024_64x88x64_8c.mlir

Generating: /scratch/luisr/mlir-aie/programming_examples/basic/matrix_multiplication/whole_array/build/aie_1024x4224x1024_64x88x64_8c.mlir.prj/aie_cdo_elfs.bin
Generating: /scratch/luisr/mlir-aie/programming_examples/basic/matrix_multiplication/whole_array/build/aie_1024x4224x1024_64x88x64_8c.mlir.prj/aie_cdo_init.bin
Generating: /scratch/luisr/mlir-aie/programming_examples/basic/matrix_multiplication/whole_array/build/aie_1024x4224x1024_64x88x64_8c.mlir.prj/aie_cdo_enable.bin
export XRT_HACK_UNSECURE_LOADING_XCLBIN=1 && \
 ./whole_array.exe -x build/final_1024x4224x1024_64x88x64_8c.xclbin -i build/insts_1024x4224x1024_64x88x64_8c.txt -k MLIR_AIE -M 1024 -K 4224 -N 1024 --iters 40 --warmup 10 --verify=false --b_col_maj 0

Avg NPU matmul time: 2319.57us.
Avg NPU gflops: 3818.96

Min NPU matmul time: 2182us.
Max NPU gflops: 4059.75

Max NPU matmul time: 3046us.
Min NPU gflops: 2908.2

PASS!

rm -rf tmpTrace parse*.json trace*json trace.txt
rm -rf build _build whole_array.exe
rm -rf _build
mkdir -p _build
cd _build &&  cmake -E env CXXFLAGS="-std=c++23 -ggdb -DDTYPE_IN=std::bfloat16_t -DDTYPE_OUT=std::bfloat16_t -DDTYPE_ACC=float" \
	cmake `echo /scratch/luisr/mlir-aie/programming_examples/basic/matrix_multiplication/whole_array/..` -D CMAKE_C_COMPILER=gcc-13 -D CMAKE_CXX_COMPILER=g++-13 -DTARGET_NAME=whole_array -Dsubdir=whole_array
-- The C compiler identification is GNU 13.3.0
-- The CXX compiler identification is GNU 13.3.0
-- Detecting C compiler ABI info
-- Detecting C compiler ABI info - done
-- Check for working C compiler: /usr/bin/gcc-13 - skipped
-- Detecting C compile features
-- Detecting C compile features - done
-- Detecting CXX compiler ABI info
-- Detecting CXX compiler ABI info - done
-- Check for working CXX compiler: /usr/bin/g++-13 - skipped
-- Detecting CXX compile features
-- Detecting CXX compile features - done
-- Configuring done (0.3s)
-- Generating done (0.0s)
-- Build files have been written to: /scratch/luisr/mlir-aie/programming_examples/basic/matrix_multiplication/whole_array/_build
cd _build &&  cmake --build . --config Release
gmake[1]: Entering directory '/scratch/luisr/mlir-aie/programming_examples/basic/matrix_multiplication/whole_array/_build'
gmake[2]: Entering directory '/scratch/luisr/mlir-aie/programming_examples/basic/matrix_multiplication/whole_array/_build'
gmake[3]: Entering directory '/scratch/luisr/mlir-aie/programming_examples/basic/matrix_multiplication/whole_array/_build'
gmake[3]: Leaving directory '/scratch/luisr/mlir-aie/programming_examples/basic/matrix_multiplication/whole_array/_build'
gmake[3]: Entering directory '/scratch/luisr/mlir-aie/programming_examples/basic/matrix_multiplication/whole_array/_build'
[ 33%] Building CXX object CMakeFiles/whole_array.dir/scratch/luisr/mlir-aie/runtime_lib/test_lib/test_utils.cpp.o
[ 66%] Building CXX object CMakeFiles/whole_array.dir/whole_array/test.cpp.o
[100%] Linking CXX executable whole_array
gmake[3]: Leaving directory '/scratch/luisr/mlir-aie/programming_examples/basic/matrix_multiplication/whole_array/_build'
[100%] Built target whole_array
gmake[2]: Leaving directory '/scratch/luisr/mlir-aie/programming_examples/basic/matrix_multiplication/whole_array/_build'
gmake[1]: Leaving directory '/scratch/luisr/mlir-aie/programming_examples/basic/matrix_multiplication/whole_array/_build'
cp _build/whole_array whole_array.exe 
mkdir -p build
python3 /scratch/luisr/mlir-aie/programming_examples/basic/matrix_multiplication/whole_array/whole_array.py -m 64 -k 88 -n 64 --n-aie-cols 8 --b-col-maj 0 --dev npu2 -M 1024 -K 4224 -N 4096 --dtype_in bf16 --dtype_out bf16 --emulate-bf16-mmul-with-bfp16 true --trace_size 0 > build/aie_1024x4224x4096_64x88x64_8c.mlir
mkdir -p build
cd build && xchesscc_wrapper aie2p -I /proj/xbuilds/2024.2_INT_1113_1001/installs/all_platforms/Vitis/2024.2/aietools/include  -Dbf16_bf16_ONLY -DDIM_M=64 -DDIM_K=88 -DDIM_N=64 -DAIE_API_EMULATE_BFLOAT16_MMUL_WITH_BFP16 -c /scratch/luisr/mlir-aie/programming_examples/basic/matrix_multiplication/whole_array/../../../../aie_kernels/aie2p/mm.cc -o mm_64x88x64.o
WARNING: Default location for XILINX_VIVADO_IP_OVERRIDE not found: /build/xfndry/IP_2024.2_INTEGRATION_VERIFIED/customer/vivado/data/ip
mkdir -p build
cd build && aiecc.py --alloc-scheme=basic-sequential --aie-generate-xclbin --no-compile-host --xclbin-name=final_1024x4224x4096_64x88x64_8c.xclbin \
			 \
			--aie-generate-npu-insts --npu-insts-name=insts_1024x4224x4096_64x88x64_8c.txt ../build/aie_1024x4224x4096_64x88x64_8c.mlir

Generating: /scratch/luisr/mlir-aie/programming_examples/basic/matrix_multiplication/whole_array/build/aie_1024x4224x4096_64x88x64_8c.mlir.prj/aie_cdo_elfs.bin
Generating: /scratch/luisr/mlir-aie/programming_examples/basic/matrix_multiplication/whole_array/build/aie_1024x4224x4096_64x88x64_8c.mlir.prj/aie_cdo_init.bin
Generating: /scratch/luisr/mlir-aie/programming_examples/basic/matrix_multiplication/whole_array/build/aie_1024x4224x4096_64x88x64_8c.mlir.prj/aie_cdo_enable.bin
export XRT_HACK_UNSECURE_LOADING_XCLBIN=1 && \
 ./whole_array.exe -x build/final_1024x4224x4096_64x88x64_8c.xclbin -i build/insts_1024x4224x4096_64x88x64_8c.txt -k MLIR_AIE -M 1024 -K 4224 -N 4096 --iters 40 --warmup 10 --verify=false --b_col_maj 0

Avg NPU matmul time: 8252.88us.
Avg NPU gflops: 4293.47

Min NPU matmul time: 7854us.
Max NPU gflops: 4511.52

Max NPU matmul time: 8990us.
Min NPU gflops: 3941.43

PASS!

rm -rf tmpTrace parse*.json trace*json trace.txt
rm -rf build _build whole_array.exe
rm -rf _build
mkdir -p _build
cd _build &&  cmake -E env CXXFLAGS="-std=c++23 -ggdb -DDTYPE_IN=std::bfloat16_t -DDTYPE_OUT=std::bfloat16_t -DDTYPE_ACC=float" \
	cmake `echo /scratch/luisr/mlir-aie/programming_examples/basic/matrix_multiplication/whole_array/..` -D CMAKE_C_COMPILER=gcc-13 -D CMAKE_CXX_COMPILER=g++-13 -DTARGET_NAME=whole_array -Dsubdir=whole_array
-- The C compiler identification is GNU 13.3.0
-- The CXX compiler identification is GNU 13.3.0
-- Detecting C compiler ABI info
-- Detecting C compiler ABI info - done
-- Check for working C compiler: /usr/bin/gcc-13 - skipped
-- Detecting C compile features
-- Detecting C compile features - done
-- Detecting CXX compiler ABI info
-- Detecting CXX compiler ABI info - done
-- Check for working CXX compiler: /usr/bin/g++-13 - skipped
-- Detecting CXX compile features
-- Detecting CXX compile features - done
-- Configuring done (0.3s)
-- Generating done (0.0s)
-- Build files have been written to: /scratch/luisr/mlir-aie/programming_examples/basic/matrix_multiplication/whole_array/_build
cd _build &&  cmake --build . --config Release
gmake[1]: Entering directory '/scratch/luisr/mlir-aie/programming_examples/basic/matrix_multiplication/whole_array/_build'
gmake[2]: Entering directory '/scratch/luisr/mlir-aie/programming_examples/basic/matrix_multiplication/whole_array/_build'
gmake[3]: Entering directory '/scratch/luisr/mlir-aie/programming_examples/basic/matrix_multiplication/whole_array/_build'
gmake[3]: Leaving directory '/scratch/luisr/mlir-aie/programming_examples/basic/matrix_multiplication/whole_array/_build'
gmake[3]: Entering directory '/scratch/luisr/mlir-aie/programming_examples/basic/matrix_multiplication/whole_array/_build'
[ 33%] Building CXX object CMakeFiles/whole_array.dir/scratch/luisr/mlir-aie/runtime_lib/test_lib/test_utils.cpp.o
[ 66%] Building CXX object CMakeFiles/whole_array.dir/whole_array/test.cpp.o
[100%] Linking CXX executable whole_array
gmake[3]: Leaving directory '/scratch/luisr/mlir-aie/programming_examples/basic/matrix_multiplication/whole_array/_build'
[100%] Built target whole_array
gmake[2]: Leaving directory '/scratch/luisr/mlir-aie/programming_examples/basic/matrix_multiplication/whole_array/_build'
gmake[1]: Leaving directory '/scratch/luisr/mlir-aie/programming_examples/basic/matrix_multiplication/whole_array/_build'
cp _build/whole_array whole_array.exe 
mkdir -p build
python3 /scratch/luisr/mlir-aie/programming_examples/basic/matrix_multiplication/whole_array/whole_array.py -m 64 -k 88 -n 64 --n-aie-cols 8 --b-col-maj 0 --dev npu2 -M 1024 -K 4224 -N 8192 --dtype_in bf16 --dtype_out bf16 --emulate-bf16-mmul-with-bfp16 true --trace_size 0 > build/aie_1024x4224x8192_64x88x64_8c.mlir
mkdir -p build
cd build && xchesscc_wrapper aie2p -I /proj/xbuilds/2024.2_INT_1113_1001/installs/all_platforms/Vitis/2024.2/aietools/include  -Dbf16_bf16_ONLY -DDIM_M=64 -DDIM_K=88 -DDIM_N=64 -DAIE_API_EMULATE_BFLOAT16_MMUL_WITH_BFP16 -c /scratch/luisr/mlir-aie/programming_examples/basic/matrix_multiplication/whole_array/../../../../aie_kernels/aie2p/mm.cc -o mm_64x88x64.o
WARNING: Default location for XILINX_VIVADO_IP_OVERRIDE not found: /build/xfndry/IP_2024.2_INTEGRATION_VERIFIED/customer/vivado/data/ip
mkdir -p build
cd build && aiecc.py --alloc-scheme=basic-sequential --aie-generate-xclbin --no-compile-host --xclbin-name=final_1024x4224x8192_64x88x64_8c.xclbin \
			 \
			--aie-generate-npu-insts --npu-insts-name=insts_1024x4224x8192_64x88x64_8c.txt ../build/aie_1024x4224x8192_64x88x64_8c.mlir

Generating: /scratch/luisr/mlir-aie/programming_examples/basic/matrix_multiplication/whole_array/build/aie_1024x4224x8192_64x88x64_8c.mlir.prj/aie_cdo_elfs.bin
Generating: /scratch/luisr/mlir-aie/programming_examples/basic/matrix_multiplication/whole_array/build/aie_1024x4224x8192_64x88x64_8c.mlir.prj/aie_cdo_init.bin
Generating: /scratch/luisr/mlir-aie/programming_examples/basic/matrix_multiplication/whole_array/build/aie_1024x4224x8192_64x88x64_8c.mlir.prj/aie_cdo_enable.bin
export XRT_HACK_UNSECURE_LOADING_XCLBIN=1 && \
 ./whole_array.exe -x build/final_1024x4224x8192_64x88x64_8c.xclbin -i build/insts_1024x4224x8192_64x88x64_8c.txt -k MLIR_AIE -M 1024 -K 4224 -N 8192 --iters 40 --warmup 10 --verify=false --b_col_maj 0

Avg NPU matmul time: 16929.3us.
Avg NPU gflops: 4186.05

Min NPU matmul time: 16017us.
Max NPU gflops: 4424.48

Max NPU matmul time: 18297us.
Min NPU gflops: 3873.15

PASS!

rm -rf tmpTrace parse*.json trace*json trace.txt
rm -rf build _build whole_array.exe
rm -rf _build
mkdir -p _build
cd _build &&  cmake -E env CXXFLAGS="-std=c++23 -ggdb -DDTYPE_IN=std::bfloat16_t -DDTYPE_OUT=std::bfloat16_t -DDTYPE_ACC=float" \
	cmake `echo /scratch/luisr/mlir-aie/programming_examples/basic/matrix_multiplication/whole_array/..` -D CMAKE_C_COMPILER=gcc-13 -D CMAKE_CXX_COMPILER=g++-13 -DTARGET_NAME=whole_array -Dsubdir=whole_array
-- The C compiler identification is GNU 13.3.0
-- The CXX compiler identification is GNU 13.3.0
-- Detecting C compiler ABI info
-- Detecting C compiler ABI info - done
-- Check for working C compiler: /usr/bin/gcc-13 - skipped
-- Detecting C compile features
-- Detecting C compile features - done
-- Detecting CXX compiler ABI info
-- Detecting CXX compiler ABI info - done
-- Check for working CXX compiler: /usr/bin/g++-13 - skipped
-- Detecting CXX compile features
-- Detecting CXX compile features - done
-- Configuring done (0.2s)
-- Generating done (0.0s)
-- Build files have been written to: /scratch/luisr/mlir-aie/programming_examples/basic/matrix_multiplication/whole_array/_build
cd _build &&  cmake --build . --config Release
gmake[1]: Entering directory '/scratch/luisr/mlir-aie/programming_examples/basic/matrix_multiplication/whole_array/_build'
gmake[2]: Entering directory '/scratch/luisr/mlir-aie/programming_examples/basic/matrix_multiplication/whole_array/_build'
gmake[3]: Entering directory '/scratch/luisr/mlir-aie/programming_examples/basic/matrix_multiplication/whole_array/_build'
gmake[3]: Leaving directory '/scratch/luisr/mlir-aie/programming_examples/basic/matrix_multiplication/whole_array/_build'
gmake[3]: Entering directory '/scratch/luisr/mlir-aie/programming_examples/basic/matrix_multiplication/whole_array/_build'
[ 33%] Building CXX object CMakeFiles/whole_array.dir/scratch/luisr/mlir-aie/runtime_lib/test_lib/test_utils.cpp.o
[ 66%] Building CXX object CMakeFiles/whole_array.dir/whole_array/test.cpp.o
[100%] Linking CXX executable whole_array
gmake[3]: Leaving directory '/scratch/luisr/mlir-aie/programming_examples/basic/matrix_multiplication/whole_array/_build'
[100%] Built target whole_array
gmake[2]: Leaving directory '/scratch/luisr/mlir-aie/programming_examples/basic/matrix_multiplication/whole_array/_build'
gmake[1]: Leaving directory '/scratch/luisr/mlir-aie/programming_examples/basic/matrix_multiplication/whole_array/_build'
cp _build/whole_array whole_array.exe 
mkdir -p build
python3 /scratch/luisr/mlir-aie/programming_examples/basic/matrix_multiplication/whole_array/whole_array.py -m 64 -k 88 -n 64 --n-aie-cols 8 --b-col-maj 0 --dev npu2 -M 1024 -K 5632 -N 512 --dtype_in bf16 --dtype_out bf16 --emulate-bf16-mmul-with-bfp16 true --trace_size 0 > build/aie_1024x5632x512_64x88x64_8c.mlir
mkdir -p build
cd build && xchesscc_wrapper aie2p -I /proj/xbuilds/2024.2_INT_1113_1001/installs/all_platforms/Vitis/2024.2/aietools/include  -Dbf16_bf16_ONLY -DDIM_M=64 -DDIM_K=88 -DDIM_N=64 -DAIE_API_EMULATE_BFLOAT16_MMUL_WITH_BFP16 -c /scratch/luisr/mlir-aie/programming_examples/basic/matrix_multiplication/whole_array/../../../../aie_kernels/aie2p/mm.cc -o mm_64x88x64.o
WARNING: Default location for XILINX_VIVADO_IP_OVERRIDE not found: /build/xfndry/IP_2024.2_INTEGRATION_VERIFIED/customer/vivado/data/ip
mkdir -p build
cd build && aiecc.py --alloc-scheme=basic-sequential --aie-generate-xclbin --no-compile-host --xclbin-name=final_1024x5632x512_64x88x64_8c.xclbin \
			 \
			--aie-generate-npu-insts --npu-insts-name=insts_1024x5632x512_64x88x64_8c.txt ../build/aie_1024x5632x512_64x88x64_8c.mlir

Generating: /scratch/luisr/mlir-aie/programming_examples/basic/matrix_multiplication/whole_array/build/aie_1024x5632x512_64x88x64_8c.mlir.prj/aie_cdo_elfs.bin
Generating: /scratch/luisr/mlir-aie/programming_examples/basic/matrix_multiplication/whole_array/build/aie_1024x5632x512_64x88x64_8c.mlir.prj/aie_cdo_init.bin
Generating: /scratch/luisr/mlir-aie/programming_examples/basic/matrix_multiplication/whole_array/build/aie_1024x5632x512_64x88x64_8c.mlir.prj/aie_cdo_enable.bin
export XRT_HACK_UNSECURE_LOADING_XCLBIN=1 && \
 ./whole_array.exe -x build/final_1024x5632x512_64x88x64_8c.xclbin -i build/insts_1024x5632x512_64x88x64_8c.txt -k MLIR_AIE -M 1024 -K 5632 -N 512 --iters 40 --warmup 10 --verify=false --b_col_maj 0

Avg NPU matmul time: 1638.43us.
Avg NPU gflops: 3604.43

Min NPU matmul time: 1355us.
Max NPU gflops: 4358.36

Max NPU matmul time: 1917us.
Min NPU gflops: 3080.64

PASS!

rm -rf tmpTrace parse*.json trace*json trace.txt
rm -rf build _build whole_array.exe
rm -rf _build
mkdir -p _build
cd _build &&  cmake -E env CXXFLAGS="-std=c++23 -ggdb -DDTYPE_IN=std::bfloat16_t -DDTYPE_OUT=std::bfloat16_t -DDTYPE_ACC=float" \
	cmake `echo /scratch/luisr/mlir-aie/programming_examples/basic/matrix_multiplication/whole_array/..` -D CMAKE_C_COMPILER=gcc-13 -D CMAKE_CXX_COMPILER=g++-13 -DTARGET_NAME=whole_array -Dsubdir=whole_array
-- The C compiler identification is GNU 13.3.0
-- The CXX compiler identification is GNU 13.3.0
-- Detecting C compiler ABI info
-- Detecting C compiler ABI info - done
-- Check for working C compiler: /usr/bin/gcc-13 - skipped
-- Detecting C compile features
-- Detecting C compile features - done
-- Detecting CXX compiler ABI info
-- Detecting CXX compiler ABI info - done
-- Check for working CXX compiler: /usr/bin/g++-13 - skipped
-- Detecting CXX compile features
-- Detecting CXX compile features - done
-- Configuring done (0.2s)
-- Generating done (0.0s)
-- Build files have been written to: /scratch/luisr/mlir-aie/programming_examples/basic/matrix_multiplication/whole_array/_build
cd _build &&  cmake --build . --config Release
gmake[1]: Entering directory '/scratch/luisr/mlir-aie/programming_examples/basic/matrix_multiplication/whole_array/_build'
gmake[2]: Entering directory '/scratch/luisr/mlir-aie/programming_examples/basic/matrix_multiplication/whole_array/_build'
gmake[3]: Entering directory '/scratch/luisr/mlir-aie/programming_examples/basic/matrix_multiplication/whole_array/_build'
gmake[3]: Leaving directory '/scratch/luisr/mlir-aie/programming_examples/basic/matrix_multiplication/whole_array/_build'
gmake[3]: Entering directory '/scratch/luisr/mlir-aie/programming_examples/basic/matrix_multiplication/whole_array/_build'
[ 33%] Building CXX object CMakeFiles/whole_array.dir/scratch/luisr/mlir-aie/runtime_lib/test_lib/test_utils.cpp.o
[ 66%] Building CXX object CMakeFiles/whole_array.dir/whole_array/test.cpp.o
[100%] Linking CXX executable whole_array
gmake[3]: Leaving directory '/scratch/luisr/mlir-aie/programming_examples/basic/matrix_multiplication/whole_array/_build'
[100%] Built target whole_array
gmake[2]: Leaving directory '/scratch/luisr/mlir-aie/programming_examples/basic/matrix_multiplication/whole_array/_build'
gmake[1]: Leaving directory '/scratch/luisr/mlir-aie/programming_examples/basic/matrix_multiplication/whole_array/_build'
cp _build/whole_array whole_array.exe 
mkdir -p build
python3 /scratch/luisr/mlir-aie/programming_examples/basic/matrix_multiplication/whole_array/whole_array.py -m 64 -k 88 -n 64 --n-aie-cols 8 --b-col-maj 0 --dev npu2 -M 1024 -K 5632 -N 1024 --dtype_in bf16 --dtype_out bf16 --emulate-bf16-mmul-with-bfp16 true --trace_size 0 > build/aie_1024x5632x1024_64x88x64_8c.mlir
mkdir -p build
cd build && xchesscc_wrapper aie2p -I /proj/xbuilds/2024.2_INT_1113_1001/installs/all_platforms/Vitis/2024.2/aietools/include  -Dbf16_bf16_ONLY -DDIM_M=64 -DDIM_K=88 -DDIM_N=64 -DAIE_API_EMULATE_BFLOAT16_MMUL_WITH_BFP16 -c /scratch/luisr/mlir-aie/programming_examples/basic/matrix_multiplication/whole_array/../../../../aie_kernels/aie2p/mm.cc -o mm_64x88x64.o
WARNING: Default location for XILINX_VIVADO_IP_OVERRIDE not found: /build/xfndry/IP_2024.2_INTEGRATION_VERIFIED/customer/vivado/data/ip
mkdir -p build
cd build && aiecc.py --alloc-scheme=basic-sequential --aie-generate-xclbin --no-compile-host --xclbin-name=final_1024x5632x1024_64x88x64_8c.xclbin \
			 \
			--aie-generate-npu-insts --npu-insts-name=insts_1024x5632x1024_64x88x64_8c.txt ../build/aie_1024x5632x1024_64x88x64_8c.mlir

Generating: /scratch/luisr/mlir-aie/programming_examples/basic/matrix_multiplication/whole_array/build/aie_1024x5632x1024_64x88x64_8c.mlir.prj/aie_cdo_elfs.bin
Generating: /scratch/luisr/mlir-aie/programming_examples/basic/matrix_multiplication/whole_array/build/aie_1024x5632x1024_64x88x64_8c.mlir.prj/aie_cdo_init.bin
Generating: /scratch/luisr/mlir-aie/programming_examples/basic/matrix_multiplication/whole_array/build/aie_1024x5632x1024_64x88x64_8c.mlir.prj/aie_cdo_enable.bin
export XRT_HACK_UNSECURE_LOADING_XCLBIN=1 && \
 ./whole_array.exe -x build/final_1024x5632x1024_64x88x64_8c.xclbin -i build/insts_1024x5632x1024_64x88x64_8c.txt -k MLIR_AIE -M 1024 -K 5632 -N 1024 --iters 40 --warmup 10 --verify=false --b_col_maj 0

Avg NPU matmul time: 2935.88us.
Avg NPU gflops: 4023.05

Min NPU matmul time: 2604us.
Max NPU gflops: 4535.78

Max NPU matmul time: 3145us.
Min NPU gflops: 3755.54

PASS!

rm -rf tmpTrace parse*.json trace*json trace.txt
rm -rf build _build whole_array.exe
rm -rf _build
mkdir -p _build
cd _build &&  cmake -E env CXXFLAGS="-std=c++23 -ggdb -DDTYPE_IN=std::bfloat16_t -DDTYPE_OUT=std::bfloat16_t -DDTYPE_ACC=float" \
	cmake `echo /scratch/luisr/mlir-aie/programming_examples/basic/matrix_multiplication/whole_array/..` -D CMAKE_C_COMPILER=gcc-13 -D CMAKE_CXX_COMPILER=g++-13 -DTARGET_NAME=whole_array -Dsubdir=whole_array
-- The C compiler identification is GNU 13.3.0
-- The CXX compiler identification is GNU 13.3.0
-- Detecting C compiler ABI info
-- Detecting C compiler ABI info - done
-- Check for working C compiler: /usr/bin/gcc-13 - skipped
-- Detecting C compile features
-- Detecting C compile features - done
-- Detecting CXX compiler ABI info
-- Detecting CXX compiler ABI info - done
-- Check for working CXX compiler: /usr/bin/g++-13 - skipped
-- Detecting CXX compile features
-- Detecting CXX compile features - done
-- Configuring done (0.3s)
-- Generating done (0.0s)
-- Build files have been written to: /scratch/luisr/mlir-aie/programming_examples/basic/matrix_multiplication/whole_array/_build
cd _build &&  cmake --build . --config Release
gmake[1]: Entering directory '/scratch/luisr/mlir-aie/programming_examples/basic/matrix_multiplication/whole_array/_build'
gmake[2]: Entering directory '/scratch/luisr/mlir-aie/programming_examples/basic/matrix_multiplication/whole_array/_build'
gmake[3]: Entering directory '/scratch/luisr/mlir-aie/programming_examples/basic/matrix_multiplication/whole_array/_build'
gmake[3]: Leaving directory '/scratch/luisr/mlir-aie/programming_examples/basic/matrix_multiplication/whole_array/_build'
gmake[3]: Entering directory '/scratch/luisr/mlir-aie/programming_examples/basic/matrix_multiplication/whole_array/_build'
[ 33%] Building CXX object CMakeFiles/whole_array.dir/scratch/luisr/mlir-aie/runtime_lib/test_lib/test_utils.cpp.o
[ 66%] Building CXX object CMakeFiles/whole_array.dir/whole_array/test.cpp.o
[100%] Linking CXX executable whole_array
gmake[3]: Leaving directory '/scratch/luisr/mlir-aie/programming_examples/basic/matrix_multiplication/whole_array/_build'
[100%] Built target whole_array
gmake[2]: Leaving directory '/scratch/luisr/mlir-aie/programming_examples/basic/matrix_multiplication/whole_array/_build'
gmake[1]: Leaving directory '/scratch/luisr/mlir-aie/programming_examples/basic/matrix_multiplication/whole_array/_build'
cp _build/whole_array whole_array.exe 
mkdir -p build
python3 /scratch/luisr/mlir-aie/programming_examples/basic/matrix_multiplication/whole_array/whole_array.py -m 64 -k 88 -n 64 --n-aie-cols 8 --b-col-maj 0 --dev npu2 -M 1024 -K 5632 -N 4096 --dtype_in bf16 --dtype_out bf16 --emulate-bf16-mmul-with-bfp16 true --trace_size 0 > build/aie_1024x5632x4096_64x88x64_8c.mlir
mkdir -p build
cd build && xchesscc_wrapper aie2p -I /proj/xbuilds/2024.2_INT_1113_1001/installs/all_platforms/Vitis/2024.2/aietools/include  -Dbf16_bf16_ONLY -DDIM_M=64 -DDIM_K=88 -DDIM_N=64 -DAIE_API_EMULATE_BFLOAT16_MMUL_WITH_BFP16 -c /scratch/luisr/mlir-aie/programming_examples/basic/matrix_multiplication/whole_array/../../../../aie_kernels/aie2p/mm.cc -o mm_64x88x64.o
WARNING: Default location for XILINX_VIVADO_IP_OVERRIDE not found: /build/xfndry/IP_2024.2_INTEGRATION_VERIFIED/customer/vivado/data/ip
mkdir -p build
cd build && aiecc.py --alloc-scheme=basic-sequential --aie-generate-xclbin --no-compile-host --xclbin-name=final_1024x5632x4096_64x88x64_8c.xclbin \
			 \
			--aie-generate-npu-insts --npu-insts-name=insts_1024x5632x4096_64x88x64_8c.txt ../build/aie_1024x5632x4096_64x88x64_8c.mlir

Generating: /scratch/luisr/mlir-aie/programming_examples/basic/matrix_multiplication/whole_array/build/aie_1024x5632x4096_64x88x64_8c.mlir.prj/aie_cdo_elfs.bin
Generating: /scratch/luisr/mlir-aie/programming_examples/basic/matrix_multiplication/whole_array/build/aie_1024x5632x4096_64x88x64_8c.mlir.prj/aie_cdo_init.bin
Generating: /scratch/luisr/mlir-aie/programming_examples/basic/matrix_multiplication/whole_array/build/aie_1024x5632x4096_64x88x64_8c.mlir.prj/aie_cdo_enable.bin
export XRT_HACK_UNSECURE_LOADING_XCLBIN=1 && \
 ./whole_array.exe -x build/final_1024x5632x4096_64x88x64_8c.xclbin -i build/insts_1024x5632x4096_64x88x64_8c.txt -k MLIR_AIE -M 1024 -K 5632 -N 4096 --iters 40 --warmup 10 --verify=false --b_col_maj 0

Avg NPU matmul time: 10753.2us.
Avg NPU gflops: 4393.55

Min NPU matmul time: 10271us.
Max NPU gflops: 4599.81

Max NPU matmul time: 11720us.
Min NPU gflops: 4031.11

PASS!

rm -rf tmpTrace parse*.json trace*json trace.txt
rm -rf build _build whole_array.exe
rm -rf _build
mkdir -p _build
cd _build &&  cmake -E env CXXFLAGS="-std=c++23 -ggdb -DDTYPE_IN=std::bfloat16_t -DDTYPE_OUT=std::bfloat16_t -DDTYPE_ACC=float" \
	cmake `echo /scratch/luisr/mlir-aie/programming_examples/basic/matrix_multiplication/whole_array/..` -D CMAKE_C_COMPILER=gcc-13 -D CMAKE_CXX_COMPILER=g++-13 -DTARGET_NAME=whole_array -Dsubdir=whole_array
-- The C compiler identification is GNU 13.3.0
-- The CXX compiler identification is GNU 13.3.0
-- Detecting C compiler ABI info
-- Detecting C compiler ABI info - done
-- Check for working C compiler: /usr/bin/gcc-13 - skipped
-- Detecting C compile features
-- Detecting C compile features - done
-- Detecting CXX compiler ABI info
-- Detecting CXX compiler ABI info - done
-- Check for working CXX compiler: /usr/bin/g++-13 - skipped
-- Detecting CXX compile features
-- Detecting CXX compile features - done
-- Configuring done (0.3s)
-- Generating done (0.0s)
-- Build files have been written to: /scratch/luisr/mlir-aie/programming_examples/basic/matrix_multiplication/whole_array/_build
cd _build &&  cmake --build . --config Release
gmake[1]: Entering directory '/scratch/luisr/mlir-aie/programming_examples/basic/matrix_multiplication/whole_array/_build'
gmake[2]: Entering directory '/scratch/luisr/mlir-aie/programming_examples/basic/matrix_multiplication/whole_array/_build'
gmake[3]: Entering directory '/scratch/luisr/mlir-aie/programming_examples/basic/matrix_multiplication/whole_array/_build'
gmake[3]: Leaving directory '/scratch/luisr/mlir-aie/programming_examples/basic/matrix_multiplication/whole_array/_build'
gmake[3]: Entering directory '/scratch/luisr/mlir-aie/programming_examples/basic/matrix_multiplication/whole_array/_build'
[ 33%] Building CXX object CMakeFiles/whole_array.dir/scratch/luisr/mlir-aie/runtime_lib/test_lib/test_utils.cpp.o
[ 66%] Building CXX object CMakeFiles/whole_array.dir/whole_array/test.cpp.o
[100%] Linking CXX executable whole_array
gmake[3]: Leaving directory '/scratch/luisr/mlir-aie/programming_examples/basic/matrix_multiplication/whole_array/_build'
[100%] Built target whole_array
gmake[2]: Leaving directory '/scratch/luisr/mlir-aie/programming_examples/basic/matrix_multiplication/whole_array/_build'
gmake[1]: Leaving directory '/scratch/luisr/mlir-aie/programming_examples/basic/matrix_multiplication/whole_array/_build'
cp _build/whole_array whole_array.exe 
mkdir -p build
python3 /scratch/luisr/mlir-aie/programming_examples/basic/matrix_multiplication/whole_array/whole_array.py -m 64 -k 88 -n 64 --n-aie-cols 8 --b-col-maj 0 --dev npu2 -M 1024 -K 5632 -N 8192 --dtype_in bf16 --dtype_out bf16 --emulate-bf16-mmul-with-bfp16 true --trace_size 0 > build/aie_1024x5632x8192_64x88x64_8c.mlir
mkdir -p build
cd build && xchesscc_wrapper aie2p -I /proj/xbuilds/2024.2_INT_1113_1001/installs/all_platforms/Vitis/2024.2/aietools/include  -Dbf16_bf16_ONLY -DDIM_M=64 -DDIM_K=88 -DDIM_N=64 -DAIE_API_EMULATE_BFLOAT16_MMUL_WITH_BFP16 -c /scratch/luisr/mlir-aie/programming_examples/basic/matrix_multiplication/whole_array/../../../../aie_kernels/aie2p/mm.cc -o mm_64x88x64.o
WARNING: Default location for XILINX_VIVADO_IP_OVERRIDE not found: /build/xfndry/IP_2024.2_INTEGRATION_VERIFIED/customer/vivado/data/ip
mkdir -p build
cd build && aiecc.py --alloc-scheme=basic-sequential --aie-generate-xclbin --no-compile-host --xclbin-name=final_1024x5632x8192_64x88x64_8c.xclbin \
			 \
			--aie-generate-npu-insts --npu-insts-name=insts_1024x5632x8192_64x88x64_8c.txt ../build/aie_1024x5632x8192_64x88x64_8c.mlir

Generating: /scratch/luisr/mlir-aie/programming_examples/basic/matrix_multiplication/whole_array/build/aie_1024x5632x8192_64x88x64_8c.mlir.prj/aie_cdo_elfs.bin
Generating: /scratch/luisr/mlir-aie/programming_examples/basic/matrix_multiplication/whole_array/build/aie_1024x5632x8192_64x88x64_8c.mlir.prj/aie_cdo_init.bin
Generating: /scratch/luisr/mlir-aie/programming_examples/basic/matrix_multiplication/whole_array/build/aie_1024x5632x8192_64x88x64_8c.mlir.prj/aie_cdo_enable.bin
export XRT_HACK_UNSECURE_LOADING_XCLBIN=1 && \
 ./whole_array.exe -x build/final_1024x5632x8192_64x88x64_8c.xclbin -i build/insts_1024x5632x8192_64x88x64_8c.txt -k MLIR_AIE -M 1024 -K 5632 -N 8192 --iters 40 --warmup 10 --verify=false --b_col_maj 0

Avg NPU matmul time: 23044.3us.
Avg NPU gflops: 4100.32

Min NPU matmul time: 22115us.
Max NPU gflops: 4272.63

Max NPU matmul time: 24153us.
Min NPU gflops: 3912.11

PASS!

rm -rf tmpTrace parse*.json trace*json trace.txt
rm -rf build _build whole_array.exe
rm -rf _build
mkdir -p _build
cd _build &&  cmake -E env CXXFLAGS="-std=c++23 -ggdb -DDTYPE_IN=std::bfloat16_t -DDTYPE_OUT=std::bfloat16_t -DDTYPE_ACC=float" \
	cmake `echo /scratch/luisr/mlir-aie/programming_examples/basic/matrix_multiplication/whole_array/..` -D CMAKE_C_COMPILER=gcc-13 -D CMAKE_CXX_COMPILER=g++-13 -DTARGET_NAME=whole_array -Dsubdir=whole_array
-- The C compiler identification is GNU 13.3.0
-- The CXX compiler identification is GNU 13.3.0
-- Detecting C compiler ABI info
-- Detecting C compiler ABI info - done
-- Check for working C compiler: /usr/bin/gcc-13 - skipped
-- Detecting C compile features
-- Detecting C compile features - done
-- Detecting CXX compiler ABI info
-- Detecting CXX compiler ABI info - done
-- Check for working CXX compiler: /usr/bin/g++-13 - skipped
-- Detecting CXX compile features
-- Detecting CXX compile features - done
-- Configuring done (0.3s)
-- Generating done (0.0s)
-- Build files have been written to: /scratch/luisr/mlir-aie/programming_examples/basic/matrix_multiplication/whole_array/_build
cd _build &&  cmake --build . --config Release
gmake[1]: Entering directory '/scratch/luisr/mlir-aie/programming_examples/basic/matrix_multiplication/whole_array/_build'
gmake[2]: Entering directory '/scratch/luisr/mlir-aie/programming_examples/basic/matrix_multiplication/whole_array/_build'
gmake[3]: Entering directory '/scratch/luisr/mlir-aie/programming_examples/basic/matrix_multiplication/whole_array/_build'
gmake[3]: Leaving directory '/scratch/luisr/mlir-aie/programming_examples/basic/matrix_multiplication/whole_array/_build'
gmake[3]: Entering directory '/scratch/luisr/mlir-aie/programming_examples/basic/matrix_multiplication/whole_array/_build'
[ 33%] Building CXX object CMakeFiles/whole_array.dir/scratch/luisr/mlir-aie/runtime_lib/test_lib/test_utils.cpp.o
[ 66%] Building CXX object CMakeFiles/whole_array.dir/whole_array/test.cpp.o
[100%] Linking CXX executable whole_array
gmake[3]: Leaving directory '/scratch/luisr/mlir-aie/programming_examples/basic/matrix_multiplication/whole_array/_build'
[100%] Built target whole_array
gmake[2]: Leaving directory '/scratch/luisr/mlir-aie/programming_examples/basic/matrix_multiplication/whole_array/_build'
gmake[1]: Leaving directory '/scratch/luisr/mlir-aie/programming_examples/basic/matrix_multiplication/whole_array/_build'
cp _build/whole_array whole_array.exe 
mkdir -p build
python3 /scratch/luisr/mlir-aie/programming_examples/basic/matrix_multiplication/whole_array/whole_array.py -m 64 -k 88 -n 64 --n-aie-cols 8 --b-col-maj 0 --dev npu2 -M 4096 -K 704 -N 512 --dtype_in bf16 --dtype_out bf16 --emulate-bf16-mmul-with-bfp16 true --trace_size 0 > build/aie_4096x704x512_64x88x64_8c.mlir
mkdir -p build
cd build && xchesscc_wrapper aie2p -I /proj/xbuilds/2024.2_INT_1113_1001/installs/all_platforms/Vitis/2024.2/aietools/include  -Dbf16_bf16_ONLY -DDIM_M=64 -DDIM_K=88 -DDIM_N=64 -DAIE_API_EMULATE_BFLOAT16_MMUL_WITH_BFP16 -c /scratch/luisr/mlir-aie/programming_examples/basic/matrix_multiplication/whole_array/../../../../aie_kernels/aie2p/mm.cc -o mm_64x88x64.o
WARNING: Default location for XILINX_VIVADO_IP_OVERRIDE not found: /build/xfndry/IP_2024.2_INTEGRATION_VERIFIED/customer/vivado/data/ip
mkdir -p build
cd build && aiecc.py --alloc-scheme=basic-sequential --aie-generate-xclbin --no-compile-host --xclbin-name=final_4096x704x512_64x88x64_8c.xclbin \
			 \
			--aie-generate-npu-insts --npu-insts-name=insts_4096x704x512_64x88x64_8c.txt ../build/aie_4096x704x512_64x88x64_8c.mlir

Generating: /scratch/luisr/mlir-aie/programming_examples/basic/matrix_multiplication/whole_array/build/aie_4096x704x512_64x88x64_8c.mlir.prj/aie_cdo_elfs.bin
Generating: /scratch/luisr/mlir-aie/programming_examples/basic/matrix_multiplication/whole_array/build/aie_4096x704x512_64x88x64_8c.mlir.prj/aie_cdo_init.bin
Generating: /scratch/luisr/mlir-aie/programming_examples/basic/matrix_multiplication/whole_array/build/aie_4096x704x512_64x88x64_8c.mlir.prj/aie_cdo_enable.bin
export XRT_HACK_UNSECURE_LOADING_XCLBIN=1 && \
 ./whole_array.exe -x build/final_4096x704x512_64x88x64_8c.xclbin -i build/insts_4096x704x512_64x88x64_8c.txt -k MLIR_AIE -M 4096 -K 704 -N 512 --iters 40 --warmup 10 --verify=false --b_col_maj 0

Avg NPU matmul time: 724.525us.
Avg NPU gflops: 4075.48

Min NPU matmul time: 703us.
Max NPU gflops: 4200.27

Max NPU matmul time: 760us.
Min NPU gflops: 3885.25

PASS!

rm -rf tmpTrace parse*.json trace*json trace.txt
rm -rf build _build whole_array.exe
rm -rf _build
mkdir -p _build
cd _build &&  cmake -E env CXXFLAGS="-std=c++23 -ggdb -DDTYPE_IN=std::bfloat16_t -DDTYPE_OUT=std::bfloat16_t -DDTYPE_ACC=float" \
	cmake `echo /scratch/luisr/mlir-aie/programming_examples/basic/matrix_multiplication/whole_array/..` -D CMAKE_C_COMPILER=gcc-13 -D CMAKE_CXX_COMPILER=g++-13 -DTARGET_NAME=whole_array -Dsubdir=whole_array
-- The C compiler identification is GNU 13.3.0
-- The CXX compiler identification is GNU 13.3.0
-- Detecting C compiler ABI info
-- Detecting C compiler ABI info - done
-- Check for working C compiler: /usr/bin/gcc-13 - skipped
-- Detecting C compile features
-- Detecting C compile features - done
-- Detecting CXX compiler ABI info
-- Detecting CXX compiler ABI info - done
-- Check for working CXX compiler: /usr/bin/g++-13 - skipped
-- Detecting CXX compile features
-- Detecting CXX compile features - done
-- Configuring done (0.3s)
-- Generating done (0.0s)
-- Build files have been written to: /scratch/luisr/mlir-aie/programming_examples/basic/matrix_multiplication/whole_array/_build
cd _build &&  cmake --build . --config Release
gmake[1]: Entering directory '/scratch/luisr/mlir-aie/programming_examples/basic/matrix_multiplication/whole_array/_build'
gmake[2]: Entering directory '/scratch/luisr/mlir-aie/programming_examples/basic/matrix_multiplication/whole_array/_build'
gmake[3]: Entering directory '/scratch/luisr/mlir-aie/programming_examples/basic/matrix_multiplication/whole_array/_build'
gmake[3]: Leaving directory '/scratch/luisr/mlir-aie/programming_examples/basic/matrix_multiplication/whole_array/_build'
gmake[3]: Entering directory '/scratch/luisr/mlir-aie/programming_examples/basic/matrix_multiplication/whole_array/_build'
[ 33%] Building CXX object CMakeFiles/whole_array.dir/scratch/luisr/mlir-aie/runtime_lib/test_lib/test_utils.cpp.o
[ 66%] Building CXX object CMakeFiles/whole_array.dir/whole_array/test.cpp.o
[100%] Linking CXX executable whole_array
gmake[3]: Leaving directory '/scratch/luisr/mlir-aie/programming_examples/basic/matrix_multiplication/whole_array/_build'
[100%] Built target whole_array
gmake[2]: Leaving directory '/scratch/luisr/mlir-aie/programming_examples/basic/matrix_multiplication/whole_array/_build'
gmake[1]: Leaving directory '/scratch/luisr/mlir-aie/programming_examples/basic/matrix_multiplication/whole_array/_build'
cp _build/whole_array whole_array.exe 
mkdir -p build
python3 /scratch/luisr/mlir-aie/programming_examples/basic/matrix_multiplication/whole_array/whole_array.py -m 64 -k 88 -n 64 --n-aie-cols 8 --b-col-maj 0 --dev npu2 -M 4096 -K 704 -N 1024 --dtype_in bf16 --dtype_out bf16 --emulate-bf16-mmul-with-bfp16 true --trace_size 0 > build/aie_4096x704x1024_64x88x64_8c.mlir
mkdir -p build
cd build && xchesscc_wrapper aie2p -I /proj/xbuilds/2024.2_INT_1113_1001/installs/all_platforms/Vitis/2024.2/aietools/include  -Dbf16_bf16_ONLY -DDIM_M=64 -DDIM_K=88 -DDIM_N=64 -DAIE_API_EMULATE_BFLOAT16_MMUL_WITH_BFP16 -c /scratch/luisr/mlir-aie/programming_examples/basic/matrix_multiplication/whole_array/../../../../aie_kernels/aie2p/mm.cc -o mm_64x88x64.o
WARNING: Default location for XILINX_VIVADO_IP_OVERRIDE not found: /build/xfndry/IP_2024.2_INTEGRATION_VERIFIED/customer/vivado/data/ip
mkdir -p build
cd build && aiecc.py --alloc-scheme=basic-sequential --aie-generate-xclbin --no-compile-host --xclbin-name=final_4096x704x1024_64x88x64_8c.xclbin \
			 \
			--aie-generate-npu-insts --npu-insts-name=insts_4096x704x1024_64x88x64_8c.txt ../build/aie_4096x704x1024_64x88x64_8c.mlir

Generating: /scratch/luisr/mlir-aie/programming_examples/basic/matrix_multiplication/whole_array/build/aie_4096x704x1024_64x88x64_8c.mlir.prj/aie_cdo_elfs.bin
Generating: /scratch/luisr/mlir-aie/programming_examples/basic/matrix_multiplication/whole_array/build/aie_4096x704x1024_64x88x64_8c.mlir.prj/aie_cdo_init.bin
Generating: /scratch/luisr/mlir-aie/programming_examples/basic/matrix_multiplication/whole_array/build/aie_4096x704x1024_64x88x64_8c.mlir.prj/aie_cdo_enable.bin
export XRT_HACK_UNSECURE_LOADING_XCLBIN=1 && \
 ./whole_array.exe -x build/final_4096x704x1024_64x88x64_8c.xclbin -i build/insts_4096x704x1024_64x88x64_8c.txt -k MLIR_AIE -M 4096 -K 704 -N 1024 --iters 40 --warmup 10 --verify=false --b_col_maj 0

Avg NPU matmul time: 1796.53us.
Avg NPU gflops: 3287.22

Min NPU matmul time: 1342us.
Max NPU gflops: 4400.58

Max NPU matmul time: 1908us.
Min NPU gflops: 3095.17

PASS!

rm -rf tmpTrace parse*.json trace*json trace.txt
rm -rf build _build whole_array.exe
rm -rf _build
mkdir -p _build
cd _build &&  cmake -E env CXXFLAGS="-std=c++23 -ggdb -DDTYPE_IN=std::bfloat16_t -DDTYPE_OUT=std::bfloat16_t -DDTYPE_ACC=float" \
	cmake `echo /scratch/luisr/mlir-aie/programming_examples/basic/matrix_multiplication/whole_array/..` -D CMAKE_C_COMPILER=gcc-13 -D CMAKE_CXX_COMPILER=g++-13 -DTARGET_NAME=whole_array -Dsubdir=whole_array
-- The C compiler identification is GNU 13.3.0
-- The CXX compiler identification is GNU 13.3.0
-- Detecting C compiler ABI info
-- Detecting C compiler ABI info - done
-- Check for working C compiler: /usr/bin/gcc-13 - skipped
-- Detecting C compile features
-- Detecting C compile features - done
-- Detecting CXX compiler ABI info
-- Detecting CXX compiler ABI info - done
-- Check for working CXX compiler: /usr/bin/g++-13 - skipped
-- Detecting CXX compile features
-- Detecting CXX compile features - done
-- Configuring done (0.3s)
-- Generating done (0.0s)
-- Build files have been written to: /scratch/luisr/mlir-aie/programming_examples/basic/matrix_multiplication/whole_array/_build
cd _build &&  cmake --build . --config Release
gmake[1]: Entering directory '/scratch/luisr/mlir-aie/programming_examples/basic/matrix_multiplication/whole_array/_build'
gmake[2]: Entering directory '/scratch/luisr/mlir-aie/programming_examples/basic/matrix_multiplication/whole_array/_build'
gmake[3]: Entering directory '/scratch/luisr/mlir-aie/programming_examples/basic/matrix_multiplication/whole_array/_build'
gmake[3]: Leaving directory '/scratch/luisr/mlir-aie/programming_examples/basic/matrix_multiplication/whole_array/_build'
gmake[3]: Entering directory '/scratch/luisr/mlir-aie/programming_examples/basic/matrix_multiplication/whole_array/_build'
[ 33%] Building CXX object CMakeFiles/whole_array.dir/scratch/luisr/mlir-aie/runtime_lib/test_lib/test_utils.cpp.o
[ 66%] Building CXX object CMakeFiles/whole_array.dir/whole_array/test.cpp.o
[100%] Linking CXX executable whole_array
gmake[3]: Leaving directory '/scratch/luisr/mlir-aie/programming_examples/basic/matrix_multiplication/whole_array/_build'
[100%] Built target whole_array
gmake[2]: Leaving directory '/scratch/luisr/mlir-aie/programming_examples/basic/matrix_multiplication/whole_array/_build'
gmake[1]: Leaving directory '/scratch/luisr/mlir-aie/programming_examples/basic/matrix_multiplication/whole_array/_build'
cp _build/whole_array whole_array.exe 
mkdir -p build
python3 /scratch/luisr/mlir-aie/programming_examples/basic/matrix_multiplication/whole_array/whole_array.py -m 64 -k 88 -n 64 --n-aie-cols 8 --b-col-maj 0 --dev npu2 -M 4096 -K 704 -N 4096 --dtype_in bf16 --dtype_out bf16 --emulate-bf16-mmul-with-bfp16 true --trace_size 0 > build/aie_4096x704x4096_64x88x64_8c.mlir
mkdir -p build
cd build && xchesscc_wrapper aie2p -I /proj/xbuilds/2024.2_INT_1113_1001/installs/all_platforms/Vitis/2024.2/aietools/include  -Dbf16_bf16_ONLY -DDIM_M=64 -DDIM_K=88 -DDIM_N=64 -DAIE_API_EMULATE_BFLOAT16_MMUL_WITH_BFP16 -c /scratch/luisr/mlir-aie/programming_examples/basic/matrix_multiplication/whole_array/../../../../aie_kernels/aie2p/mm.cc -o mm_64x88x64.o
WARNING: Default location for XILINX_VIVADO_IP_OVERRIDE not found: /build/xfndry/IP_2024.2_INTEGRATION_VERIFIED/customer/vivado/data/ip
mkdir -p build
cd build && aiecc.py --alloc-scheme=basic-sequential --aie-generate-xclbin --no-compile-host --xclbin-name=final_4096x704x4096_64x88x64_8c.xclbin \
			 \
			--aie-generate-npu-insts --npu-insts-name=insts_4096x704x4096_64x88x64_8c.txt ../build/aie_4096x704x4096_64x88x64_8c.mlir

Generating: /scratch/luisr/mlir-aie/programming_examples/basic/matrix_multiplication/whole_array/build/aie_4096x704x4096_64x88x64_8c.mlir.prj/aie_cdo_elfs.bin
Generating: /scratch/luisr/mlir-aie/programming_examples/basic/matrix_multiplication/whole_array/build/aie_4096x704x4096_64x88x64_8c.mlir.prj/aie_cdo_init.bin
Generating: /scratch/luisr/mlir-aie/programming_examples/basic/matrix_multiplication/whole_array/build/aie_4096x704x4096_64x88x64_8c.mlir.prj/aie_cdo_enable.bin
export XRT_HACK_UNSECURE_LOADING_XCLBIN=1 && \
 ./whole_array.exe -x build/final_4096x704x4096_64x88x64_8c.xclbin -i build/insts_4096x704x4096_64x88x64_8c.txt -k MLIR_AIE -M 4096 -K 704 -N 4096 --iters 40 --warmup 10 --verify=false --b_col_maj 0

Avg NPU matmul time: 5626.65us.
Avg NPU gflops: 4198.29

Min NPU matmul time: 5112us.
Max NPU gflops: 4620.95

Max NPU matmul time: 6651us.
Min NPU gflops: 3551.69

PASS!

rm -rf tmpTrace parse*.json trace*json trace.txt
rm -rf build _build whole_array.exe
rm -rf _build
mkdir -p _build
cd _build &&  cmake -E env CXXFLAGS="-std=c++23 -ggdb -DDTYPE_IN=std::bfloat16_t -DDTYPE_OUT=std::bfloat16_t -DDTYPE_ACC=float" \
	cmake `echo /scratch/luisr/mlir-aie/programming_examples/basic/matrix_multiplication/whole_array/..` -D CMAKE_C_COMPILER=gcc-13 -D CMAKE_CXX_COMPILER=g++-13 -DTARGET_NAME=whole_array -Dsubdir=whole_array
-- The C compiler identification is GNU 13.3.0
-- The CXX compiler identification is GNU 13.3.0
-- Detecting C compiler ABI info
-- Detecting C compiler ABI info - done
-- Check for working C compiler: /usr/bin/gcc-13 - skipped
-- Detecting C compile features
-- Detecting C compile features - done
-- Detecting CXX compiler ABI info
-- Detecting CXX compiler ABI info - done
-- Check for working CXX compiler: /usr/bin/g++-13 - skipped
-- Detecting CXX compile features
-- Detecting CXX compile features - done
-- Configuring done (0.3s)
-- Generating done (0.0s)
-- Build files have been written to: /scratch/luisr/mlir-aie/programming_examples/basic/matrix_multiplication/whole_array/_build
cd _build &&  cmake --build . --config Release
gmake[1]: Entering directory '/scratch/luisr/mlir-aie/programming_examples/basic/matrix_multiplication/whole_array/_build'
gmake[2]: Entering directory '/scratch/luisr/mlir-aie/programming_examples/basic/matrix_multiplication/whole_array/_build'
gmake[3]: Entering directory '/scratch/luisr/mlir-aie/programming_examples/basic/matrix_multiplication/whole_array/_build'
gmake[3]: Leaving directory '/scratch/luisr/mlir-aie/programming_examples/basic/matrix_multiplication/whole_array/_build'
gmake[3]: Entering directory '/scratch/luisr/mlir-aie/programming_examples/basic/matrix_multiplication/whole_array/_build'
[ 33%] Building CXX object CMakeFiles/whole_array.dir/scratch/luisr/mlir-aie/runtime_lib/test_lib/test_utils.cpp.o
[ 66%] Building CXX object CMakeFiles/whole_array.dir/whole_array/test.cpp.o
[100%] Linking CXX executable whole_array
gmake[3]: Leaving directory '/scratch/luisr/mlir-aie/programming_examples/basic/matrix_multiplication/whole_array/_build'
[100%] Built target whole_array
gmake[2]: Leaving directory '/scratch/luisr/mlir-aie/programming_examples/basic/matrix_multiplication/whole_array/_build'
gmake[1]: Leaving directory '/scratch/luisr/mlir-aie/programming_examples/basic/matrix_multiplication/whole_array/_build'
cp _build/whole_array whole_array.exe 
mkdir -p build
python3 /scratch/luisr/mlir-aie/programming_examples/basic/matrix_multiplication/whole_array/whole_array.py -m 64 -k 88 -n 64 --n-aie-cols 8 --b-col-maj 0 --dev npu2 -M 4096 -K 704 -N 8192 --dtype_in bf16 --dtype_out bf16 --emulate-bf16-mmul-with-bfp16 true --trace_size 0 > build/aie_4096x704x8192_64x88x64_8c.mlir
mkdir -p build
cd build && xchesscc_wrapper aie2p -I /proj/xbuilds/2024.2_INT_1113_1001/installs/all_platforms/Vitis/2024.2/aietools/include  -Dbf16_bf16_ONLY -DDIM_M=64 -DDIM_K=88 -DDIM_N=64 -DAIE_API_EMULATE_BFLOAT16_MMUL_WITH_BFP16 -c /scratch/luisr/mlir-aie/programming_examples/basic/matrix_multiplication/whole_array/../../../../aie_kernels/aie2p/mm.cc -o mm_64x88x64.o
WARNING: Default location for XILINX_VIVADO_IP_OVERRIDE not found: /build/xfndry/IP_2024.2_INTEGRATION_VERIFIED/customer/vivado/data/ip
mkdir -p build
cd build && aiecc.py --alloc-scheme=basic-sequential --aie-generate-xclbin --no-compile-host --xclbin-name=final_4096x704x8192_64x88x64_8c.xclbin \
			 \
			--aie-generate-npu-insts --npu-insts-name=insts_4096x704x8192_64x88x64_8c.txt ../build/aie_4096x704x8192_64x88x64_8c.mlir

Generating: /scratch/luisr/mlir-aie/programming_examples/basic/matrix_multiplication/whole_array/build/aie_4096x704x8192_64x88x64_8c.mlir.prj/aie_cdo_elfs.bin
Generating: /scratch/luisr/mlir-aie/programming_examples/basic/matrix_multiplication/whole_array/build/aie_4096x704x8192_64x88x64_8c.mlir.prj/aie_cdo_init.bin
Generating: /scratch/luisr/mlir-aie/programming_examples/basic/matrix_multiplication/whole_array/build/aie_4096x704x8192_64x88x64_8c.mlir.prj/aie_cdo_enable.bin
export XRT_HACK_UNSECURE_LOADING_XCLBIN=1 && \
 ./whole_array.exe -x build/final_4096x704x8192_64x88x64_8c.xclbin -i build/insts_4096x704x8192_64x88x64_8c.txt -k MLIR_AIE -M 4096 -K 704 -N 8192 --iters 40 --warmup 10 --verify=false --b_col_maj 0

Avg NPU matmul time: 11398.8us.
Avg NPU gflops: 4144.71

Min NPU matmul time: 10513us.
Max NPU gflops: 4493.93

Max NPU matmul time: 12213us.
Min NPU gflops: 3868.39

PASS!

rm -rf tmpTrace parse*.json trace*json trace.txt
rm -rf build _build whole_array.exe
rm -rf _build
mkdir -p _build
cd _build &&  cmake -E env CXXFLAGS="-std=c++23 -ggdb -DDTYPE_IN=std::bfloat16_t -DDTYPE_OUT=std::bfloat16_t -DDTYPE_ACC=float" \
	cmake `echo /scratch/luisr/mlir-aie/programming_examples/basic/matrix_multiplication/whole_array/..` -D CMAKE_C_COMPILER=gcc-13 -D CMAKE_CXX_COMPILER=g++-13 -DTARGET_NAME=whole_array -Dsubdir=whole_array
-- The C compiler identification is GNU 13.3.0
-- The CXX compiler identification is GNU 13.3.0
-- Detecting C compiler ABI info
-- Detecting C compiler ABI info - done
-- Check for working C compiler: /usr/bin/gcc-13 - skipped
-- Detecting C compile features
-- Detecting C compile features - done
-- Detecting CXX compiler ABI info
-- Detecting CXX compiler ABI info - done
-- Check for working CXX compiler: /usr/bin/g++-13 - skipped
-- Detecting CXX compile features
-- Detecting CXX compile features - done
-- Configuring done (0.3s)
-- Generating done (0.0s)
-- Build files have been written to: /scratch/luisr/mlir-aie/programming_examples/basic/matrix_multiplication/whole_array/_build
cd _build &&  cmake --build . --config Release
gmake[1]: Entering directory '/scratch/luisr/mlir-aie/programming_examples/basic/matrix_multiplication/whole_array/_build'
gmake[2]: Entering directory '/scratch/luisr/mlir-aie/programming_examples/basic/matrix_multiplication/whole_array/_build'
gmake[3]: Entering directory '/scratch/luisr/mlir-aie/programming_examples/basic/matrix_multiplication/whole_array/_build'
gmake[3]: Leaving directory '/scratch/luisr/mlir-aie/programming_examples/basic/matrix_multiplication/whole_array/_build'
gmake[3]: Entering directory '/scratch/luisr/mlir-aie/programming_examples/basic/matrix_multiplication/whole_array/_build'
[ 33%] Building CXX object CMakeFiles/whole_array.dir/scratch/luisr/mlir-aie/runtime_lib/test_lib/test_utils.cpp.o
[ 66%] Building CXX object CMakeFiles/whole_array.dir/whole_array/test.cpp.o
[100%] Linking CXX executable whole_array
gmake[3]: Leaving directory '/scratch/luisr/mlir-aie/programming_examples/basic/matrix_multiplication/whole_array/_build'
[100%] Built target whole_array
gmake[2]: Leaving directory '/scratch/luisr/mlir-aie/programming_examples/basic/matrix_multiplication/whole_array/_build'
gmake[1]: Leaving directory '/scratch/luisr/mlir-aie/programming_examples/basic/matrix_multiplication/whole_array/_build'
cp _build/whole_array whole_array.exe 
mkdir -p build
python3 /scratch/luisr/mlir-aie/programming_examples/basic/matrix_multiplication/whole_array/whole_array.py -m 64 -k 88 -n 64 --n-aie-cols 8 --b-col-maj 0 --dev npu2 -M 4096 -K 1408 -N 512 --dtype_in bf16 --dtype_out bf16 --emulate-bf16-mmul-with-bfp16 true --trace_size 0 > build/aie_4096x1408x512_64x88x64_8c.mlir
mkdir -p build
cd build && xchesscc_wrapper aie2p -I /proj/xbuilds/2024.2_INT_1113_1001/installs/all_platforms/Vitis/2024.2/aietools/include  -Dbf16_bf16_ONLY -DDIM_M=64 -DDIM_K=88 -DDIM_N=64 -DAIE_API_EMULATE_BFLOAT16_MMUL_WITH_BFP16 -c /scratch/luisr/mlir-aie/programming_examples/basic/matrix_multiplication/whole_array/../../../../aie_kernels/aie2p/mm.cc -o mm_64x88x64.o
WARNING: Default location for XILINX_VIVADO_IP_OVERRIDE not found: /build/xfndry/IP_2024.2_INTEGRATION_VERIFIED/customer/vivado/data/ip
mkdir -p build
cd build && aiecc.py --alloc-scheme=basic-sequential --aie-generate-xclbin --no-compile-host --xclbin-name=final_4096x1408x512_64x88x64_8c.xclbin \
			 \
			--aie-generate-npu-insts --npu-insts-name=insts_4096x1408x512_64x88x64_8c.txt ../build/aie_4096x1408x512_64x88x64_8c.mlir

Generating: /scratch/luisr/mlir-aie/programming_examples/basic/matrix_multiplication/whole_array/build/aie_4096x1408x512_64x88x64_8c.mlir.prj/aie_cdo_elfs.bin
Generating: /scratch/luisr/mlir-aie/programming_examples/basic/matrix_multiplication/whole_array/build/aie_4096x1408x512_64x88x64_8c.mlir.prj/aie_cdo_init.bin
Generating: /scratch/luisr/mlir-aie/programming_examples/basic/matrix_multiplication/whole_array/build/aie_4096x1408x512_64x88x64_8c.mlir.prj/aie_cdo_enable.bin
export XRT_HACK_UNSECURE_LOADING_XCLBIN=1 && \
 ./whole_array.exe -x build/final_4096x1408x512_64x88x64_8c.xclbin -i build/insts_4096x1408x512_64x88x64_8c.txt -k MLIR_AIE -M 4096 -K 1408 -N 512 --iters 40 --warmup 10 --verify=false --b_col_maj 0

Avg NPU matmul time: 1624.85us.
Avg NPU gflops: 3634.54

Min NPU matmul time: 1322us.
Max NPU gflops: 4467.16

Max NPU matmul time: 1836us.
Min NPU gflops: 3216.55

PASS!

rm -rf tmpTrace parse*.json trace*json trace.txt
rm -rf build _build whole_array.exe
rm -rf _build
mkdir -p _build
cd _build &&  cmake -E env CXXFLAGS="-std=c++23 -ggdb -DDTYPE_IN=std::bfloat16_t -DDTYPE_OUT=std::bfloat16_t -DDTYPE_ACC=float" \
	cmake `echo /scratch/luisr/mlir-aie/programming_examples/basic/matrix_multiplication/whole_array/..` -D CMAKE_C_COMPILER=gcc-13 -D CMAKE_CXX_COMPILER=g++-13 -DTARGET_NAME=whole_array -Dsubdir=whole_array
-- The C compiler identification is GNU 13.3.0
-- The CXX compiler identification is GNU 13.3.0
-- Detecting C compiler ABI info
-- Detecting C compiler ABI info - done
-- Check for working C compiler: /usr/bin/gcc-13 - skipped
-- Detecting C compile features
-- Detecting C compile features - done
-- Detecting CXX compiler ABI info
-- Detecting CXX compiler ABI info - done
-- Check for working CXX compiler: /usr/bin/g++-13 - skipped
-- Detecting CXX compile features
-- Detecting CXX compile features - done
-- Configuring done (0.3s)
-- Generating done (0.0s)
-- Build files have been written to: /scratch/luisr/mlir-aie/programming_examples/basic/matrix_multiplication/whole_array/_build
cd _build &&  cmake --build . --config Release
gmake[1]: Entering directory '/scratch/luisr/mlir-aie/programming_examples/basic/matrix_multiplication/whole_array/_build'
gmake[2]: Entering directory '/scratch/luisr/mlir-aie/programming_examples/basic/matrix_multiplication/whole_array/_build'
gmake[3]: Entering directory '/scratch/luisr/mlir-aie/programming_examples/basic/matrix_multiplication/whole_array/_build'
gmake[3]: Leaving directory '/scratch/luisr/mlir-aie/programming_examples/basic/matrix_multiplication/whole_array/_build'
gmake[3]: Entering directory '/scratch/luisr/mlir-aie/programming_examples/basic/matrix_multiplication/whole_array/_build'
[ 33%] Building CXX object CMakeFiles/whole_array.dir/scratch/luisr/mlir-aie/runtime_lib/test_lib/test_utils.cpp.o
[ 66%] Building CXX object CMakeFiles/whole_array.dir/whole_array/test.cpp.o
[100%] Linking CXX executable whole_array
gmake[3]: Leaving directory '/scratch/luisr/mlir-aie/programming_examples/basic/matrix_multiplication/whole_array/_build'
[100%] Built target whole_array
gmake[2]: Leaving directory '/scratch/luisr/mlir-aie/programming_examples/basic/matrix_multiplication/whole_array/_build'
gmake[1]: Leaving directory '/scratch/luisr/mlir-aie/programming_examples/basic/matrix_multiplication/whole_array/_build'
cp _build/whole_array whole_array.exe 
mkdir -p build
python3 /scratch/luisr/mlir-aie/programming_examples/basic/matrix_multiplication/whole_array/whole_array.py -m 64 -k 88 -n 64 --n-aie-cols 8 --b-col-maj 0 --dev npu2 -M 4096 -K 1408 -N 1024 --dtype_in bf16 --dtype_out bf16 --emulate-bf16-mmul-with-bfp16 true --trace_size 0 > build/aie_4096x1408x1024_64x88x64_8c.mlir
mkdir -p build
cd build && xchesscc_wrapper aie2p -I /proj/xbuilds/2024.2_INT_1113_1001/installs/all_platforms/Vitis/2024.2/aietools/include  -Dbf16_bf16_ONLY -DDIM_M=64 -DDIM_K=88 -DDIM_N=64 -DAIE_API_EMULATE_BFLOAT16_MMUL_WITH_BFP16 -c /scratch/luisr/mlir-aie/programming_examples/basic/matrix_multiplication/whole_array/../../../../aie_kernels/aie2p/mm.cc -o mm_64x88x64.o
WARNING: Default location for XILINX_VIVADO_IP_OVERRIDE not found: /build/xfndry/IP_2024.2_INTEGRATION_VERIFIED/customer/vivado/data/ip
mkdir -p build
cd build && aiecc.py --alloc-scheme=basic-sequential --aie-generate-xclbin --no-compile-host --xclbin-name=final_4096x1408x1024_64x88x64_8c.xclbin \
			 \
			--aie-generate-npu-insts --npu-insts-name=insts_4096x1408x1024_64x88x64_8c.txt ../build/aie_4096x1408x1024_64x88x64_8c.mlir

Generating: /scratch/luisr/mlir-aie/programming_examples/basic/matrix_multiplication/whole_array/build/aie_4096x1408x1024_64x88x64_8c.mlir.prj/aie_cdo_elfs.bin
Generating: /scratch/luisr/mlir-aie/programming_examples/basic/matrix_multiplication/whole_array/build/aie_4096x1408x1024_64x88x64_8c.mlir.prj/aie_cdo_init.bin
Generating: /scratch/luisr/mlir-aie/programming_examples/basic/matrix_multiplication/whole_array/build/aie_4096x1408x1024_64x88x64_8c.mlir.prj/aie_cdo_enable.bin
export XRT_HACK_UNSECURE_LOADING_XCLBIN=1 && \
 ./whole_array.exe -x build/final_4096x1408x1024_64x88x64_8c.xclbin -i build/insts_4096x1408x1024_64x88x64_8c.txt -k MLIR_AIE -M 4096 -K 1408 -N 1024 --iters 40 --warmup 10 --verify=false --b_col_maj 0

Avg NPU matmul time: 2862.35us.
Avg NPU gflops: 4126.39

Min NPU matmul time: 2560us.
Max NPU gflops: 4613.73

Max NPU matmul time: 3301us.
Min NPU gflops: 3578.06

PASS!

rm -rf tmpTrace parse*.json trace*json trace.txt
rm -rf build _build whole_array.exe
rm -rf _build
mkdir -p _build
cd _build &&  cmake -E env CXXFLAGS="-std=c++23 -ggdb -DDTYPE_IN=std::bfloat16_t -DDTYPE_OUT=std::bfloat16_t -DDTYPE_ACC=float" \
	cmake `echo /scratch/luisr/mlir-aie/programming_examples/basic/matrix_multiplication/whole_array/..` -D CMAKE_C_COMPILER=gcc-13 -D CMAKE_CXX_COMPILER=g++-13 -DTARGET_NAME=whole_array -Dsubdir=whole_array
-- The C compiler identification is GNU 13.3.0
-- The CXX compiler identification is GNU 13.3.0
-- Detecting C compiler ABI info
-- Detecting C compiler ABI info - done
-- Check for working C compiler: /usr/bin/gcc-13 - skipped
-- Detecting C compile features
-- Detecting C compile features - done
-- Detecting CXX compiler ABI info
-- Detecting CXX compiler ABI info - done
-- Check for working CXX compiler: /usr/bin/g++-13 - skipped
-- Detecting CXX compile features
-- Detecting CXX compile features - done
-- Configuring done (0.3s)
-- Generating done (0.0s)
-- Build files have been written to: /scratch/luisr/mlir-aie/programming_examples/basic/matrix_multiplication/whole_array/_build
cd _build &&  cmake --build . --config Release
gmake[1]: Entering directory '/scratch/luisr/mlir-aie/programming_examples/basic/matrix_multiplication/whole_array/_build'
gmake[2]: Entering directory '/scratch/luisr/mlir-aie/programming_examples/basic/matrix_multiplication/whole_array/_build'
gmake[3]: Entering directory '/scratch/luisr/mlir-aie/programming_examples/basic/matrix_multiplication/whole_array/_build'
gmake[3]: Leaving directory '/scratch/luisr/mlir-aie/programming_examples/basic/matrix_multiplication/whole_array/_build'
gmake[3]: Entering directory '/scratch/luisr/mlir-aie/programming_examples/basic/matrix_multiplication/whole_array/_build'
[ 33%] Building CXX object CMakeFiles/whole_array.dir/scratch/luisr/mlir-aie/runtime_lib/test_lib/test_utils.cpp.o
[ 66%] Building CXX object CMakeFiles/whole_array.dir/whole_array/test.cpp.o
[100%] Linking CXX executable whole_array
gmake[3]: Leaving directory '/scratch/luisr/mlir-aie/programming_examples/basic/matrix_multiplication/whole_array/_build'
[100%] Built target whole_array
gmake[2]: Leaving directory '/scratch/luisr/mlir-aie/programming_examples/basic/matrix_multiplication/whole_array/_build'
gmake[1]: Leaving directory '/scratch/luisr/mlir-aie/programming_examples/basic/matrix_multiplication/whole_array/_build'
cp _build/whole_array whole_array.exe 
mkdir -p build
python3 /scratch/luisr/mlir-aie/programming_examples/basic/matrix_multiplication/whole_array/whole_array.py -m 64 -k 88 -n 64 --n-aie-cols 8 --b-col-maj 0 --dev npu2 -M 4096 -K 1408 -N 4096 --dtype_in bf16 --dtype_out bf16 --emulate-bf16-mmul-with-bfp16 true --trace_size 0 > build/aie_4096x1408x4096_64x88x64_8c.mlir
mkdir -p build
cd build && xchesscc_wrapper aie2p -I /proj/xbuilds/2024.2_INT_1113_1001/installs/all_platforms/Vitis/2024.2/aietools/include  -Dbf16_bf16_ONLY -DDIM_M=64 -DDIM_K=88 -DDIM_N=64 -DAIE_API_EMULATE_BFLOAT16_MMUL_WITH_BFP16 -c /scratch/luisr/mlir-aie/programming_examples/basic/matrix_multiplication/whole_array/../../../../aie_kernels/aie2p/mm.cc -o mm_64x88x64.o
WARNING: Default location for XILINX_VIVADO_IP_OVERRIDE not found: /build/xfndry/IP_2024.2_INTEGRATION_VERIFIED/customer/vivado/data/ip
mkdir -p build
cd build && aiecc.py --alloc-scheme=basic-sequential --aie-generate-xclbin --no-compile-host --xclbin-name=final_4096x1408x4096_64x88x64_8c.xclbin \
			 \
			--aie-generate-npu-insts --npu-insts-name=insts_4096x1408x4096_64x88x64_8c.txt ../build/aie_4096x1408x4096_64x88x64_8c.mlir

Generating: /scratch/luisr/mlir-aie/programming_examples/basic/matrix_multiplication/whole_array/build/aie_4096x1408x4096_64x88x64_8c.mlir.prj/aie_cdo_elfs.bin
Generating: /scratch/luisr/mlir-aie/programming_examples/basic/matrix_multiplication/whole_array/build/aie_4096x1408x4096_64x88x64_8c.mlir.prj/aie_cdo_init.bin
Generating: /scratch/luisr/mlir-aie/programming_examples/basic/matrix_multiplication/whole_array/build/aie_4096x1408x4096_64x88x64_8c.mlir.prj/aie_cdo_enable.bin
export XRT_HACK_UNSECURE_LOADING_XCLBIN=1 && \
 ./whole_array.exe -x build/final_4096x1408x4096_64x88x64_8c.xclbin -i build/insts_4096x1408x4096_64x88x64_8c.txt -k MLIR_AIE -M 4096 -K 1408 -N 4096 --iters 40 --warmup 10 --verify=false --b_col_maj 0

Avg NPU matmul time: 10538.2us.
Avg NPU gflops: 4483.16

Min NPU matmul time: 10087us.
Max NPU gflops: 4683.72

Max NPU matmul time: 11309us.
Min NPU gflops: 4177.61

PASS!

rm -rf tmpTrace parse*.json trace*json trace.txt
rm -rf build _build whole_array.exe
rm -rf _build
mkdir -p _build
cd _build &&  cmake -E env CXXFLAGS="-std=c++23 -ggdb -DDTYPE_IN=std::bfloat16_t -DDTYPE_OUT=std::bfloat16_t -DDTYPE_ACC=float" \
	cmake `echo /scratch/luisr/mlir-aie/programming_examples/basic/matrix_multiplication/whole_array/..` -D CMAKE_C_COMPILER=gcc-13 -D CMAKE_CXX_COMPILER=g++-13 -DTARGET_NAME=whole_array -Dsubdir=whole_array
-- The C compiler identification is GNU 13.3.0
-- The CXX compiler identification is GNU 13.3.0
-- Detecting C compiler ABI info
-- Detecting C compiler ABI info - done
-- Check for working C compiler: /usr/bin/gcc-13 - skipped
-- Detecting C compile features
-- Detecting C compile features - done
-- Detecting CXX compiler ABI info
-- Detecting CXX compiler ABI info - done
-- Check for working CXX compiler: /usr/bin/g++-13 - skipped
-- Detecting CXX compile features
-- Detecting CXX compile features - done
-- Configuring done (0.3s)
-- Generating done (0.0s)
-- Build files have been written to: /scratch/luisr/mlir-aie/programming_examples/basic/matrix_multiplication/whole_array/_build
cd _build &&  cmake --build . --config Release
gmake[1]: Entering directory '/scratch/luisr/mlir-aie/programming_examples/basic/matrix_multiplication/whole_array/_build'
gmake[2]: Entering directory '/scratch/luisr/mlir-aie/programming_examples/basic/matrix_multiplication/whole_array/_build'
gmake[3]: Entering directory '/scratch/luisr/mlir-aie/programming_examples/basic/matrix_multiplication/whole_array/_build'
gmake[3]: Leaving directory '/scratch/luisr/mlir-aie/programming_examples/basic/matrix_multiplication/whole_array/_build'
gmake[3]: Entering directory '/scratch/luisr/mlir-aie/programming_examples/basic/matrix_multiplication/whole_array/_build'
[ 33%] Building CXX object CMakeFiles/whole_array.dir/scratch/luisr/mlir-aie/runtime_lib/test_lib/test_utils.cpp.o
[ 66%] Building CXX object CMakeFiles/whole_array.dir/whole_array/test.cpp.o
[100%] Linking CXX executable whole_array
gmake[3]: Leaving directory '/scratch/luisr/mlir-aie/programming_examples/basic/matrix_multiplication/whole_array/_build'
[100%] Built target whole_array
gmake[2]: Leaving directory '/scratch/luisr/mlir-aie/programming_examples/basic/matrix_multiplication/whole_array/_build'
gmake[1]: Leaving directory '/scratch/luisr/mlir-aie/programming_examples/basic/matrix_multiplication/whole_array/_build'
cp _build/whole_array whole_array.exe 
mkdir -p build
python3 /scratch/luisr/mlir-aie/programming_examples/basic/matrix_multiplication/whole_array/whole_array.py -m 64 -k 88 -n 64 --n-aie-cols 8 --b-col-maj 0 --dev npu2 -M 4096 -K 1408 -N 8192 --dtype_in bf16 --dtype_out bf16 --emulate-bf16-mmul-with-bfp16 true --trace_size 0 > build/aie_4096x1408x8192_64x88x64_8c.mlir
mkdir -p build
cd build && xchesscc_wrapper aie2p -I /proj/xbuilds/2024.2_INT_1113_1001/installs/all_platforms/Vitis/2024.2/aietools/include  -Dbf16_bf16_ONLY -DDIM_M=64 -DDIM_K=88 -DDIM_N=64 -DAIE_API_EMULATE_BFLOAT16_MMUL_WITH_BFP16 -c /scratch/luisr/mlir-aie/programming_examples/basic/matrix_multiplication/whole_array/../../../../aie_kernels/aie2p/mm.cc -o mm_64x88x64.o
WARNING: Default location for XILINX_VIVADO_IP_OVERRIDE not found: /build/xfndry/IP_2024.2_INTEGRATION_VERIFIED/customer/vivado/data/ip
mkdir -p build
cd build && aiecc.py --alloc-scheme=basic-sequential --aie-generate-xclbin --no-compile-host --xclbin-name=final_4096x1408x8192_64x88x64_8c.xclbin \
			 \
			--aie-generate-npu-insts --npu-insts-name=insts_4096x1408x8192_64x88x64_8c.txt ../build/aie_4096x1408x8192_64x88x64_8c.mlir

Generating: /scratch/luisr/mlir-aie/programming_examples/basic/matrix_multiplication/whole_array/build/aie_4096x1408x8192_64x88x64_8c.mlir.prj/aie_cdo_elfs.bin
Generating: /scratch/luisr/mlir-aie/programming_examples/basic/matrix_multiplication/whole_array/build/aie_4096x1408x8192_64x88x64_8c.mlir.prj/aie_cdo_init.bin
Generating: /scratch/luisr/mlir-aie/programming_examples/basic/matrix_multiplication/whole_array/build/aie_4096x1408x8192_64x88x64_8c.mlir.prj/aie_cdo_enable.bin
export XRT_HACK_UNSECURE_LOADING_XCLBIN=1 && \
 ./whole_array.exe -x build/final_4096x1408x8192_64x88x64_8c.xclbin -i build/insts_4096x1408x8192_64x88x64_8c.txt -k MLIR_AIE -M 4096 -K 1408 -N 8192 --iters 40 --warmup 10 --verify=false --b_col_maj 0

Avg NPU matmul time: 21640.1us.
Avg NPU gflops: 4366.4

Min NPU matmul time: 20624us.
Max NPU gflops: 4581.52

Max NPU matmul time: 22814us.
Min NPU gflops: 4141.72

PASS!

rm -rf tmpTrace parse*.json trace*json trace.txt
rm -rf build _build whole_array.exe
rm -rf _build
mkdir -p _build
cd _build &&  cmake -E env CXXFLAGS="-std=c++23 -ggdb -DDTYPE_IN=std::bfloat16_t -DDTYPE_OUT=std::bfloat16_t -DDTYPE_ACC=float" \
	cmake `echo /scratch/luisr/mlir-aie/programming_examples/basic/matrix_multiplication/whole_array/..` -D CMAKE_C_COMPILER=gcc-13 -D CMAKE_CXX_COMPILER=g++-13 -DTARGET_NAME=whole_array -Dsubdir=whole_array
-- The C compiler identification is GNU 13.3.0
-- The CXX compiler identification is GNU 13.3.0
-- Detecting C compiler ABI info
-- Detecting C compiler ABI info - done
-- Check for working C compiler: /usr/bin/gcc-13 - skipped
-- Detecting C compile features
-- Detecting C compile features - done
-- Detecting CXX compiler ABI info
-- Detecting CXX compiler ABI info - done
-- Check for working CXX compiler: /usr/bin/g++-13 - skipped
-- Detecting CXX compile features
-- Detecting CXX compile features - done
-- Configuring done (0.3s)
-- Generating done (0.0s)
-- Build files have been written to: /scratch/luisr/mlir-aie/programming_examples/basic/matrix_multiplication/whole_array/_build
cd _build &&  cmake --build . --config Release
gmake[1]: Entering directory '/scratch/luisr/mlir-aie/programming_examples/basic/matrix_multiplication/whole_array/_build'
gmake[2]: Entering directory '/scratch/luisr/mlir-aie/programming_examples/basic/matrix_multiplication/whole_array/_build'
gmake[3]: Entering directory '/scratch/luisr/mlir-aie/programming_examples/basic/matrix_multiplication/whole_array/_build'
gmake[3]: Leaving directory '/scratch/luisr/mlir-aie/programming_examples/basic/matrix_multiplication/whole_array/_build'
gmake[3]: Entering directory '/scratch/luisr/mlir-aie/programming_examples/basic/matrix_multiplication/whole_array/_build'
[ 33%] Building CXX object CMakeFiles/whole_array.dir/scratch/luisr/mlir-aie/runtime_lib/test_lib/test_utils.cpp.o
[ 66%] Building CXX object CMakeFiles/whole_array.dir/whole_array/test.cpp.o
[100%] Linking CXX executable whole_array
gmake[3]: Leaving directory '/scratch/luisr/mlir-aie/programming_examples/basic/matrix_multiplication/whole_array/_build'
[100%] Built target whole_array
gmake[2]: Leaving directory '/scratch/luisr/mlir-aie/programming_examples/basic/matrix_multiplication/whole_array/_build'
gmake[1]: Leaving directory '/scratch/luisr/mlir-aie/programming_examples/basic/matrix_multiplication/whole_array/_build'
cp _build/whole_array whole_array.exe 
mkdir -p build
python3 /scratch/luisr/mlir-aie/programming_examples/basic/matrix_multiplication/whole_array/whole_array.py -m 64 -k 88 -n 64 --n-aie-cols 8 --b-col-maj 0 --dev npu2 -M 4096 -K 4224 -N 512 --dtype_in bf16 --dtype_out bf16 --emulate-bf16-mmul-with-bfp16 true --trace_size 0 > build/aie_4096x4224x512_64x88x64_8c.mlir
mkdir -p build
cd build && xchesscc_wrapper aie2p -I /proj/xbuilds/2024.2_INT_1113_1001/installs/all_platforms/Vitis/2024.2/aietools/include  -Dbf16_bf16_ONLY -DDIM_M=64 -DDIM_K=88 -DDIM_N=64 -DAIE_API_EMULATE_BFLOAT16_MMUL_WITH_BFP16 -c /scratch/luisr/mlir-aie/programming_examples/basic/matrix_multiplication/whole_array/../../../../aie_kernels/aie2p/mm.cc -o mm_64x88x64.o
WARNING: Default location for XILINX_VIVADO_IP_OVERRIDE not found: /build/xfndry/IP_2024.2_INTEGRATION_VERIFIED/customer/vivado/data/ip
mkdir -p build
cd build && aiecc.py --alloc-scheme=basic-sequential --aie-generate-xclbin --no-compile-host --xclbin-name=final_4096x4224x512_64x88x64_8c.xclbin \
			 \
			--aie-generate-npu-insts --npu-insts-name=insts_4096x4224x512_64x88x64_8c.txt ../build/aie_4096x4224x512_64x88x64_8c.mlir

Generating: /scratch/luisr/mlir-aie/programming_examples/basic/matrix_multiplication/whole_array/build/aie_4096x4224x512_64x88x64_8c.mlir.prj/aie_cdo_elfs.bin
Generating: /scratch/luisr/mlir-aie/programming_examples/basic/matrix_multiplication/whole_array/build/aie_4096x4224x512_64x88x64_8c.mlir.prj/aie_cdo_init.bin
Generating: /scratch/luisr/mlir-aie/programming_examples/basic/matrix_multiplication/whole_array/build/aie_4096x4224x512_64x88x64_8c.mlir.prj/aie_cdo_enable.bin
export XRT_HACK_UNSECURE_LOADING_XCLBIN=1 && \
 ./whole_array.exe -x build/final_4096x4224x512_64x88x64_8c.xclbin -i build/insts_4096x4224x512_64x88x64_8c.txt -k MLIR_AIE -M 4096 -K 4224 -N 512 --iters 40 --warmup 10 --verify=false --b_col_maj 0

Avg NPU matmul time: 4092.05us.
Avg NPU gflops: 4329.55

Min NPU matmul time: 3781us.
Max NPU gflops: 4685.73

Max NPU matmul time: 4503us.
Min NPU gflops: 3934.43

PASS!

rm -rf tmpTrace parse*.json trace*json trace.txt
rm -rf build _build whole_array.exe
rm -rf _build
mkdir -p _build
cd _build &&  cmake -E env CXXFLAGS="-std=c++23 -ggdb -DDTYPE_IN=std::bfloat16_t -DDTYPE_OUT=std::bfloat16_t -DDTYPE_ACC=float" \
	cmake `echo /scratch/luisr/mlir-aie/programming_examples/basic/matrix_multiplication/whole_array/..` -D CMAKE_C_COMPILER=gcc-13 -D CMAKE_CXX_COMPILER=g++-13 -DTARGET_NAME=whole_array -Dsubdir=whole_array
-- The C compiler identification is GNU 13.3.0
-- The CXX compiler identification is GNU 13.3.0
-- Detecting C compiler ABI info
-- Detecting C compiler ABI info - done
-- Check for working C compiler: /usr/bin/gcc-13 - skipped
-- Detecting C compile features
-- Detecting C compile features - done
-- Detecting CXX compiler ABI info
-- Detecting CXX compiler ABI info - done
-- Check for working CXX compiler: /usr/bin/g++-13 - skipped
-- Detecting CXX compile features
-- Detecting CXX compile features - done
-- Configuring done (0.3s)
-- Generating done (0.0s)
-- Build files have been written to: /scratch/luisr/mlir-aie/programming_examples/basic/matrix_multiplication/whole_array/_build
cd _build &&  cmake --build . --config Release
gmake[1]: Entering directory '/scratch/luisr/mlir-aie/programming_examples/basic/matrix_multiplication/whole_array/_build'
gmake[2]: Entering directory '/scratch/luisr/mlir-aie/programming_examples/basic/matrix_multiplication/whole_array/_build'
gmake[3]: Entering directory '/scratch/luisr/mlir-aie/programming_examples/basic/matrix_multiplication/whole_array/_build'
gmake[3]: Leaving directory '/scratch/luisr/mlir-aie/programming_examples/basic/matrix_multiplication/whole_array/_build'
gmake[3]: Entering directory '/scratch/luisr/mlir-aie/programming_examples/basic/matrix_multiplication/whole_array/_build'
[ 33%] Building CXX object CMakeFiles/whole_array.dir/scratch/luisr/mlir-aie/runtime_lib/test_lib/test_utils.cpp.o
[ 66%] Building CXX object CMakeFiles/whole_array.dir/whole_array/test.cpp.o
[100%] Linking CXX executable whole_array
gmake[3]: Leaving directory '/scratch/luisr/mlir-aie/programming_examples/basic/matrix_multiplication/whole_array/_build'
[100%] Built target whole_array
gmake[2]: Leaving directory '/scratch/luisr/mlir-aie/programming_examples/basic/matrix_multiplication/whole_array/_build'
gmake[1]: Leaving directory '/scratch/luisr/mlir-aie/programming_examples/basic/matrix_multiplication/whole_array/_build'
cp _build/whole_array whole_array.exe 
mkdir -p build
python3 /scratch/luisr/mlir-aie/programming_examples/basic/matrix_multiplication/whole_array/whole_array.py -m 64 -k 88 -n 64 --n-aie-cols 8 --b-col-maj 0 --dev npu2 -M 4096 -K 4224 -N 1024 --dtype_in bf16 --dtype_out bf16 --emulate-bf16-mmul-with-bfp16 true --trace_size 0 > build/aie_4096x4224x1024_64x88x64_8c.mlir
mkdir -p build
cd build && xchesscc_wrapper aie2p -I /proj/xbuilds/2024.2_INT_1113_1001/installs/all_platforms/Vitis/2024.2/aietools/include  -Dbf16_bf16_ONLY -DDIM_M=64 -DDIM_K=88 -DDIM_N=64 -DAIE_API_EMULATE_BFLOAT16_MMUL_WITH_BFP16 -c /scratch/luisr/mlir-aie/programming_examples/basic/matrix_multiplication/whole_array/../../../../aie_kernels/aie2p/mm.cc -o mm_64x88x64.o
WARNING: Default location for XILINX_VIVADO_IP_OVERRIDE not found: /build/xfndry/IP_2024.2_INTEGRATION_VERIFIED/customer/vivado/data/ip
mkdir -p build
cd build && aiecc.py --alloc-scheme=basic-sequential --aie-generate-xclbin --no-compile-host --xclbin-name=final_4096x4224x1024_64x88x64_8c.xclbin \
			 \
			--aie-generate-npu-insts --npu-insts-name=insts_4096x4224x1024_64x88x64_8c.txt ../build/aie_4096x4224x1024_64x88x64_8c.mlir

Generating: /scratch/luisr/mlir-aie/programming_examples/basic/matrix_multiplication/whole_array/build/aie_4096x4224x1024_64x88x64_8c.mlir.prj/aie_cdo_elfs.bin
Generating: /scratch/luisr/mlir-aie/programming_examples/basic/matrix_multiplication/whole_array/build/aie_4096x4224x1024_64x88x64_8c.mlir.prj/aie_cdo_init.bin
Generating: /scratch/luisr/mlir-aie/programming_examples/basic/matrix_multiplication/whole_array/build/aie_4096x4224x1024_64x88x64_8c.mlir.prj/aie_cdo_enable.bin
export XRT_HACK_UNSECURE_LOADING_XCLBIN=1 && \
 ./whole_array.exe -x build/final_4096x4224x1024_64x88x64_8c.xclbin -i build/insts_4096x4224x1024_64x88x64_8c.txt -k MLIR_AIE -M 4096 -K 4224 -N 1024 --iters 40 --warmup 10 --verify=false --b_col_maj 0

Avg NPU matmul time: 7972.85us.
Avg NPU gflops: 4444.27

Min NPU matmul time: 7669us.
Max NPU gflops: 4620.35

Max NPU matmul time: 8854us.
Min NPU gflops: 4001.97

PASS!

rm -rf tmpTrace parse*.json trace*json trace.txt
rm -rf build _build whole_array.exe
rm -rf _build
mkdir -p _build
cd _build &&  cmake -E env CXXFLAGS="-std=c++23 -ggdb -DDTYPE_IN=std::bfloat16_t -DDTYPE_OUT=std::bfloat16_t -DDTYPE_ACC=float" \
	cmake `echo /scratch/luisr/mlir-aie/programming_examples/basic/matrix_multiplication/whole_array/..` -D CMAKE_C_COMPILER=gcc-13 -D CMAKE_CXX_COMPILER=g++-13 -DTARGET_NAME=whole_array -Dsubdir=whole_array
-- The C compiler identification is GNU 13.3.0
-- The CXX compiler identification is GNU 13.3.0
-- Detecting C compiler ABI info
-- Detecting C compiler ABI info - done
-- Check for working C compiler: /usr/bin/gcc-13 - skipped
-- Detecting C compile features
-- Detecting C compile features - done
-- Detecting CXX compiler ABI info
-- Detecting CXX compiler ABI info - done
-- Check for working CXX compiler: /usr/bin/g++-13 - skipped
-- Detecting CXX compile features
-- Detecting CXX compile features - done
-- Configuring done (0.3s)
-- Generating done (0.0s)
-- Build files have been written to: /scratch/luisr/mlir-aie/programming_examples/basic/matrix_multiplication/whole_array/_build
cd _build &&  cmake --build . --config Release
gmake[1]: Entering directory '/scratch/luisr/mlir-aie/programming_examples/basic/matrix_multiplication/whole_array/_build'
gmake[2]: Entering directory '/scratch/luisr/mlir-aie/programming_examples/basic/matrix_multiplication/whole_array/_build'
gmake[3]: Entering directory '/scratch/luisr/mlir-aie/programming_examples/basic/matrix_multiplication/whole_array/_build'
gmake[3]: Leaving directory '/scratch/luisr/mlir-aie/programming_examples/basic/matrix_multiplication/whole_array/_build'
gmake[3]: Entering directory '/scratch/luisr/mlir-aie/programming_examples/basic/matrix_multiplication/whole_array/_build'
[ 33%] Building CXX object CMakeFiles/whole_array.dir/scratch/luisr/mlir-aie/runtime_lib/test_lib/test_utils.cpp.o
[ 66%] Building CXX object CMakeFiles/whole_array.dir/whole_array/test.cpp.o
[100%] Linking CXX executable whole_array
gmake[3]: Leaving directory '/scratch/luisr/mlir-aie/programming_examples/basic/matrix_multiplication/whole_array/_build'
[100%] Built target whole_array
gmake[2]: Leaving directory '/scratch/luisr/mlir-aie/programming_examples/basic/matrix_multiplication/whole_array/_build'
gmake[1]: Leaving directory '/scratch/luisr/mlir-aie/programming_examples/basic/matrix_multiplication/whole_array/_build'
cp _build/whole_array whole_array.exe 
mkdir -p build
python3 /scratch/luisr/mlir-aie/programming_examples/basic/matrix_multiplication/whole_array/whole_array.py -m 64 -k 88 -n 64 --n-aie-cols 8 --b-col-maj 0 --dev npu2 -M 4096 -K 4224 -N 4096 --dtype_in bf16 --dtype_out bf16 --emulate-bf16-mmul-with-bfp16 true --trace_size 0 > build/aie_4096x4224x4096_64x88x64_8c.mlir
mkdir -p build
cd build && xchesscc_wrapper aie2p -I /proj/xbuilds/2024.2_INT_1113_1001/installs/all_platforms/Vitis/2024.2/aietools/include  -Dbf16_bf16_ONLY -DDIM_M=64 -DDIM_K=88 -DDIM_N=64 -DAIE_API_EMULATE_BFLOAT16_MMUL_WITH_BFP16 -c /scratch/luisr/mlir-aie/programming_examples/basic/matrix_multiplication/whole_array/../../../../aie_kernels/aie2p/mm.cc -o mm_64x88x64.o
WARNING: Default location for XILINX_VIVADO_IP_OVERRIDE not found: /build/xfndry/IP_2024.2_INTEGRATION_VERIFIED/customer/vivado/data/ip
mkdir -p build
cd build && aiecc.py --alloc-scheme=basic-sequential --aie-generate-xclbin --no-compile-host --xclbin-name=final_4096x4224x4096_64x88x64_8c.xclbin \
			 \
			--aie-generate-npu-insts --npu-insts-name=insts_4096x4224x4096_64x88x64_8c.txt ../build/aie_4096x4224x4096_64x88x64_8c.mlir

Generating: /scratch/luisr/mlir-aie/programming_examples/basic/matrix_multiplication/whole_array/build/aie_4096x4224x4096_64x88x64_8c.mlir.prj/aie_cdo_elfs.bin
Generating: /scratch/luisr/mlir-aie/programming_examples/basic/matrix_multiplication/whole_array/build/aie_4096x4224x4096_64x88x64_8c.mlir.prj/aie_cdo_init.bin
Generating: /scratch/luisr/mlir-aie/programming_examples/basic/matrix_multiplication/whole_array/build/aie_4096x4224x4096_64x88x64_8c.mlir.prj/aie_cdo_enable.bin
export XRT_HACK_UNSECURE_LOADING_XCLBIN=1 && \
 ./whole_array.exe -x build/final_4096x4224x4096_64x88x64_8c.xclbin -i build/insts_4096x4224x4096_64x88x64_8c.txt -k MLIR_AIE -M 4096 -K 4224 -N 4096 --iters 40 --warmup 10 --verify=false --b_col_maj 0

Avg NPU matmul time: 30667.7us.
Avg NPU gflops: 4621.61

Min NPU matmul time: 29941us.
Max NPU gflops: 4733.77

Max NPU matmul time: 31823us.
Min NPU gflops: 4453.82

PASS!

rm -rf tmpTrace parse*.json trace*json trace.txt
rm -rf build _build whole_array.exe
rm -rf _build
mkdir -p _build
cd _build &&  cmake -E env CXXFLAGS="-std=c++23 -ggdb -DDTYPE_IN=std::bfloat16_t -DDTYPE_OUT=std::bfloat16_t -DDTYPE_ACC=float" \
	cmake `echo /scratch/luisr/mlir-aie/programming_examples/basic/matrix_multiplication/whole_array/..` -D CMAKE_C_COMPILER=gcc-13 -D CMAKE_CXX_COMPILER=g++-13 -DTARGET_NAME=whole_array -Dsubdir=whole_array
-- The C compiler identification is GNU 13.3.0
-- The CXX compiler identification is GNU 13.3.0
-- Detecting C compiler ABI info
-- Detecting C compiler ABI info - done
-- Check for working C compiler: /usr/bin/gcc-13 - skipped
-- Detecting C compile features
-- Detecting C compile features - done
-- Detecting CXX compiler ABI info
-- Detecting CXX compiler ABI info - done
-- Check for working CXX compiler: /usr/bin/g++-13 - skipped
-- Detecting CXX compile features
-- Detecting CXX compile features - done
-- Configuring done (0.2s)
-- Generating done (0.0s)
-- Build files have been written to: /scratch/luisr/mlir-aie/programming_examples/basic/matrix_multiplication/whole_array/_build
cd _build &&  cmake --build . --config Release
gmake[1]: Entering directory '/scratch/luisr/mlir-aie/programming_examples/basic/matrix_multiplication/whole_array/_build'
gmake[2]: Entering directory '/scratch/luisr/mlir-aie/programming_examples/basic/matrix_multiplication/whole_array/_build'
gmake[3]: Entering directory '/scratch/luisr/mlir-aie/programming_examples/basic/matrix_multiplication/whole_array/_build'
gmake[3]: Leaving directory '/scratch/luisr/mlir-aie/programming_examples/basic/matrix_multiplication/whole_array/_build'
gmake[3]: Entering directory '/scratch/luisr/mlir-aie/programming_examples/basic/matrix_multiplication/whole_array/_build'
[ 33%] Building CXX object CMakeFiles/whole_array.dir/scratch/luisr/mlir-aie/runtime_lib/test_lib/test_utils.cpp.o
[ 66%] Building CXX object CMakeFiles/whole_array.dir/whole_array/test.cpp.o
[100%] Linking CXX executable whole_array
gmake[3]: Leaving directory '/scratch/luisr/mlir-aie/programming_examples/basic/matrix_multiplication/whole_array/_build'
[100%] Built target whole_array
gmake[2]: Leaving directory '/scratch/luisr/mlir-aie/programming_examples/basic/matrix_multiplication/whole_array/_build'
gmake[1]: Leaving directory '/scratch/luisr/mlir-aie/programming_examples/basic/matrix_multiplication/whole_array/_build'
cp _build/whole_array whole_array.exe 
mkdir -p build
python3 /scratch/luisr/mlir-aie/programming_examples/basic/matrix_multiplication/whole_array/whole_array.py -m 64 -k 88 -n 64 --n-aie-cols 8 --b-col-maj 0 --dev npu2 -M 4096 -K 4224 -N 8192 --dtype_in bf16 --dtype_out bf16 --emulate-bf16-mmul-with-bfp16 true --trace_size 0 > build/aie_4096x4224x8192_64x88x64_8c.mlir
mkdir -p build
cd build && xchesscc_wrapper aie2p -I /proj/xbuilds/2024.2_INT_1113_1001/installs/all_platforms/Vitis/2024.2/aietools/include  -Dbf16_bf16_ONLY -DDIM_M=64 -DDIM_K=88 -DDIM_N=64 -DAIE_API_EMULATE_BFLOAT16_MMUL_WITH_BFP16 -c /scratch/luisr/mlir-aie/programming_examples/basic/matrix_multiplication/whole_array/../../../../aie_kernels/aie2p/mm.cc -o mm_64x88x64.o
WARNING: Default location for XILINX_VIVADO_IP_OVERRIDE not found: /build/xfndry/IP_2024.2_INTEGRATION_VERIFIED/customer/vivado/data/ip
mkdir -p build
cd build && aiecc.py --alloc-scheme=basic-sequential --aie-generate-xclbin --no-compile-host --xclbin-name=final_4096x4224x8192_64x88x64_8c.xclbin \
			 \
			--aie-generate-npu-insts --npu-insts-name=insts_4096x4224x8192_64x88x64_8c.txt ../build/aie_4096x4224x8192_64x88x64_8c.mlir

Generating: /scratch/luisr/mlir-aie/programming_examples/basic/matrix_multiplication/whole_array/build/aie_4096x4224x8192_64x88x64_8c.mlir.prj/aie_cdo_elfs.bin
Generating: /scratch/luisr/mlir-aie/programming_examples/basic/matrix_multiplication/whole_array/build/aie_4096x4224x8192_64x88x64_8c.mlir.prj/aie_cdo_init.bin
Generating: /scratch/luisr/mlir-aie/programming_examples/basic/matrix_multiplication/whole_array/build/aie_4096x4224x8192_64x88x64_8c.mlir.prj/aie_cdo_enable.bin
export XRT_HACK_UNSECURE_LOADING_XCLBIN=1 && \
 ./whole_array.exe -x build/final_4096x4224x8192_64x88x64_8c.xclbin -i build/insts_4096x4224x8192_64x88x64_8c.txt -k MLIR_AIE -M 4096 -K 4224 -N 8192 --iters 40 --warmup 10 --verify=false --b_col_maj 0

Avg NPU matmul time: 64231.4us.
Avg NPU gflops: 4413.23

Min NPU matmul time: 63116us.
Max NPU gflops: 4491.22

Max NPU matmul time: 67286us.
Min NPU gflops: 4212.88

PASS!

rm -rf tmpTrace parse*.json trace*json trace.txt
rm -rf build _build whole_array.exe
rm -rf _build
mkdir -p _build
cd _build &&  cmake -E env CXXFLAGS="-std=c++23 -ggdb -DDTYPE_IN=std::bfloat16_t -DDTYPE_OUT=std::bfloat16_t -DDTYPE_ACC=float" \
	cmake `echo /scratch/luisr/mlir-aie/programming_examples/basic/matrix_multiplication/whole_array/..` -D CMAKE_C_COMPILER=gcc-13 -D CMAKE_CXX_COMPILER=g++-13 -DTARGET_NAME=whole_array -Dsubdir=whole_array
-- The C compiler identification is GNU 13.3.0
-- The CXX compiler identification is GNU 13.3.0
-- Detecting C compiler ABI info
-- Detecting C compiler ABI info - done
-- Check for working C compiler: /usr/bin/gcc-13 - skipped
-- Detecting C compile features
-- Detecting C compile features - done
-- Detecting CXX compiler ABI info
-- Detecting CXX compiler ABI info - done
-- Check for working CXX compiler: /usr/bin/g++-13 - skipped
-- Detecting CXX compile features
-- Detecting CXX compile features - done
-- Configuring done (0.3s)
-- Generating done (0.0s)
-- Build files have been written to: /scratch/luisr/mlir-aie/programming_examples/basic/matrix_multiplication/whole_array/_build
cd _build &&  cmake --build . --config Release
gmake[1]: Entering directory '/scratch/luisr/mlir-aie/programming_examples/basic/matrix_multiplication/whole_array/_build'
gmake[2]: Entering directory '/scratch/luisr/mlir-aie/programming_examples/basic/matrix_multiplication/whole_array/_build'
gmake[3]: Entering directory '/scratch/luisr/mlir-aie/programming_examples/basic/matrix_multiplication/whole_array/_build'
gmake[3]: Leaving directory '/scratch/luisr/mlir-aie/programming_examples/basic/matrix_multiplication/whole_array/_build'
gmake[3]: Entering directory '/scratch/luisr/mlir-aie/programming_examples/basic/matrix_multiplication/whole_array/_build'
[ 33%] Building CXX object CMakeFiles/whole_array.dir/scratch/luisr/mlir-aie/runtime_lib/test_lib/test_utils.cpp.o
[ 66%] Building CXX object CMakeFiles/whole_array.dir/whole_array/test.cpp.o
[100%] Linking CXX executable whole_array
gmake[3]: Leaving directory '/scratch/luisr/mlir-aie/programming_examples/basic/matrix_multiplication/whole_array/_build'
[100%] Built target whole_array
gmake[2]: Leaving directory '/scratch/luisr/mlir-aie/programming_examples/basic/matrix_multiplication/whole_array/_build'
gmake[1]: Leaving directory '/scratch/luisr/mlir-aie/programming_examples/basic/matrix_multiplication/whole_array/_build'
cp _build/whole_array whole_array.exe 
mkdir -p build
python3 /scratch/luisr/mlir-aie/programming_examples/basic/matrix_multiplication/whole_array/whole_array.py -m 64 -k 88 -n 64 --n-aie-cols 8 --b-col-maj 0 --dev npu2 -M 4096 -K 5632 -N 512 --dtype_in bf16 --dtype_out bf16 --emulate-bf16-mmul-with-bfp16 true --trace_size 0 > build/aie_4096x5632x512_64x88x64_8c.mlir
mkdir -p build
cd build && xchesscc_wrapper aie2p -I /proj/xbuilds/2024.2_INT_1113_1001/installs/all_platforms/Vitis/2024.2/aietools/include  -Dbf16_bf16_ONLY -DDIM_M=64 -DDIM_K=88 -DDIM_N=64 -DAIE_API_EMULATE_BFLOAT16_MMUL_WITH_BFP16 -c /scratch/luisr/mlir-aie/programming_examples/basic/matrix_multiplication/whole_array/../../../../aie_kernels/aie2p/mm.cc -o mm_64x88x64.o
WARNING: Default location for XILINX_VIVADO_IP_OVERRIDE not found: /build/xfndry/IP_2024.2_INTEGRATION_VERIFIED/customer/vivado/data/ip
mkdir -p build
cd build && aiecc.py --alloc-scheme=basic-sequential --aie-generate-xclbin --no-compile-host --xclbin-name=final_4096x5632x512_64x88x64_8c.xclbin \
			 \
			--aie-generate-npu-insts --npu-insts-name=insts_4096x5632x512_64x88x64_8c.txt ../build/aie_4096x5632x512_64x88x64_8c.mlir

Generating: /scratch/luisr/mlir-aie/programming_examples/basic/matrix_multiplication/whole_array/build/aie_4096x5632x512_64x88x64_8c.mlir.prj/aie_cdo_elfs.bin
Generating: /scratch/luisr/mlir-aie/programming_examples/basic/matrix_multiplication/whole_array/build/aie_4096x5632x512_64x88x64_8c.mlir.prj/aie_cdo_init.bin
Generating: /scratch/luisr/mlir-aie/programming_examples/basic/matrix_multiplication/whole_array/build/aie_4096x5632x512_64x88x64_8c.mlir.prj/aie_cdo_enable.bin
export XRT_HACK_UNSECURE_LOADING_XCLBIN=1 && \
 ./whole_array.exe -x build/final_4096x5632x512_64x88x64_8c.xclbin -i build/insts_4096x5632x512_64x88x64_8c.txt -k MLIR_AIE -M 4096 -K 5632 -N 512 --iters 40 --warmup 10 --verify=false --b_col_maj 0

Avg NPU matmul time: 5208.48us.
Avg NPU gflops: 4535.36

Min NPU matmul time: 4953us.
Max NPU gflops: 4769.3

Max NPU matmul time: 6266us.
Min NPU gflops: 3769.92

PASS!

rm -rf tmpTrace parse*.json trace*json trace.txt
rm -rf build _build whole_array.exe
rm -rf _build
mkdir -p _build
cd _build &&  cmake -E env CXXFLAGS="-std=c++23 -ggdb -DDTYPE_IN=std::bfloat16_t -DDTYPE_OUT=std::bfloat16_t -DDTYPE_ACC=float" \
	cmake `echo /scratch/luisr/mlir-aie/programming_examples/basic/matrix_multiplication/whole_array/..` -D CMAKE_C_COMPILER=gcc-13 -D CMAKE_CXX_COMPILER=g++-13 -DTARGET_NAME=whole_array -Dsubdir=whole_array
-- The C compiler identification is GNU 13.3.0
-- The CXX compiler identification is GNU 13.3.0
-- Detecting C compiler ABI info
-- Detecting C compiler ABI info - done
-- Check for working C compiler: /usr/bin/gcc-13 - skipped
-- Detecting C compile features
-- Detecting C compile features - done
-- Detecting CXX compiler ABI info
-- Detecting CXX compiler ABI info - done
-- Check for working CXX compiler: /usr/bin/g++-13 - skipped
-- Detecting CXX compile features
-- Detecting CXX compile features - done
-- Configuring done (0.3s)
-- Generating done (0.0s)
-- Build files have been written to: /scratch/luisr/mlir-aie/programming_examples/basic/matrix_multiplication/whole_array/_build
cd _build &&  cmake --build . --config Release
gmake[1]: Entering directory '/scratch/luisr/mlir-aie/programming_examples/basic/matrix_multiplication/whole_array/_build'
gmake[2]: Entering directory '/scratch/luisr/mlir-aie/programming_examples/basic/matrix_multiplication/whole_array/_build'
gmake[3]: Entering directory '/scratch/luisr/mlir-aie/programming_examples/basic/matrix_multiplication/whole_array/_build'
gmake[3]: Leaving directory '/scratch/luisr/mlir-aie/programming_examples/basic/matrix_multiplication/whole_array/_build'
gmake[3]: Entering directory '/scratch/luisr/mlir-aie/programming_examples/basic/matrix_multiplication/whole_array/_build'
[ 33%] Building CXX object CMakeFiles/whole_array.dir/scratch/luisr/mlir-aie/runtime_lib/test_lib/test_utils.cpp.o
[ 66%] Building CXX object CMakeFiles/whole_array.dir/whole_array/test.cpp.o
[100%] Linking CXX executable whole_array
gmake[3]: Leaving directory '/scratch/luisr/mlir-aie/programming_examples/basic/matrix_multiplication/whole_array/_build'
[100%] Built target whole_array
gmake[2]: Leaving directory '/scratch/luisr/mlir-aie/programming_examples/basic/matrix_multiplication/whole_array/_build'
gmake[1]: Leaving directory '/scratch/luisr/mlir-aie/programming_examples/basic/matrix_multiplication/whole_array/_build'
cp _build/whole_array whole_array.exe 
mkdir -p build
python3 /scratch/luisr/mlir-aie/programming_examples/basic/matrix_multiplication/whole_array/whole_array.py -m 64 -k 88 -n 64 --n-aie-cols 8 --b-col-maj 0 --dev npu2 -M 4096 -K 5632 -N 1024 --dtype_in bf16 --dtype_out bf16 --emulate-bf16-mmul-with-bfp16 true --trace_size 0 > build/aie_4096x5632x1024_64x88x64_8c.mlir
mkdir -p build
cd build && xchesscc_wrapper aie2p -I /proj/xbuilds/2024.2_INT_1113_1001/installs/all_platforms/Vitis/2024.2/aietools/include  -Dbf16_bf16_ONLY -DDIM_M=64 -DDIM_K=88 -DDIM_N=64 -DAIE_API_EMULATE_BFLOAT16_MMUL_WITH_BFP16 -c /scratch/luisr/mlir-aie/programming_examples/basic/matrix_multiplication/whole_array/../../../../aie_kernels/aie2p/mm.cc -o mm_64x88x64.o
WARNING: Default location for XILINX_VIVADO_IP_OVERRIDE not found: /build/xfndry/IP_2024.2_INTEGRATION_VERIFIED/customer/vivado/data/ip
mkdir -p build
cd build && aiecc.py --alloc-scheme=basic-sequential --aie-generate-xclbin --no-compile-host --xclbin-name=final_4096x5632x1024_64x88x64_8c.xclbin \
			 \
			--aie-generate-npu-insts --npu-insts-name=insts_4096x5632x1024_64x88x64_8c.txt ../build/aie_4096x5632x1024_64x88x64_8c.mlir

Generating: /scratch/luisr/mlir-aie/programming_examples/basic/matrix_multiplication/whole_array/build/aie_4096x5632x1024_64x88x64_8c.mlir.prj/aie_cdo_elfs.bin
Generating: /scratch/luisr/mlir-aie/programming_examples/basic/matrix_multiplication/whole_array/build/aie_4096x5632x1024_64x88x64_8c.mlir.prj/aie_cdo_init.bin
Generating: /scratch/luisr/mlir-aie/programming_examples/basic/matrix_multiplication/whole_array/build/aie_4096x5632x1024_64x88x64_8c.mlir.prj/aie_cdo_enable.bin
export XRT_HACK_UNSECURE_LOADING_XCLBIN=1 && \
 ./whole_array.exe -x build/final_4096x5632x1024_64x88x64_8c.xclbin -i build/insts_4096x5632x1024_64x88x64_8c.txt -k MLIR_AIE -M 4096 -K 5632 -N 1024 --iters 40 --warmup 10 --verify=false --b_col_maj 0

Avg NPU matmul time: 10338.4us.
Avg NPU gflops: 4569.83

Min NPU matmul time: 9907us.
Max NPU gflops: 4768.81

Max NPU matmul time: 10820us.
Min NPU gflops: 4366.42

PASS!

rm -rf tmpTrace parse*.json trace*json trace.txt
rm -rf build _build whole_array.exe
rm -rf _build
mkdir -p _build
cd _build &&  cmake -E env CXXFLAGS="-std=c++23 -ggdb -DDTYPE_IN=std::bfloat16_t -DDTYPE_OUT=std::bfloat16_t -DDTYPE_ACC=float" \
	cmake `echo /scratch/luisr/mlir-aie/programming_examples/basic/matrix_multiplication/whole_array/..` -D CMAKE_C_COMPILER=gcc-13 -D CMAKE_CXX_COMPILER=g++-13 -DTARGET_NAME=whole_array -Dsubdir=whole_array
-- The C compiler identification is GNU 13.3.0
-- The CXX compiler identification is GNU 13.3.0
-- Detecting C compiler ABI info
-- Detecting C compiler ABI info - done
-- Check for working C compiler: /usr/bin/gcc-13 - skipped
-- Detecting C compile features
-- Detecting C compile features - done
-- Detecting CXX compiler ABI info
-- Detecting CXX compiler ABI info - done
-- Check for working CXX compiler: /usr/bin/g++-13 - skipped
-- Detecting CXX compile features
-- Detecting CXX compile features - done
-- Configuring done (0.3s)
-- Generating done (0.0s)
-- Build files have been written to: /scratch/luisr/mlir-aie/programming_examples/basic/matrix_multiplication/whole_array/_build
cd _build &&  cmake --build . --config Release
gmake[1]: Entering directory '/scratch/luisr/mlir-aie/programming_examples/basic/matrix_multiplication/whole_array/_build'
gmake[2]: Entering directory '/scratch/luisr/mlir-aie/programming_examples/basic/matrix_multiplication/whole_array/_build'
gmake[3]: Entering directory '/scratch/luisr/mlir-aie/programming_examples/basic/matrix_multiplication/whole_array/_build'
gmake[3]: Leaving directory '/scratch/luisr/mlir-aie/programming_examples/basic/matrix_multiplication/whole_array/_build'
gmake[3]: Entering directory '/scratch/luisr/mlir-aie/programming_examples/basic/matrix_multiplication/whole_array/_build'
[ 33%] Building CXX object CMakeFiles/whole_array.dir/scratch/luisr/mlir-aie/runtime_lib/test_lib/test_utils.cpp.o
[ 66%] Building CXX object CMakeFiles/whole_array.dir/whole_array/test.cpp.o
[100%] Linking CXX executable whole_array
gmake[3]: Leaving directory '/scratch/luisr/mlir-aie/programming_examples/basic/matrix_multiplication/whole_array/_build'
[100%] Built target whole_array
gmake[2]: Leaving directory '/scratch/luisr/mlir-aie/programming_examples/basic/matrix_multiplication/whole_array/_build'
gmake[1]: Leaving directory '/scratch/luisr/mlir-aie/programming_examples/basic/matrix_multiplication/whole_array/_build'
cp _build/whole_array whole_array.exe 
mkdir -p build
python3 /scratch/luisr/mlir-aie/programming_examples/basic/matrix_multiplication/whole_array/whole_array.py -m 64 -k 88 -n 64 --n-aie-cols 8 --b-col-maj 0 --dev npu2 -M 4096 -K 5632 -N 4096 --dtype_in bf16 --dtype_out bf16 --emulate-bf16-mmul-with-bfp16 true --trace_size 0 > build/aie_4096x5632x4096_64x88x64_8c.mlir
mkdir -p build
cd build && xchesscc_wrapper aie2p -I /proj/xbuilds/2024.2_INT_1113_1001/installs/all_platforms/Vitis/2024.2/aietools/include  -Dbf16_bf16_ONLY -DDIM_M=64 -DDIM_K=88 -DDIM_N=64 -DAIE_API_EMULATE_BFLOAT16_MMUL_WITH_BFP16 -c /scratch/luisr/mlir-aie/programming_examples/basic/matrix_multiplication/whole_array/../../../../aie_kernels/aie2p/mm.cc -o mm_64x88x64.o
WARNING: Default location for XILINX_VIVADO_IP_OVERRIDE not found: /build/xfndry/IP_2024.2_INTEGRATION_VERIFIED/customer/vivado/data/ip
mkdir -p build
cd build && aiecc.py --alloc-scheme=basic-sequential --aie-generate-xclbin --no-compile-host --xclbin-name=final_4096x5632x4096_64x88x64_8c.xclbin \
			 \
			--aie-generate-npu-insts --npu-insts-name=insts_4096x5632x4096_64x88x64_8c.txt ../build/aie_4096x5632x4096_64x88x64_8c.mlir

Generating: /scratch/luisr/mlir-aie/programming_examples/basic/matrix_multiplication/whole_array/build/aie_4096x5632x4096_64x88x64_8c.mlir.prj/aie_cdo_elfs.bin
Generating: /scratch/luisr/mlir-aie/programming_examples/basic/matrix_multiplication/whole_array/build/aie_4096x5632x4096_64x88x64_8c.mlir.prj/aie_cdo_init.bin
Generating: /scratch/luisr/mlir-aie/programming_examples/basic/matrix_multiplication/whole_array/build/aie_4096x5632x4096_64x88x64_8c.mlir.prj/aie_cdo_enable.bin
export XRT_HACK_UNSECURE_LOADING_XCLBIN=1 && \
 ./whole_array.exe -x build/final_4096x5632x4096_64x88x64_8c.xclbin -i build/insts_4096x5632x4096_64x88x64_8c.txt -k MLIR_AIE -M 4096 -K 5632 -N 4096 --iters 40 --warmup 10 --verify=false --b_col_maj 0

Avg NPU matmul time: 41044.6us.
Avg NPU gflops: 4604.23

Min NPU matmul time: 40198us.
Max NPU gflops: 4701.19

Max NPU matmul time: 41886us.
Min NPU gflops: 4511.74

PASS!

rm -rf tmpTrace parse*.json trace*json trace.txt
rm -rf build _build whole_array.exe
rm -rf _build
mkdir -p _build
cd _build &&  cmake -E env CXXFLAGS="-std=c++23 -ggdb -DDTYPE_IN=std::bfloat16_t -DDTYPE_OUT=std::bfloat16_t -DDTYPE_ACC=float" \
	cmake `echo /scratch/luisr/mlir-aie/programming_examples/basic/matrix_multiplication/whole_array/..` -D CMAKE_C_COMPILER=gcc-13 -D CMAKE_CXX_COMPILER=g++-13 -DTARGET_NAME=whole_array -Dsubdir=whole_array
-- The C compiler identification is GNU 13.3.0
-- The CXX compiler identification is GNU 13.3.0
-- Detecting C compiler ABI info
-- Detecting C compiler ABI info - done
-- Check for working C compiler: /usr/bin/gcc-13 - skipped
-- Detecting C compile features
-- Detecting C compile features - done
-- Detecting CXX compiler ABI info
-- Detecting CXX compiler ABI info - done
-- Check for working CXX compiler: /usr/bin/g++-13 - skipped
-- Detecting CXX compile features
-- Detecting CXX compile features - done
-- Configuring done (0.3s)
-- Generating done (0.0s)
-- Build files have been written to: /scratch/luisr/mlir-aie/programming_examples/basic/matrix_multiplication/whole_array/_build
cd _build &&  cmake --build . --config Release
gmake[1]: Entering directory '/scratch/luisr/mlir-aie/programming_examples/basic/matrix_multiplication/whole_array/_build'
gmake[2]: Entering directory '/scratch/luisr/mlir-aie/programming_examples/basic/matrix_multiplication/whole_array/_build'
gmake[3]: Entering directory '/scratch/luisr/mlir-aie/programming_examples/basic/matrix_multiplication/whole_array/_build'
gmake[3]: Leaving directory '/scratch/luisr/mlir-aie/programming_examples/basic/matrix_multiplication/whole_array/_build'
gmake[3]: Entering directory '/scratch/luisr/mlir-aie/programming_examples/basic/matrix_multiplication/whole_array/_build'
[ 33%] Building CXX object CMakeFiles/whole_array.dir/scratch/luisr/mlir-aie/runtime_lib/test_lib/test_utils.cpp.o
[ 66%] Building CXX object CMakeFiles/whole_array.dir/whole_array/test.cpp.o
[100%] Linking CXX executable whole_array
gmake[3]: Leaving directory '/scratch/luisr/mlir-aie/programming_examples/basic/matrix_multiplication/whole_array/_build'
[100%] Built target whole_array
gmake[2]: Leaving directory '/scratch/luisr/mlir-aie/programming_examples/basic/matrix_multiplication/whole_array/_build'
gmake[1]: Leaving directory '/scratch/luisr/mlir-aie/programming_examples/basic/matrix_multiplication/whole_array/_build'
cp _build/whole_array whole_array.exe 
mkdir -p build
python3 /scratch/luisr/mlir-aie/programming_examples/basic/matrix_multiplication/whole_array/whole_array.py -m 64 -k 88 -n 64 --n-aie-cols 8 --b-col-maj 0 --dev npu2 -M 4096 -K 5632 -N 8192 --dtype_in bf16 --dtype_out bf16 --emulate-bf16-mmul-with-bfp16 true --trace_size 0 > build/aie_4096x5632x8192_64x88x64_8c.mlir
mkdir -p build
cd build && xchesscc_wrapper aie2p -I /proj/xbuilds/2024.2_INT_1113_1001/installs/all_platforms/Vitis/2024.2/aietools/include  -Dbf16_bf16_ONLY -DDIM_M=64 -DDIM_K=88 -DDIM_N=64 -DAIE_API_EMULATE_BFLOAT16_MMUL_WITH_BFP16 -c /scratch/luisr/mlir-aie/programming_examples/basic/matrix_multiplication/whole_array/../../../../aie_kernels/aie2p/mm.cc -o mm_64x88x64.o
WARNING: Default location for XILINX_VIVADO_IP_OVERRIDE not found: /build/xfndry/IP_2024.2_INTEGRATION_VERIFIED/customer/vivado/data/ip
mkdir -p build
cd build && aiecc.py --alloc-scheme=basic-sequential --aie-generate-xclbin --no-compile-host --xclbin-name=final_4096x5632x8192_64x88x64_8c.xclbin \
			 \
			--aie-generate-npu-insts --npu-insts-name=insts_4096x5632x8192_64x88x64_8c.txt ../build/aie_4096x5632x8192_64x88x64_8c.mlir

Generating: /scratch/luisr/mlir-aie/programming_examples/basic/matrix_multiplication/whole_array/build/aie_4096x5632x8192_64x88x64_8c.mlir.prj/aie_cdo_elfs.bin
Generating: /scratch/luisr/mlir-aie/programming_examples/basic/matrix_multiplication/whole_array/build/aie_4096x5632x8192_64x88x64_8c.mlir.prj/aie_cdo_init.bin
Generating: /scratch/luisr/mlir-aie/programming_examples/basic/matrix_multiplication/whole_array/build/aie_4096x5632x8192_64x88x64_8c.mlir.prj/aie_cdo_enable.bin
export XRT_HACK_UNSECURE_LOADING_XCLBIN=1 && \
 ./whole_array.exe -x build/final_4096x5632x8192_64x88x64_8c.xclbin -i build/insts_4096x5632x8192_64x88x64_8c.txt -k MLIR_AIE -M 4096 -K 5632 -N 8192 --iters 40 --warmup 10 --verify=false --b_col_maj 0

Avg NPU matmul time: 87390.2us.
Avg NPU gflops: 4324.94

Min NPU matmul time: 85451us.
Max NPU gflops: 4423.09

Max NPU matmul time: 92699us.
Min NPU gflops: 4077.25

PASS!

rm -rf tmpTrace parse*.json trace*json trace.txt
rm -rf build _build whole_array.exe
rm -rf _build
mkdir -p _build
cd _build &&  cmake -E env CXXFLAGS="-std=c++23 -ggdb -DDTYPE_IN=std::bfloat16_t -DDTYPE_OUT=std::bfloat16_t -DDTYPE_ACC=float" \
	cmake `echo /scratch/luisr/mlir-aie/programming_examples/basic/matrix_multiplication/whole_array/..` -D CMAKE_C_COMPILER=gcc-13 -D CMAKE_CXX_COMPILER=g++-13 -DTARGET_NAME=whole_array -Dsubdir=whole_array
-- The C compiler identification is GNU 13.3.0
-- The CXX compiler identification is GNU 13.3.0
-- Detecting C compiler ABI info
-- Detecting C compiler ABI info - done
-- Check for working C compiler: /usr/bin/gcc-13 - skipped
-- Detecting C compile features
-- Detecting C compile features - done
-- Detecting CXX compiler ABI info
-- Detecting CXX compiler ABI info - done
-- Check for working CXX compiler: /usr/bin/g++-13 - skipped
-- Detecting CXX compile features
-- Detecting CXX compile features - done
-- Configuring done (0.3s)
-- Generating done (0.0s)
-- Build files have been written to: /scratch/luisr/mlir-aie/programming_examples/basic/matrix_multiplication/whole_array/_build
cd _build &&  cmake --build . --config Release
gmake[1]: Entering directory '/scratch/luisr/mlir-aie/programming_examples/basic/matrix_multiplication/whole_array/_build'
gmake[2]: Entering directory '/scratch/luisr/mlir-aie/programming_examples/basic/matrix_multiplication/whole_array/_build'
gmake[3]: Entering directory '/scratch/luisr/mlir-aie/programming_examples/basic/matrix_multiplication/whole_array/_build'
gmake[3]: Leaving directory '/scratch/luisr/mlir-aie/programming_examples/basic/matrix_multiplication/whole_array/_build'
gmake[3]: Entering directory '/scratch/luisr/mlir-aie/programming_examples/basic/matrix_multiplication/whole_array/_build'
[ 33%] Building CXX object CMakeFiles/whole_array.dir/scratch/luisr/mlir-aie/runtime_lib/test_lib/test_utils.cpp.o
[ 66%] Building CXX object CMakeFiles/whole_array.dir/whole_array/test.cpp.o
[100%] Linking CXX executable whole_array
gmake[3]: Leaving directory '/scratch/luisr/mlir-aie/programming_examples/basic/matrix_multiplication/whole_array/_build'
[100%] Built target whole_array
gmake[2]: Leaving directory '/scratch/luisr/mlir-aie/programming_examples/basic/matrix_multiplication/whole_array/_build'
gmake[1]: Leaving directory '/scratch/luisr/mlir-aie/programming_examples/basic/matrix_multiplication/whole_array/_build'
cp _build/whole_array whole_array.exe 
mkdir -p build
python3 /scratch/luisr/mlir-aie/programming_examples/basic/matrix_multiplication/whole_array/whole_array.py -m 64 -k 88 -n 64 --n-aie-cols 8 --b-col-maj 0 --dev npu2 -M 8192 -K 704 -N 512 --dtype_in bf16 --dtype_out bf16 --emulate-bf16-mmul-with-bfp16 true --trace_size 0 > build/aie_8192x704x512_64x88x64_8c.mlir
mkdir -p build
cd build && xchesscc_wrapper aie2p -I /proj/xbuilds/2024.2_INT_1113_1001/installs/all_platforms/Vitis/2024.2/aietools/include  -Dbf16_bf16_ONLY -DDIM_M=64 -DDIM_K=88 -DDIM_N=64 -DAIE_API_EMULATE_BFLOAT16_MMUL_WITH_BFP16 -c /scratch/luisr/mlir-aie/programming_examples/basic/matrix_multiplication/whole_array/../../../../aie_kernels/aie2p/mm.cc -o mm_64x88x64.o
WARNING: Default location for XILINX_VIVADO_IP_OVERRIDE not found: /build/xfndry/IP_2024.2_INTEGRATION_VERIFIED/customer/vivado/data/ip
mkdir -p build
cd build && aiecc.py --alloc-scheme=basic-sequential --aie-generate-xclbin --no-compile-host --xclbin-name=final_8192x704x512_64x88x64_8c.xclbin \
			 \
			--aie-generate-npu-insts --npu-insts-name=insts_8192x704x512_64x88x64_8c.txt ../build/aie_8192x704x512_64x88x64_8c.mlir

Generating: /scratch/luisr/mlir-aie/programming_examples/basic/matrix_multiplication/whole_array/build/aie_8192x704x512_64x88x64_8c.mlir.prj/aie_cdo_elfs.bin
Generating: /scratch/luisr/mlir-aie/programming_examples/basic/matrix_multiplication/whole_array/build/aie_8192x704x512_64x88x64_8c.mlir.prj/aie_cdo_init.bin
Generating: /scratch/luisr/mlir-aie/programming_examples/basic/matrix_multiplication/whole_array/build/aie_8192x704x512_64x88x64_8c.mlir.prj/aie_cdo_enable.bin
export XRT_HACK_UNSECURE_LOADING_XCLBIN=1 && \
 ./whole_array.exe -x build/final_8192x704x512_64x88x64_8c.xclbin -i build/insts_8192x704x512_64x88x64_8c.txt -k MLIR_AIE -M 8192 -K 704 -N 512 --iters 40 --warmup 10 --verify=false --b_col_maj 0

Avg NPU matmul time: 1799.93us.
Avg NPU gflops: 3281.01

Min NPU matmul time: 1412us.
Max NPU gflops: 4182.42

Max NPU matmul time: 2195us.
Min NPU gflops: 2690.47

PASS!

rm -rf tmpTrace parse*.json trace*json trace.txt
rm -rf build _build whole_array.exe
rm -rf _build
mkdir -p _build
cd _build &&  cmake -E env CXXFLAGS="-std=c++23 -ggdb -DDTYPE_IN=std::bfloat16_t -DDTYPE_OUT=std::bfloat16_t -DDTYPE_ACC=float" \
	cmake `echo /scratch/luisr/mlir-aie/programming_examples/basic/matrix_multiplication/whole_array/..` -D CMAKE_C_COMPILER=gcc-13 -D CMAKE_CXX_COMPILER=g++-13 -DTARGET_NAME=whole_array -Dsubdir=whole_array
-- The C compiler identification is GNU 13.3.0
-- The CXX compiler identification is GNU 13.3.0
-- Detecting C compiler ABI info
-- Detecting C compiler ABI info - done
-- Check for working C compiler: /usr/bin/gcc-13 - skipped
-- Detecting C compile features
-- Detecting C compile features - done
-- Detecting CXX compiler ABI info
-- Detecting CXX compiler ABI info - done
-- Check for working CXX compiler: /usr/bin/g++-13 - skipped
-- Detecting CXX compile features
-- Detecting CXX compile features - done
-- Configuring done (0.3s)
-- Generating done (0.0s)
-- Build files have been written to: /scratch/luisr/mlir-aie/programming_examples/basic/matrix_multiplication/whole_array/_build
cd _build &&  cmake --build . --config Release
gmake[1]: Entering directory '/scratch/luisr/mlir-aie/programming_examples/basic/matrix_multiplication/whole_array/_build'
gmake[2]: Entering directory '/scratch/luisr/mlir-aie/programming_examples/basic/matrix_multiplication/whole_array/_build'
gmake[3]: Entering directory '/scratch/luisr/mlir-aie/programming_examples/basic/matrix_multiplication/whole_array/_build'
gmake[3]: Leaving directory '/scratch/luisr/mlir-aie/programming_examples/basic/matrix_multiplication/whole_array/_build'
gmake[3]: Entering directory '/scratch/luisr/mlir-aie/programming_examples/basic/matrix_multiplication/whole_array/_build'
[ 33%] Building CXX object CMakeFiles/whole_array.dir/scratch/luisr/mlir-aie/runtime_lib/test_lib/test_utils.cpp.o
[ 66%] Building CXX object CMakeFiles/whole_array.dir/whole_array/test.cpp.o
[100%] Linking CXX executable whole_array
gmake[3]: Leaving directory '/scratch/luisr/mlir-aie/programming_examples/basic/matrix_multiplication/whole_array/_build'
[100%] Built target whole_array
gmake[2]: Leaving directory '/scratch/luisr/mlir-aie/programming_examples/basic/matrix_multiplication/whole_array/_build'
gmake[1]: Leaving directory '/scratch/luisr/mlir-aie/programming_examples/basic/matrix_multiplication/whole_array/_build'
cp _build/whole_array whole_array.exe 
mkdir -p build
python3 /scratch/luisr/mlir-aie/programming_examples/basic/matrix_multiplication/whole_array/whole_array.py -m 64 -k 88 -n 64 --n-aie-cols 8 --b-col-maj 0 --dev npu2 -M 8192 -K 704 -N 1024 --dtype_in bf16 --dtype_out bf16 --emulate-bf16-mmul-with-bfp16 true --trace_size 0 > build/aie_8192x704x1024_64x88x64_8c.mlir
mkdir -p build
cd build && xchesscc_wrapper aie2p -I /proj/xbuilds/2024.2_INT_1113_1001/installs/all_platforms/Vitis/2024.2/aietools/include  -Dbf16_bf16_ONLY -DDIM_M=64 -DDIM_K=88 -DDIM_N=64 -DAIE_API_EMULATE_BFLOAT16_MMUL_WITH_BFP16 -c /scratch/luisr/mlir-aie/programming_examples/basic/matrix_multiplication/whole_array/../../../../aie_kernels/aie2p/mm.cc -o mm_64x88x64.o
WARNING: Default location for XILINX_VIVADO_IP_OVERRIDE not found: /build/xfndry/IP_2024.2_INTEGRATION_VERIFIED/customer/vivado/data/ip
mkdir -p build
cd build && aiecc.py --alloc-scheme=basic-sequential --aie-generate-xclbin --no-compile-host --xclbin-name=final_8192x704x1024_64x88x64_8c.xclbin \
			 \
			--aie-generate-npu-insts --npu-insts-name=insts_8192x704x1024_64x88x64_8c.txt ../build/aie_8192x704x1024_64x88x64_8c.mlir

Generating: /scratch/luisr/mlir-aie/programming_examples/basic/matrix_multiplication/whole_array/build/aie_8192x704x1024_64x88x64_8c.mlir.prj/aie_cdo_elfs.bin
Generating: /scratch/luisr/mlir-aie/programming_examples/basic/matrix_multiplication/whole_array/build/aie_8192x704x1024_64x88x64_8c.mlir.prj/aie_cdo_init.bin
Generating: /scratch/luisr/mlir-aie/programming_examples/basic/matrix_multiplication/whole_array/build/aie_8192x704x1024_64x88x64_8c.mlir.prj/aie_cdo_enable.bin
export XRT_HACK_UNSECURE_LOADING_XCLBIN=1 && \
 ./whole_array.exe -x build/final_8192x704x1024_64x88x64_8c.xclbin -i build/insts_8192x704x1024_64x88x64_8c.txt -k MLIR_AIE -M 8192 -K 704 -N 1024 --iters 40 --warmup 10 --verify=false --b_col_maj 0

Avg NPU matmul time: 2951.48us.
Avg NPU gflops: 4001.78

Min NPU matmul time: 2571us.
Max NPU gflops: 4593.99

Max NPU matmul time: 3392us.
Min NPU gflops: 3482.06

PASS!

rm -rf tmpTrace parse*.json trace*json trace.txt
rm -rf build _build whole_array.exe
rm -rf _build
mkdir -p _build
cd _build &&  cmake -E env CXXFLAGS="-std=c++23 -ggdb -DDTYPE_IN=std::bfloat16_t -DDTYPE_OUT=std::bfloat16_t -DDTYPE_ACC=float" \
	cmake `echo /scratch/luisr/mlir-aie/programming_examples/basic/matrix_multiplication/whole_array/..` -D CMAKE_C_COMPILER=gcc-13 -D CMAKE_CXX_COMPILER=g++-13 -DTARGET_NAME=whole_array -Dsubdir=whole_array
-- The C compiler identification is GNU 13.3.0
-- The CXX compiler identification is GNU 13.3.0
-- Detecting C compiler ABI info
-- Detecting C compiler ABI info - done
-- Check for working C compiler: /usr/bin/gcc-13 - skipped
-- Detecting C compile features
-- Detecting C compile features - done
-- Detecting CXX compiler ABI info
-- Detecting CXX compiler ABI info - done
-- Check for working CXX compiler: /usr/bin/g++-13 - skipped
-- Detecting CXX compile features
-- Detecting CXX compile features - done
-- Configuring done (0.3s)
-- Generating done (0.0s)
-- Build files have been written to: /scratch/luisr/mlir-aie/programming_examples/basic/matrix_multiplication/whole_array/_build
cd _build &&  cmake --build . --config Release
gmake[1]: Entering directory '/scratch/luisr/mlir-aie/programming_examples/basic/matrix_multiplication/whole_array/_build'
gmake[2]: Entering directory '/scratch/luisr/mlir-aie/programming_examples/basic/matrix_multiplication/whole_array/_build'
gmake[3]: Entering directory '/scratch/luisr/mlir-aie/programming_examples/basic/matrix_multiplication/whole_array/_build'
gmake[3]: Leaving directory '/scratch/luisr/mlir-aie/programming_examples/basic/matrix_multiplication/whole_array/_build'
gmake[3]: Entering directory '/scratch/luisr/mlir-aie/programming_examples/basic/matrix_multiplication/whole_array/_build'
[ 33%] Building CXX object CMakeFiles/whole_array.dir/scratch/luisr/mlir-aie/runtime_lib/test_lib/test_utils.cpp.o
[ 66%] Building CXX object CMakeFiles/whole_array.dir/whole_array/test.cpp.o
[100%] Linking CXX executable whole_array
gmake[3]: Leaving directory '/scratch/luisr/mlir-aie/programming_examples/basic/matrix_multiplication/whole_array/_build'
[100%] Built target whole_array
gmake[2]: Leaving directory '/scratch/luisr/mlir-aie/programming_examples/basic/matrix_multiplication/whole_array/_build'
gmake[1]: Leaving directory '/scratch/luisr/mlir-aie/programming_examples/basic/matrix_multiplication/whole_array/_build'
cp _build/whole_array whole_array.exe 
mkdir -p build
python3 /scratch/luisr/mlir-aie/programming_examples/basic/matrix_multiplication/whole_array/whole_array.py -m 64 -k 88 -n 64 --n-aie-cols 8 --b-col-maj 0 --dev npu2 -M 8192 -K 704 -N 4096 --dtype_in bf16 --dtype_out bf16 --emulate-bf16-mmul-with-bfp16 true --trace_size 0 > build/aie_8192x704x4096_64x88x64_8c.mlir
mkdir -p build
cd build && xchesscc_wrapper aie2p -I /proj/xbuilds/2024.2_INT_1113_1001/installs/all_platforms/Vitis/2024.2/aietools/include  -Dbf16_bf16_ONLY -DDIM_M=64 -DDIM_K=88 -DDIM_N=64 -DAIE_API_EMULATE_BFLOAT16_MMUL_WITH_BFP16 -c /scratch/luisr/mlir-aie/programming_examples/basic/matrix_multiplication/whole_array/../../../../aie_kernels/aie2p/mm.cc -o mm_64x88x64.o
WARNING: Default location for XILINX_VIVADO_IP_OVERRIDE not found: /build/xfndry/IP_2024.2_INTEGRATION_VERIFIED/customer/vivado/data/ip
mkdir -p build
cd build && aiecc.py --alloc-scheme=basic-sequential --aie-generate-xclbin --no-compile-host --xclbin-name=final_8192x704x4096_64x88x64_8c.xclbin \
			 \
			--aie-generate-npu-insts --npu-insts-name=insts_8192x704x4096_64x88x64_8c.txt ../build/aie_8192x704x4096_64x88x64_8c.mlir

Generating: /scratch/luisr/mlir-aie/programming_examples/basic/matrix_multiplication/whole_array/build/aie_8192x704x4096_64x88x64_8c.mlir.prj/aie_cdo_elfs.bin
Generating: /scratch/luisr/mlir-aie/programming_examples/basic/matrix_multiplication/whole_array/build/aie_8192x704x4096_64x88x64_8c.mlir.prj/aie_cdo_init.bin
Generating: /scratch/luisr/mlir-aie/programming_examples/basic/matrix_multiplication/whole_array/build/aie_8192x704x4096_64x88x64_8c.mlir.prj/aie_cdo_enable.bin
export XRT_HACK_UNSECURE_LOADING_XCLBIN=1 && \
 ./whole_array.exe -x build/final_8192x704x4096_64x88x64_8c.xclbin -i build/insts_8192x704x4096_64x88x64_8c.txt -k MLIR_AIE -M 8192 -K 704 -N 4096 --iters 40 --warmup 10 --verify=false --b_col_maj 0

Avg NPU matmul time: 10737.5us.
Avg NPU gflops: 4399.99

Min NPU matmul time: 10107us.
Max NPU gflops: 4674.45

Max NPU matmul time: 11670us.
Min NPU gflops: 4048.38

PASS!

rm -rf tmpTrace parse*.json trace*json trace.txt
rm -rf build _build whole_array.exe
rm -rf _build
mkdir -p _build
cd _build &&  cmake -E env CXXFLAGS="-std=c++23 -ggdb -DDTYPE_IN=std::bfloat16_t -DDTYPE_OUT=std::bfloat16_t -DDTYPE_ACC=float" \
	cmake `echo /scratch/luisr/mlir-aie/programming_examples/basic/matrix_multiplication/whole_array/..` -D CMAKE_C_COMPILER=gcc-13 -D CMAKE_CXX_COMPILER=g++-13 -DTARGET_NAME=whole_array -Dsubdir=whole_array
-- The C compiler identification is GNU 13.3.0
-- The CXX compiler identification is GNU 13.3.0
-- Detecting C compiler ABI info
-- Detecting C compiler ABI info - done
-- Check for working C compiler: /usr/bin/gcc-13 - skipped
-- Detecting C compile features
-- Detecting C compile features - done
-- Detecting CXX compiler ABI info
-- Detecting CXX compiler ABI info - done
-- Check for working CXX compiler: /usr/bin/g++-13 - skipped
-- Detecting CXX compile features
-- Detecting CXX compile features - done
-- Configuring done (0.3s)
-- Generating done (0.0s)
-- Build files have been written to: /scratch/luisr/mlir-aie/programming_examples/basic/matrix_multiplication/whole_array/_build
cd _build &&  cmake --build . --config Release
gmake[1]: Entering directory '/scratch/luisr/mlir-aie/programming_examples/basic/matrix_multiplication/whole_array/_build'
gmake[2]: Entering directory '/scratch/luisr/mlir-aie/programming_examples/basic/matrix_multiplication/whole_array/_build'
gmake[3]: Entering directory '/scratch/luisr/mlir-aie/programming_examples/basic/matrix_multiplication/whole_array/_build'
gmake[3]: Leaving directory '/scratch/luisr/mlir-aie/programming_examples/basic/matrix_multiplication/whole_array/_build'
gmake[3]: Entering directory '/scratch/luisr/mlir-aie/programming_examples/basic/matrix_multiplication/whole_array/_build'
[ 33%] Building CXX object CMakeFiles/whole_array.dir/scratch/luisr/mlir-aie/runtime_lib/test_lib/test_utils.cpp.o
[ 66%] Building CXX object CMakeFiles/whole_array.dir/whole_array/test.cpp.o
[100%] Linking CXX executable whole_array
gmake[3]: Leaving directory '/scratch/luisr/mlir-aie/programming_examples/basic/matrix_multiplication/whole_array/_build'
[100%] Built target whole_array
gmake[2]: Leaving directory '/scratch/luisr/mlir-aie/programming_examples/basic/matrix_multiplication/whole_array/_build'
gmake[1]: Leaving directory '/scratch/luisr/mlir-aie/programming_examples/basic/matrix_multiplication/whole_array/_build'
cp _build/whole_array whole_array.exe 
mkdir -p build
python3 /scratch/luisr/mlir-aie/programming_examples/basic/matrix_multiplication/whole_array/whole_array.py -m 64 -k 88 -n 64 --n-aie-cols 8 --b-col-maj 0 --dev npu2 -M 8192 -K 704 -N 8192 --dtype_in bf16 --dtype_out bf16 --emulate-bf16-mmul-with-bfp16 true --trace_size 0 > build/aie_8192x704x8192_64x88x64_8c.mlir
mkdir -p build
cd build && xchesscc_wrapper aie2p -I /proj/xbuilds/2024.2_INT_1113_1001/installs/all_platforms/Vitis/2024.2/aietools/include  -Dbf16_bf16_ONLY -DDIM_M=64 -DDIM_K=88 -DDIM_N=64 -DAIE_API_EMULATE_BFLOAT16_MMUL_WITH_BFP16 -c /scratch/luisr/mlir-aie/programming_examples/basic/matrix_multiplication/whole_array/../../../../aie_kernels/aie2p/mm.cc -o mm_64x88x64.o
WARNING: Default location for XILINX_VIVADO_IP_OVERRIDE not found: /build/xfndry/IP_2024.2_INTEGRATION_VERIFIED/customer/vivado/data/ip
mkdir -p build
cd build && aiecc.py --alloc-scheme=basic-sequential --aie-generate-xclbin --no-compile-host --xclbin-name=final_8192x704x8192_64x88x64_8c.xclbin \
			 \
			--aie-generate-npu-insts --npu-insts-name=insts_8192x704x8192_64x88x64_8c.txt ../build/aie_8192x704x8192_64x88x64_8c.mlir

Generating: /scratch/luisr/mlir-aie/programming_examples/basic/matrix_multiplication/whole_array/build/aie_8192x704x8192_64x88x64_8c.mlir.prj/aie_cdo_elfs.bin
Generating: /scratch/luisr/mlir-aie/programming_examples/basic/matrix_multiplication/whole_array/build/aie_8192x704x8192_64x88x64_8c.mlir.prj/aie_cdo_init.bin
Generating: /scratch/luisr/mlir-aie/programming_examples/basic/matrix_multiplication/whole_array/build/aie_8192x704x8192_64x88x64_8c.mlir.prj/aie_cdo_enable.bin
export XRT_HACK_UNSECURE_LOADING_XCLBIN=1 && \
 ./whole_array.exe -x build/final_8192x704x8192_64x88x64_8c.xclbin -i build/insts_8192x704x8192_64x88x64_8c.txt -k MLIR_AIE -M 8192 -K 704 -N 8192 --iters 40 --warmup 10 --verify=false --b_col_maj 0

Avg NPU matmul time: 21647.2us.
Avg NPU gflops: 4364.98

Min NPU matmul time: 20913us.
Max NPU gflops: 4518.21

Max NPU matmul time: 22492us.
Min NPU gflops: 4201.02

PASS!

rm -rf tmpTrace parse*.json trace*json trace.txt
rm -rf build _build whole_array.exe
rm -rf _build
mkdir -p _build
cd _build &&  cmake -E env CXXFLAGS="-std=c++23 -ggdb -DDTYPE_IN=std::bfloat16_t -DDTYPE_OUT=std::bfloat16_t -DDTYPE_ACC=float" \
	cmake `echo /scratch/luisr/mlir-aie/programming_examples/basic/matrix_multiplication/whole_array/..` -D CMAKE_C_COMPILER=gcc-13 -D CMAKE_CXX_COMPILER=g++-13 -DTARGET_NAME=whole_array -Dsubdir=whole_array
-- The C compiler identification is GNU 13.3.0
-- The CXX compiler identification is GNU 13.3.0
-- Detecting C compiler ABI info
-- Detecting C compiler ABI info - done
-- Check for working C compiler: /usr/bin/gcc-13 - skipped
-- Detecting C compile features
-- Detecting C compile features - done
-- Detecting CXX compiler ABI info
-- Detecting CXX compiler ABI info - done
-- Check for working CXX compiler: /usr/bin/g++-13 - skipped
-- Detecting CXX compile features
-- Detecting CXX compile features - done
-- Configuring done (0.3s)
-- Generating done (0.0s)
-- Build files have been written to: /scratch/luisr/mlir-aie/programming_examples/basic/matrix_multiplication/whole_array/_build
cd _build &&  cmake --build . --config Release
gmake[1]: Entering directory '/scratch/luisr/mlir-aie/programming_examples/basic/matrix_multiplication/whole_array/_build'
gmake[2]: Entering directory '/scratch/luisr/mlir-aie/programming_examples/basic/matrix_multiplication/whole_array/_build'
gmake[3]: Entering directory '/scratch/luisr/mlir-aie/programming_examples/basic/matrix_multiplication/whole_array/_build'
gmake[3]: Leaving directory '/scratch/luisr/mlir-aie/programming_examples/basic/matrix_multiplication/whole_array/_build'
gmake[3]: Entering directory '/scratch/luisr/mlir-aie/programming_examples/basic/matrix_multiplication/whole_array/_build'
[ 33%] Building CXX object CMakeFiles/whole_array.dir/scratch/luisr/mlir-aie/runtime_lib/test_lib/test_utils.cpp.o
[ 66%] Building CXX object CMakeFiles/whole_array.dir/whole_array/test.cpp.o
[100%] Linking CXX executable whole_array
gmake[3]: Leaving directory '/scratch/luisr/mlir-aie/programming_examples/basic/matrix_multiplication/whole_array/_build'
[100%] Built target whole_array
gmake[2]: Leaving directory '/scratch/luisr/mlir-aie/programming_examples/basic/matrix_multiplication/whole_array/_build'
gmake[1]: Leaving directory '/scratch/luisr/mlir-aie/programming_examples/basic/matrix_multiplication/whole_array/_build'
cp _build/whole_array whole_array.exe 
mkdir -p build
python3 /scratch/luisr/mlir-aie/programming_examples/basic/matrix_multiplication/whole_array/whole_array.py -m 64 -k 88 -n 64 --n-aie-cols 8 --b-col-maj 0 --dev npu2 -M 8192 -K 1408 -N 512 --dtype_in bf16 --dtype_out bf16 --emulate-bf16-mmul-with-bfp16 true --trace_size 0 > build/aie_8192x1408x512_64x88x64_8c.mlir
mkdir -p build
cd build && xchesscc_wrapper aie2p -I /proj/xbuilds/2024.2_INT_1113_1001/installs/all_platforms/Vitis/2024.2/aietools/include  -Dbf16_bf16_ONLY -DDIM_M=64 -DDIM_K=88 -DDIM_N=64 -DAIE_API_EMULATE_BFLOAT16_MMUL_WITH_BFP16 -c /scratch/luisr/mlir-aie/programming_examples/basic/matrix_multiplication/whole_array/../../../../aie_kernels/aie2p/mm.cc -o mm_64x88x64.o
WARNING: Default location for XILINX_VIVADO_IP_OVERRIDE not found: /build/xfndry/IP_2024.2_INTEGRATION_VERIFIED/customer/vivado/data/ip
mkdir -p build
cd build && aiecc.py --alloc-scheme=basic-sequential --aie-generate-xclbin --no-compile-host --xclbin-name=final_8192x1408x512_64x88x64_8c.xclbin \
			 \
			--aie-generate-npu-insts --npu-insts-name=insts_8192x1408x512_64x88x64_8c.txt ../build/aie_8192x1408x512_64x88x64_8c.mlir

Generating: /scratch/luisr/mlir-aie/programming_examples/basic/matrix_multiplication/whole_array/build/aie_8192x1408x512_64x88x64_8c.mlir.prj/aie_cdo_elfs.bin
Generating: /scratch/luisr/mlir-aie/programming_examples/basic/matrix_multiplication/whole_array/build/aie_8192x1408x512_64x88x64_8c.mlir.prj/aie_cdo_init.bin
Generating: /scratch/luisr/mlir-aie/programming_examples/basic/matrix_multiplication/whole_array/build/aie_8192x1408x512_64x88x64_8c.mlir.prj/aie_cdo_enable.bin
export XRT_HACK_UNSECURE_LOADING_XCLBIN=1 && \
 ./whole_array.exe -x build/final_8192x1408x512_64x88x64_8c.xclbin -i build/insts_8192x1408x512_64x88x64_8c.txt -k MLIR_AIE -M 8192 -K 1408 -N 512 --iters 40 --warmup 10 --verify=false --b_col_maj 0

Avg NPU matmul time: 2545.68us.
Avg NPU gflops: 4639.7

Min NPU matmul time: 2532us.
Max NPU gflops: 4664.76

Max NPU matmul time: 2590us.
Min NPU gflops: 4560.29

PASS!

rm -rf tmpTrace parse*.json trace*json trace.txt
rm -rf build _build whole_array.exe
rm -rf _build
mkdir -p _build
cd _build &&  cmake -E env CXXFLAGS="-std=c++23 -ggdb -DDTYPE_IN=std::bfloat16_t -DDTYPE_OUT=std::bfloat16_t -DDTYPE_ACC=float" \
	cmake `echo /scratch/luisr/mlir-aie/programming_examples/basic/matrix_multiplication/whole_array/..` -D CMAKE_C_COMPILER=gcc-13 -D CMAKE_CXX_COMPILER=g++-13 -DTARGET_NAME=whole_array -Dsubdir=whole_array
-- The C compiler identification is GNU 13.3.0
-- The CXX compiler identification is GNU 13.3.0
-- Detecting C compiler ABI info
-- Detecting C compiler ABI info - done
-- Check for working C compiler: /usr/bin/gcc-13 - skipped
-- Detecting C compile features
-- Detecting C compile features - done
-- Detecting CXX compiler ABI info
-- Detecting CXX compiler ABI info - done
-- Check for working CXX compiler: /usr/bin/g++-13 - skipped
-- Detecting CXX compile features
-- Detecting CXX compile features - done
-- Configuring done (0.2s)
-- Generating done (0.0s)
-- Build files have been written to: /scratch/luisr/mlir-aie/programming_examples/basic/matrix_multiplication/whole_array/_build
cd _build &&  cmake --build . --config Release
gmake[1]: Entering directory '/scratch/luisr/mlir-aie/programming_examples/basic/matrix_multiplication/whole_array/_build'
gmake[2]: Entering directory '/scratch/luisr/mlir-aie/programming_examples/basic/matrix_multiplication/whole_array/_build'
gmake[3]: Entering directory '/scratch/luisr/mlir-aie/programming_examples/basic/matrix_multiplication/whole_array/_build'
gmake[3]: Leaving directory '/scratch/luisr/mlir-aie/programming_examples/basic/matrix_multiplication/whole_array/_build'
gmake[3]: Entering directory '/scratch/luisr/mlir-aie/programming_examples/basic/matrix_multiplication/whole_array/_build'
[ 33%] Building CXX object CMakeFiles/whole_array.dir/scratch/luisr/mlir-aie/runtime_lib/test_lib/test_utils.cpp.o
[ 66%] Building CXX object CMakeFiles/whole_array.dir/whole_array/test.cpp.o
[100%] Linking CXX executable whole_array
gmake[3]: Leaving directory '/scratch/luisr/mlir-aie/programming_examples/basic/matrix_multiplication/whole_array/_build'
[100%] Built target whole_array
gmake[2]: Leaving directory '/scratch/luisr/mlir-aie/programming_examples/basic/matrix_multiplication/whole_array/_build'
gmake[1]: Leaving directory '/scratch/luisr/mlir-aie/programming_examples/basic/matrix_multiplication/whole_array/_build'
cp _build/whole_array whole_array.exe 
mkdir -p build
python3 /scratch/luisr/mlir-aie/programming_examples/basic/matrix_multiplication/whole_array/whole_array.py -m 64 -k 88 -n 64 --n-aie-cols 8 --b-col-maj 0 --dev npu2 -M 8192 -K 1408 -N 1024 --dtype_in bf16 --dtype_out bf16 --emulate-bf16-mmul-with-bfp16 true --trace_size 0 > build/aie_8192x1408x1024_64x88x64_8c.mlir
mkdir -p build
cd build && xchesscc_wrapper aie2p -I /proj/xbuilds/2024.2_INT_1113_1001/installs/all_platforms/Vitis/2024.2/aietools/include  -Dbf16_bf16_ONLY -DDIM_M=64 -DDIM_K=88 -DDIM_N=64 -DAIE_API_EMULATE_BFLOAT16_MMUL_WITH_BFP16 -c /scratch/luisr/mlir-aie/programming_examples/basic/matrix_multiplication/whole_array/../../../../aie_kernels/aie2p/mm.cc -o mm_64x88x64.o
WARNING: Default location for XILINX_VIVADO_IP_OVERRIDE not found: /build/xfndry/IP_2024.2_INTEGRATION_VERIFIED/customer/vivado/data/ip
mkdir -p build
cd build && aiecc.py --alloc-scheme=basic-sequential --aie-generate-xclbin --no-compile-host --xclbin-name=final_8192x1408x1024_64x88x64_8c.xclbin \
			 \
			--aie-generate-npu-insts --npu-insts-name=insts_8192x1408x1024_64x88x64_8c.txt ../build/aie_8192x1408x1024_64x88x64_8c.mlir

Generating: /scratch/luisr/mlir-aie/programming_examples/basic/matrix_multiplication/whole_array/build/aie_8192x1408x1024_64x88x64_8c.mlir.prj/aie_cdo_elfs.bin
Generating: /scratch/luisr/mlir-aie/programming_examples/basic/matrix_multiplication/whole_array/build/aie_8192x1408x1024_64x88x64_8c.mlir.prj/aie_cdo_init.bin
Generating: /scratch/luisr/mlir-aie/programming_examples/basic/matrix_multiplication/whole_array/build/aie_8192x1408x1024_64x88x64_8c.mlir.prj/aie_cdo_enable.bin
export XRT_HACK_UNSECURE_LOADING_XCLBIN=1 && \
 ./whole_array.exe -x build/final_8192x1408x1024_64x88x64_8c.xclbin -i build/insts_8192x1408x1024_64x88x64_8c.txt -k MLIR_AIE -M 8192 -K 1408 -N 1024 --iters 40 --warmup 10 --verify=false --b_col_maj 0

Avg NPU matmul time: 4981.67us.
Avg NPU gflops: 4741.84

Min NPU matmul time: 4927us.
Max NPU gflops: 4794.46

Max NPU matmul time: 5431us.
Min NPU gflops: 4349.53

PASS!

rm -rf tmpTrace parse*.json trace*json trace.txt
rm -rf build _build whole_array.exe
rm -rf _build
mkdir -p _build
cd _build &&  cmake -E env CXXFLAGS="-std=c++23 -ggdb -DDTYPE_IN=std::bfloat16_t -DDTYPE_OUT=std::bfloat16_t -DDTYPE_ACC=float" \
	cmake `echo /scratch/luisr/mlir-aie/programming_examples/basic/matrix_multiplication/whole_array/..` -D CMAKE_C_COMPILER=gcc-13 -D CMAKE_CXX_COMPILER=g++-13 -DTARGET_NAME=whole_array -Dsubdir=whole_array
-- The C compiler identification is GNU 13.3.0
-- The CXX compiler identification is GNU 13.3.0
-- Detecting C compiler ABI info
-- Detecting C compiler ABI info - done
-- Check for working C compiler: /usr/bin/gcc-13 - skipped
-- Detecting C compile features
-- Detecting C compile features - done
-- Detecting CXX compiler ABI info
-- Detecting CXX compiler ABI info - done
-- Check for working CXX compiler: /usr/bin/g++-13 - skipped
-- Detecting CXX compile features
-- Detecting CXX compile features - done
-- Configuring done (0.3s)
-- Generating done (0.0s)
-- Build files have been written to: /scratch/luisr/mlir-aie/programming_examples/basic/matrix_multiplication/whole_array/_build
cd _build &&  cmake --build . --config Release
gmake[1]: Entering directory '/scratch/luisr/mlir-aie/programming_examples/basic/matrix_multiplication/whole_array/_build'
gmake[2]: Entering directory '/scratch/luisr/mlir-aie/programming_examples/basic/matrix_multiplication/whole_array/_build'
gmake[3]: Entering directory '/scratch/luisr/mlir-aie/programming_examples/basic/matrix_multiplication/whole_array/_build'
gmake[3]: Leaving directory '/scratch/luisr/mlir-aie/programming_examples/basic/matrix_multiplication/whole_array/_build'
gmake[3]: Entering directory '/scratch/luisr/mlir-aie/programming_examples/basic/matrix_multiplication/whole_array/_build'
[ 33%] Building CXX object CMakeFiles/whole_array.dir/scratch/luisr/mlir-aie/runtime_lib/test_lib/test_utils.cpp.o
[ 66%] Building CXX object CMakeFiles/whole_array.dir/whole_array/test.cpp.o
[100%] Linking CXX executable whole_array
gmake[3]: Leaving directory '/scratch/luisr/mlir-aie/programming_examples/basic/matrix_multiplication/whole_array/_build'
[100%] Built target whole_array
gmake[2]: Leaving directory '/scratch/luisr/mlir-aie/programming_examples/basic/matrix_multiplication/whole_array/_build'
gmake[1]: Leaving directory '/scratch/luisr/mlir-aie/programming_examples/basic/matrix_multiplication/whole_array/_build'
cp _build/whole_array whole_array.exe 
mkdir -p build
python3 /scratch/luisr/mlir-aie/programming_examples/basic/matrix_multiplication/whole_array/whole_array.py -m 64 -k 88 -n 64 --n-aie-cols 8 --b-col-maj 0 --dev npu2 -M 8192 -K 1408 -N 4096 --dtype_in bf16 --dtype_out bf16 --emulate-bf16-mmul-with-bfp16 true --trace_size 0 > build/aie_8192x1408x4096_64x88x64_8c.mlir
mkdir -p build
cd build && xchesscc_wrapper aie2p -I /proj/xbuilds/2024.2_INT_1113_1001/installs/all_platforms/Vitis/2024.2/aietools/include  -Dbf16_bf16_ONLY -DDIM_M=64 -DDIM_K=88 -DDIM_N=64 -DAIE_API_EMULATE_BFLOAT16_MMUL_WITH_BFP16 -c /scratch/luisr/mlir-aie/programming_examples/basic/matrix_multiplication/whole_array/../../../../aie_kernels/aie2p/mm.cc -o mm_64x88x64.o
WARNING: Default location for XILINX_VIVADO_IP_OVERRIDE not found: /build/xfndry/IP_2024.2_INTEGRATION_VERIFIED/customer/vivado/data/ip
mkdir -p build
cd build && aiecc.py --alloc-scheme=basic-sequential --aie-generate-xclbin --no-compile-host --xclbin-name=final_8192x1408x4096_64x88x64_8c.xclbin \
			 \
			--aie-generate-npu-insts --npu-insts-name=insts_8192x1408x4096_64x88x64_8c.txt ../build/aie_8192x1408x4096_64x88x64_8c.mlir

Generating: /scratch/luisr/mlir-aie/programming_examples/basic/matrix_multiplication/whole_array/build/aie_8192x1408x4096_64x88x64_8c.mlir.prj/aie_cdo_elfs.bin
Generating: /scratch/luisr/mlir-aie/programming_examples/basic/matrix_multiplication/whole_array/build/aie_8192x1408x4096_64x88x64_8c.mlir.prj/aie_cdo_init.bin
Generating: /scratch/luisr/mlir-aie/programming_examples/basic/matrix_multiplication/whole_array/build/aie_8192x1408x4096_64x88x64_8c.mlir.prj/aie_cdo_enable.bin
export XRT_HACK_UNSECURE_LOADING_XCLBIN=1 && \
 ./whole_array.exe -x build/final_8192x1408x4096_64x88x64_8c.xclbin -i build/insts_8192x1408x4096_64x88x64_8c.txt -k MLIR_AIE -M 8192 -K 1408 -N 4096 --iters 40 --warmup 10 --verify=false --b_col_maj 0

Avg NPU matmul time: 20176.2us.
Avg NPU gflops: 4683.19

Min NPU matmul time: 19737us.
Max NPU gflops: 4787.42

Max NPU matmul time: 20872us.
Min NPU gflops: 4527.08

PASS!

rm -rf tmpTrace parse*.json trace*json trace.txt
rm -rf build _build whole_array.exe
rm -rf _build
mkdir -p _build
cd _build &&  cmake -E env CXXFLAGS="-std=c++23 -ggdb -DDTYPE_IN=std::bfloat16_t -DDTYPE_OUT=std::bfloat16_t -DDTYPE_ACC=float" \
	cmake `echo /scratch/luisr/mlir-aie/programming_examples/basic/matrix_multiplication/whole_array/..` -D CMAKE_C_COMPILER=gcc-13 -D CMAKE_CXX_COMPILER=g++-13 -DTARGET_NAME=whole_array -Dsubdir=whole_array
-- The C compiler identification is GNU 13.3.0
-- The CXX compiler identification is GNU 13.3.0
-- Detecting C compiler ABI info
-- Detecting C compiler ABI info - done
-- Check for working C compiler: /usr/bin/gcc-13 - skipped
-- Detecting C compile features
-- Detecting C compile features - done
-- Detecting CXX compiler ABI info
-- Detecting CXX compiler ABI info - done
-- Check for working CXX compiler: /usr/bin/g++-13 - skipped
-- Detecting CXX compile features
-- Detecting CXX compile features - done
-- Configuring done (0.3s)
-- Generating done (0.0s)
-- Build files have been written to: /scratch/luisr/mlir-aie/programming_examples/basic/matrix_multiplication/whole_array/_build
cd _build &&  cmake --build . --config Release
gmake[1]: Entering directory '/scratch/luisr/mlir-aie/programming_examples/basic/matrix_multiplication/whole_array/_build'
gmake[2]: Entering directory '/scratch/luisr/mlir-aie/programming_examples/basic/matrix_multiplication/whole_array/_build'
gmake[3]: Entering directory '/scratch/luisr/mlir-aie/programming_examples/basic/matrix_multiplication/whole_array/_build'
gmake[3]: Leaving directory '/scratch/luisr/mlir-aie/programming_examples/basic/matrix_multiplication/whole_array/_build'
gmake[3]: Entering directory '/scratch/luisr/mlir-aie/programming_examples/basic/matrix_multiplication/whole_array/_build'
[ 33%] Building CXX object CMakeFiles/whole_array.dir/scratch/luisr/mlir-aie/runtime_lib/test_lib/test_utils.cpp.o
[ 66%] Building CXX object CMakeFiles/whole_array.dir/whole_array/test.cpp.o
[100%] Linking CXX executable whole_array
gmake[3]: Leaving directory '/scratch/luisr/mlir-aie/programming_examples/basic/matrix_multiplication/whole_array/_build'
[100%] Built target whole_array
gmake[2]: Leaving directory '/scratch/luisr/mlir-aie/programming_examples/basic/matrix_multiplication/whole_array/_build'
gmake[1]: Leaving directory '/scratch/luisr/mlir-aie/programming_examples/basic/matrix_multiplication/whole_array/_build'
cp _build/whole_array whole_array.exe 
mkdir -p build
python3 /scratch/luisr/mlir-aie/programming_examples/basic/matrix_multiplication/whole_array/whole_array.py -m 64 -k 88 -n 64 --n-aie-cols 8 --b-col-maj 0 --dev npu2 -M 8192 -K 1408 -N 8192 --dtype_in bf16 --dtype_out bf16 --emulate-bf16-mmul-with-bfp16 true --trace_size 0 > build/aie_8192x1408x8192_64x88x64_8c.mlir
mkdir -p build
cd build && xchesscc_wrapper aie2p -I /proj/xbuilds/2024.2_INT_1113_1001/installs/all_platforms/Vitis/2024.2/aietools/include  -Dbf16_bf16_ONLY -DDIM_M=64 -DDIM_K=88 -DDIM_N=64 -DAIE_API_EMULATE_BFLOAT16_MMUL_WITH_BFP16 -c /scratch/luisr/mlir-aie/programming_examples/basic/matrix_multiplication/whole_array/../../../../aie_kernels/aie2p/mm.cc -o mm_64x88x64.o
WARNING: Default location for XILINX_VIVADO_IP_OVERRIDE not found: /build/xfndry/IP_2024.2_INTEGRATION_VERIFIED/customer/vivado/data/ip
mkdir -p build
cd build && aiecc.py --alloc-scheme=basic-sequential --aie-generate-xclbin --no-compile-host --xclbin-name=final_8192x1408x8192_64x88x64_8c.xclbin \
			 \
			--aie-generate-npu-insts --npu-insts-name=insts_8192x1408x8192_64x88x64_8c.txt ../build/aie_8192x1408x8192_64x88x64_8c.mlir

Generating: /scratch/luisr/mlir-aie/programming_examples/basic/matrix_multiplication/whole_array/build/aie_8192x1408x8192_64x88x64_8c.mlir.prj/aie_cdo_elfs.bin
Generating: /scratch/luisr/mlir-aie/programming_examples/basic/matrix_multiplication/whole_array/build/aie_8192x1408x8192_64x88x64_8c.mlir.prj/aie_cdo_init.bin
Generating: /scratch/luisr/mlir-aie/programming_examples/basic/matrix_multiplication/whole_array/build/aie_8192x1408x8192_64x88x64_8c.mlir.prj/aie_cdo_enable.bin
export XRT_HACK_UNSECURE_LOADING_XCLBIN=1 && \
 ./whole_array.exe -x build/final_8192x1408x8192_64x88x64_8c.xclbin -i build/insts_8192x1408x8192_64x88x64_8c.txt -k MLIR_AIE -M 8192 -K 1408 -N 8192 --iters 40 --warmup 10 --verify=false --b_col_maj 0

Avg NPU matmul time: 41873.2us.
Avg NPU gflops: 4513.11

Min NPU matmul time: 40933us.
Max NPU gflops: 4616.78

Max NPU matmul time: 42872us.
Min NPU gflops: 4407.97

PASS!

rm -rf tmpTrace parse*.json trace*json trace.txt
rm -rf build _build whole_array.exe
rm -rf _build
mkdir -p _build
cd _build &&  cmake -E env CXXFLAGS="-std=c++23 -ggdb -DDTYPE_IN=std::bfloat16_t -DDTYPE_OUT=std::bfloat16_t -DDTYPE_ACC=float" \
	cmake `echo /scratch/luisr/mlir-aie/programming_examples/basic/matrix_multiplication/whole_array/..` -D CMAKE_C_COMPILER=gcc-13 -D CMAKE_CXX_COMPILER=g++-13 -DTARGET_NAME=whole_array -Dsubdir=whole_array
-- The C compiler identification is GNU 13.3.0
-- The CXX compiler identification is GNU 13.3.0
-- Detecting C compiler ABI info
-- Detecting C compiler ABI info - done
-- Check for working C compiler: /usr/bin/gcc-13 - skipped
-- Detecting C compile features
-- Detecting C compile features - done
-- Detecting CXX compiler ABI info
-- Detecting CXX compiler ABI info - done
-- Check for working CXX compiler: /usr/bin/g++-13 - skipped
-- Detecting CXX compile features
-- Detecting CXX compile features - done
-- Configuring done (0.3s)
-- Generating done (0.0s)
-- Build files have been written to: /scratch/luisr/mlir-aie/programming_examples/basic/matrix_multiplication/whole_array/_build
cd _build &&  cmake --build . --config Release
gmake[1]: Entering directory '/scratch/luisr/mlir-aie/programming_examples/basic/matrix_multiplication/whole_array/_build'
gmake[2]: Entering directory '/scratch/luisr/mlir-aie/programming_examples/basic/matrix_multiplication/whole_array/_build'
gmake[3]: Entering directory '/scratch/luisr/mlir-aie/programming_examples/basic/matrix_multiplication/whole_array/_build'
gmake[3]: Leaving directory '/scratch/luisr/mlir-aie/programming_examples/basic/matrix_multiplication/whole_array/_build'
gmake[3]: Entering directory '/scratch/luisr/mlir-aie/programming_examples/basic/matrix_multiplication/whole_array/_build'
[ 33%] Building CXX object CMakeFiles/whole_array.dir/scratch/luisr/mlir-aie/runtime_lib/test_lib/test_utils.cpp.o
[ 66%] Building CXX object CMakeFiles/whole_array.dir/whole_array/test.cpp.o
[100%] Linking CXX executable whole_array
gmake[3]: Leaving directory '/scratch/luisr/mlir-aie/programming_examples/basic/matrix_multiplication/whole_array/_build'
[100%] Built target whole_array
gmake[2]: Leaving directory '/scratch/luisr/mlir-aie/programming_examples/basic/matrix_multiplication/whole_array/_build'
gmake[1]: Leaving directory '/scratch/luisr/mlir-aie/programming_examples/basic/matrix_multiplication/whole_array/_build'
cp _build/whole_array whole_array.exe 
mkdir -p build
python3 /scratch/luisr/mlir-aie/programming_examples/basic/matrix_multiplication/whole_array/whole_array.py -m 64 -k 88 -n 64 --n-aie-cols 8 --b-col-maj 0 --dev npu2 -M 8192 -K 4224 -N 512 --dtype_in bf16 --dtype_out bf16 --emulate-bf16-mmul-with-bfp16 true --trace_size 0 > build/aie_8192x4224x512_64x88x64_8c.mlir
mkdir -p build
cd build && xchesscc_wrapper aie2p -I /proj/xbuilds/2024.2_INT_1113_1001/installs/all_platforms/Vitis/2024.2/aietools/include  -Dbf16_bf16_ONLY -DDIM_M=64 -DDIM_K=88 -DDIM_N=64 -DAIE_API_EMULATE_BFLOAT16_MMUL_WITH_BFP16 -c /scratch/luisr/mlir-aie/programming_examples/basic/matrix_multiplication/whole_array/../../../../aie_kernels/aie2p/mm.cc -o mm_64x88x64.o
WARNING: Default location for XILINX_VIVADO_IP_OVERRIDE not found: /build/xfndry/IP_2024.2_INTEGRATION_VERIFIED/customer/vivado/data/ip
mkdir -p build
cd build && aiecc.py --alloc-scheme=basic-sequential --aie-generate-xclbin --no-compile-host --xclbin-name=final_8192x4224x512_64x88x64_8c.xclbin \
			 \
			--aie-generate-npu-insts --npu-insts-name=insts_8192x4224x512_64x88x64_8c.txt ../build/aie_8192x4224x512_64x88x64_8c.mlir

Generating: /scratch/luisr/mlir-aie/programming_examples/basic/matrix_multiplication/whole_array/build/aie_8192x4224x512_64x88x64_8c.mlir.prj/aie_cdo_elfs.bin
Generating: /scratch/luisr/mlir-aie/programming_examples/basic/matrix_multiplication/whole_array/build/aie_8192x4224x512_64x88x64_8c.mlir.prj/aie_cdo_init.bin
Generating: /scratch/luisr/mlir-aie/programming_examples/basic/matrix_multiplication/whole_array/build/aie_8192x4224x512_64x88x64_8c.mlir.prj/aie_cdo_enable.bin
export XRT_HACK_UNSECURE_LOADING_XCLBIN=1 && \
 ./whole_array.exe -x build/final_8192x4224x512_64x88x64_8c.xclbin -i build/insts_8192x4224x512_64x88x64_8c.txt -k MLIR_AIE -M 8192 -K 4224 -N 512 --iters 40 --warmup 10 --verify=false --b_col_maj 0

Avg NPU matmul time: 7416.62us.
Avg NPU gflops: 4777.57

Min NPU matmul time: 7292us.
Max NPU gflops: 4859.23

Max NPU matmul time: 8067us.
Min NPU gflops: 4392.4

PASS!

rm -rf tmpTrace parse*.json trace*json trace.txt
rm -rf build _build whole_array.exe
rm -rf _build
mkdir -p _build
cd _build &&  cmake -E env CXXFLAGS="-std=c++23 -ggdb -DDTYPE_IN=std::bfloat16_t -DDTYPE_OUT=std::bfloat16_t -DDTYPE_ACC=float" \
	cmake `echo /scratch/luisr/mlir-aie/programming_examples/basic/matrix_multiplication/whole_array/..` -D CMAKE_C_COMPILER=gcc-13 -D CMAKE_CXX_COMPILER=g++-13 -DTARGET_NAME=whole_array -Dsubdir=whole_array
-- The C compiler identification is GNU 13.3.0
-- The CXX compiler identification is GNU 13.3.0
-- Detecting C compiler ABI info
-- Detecting C compiler ABI info - done
-- Check for working C compiler: /usr/bin/gcc-13 - skipped
-- Detecting C compile features
-- Detecting C compile features - done
-- Detecting CXX compiler ABI info
-- Detecting CXX compiler ABI info - done
-- Check for working CXX compiler: /usr/bin/g++-13 - skipped
-- Detecting CXX compile features
-- Detecting CXX compile features - done
-- Configuring done (0.2s)
-- Generating done (0.0s)
-- Build files have been written to: /scratch/luisr/mlir-aie/programming_examples/basic/matrix_multiplication/whole_array/_build
cd _build &&  cmake --build . --config Release
gmake[1]: Entering directory '/scratch/luisr/mlir-aie/programming_examples/basic/matrix_multiplication/whole_array/_build'
gmake[2]: Entering directory '/scratch/luisr/mlir-aie/programming_examples/basic/matrix_multiplication/whole_array/_build'
gmake[3]: Entering directory '/scratch/luisr/mlir-aie/programming_examples/basic/matrix_multiplication/whole_array/_build'
gmake[3]: Leaving directory '/scratch/luisr/mlir-aie/programming_examples/basic/matrix_multiplication/whole_array/_build'
gmake[3]: Entering directory '/scratch/luisr/mlir-aie/programming_examples/basic/matrix_multiplication/whole_array/_build'
[ 33%] Building CXX object CMakeFiles/whole_array.dir/scratch/luisr/mlir-aie/runtime_lib/test_lib/test_utils.cpp.o
[ 66%] Building CXX object CMakeFiles/whole_array.dir/whole_array/test.cpp.o
[100%] Linking CXX executable whole_array
gmake[3]: Leaving directory '/scratch/luisr/mlir-aie/programming_examples/basic/matrix_multiplication/whole_array/_build'
[100%] Built target whole_array
gmake[2]: Leaving directory '/scratch/luisr/mlir-aie/programming_examples/basic/matrix_multiplication/whole_array/_build'
gmake[1]: Leaving directory '/scratch/luisr/mlir-aie/programming_examples/basic/matrix_multiplication/whole_array/_build'
cp _build/whole_array whole_array.exe 
mkdir -p build
python3 /scratch/luisr/mlir-aie/programming_examples/basic/matrix_multiplication/whole_array/whole_array.py -m 64 -k 88 -n 64 --n-aie-cols 8 --b-col-maj 0 --dev npu2 -M 8192 -K 4224 -N 1024 --dtype_in bf16 --dtype_out bf16 --emulate-bf16-mmul-with-bfp16 true --trace_size 0 > build/aie_8192x4224x1024_64x88x64_8c.mlir
mkdir -p build
cd build && xchesscc_wrapper aie2p -I /proj/xbuilds/2024.2_INT_1113_1001/installs/all_platforms/Vitis/2024.2/aietools/include  -Dbf16_bf16_ONLY -DDIM_M=64 -DDIM_K=88 -DDIM_N=64 -DAIE_API_EMULATE_BFLOAT16_MMUL_WITH_BFP16 -c /scratch/luisr/mlir-aie/programming_examples/basic/matrix_multiplication/whole_array/../../../../aie_kernels/aie2p/mm.cc -o mm_64x88x64.o
WARNING: Default location for XILINX_VIVADO_IP_OVERRIDE not found: /build/xfndry/IP_2024.2_INTEGRATION_VERIFIED/customer/vivado/data/ip
mkdir -p build
cd build && aiecc.py --alloc-scheme=basic-sequential --aie-generate-xclbin --no-compile-host --xclbin-name=final_8192x4224x1024_64x88x64_8c.xclbin \
			 \
			--aie-generate-npu-insts --npu-insts-name=insts_8192x4224x1024_64x88x64_8c.txt ../build/aie_8192x4224x1024_64x88x64_8c.mlir

Generating: /scratch/luisr/mlir-aie/programming_examples/basic/matrix_multiplication/whole_array/build/aie_8192x4224x1024_64x88x64_8c.mlir.prj/aie_cdo_elfs.bin
Generating: /scratch/luisr/mlir-aie/programming_examples/basic/matrix_multiplication/whole_array/build/aie_8192x4224x1024_64x88x64_8c.mlir.prj/aie_cdo_init.bin
Generating: /scratch/luisr/mlir-aie/programming_examples/basic/matrix_multiplication/whole_array/build/aie_8192x4224x1024_64x88x64_8c.mlir.prj/aie_cdo_enable.bin
export XRT_HACK_UNSECURE_LOADING_XCLBIN=1 && \
 ./whole_array.exe -x build/final_8192x4224x1024_64x88x64_8c.xclbin -i build/insts_8192x4224x1024_64x88x64_8c.txt -k MLIR_AIE -M 8192 -K 4224 -N 1024 --iters 40 --warmup 10 --verify=false --b_col_maj 0

Avg NPU matmul time: 15355.4us.
Avg NPU gflops: 4615.11

Min NPU matmul time: 14652us.
Max NPU gflops: 4836.67

Max NPU matmul time: 16365us.
Min NPU gflops: 4330.4

PASS!

rm -rf tmpTrace parse*.json trace*json trace.txt
rm -rf build _build whole_array.exe
rm -rf _build
mkdir -p _build
cd _build &&  cmake -E env CXXFLAGS="-std=c++23 -ggdb -DDTYPE_IN=std::bfloat16_t -DDTYPE_OUT=std::bfloat16_t -DDTYPE_ACC=float" \
	cmake `echo /scratch/luisr/mlir-aie/programming_examples/basic/matrix_multiplication/whole_array/..` -D CMAKE_C_COMPILER=gcc-13 -D CMAKE_CXX_COMPILER=g++-13 -DTARGET_NAME=whole_array -Dsubdir=whole_array
-- The C compiler identification is GNU 13.3.0
-- The CXX compiler identification is GNU 13.3.0
-- Detecting C compiler ABI info
-- Detecting C compiler ABI info - done
-- Check for working C compiler: /usr/bin/gcc-13 - skipped
-- Detecting C compile features
-- Detecting C compile features - done
-- Detecting CXX compiler ABI info
-- Detecting CXX compiler ABI info - done
-- Check for working CXX compiler: /usr/bin/g++-13 - skipped
-- Detecting CXX compile features
-- Detecting CXX compile features - done
-- Configuring done (0.2s)
-- Generating done (0.0s)
-- Build files have been written to: /scratch/luisr/mlir-aie/programming_examples/basic/matrix_multiplication/whole_array/_build
cd _build &&  cmake --build . --config Release
gmake[1]: Entering directory '/scratch/luisr/mlir-aie/programming_examples/basic/matrix_multiplication/whole_array/_build'
gmake[2]: Entering directory '/scratch/luisr/mlir-aie/programming_examples/basic/matrix_multiplication/whole_array/_build'
gmake[3]: Entering directory '/scratch/luisr/mlir-aie/programming_examples/basic/matrix_multiplication/whole_array/_build'
gmake[3]: Leaving directory '/scratch/luisr/mlir-aie/programming_examples/basic/matrix_multiplication/whole_array/_build'
gmake[3]: Entering directory '/scratch/luisr/mlir-aie/programming_examples/basic/matrix_multiplication/whole_array/_build'
[ 33%] Building CXX object CMakeFiles/whole_array.dir/scratch/luisr/mlir-aie/runtime_lib/test_lib/test_utils.cpp.o
[ 66%] Building CXX object CMakeFiles/whole_array.dir/whole_array/test.cpp.o
[100%] Linking CXX executable whole_array
gmake[3]: Leaving directory '/scratch/luisr/mlir-aie/programming_examples/basic/matrix_multiplication/whole_array/_build'
[100%] Built target whole_array
gmake[2]: Leaving directory '/scratch/luisr/mlir-aie/programming_examples/basic/matrix_multiplication/whole_array/_build'
gmake[1]: Leaving directory '/scratch/luisr/mlir-aie/programming_examples/basic/matrix_multiplication/whole_array/_build'
cp _build/whole_array whole_array.exe 
mkdir -p build
python3 /scratch/luisr/mlir-aie/programming_examples/basic/matrix_multiplication/whole_array/whole_array.py -m 64 -k 88 -n 64 --n-aie-cols 8 --b-col-maj 0 --dev npu2 -M 8192 -K 4224 -N 4096 --dtype_in bf16 --dtype_out bf16 --emulate-bf16-mmul-with-bfp16 true --trace_size 0 > build/aie_8192x4224x4096_64x88x64_8c.mlir
mkdir -p build
cd build && xchesscc_wrapper aie2p -I /proj/xbuilds/2024.2_INT_1113_1001/installs/all_platforms/Vitis/2024.2/aietools/include  -Dbf16_bf16_ONLY -DDIM_M=64 -DDIM_K=88 -DDIM_N=64 -DAIE_API_EMULATE_BFLOAT16_MMUL_WITH_BFP16 -c /scratch/luisr/mlir-aie/programming_examples/basic/matrix_multiplication/whole_array/../../../../aie_kernels/aie2p/mm.cc -o mm_64x88x64.o
WARNING: Default location for XILINX_VIVADO_IP_OVERRIDE not found: /build/xfndry/IP_2024.2_INTEGRATION_VERIFIED/customer/vivado/data/ip
mkdir -p build
cd build && aiecc.py --alloc-scheme=basic-sequential --aie-generate-xclbin --no-compile-host --xclbin-name=final_8192x4224x4096_64x88x64_8c.xclbin \
			 \
			--aie-generate-npu-insts --npu-insts-name=insts_8192x4224x4096_64x88x64_8c.txt ../build/aie_8192x4224x4096_64x88x64_8c.mlir

Generating: /scratch/luisr/mlir-aie/programming_examples/basic/matrix_multiplication/whole_array/build/aie_8192x4224x4096_64x88x64_8c.mlir.prj/aie_cdo_elfs.bin
Generating: /scratch/luisr/mlir-aie/programming_examples/basic/matrix_multiplication/whole_array/build/aie_8192x4224x4096_64x88x64_8c.mlir.prj/aie_cdo_init.bin
Generating: /scratch/luisr/mlir-aie/programming_examples/basic/matrix_multiplication/whole_array/build/aie_8192x4224x4096_64x88x64_8c.mlir.prj/aie_cdo_enable.bin
export XRT_HACK_UNSECURE_LOADING_XCLBIN=1 && \
 ./whole_array.exe -x build/final_8192x4224x4096_64x88x64_8c.xclbin -i build/insts_8192x4224x4096_64x88x64_8c.txt -k MLIR_AIE -M 8192 -K 4224 -N 4096 --iters 40 --warmup 10 --verify=false --b_col_maj 0

Avg NPU matmul time: 59803.1us.
Avg NPU gflops: 4740.02

Min NPU matmul time: 58829us.
Max NPU gflops: 4818.51

Max NPU matmul time: 60770us.
Min NPU gflops: 4664.6

PASS!

rm -rf tmpTrace parse*.json trace*json trace.txt
rm -rf build _build whole_array.exe
rm -rf _build
mkdir -p _build
cd _build &&  cmake -E env CXXFLAGS="-std=c++23 -ggdb -DDTYPE_IN=std::bfloat16_t -DDTYPE_OUT=std::bfloat16_t -DDTYPE_ACC=float" \
	cmake `echo /scratch/luisr/mlir-aie/programming_examples/basic/matrix_multiplication/whole_array/..` -D CMAKE_C_COMPILER=gcc-13 -D CMAKE_CXX_COMPILER=g++-13 -DTARGET_NAME=whole_array -Dsubdir=whole_array
-- The C compiler identification is GNU 13.3.0
-- The CXX compiler identification is GNU 13.3.0
-- Detecting C compiler ABI info
-- Detecting C compiler ABI info - done
-- Check for working C compiler: /usr/bin/gcc-13 - skipped
-- Detecting C compile features
-- Detecting C compile features - done
-- Detecting CXX compiler ABI info
-- Detecting CXX compiler ABI info - done
-- Check for working CXX compiler: /usr/bin/g++-13 - skipped
-- Detecting CXX compile features
-- Detecting CXX compile features - done
-- Configuring done (0.3s)
-- Generating done (0.0s)
-- Build files have been written to: /scratch/luisr/mlir-aie/programming_examples/basic/matrix_multiplication/whole_array/_build
cd _build &&  cmake --build . --config Release
gmake[1]: Entering directory '/scratch/luisr/mlir-aie/programming_examples/basic/matrix_multiplication/whole_array/_build'
gmake[2]: Entering directory '/scratch/luisr/mlir-aie/programming_examples/basic/matrix_multiplication/whole_array/_build'
gmake[3]: Entering directory '/scratch/luisr/mlir-aie/programming_examples/basic/matrix_multiplication/whole_array/_build'
gmake[3]: Leaving directory '/scratch/luisr/mlir-aie/programming_examples/basic/matrix_multiplication/whole_array/_build'
gmake[3]: Entering directory '/scratch/luisr/mlir-aie/programming_examples/basic/matrix_multiplication/whole_array/_build'
[ 33%] Building CXX object CMakeFiles/whole_array.dir/scratch/luisr/mlir-aie/runtime_lib/test_lib/test_utils.cpp.o
[ 66%] Building CXX object CMakeFiles/whole_array.dir/whole_array/test.cpp.o
[100%] Linking CXX executable whole_array
gmake[3]: Leaving directory '/scratch/luisr/mlir-aie/programming_examples/basic/matrix_multiplication/whole_array/_build'
[100%] Built target whole_array
gmake[2]: Leaving directory '/scratch/luisr/mlir-aie/programming_examples/basic/matrix_multiplication/whole_array/_build'
gmake[1]: Leaving directory '/scratch/luisr/mlir-aie/programming_examples/basic/matrix_multiplication/whole_array/_build'
cp _build/whole_array whole_array.exe 
mkdir -p build
python3 /scratch/luisr/mlir-aie/programming_examples/basic/matrix_multiplication/whole_array/whole_array.py -m 64 -k 88 -n 64 --n-aie-cols 8 --b-col-maj 0 --dev npu2 -M 8192 -K 4224 -N 8192 --dtype_in bf16 --dtype_out bf16 --emulate-bf16-mmul-with-bfp16 true --trace_size 0 > build/aie_8192x4224x8192_64x88x64_8c.mlir
mkdir -p build
cd build && xchesscc_wrapper aie2p -I /proj/xbuilds/2024.2_INT_1113_1001/installs/all_platforms/Vitis/2024.2/aietools/include  -Dbf16_bf16_ONLY -DDIM_M=64 -DDIM_K=88 -DDIM_N=64 -DAIE_API_EMULATE_BFLOAT16_MMUL_WITH_BFP16 -c /scratch/luisr/mlir-aie/programming_examples/basic/matrix_multiplication/whole_array/../../../../aie_kernels/aie2p/mm.cc -o mm_64x88x64.o
WARNING: Default location for XILINX_VIVADO_IP_OVERRIDE not found: /build/xfndry/IP_2024.2_INTEGRATION_VERIFIED/customer/vivado/data/ip
mkdir -p build
cd build && aiecc.py --alloc-scheme=basic-sequential --aie-generate-xclbin --no-compile-host --xclbin-name=final_8192x4224x8192_64x88x64_8c.xclbin \
			 \
			--aie-generate-npu-insts --npu-insts-name=insts_8192x4224x8192_64x88x64_8c.txt ../build/aie_8192x4224x8192_64x88x64_8c.mlir

Generating: /scratch/luisr/mlir-aie/programming_examples/basic/matrix_multiplication/whole_array/build/aie_8192x4224x8192_64x88x64_8c.mlir.prj/aie_cdo_elfs.bin
Generating: /scratch/luisr/mlir-aie/programming_examples/basic/matrix_multiplication/whole_array/build/aie_8192x4224x8192_64x88x64_8c.mlir.prj/aie_cdo_init.bin
Generating: /scratch/luisr/mlir-aie/programming_examples/basic/matrix_multiplication/whole_array/build/aie_8192x4224x8192_64x88x64_8c.mlir.prj/aie_cdo_enable.bin
export XRT_HACK_UNSECURE_LOADING_XCLBIN=1 && \
 ./whole_array.exe -x build/final_8192x4224x8192_64x88x64_8c.xclbin -i build/insts_8192x4224x8192_64x88x64_8c.txt -k MLIR_AIE -M 8192 -K 4224 -N 8192 --iters 40 --warmup 10 --verify=false --b_col_maj 0

Avg NPU matmul time: 127218us.
Avg NPU gflops: 4456.41

Min NPU matmul time: 123709us.
Max NPU gflops: 4582.82

Max NPU matmul time: 132679us.
Min NPU gflops: 4272.99

PASS!

rm -rf tmpTrace parse*.json trace*json trace.txt
rm -rf build _build whole_array.exe
rm -rf _build
mkdir -p _build
cd _build &&  cmake -E env CXXFLAGS="-std=c++23 -ggdb -DDTYPE_IN=std::bfloat16_t -DDTYPE_OUT=std::bfloat16_t -DDTYPE_ACC=float" \
	cmake `echo /scratch/luisr/mlir-aie/programming_examples/basic/matrix_multiplication/whole_array/..` -D CMAKE_C_COMPILER=gcc-13 -D CMAKE_CXX_COMPILER=g++-13 -DTARGET_NAME=whole_array -Dsubdir=whole_array
-- The C compiler identification is GNU 13.3.0
-- The CXX compiler identification is GNU 13.3.0
-- Detecting C compiler ABI info
-- Detecting C compiler ABI info - done
-- Check for working C compiler: /usr/bin/gcc-13 - skipped
-- Detecting C compile features
-- Detecting C compile features - done
-- Detecting CXX compiler ABI info
-- Detecting CXX compiler ABI info - done
-- Check for working CXX compiler: /usr/bin/g++-13 - skipped
-- Detecting CXX compile features
-- Detecting CXX compile features - done
-- Configuring done (0.3s)
-- Generating done (0.0s)
-- Build files have been written to: /scratch/luisr/mlir-aie/programming_examples/basic/matrix_multiplication/whole_array/_build
cd _build &&  cmake --build . --config Release
gmake[1]: Entering directory '/scratch/luisr/mlir-aie/programming_examples/basic/matrix_multiplication/whole_array/_build'
gmake[2]: Entering directory '/scratch/luisr/mlir-aie/programming_examples/basic/matrix_multiplication/whole_array/_build'
gmake[3]: Entering directory '/scratch/luisr/mlir-aie/programming_examples/basic/matrix_multiplication/whole_array/_build'
gmake[3]: Leaving directory '/scratch/luisr/mlir-aie/programming_examples/basic/matrix_multiplication/whole_array/_build'
gmake[3]: Entering directory '/scratch/luisr/mlir-aie/programming_examples/basic/matrix_multiplication/whole_array/_build'
[ 33%] Building CXX object CMakeFiles/whole_array.dir/scratch/luisr/mlir-aie/runtime_lib/test_lib/test_utils.cpp.o
[ 66%] Building CXX object CMakeFiles/whole_array.dir/whole_array/test.cpp.o
[100%] Linking CXX executable whole_array
gmake[3]: Leaving directory '/scratch/luisr/mlir-aie/programming_examples/basic/matrix_multiplication/whole_array/_build'
[100%] Built target whole_array
gmake[2]: Leaving directory '/scratch/luisr/mlir-aie/programming_examples/basic/matrix_multiplication/whole_array/_build'
gmake[1]: Leaving directory '/scratch/luisr/mlir-aie/programming_examples/basic/matrix_multiplication/whole_array/_build'
cp _build/whole_array whole_array.exe 
mkdir -p build
python3 /scratch/luisr/mlir-aie/programming_examples/basic/matrix_multiplication/whole_array/whole_array.py -m 64 -k 88 -n 64 --n-aie-cols 8 --b-col-maj 0 --dev npu2 -M 8192 -K 5632 -N 512 --dtype_in bf16 --dtype_out bf16 --emulate-bf16-mmul-with-bfp16 true --trace_size 0 > build/aie_8192x5632x512_64x88x64_8c.mlir
mkdir -p build
cd build && xchesscc_wrapper aie2p -I /proj/xbuilds/2024.2_INT_1113_1001/installs/all_platforms/Vitis/2024.2/aietools/include  -Dbf16_bf16_ONLY -DDIM_M=64 -DDIM_K=88 -DDIM_N=64 -DAIE_API_EMULATE_BFLOAT16_MMUL_WITH_BFP16 -c /scratch/luisr/mlir-aie/programming_examples/basic/matrix_multiplication/whole_array/../../../../aie_kernels/aie2p/mm.cc -o mm_64x88x64.o
WARNING: Default location for XILINX_VIVADO_IP_OVERRIDE not found: /build/xfndry/IP_2024.2_INTEGRATION_VERIFIED/customer/vivado/data/ip
mkdir -p build
cd build && aiecc.py --alloc-scheme=basic-sequential --aie-generate-xclbin --no-compile-host --xclbin-name=final_8192x5632x512_64x88x64_8c.xclbin \
			 \
			--aie-generate-npu-insts --npu-insts-name=insts_8192x5632x512_64x88x64_8c.txt ../build/aie_8192x5632x512_64x88x64_8c.mlir

Generating: /scratch/luisr/mlir-aie/programming_examples/basic/matrix_multiplication/whole_array/build/aie_8192x5632x512_64x88x64_8c.mlir.prj/aie_cdo_elfs.bin
Generating: /scratch/luisr/mlir-aie/programming_examples/basic/matrix_multiplication/whole_array/build/aie_8192x5632x512_64x88x64_8c.mlir.prj/aie_cdo_init.bin
Generating: /scratch/luisr/mlir-aie/programming_examples/basic/matrix_multiplication/whole_array/build/aie_8192x5632x512_64x88x64_8c.mlir.prj/aie_cdo_enable.bin
export XRT_HACK_UNSECURE_LOADING_XCLBIN=1 && \
 ./whole_array.exe -x build/final_8192x5632x512_64x88x64_8c.xclbin -i build/insts_8192x5632x512_64x88x64_8c.txt -k MLIR_AIE -M 8192 -K 5632 -N 512 --iters 40 --warmup 10 --verify=false --b_col_maj 0

Avg NPU matmul time: 9872.25us.
Avg NPU gflops: 4785.6

Min NPU matmul time: 9727us.
Max NPU gflops: 4857.06

Max NPU matmul time: 10211us.
Min NPU gflops: 4626.84

PASS!

rm -rf tmpTrace parse*.json trace*json trace.txt
rm -rf build _build whole_array.exe
rm -rf _build
mkdir -p _build
cd _build &&  cmake -E env CXXFLAGS="-std=c++23 -ggdb -DDTYPE_IN=std::bfloat16_t -DDTYPE_OUT=std::bfloat16_t -DDTYPE_ACC=float" \
	cmake `echo /scratch/luisr/mlir-aie/programming_examples/basic/matrix_multiplication/whole_array/..` -D CMAKE_C_COMPILER=gcc-13 -D CMAKE_CXX_COMPILER=g++-13 -DTARGET_NAME=whole_array -Dsubdir=whole_array
-- The C compiler identification is GNU 13.3.0
-- The CXX compiler identification is GNU 13.3.0
-- Detecting C compiler ABI info
-- Detecting C compiler ABI info - done
-- Check for working C compiler: /usr/bin/gcc-13 - skipped
-- Detecting C compile features
-- Detecting C compile features - done
-- Detecting CXX compiler ABI info
-- Detecting CXX compiler ABI info - done
-- Check for working CXX compiler: /usr/bin/g++-13 - skipped
-- Detecting CXX compile features
-- Detecting CXX compile features - done
-- Configuring done (0.3s)
-- Generating done (0.0s)
-- Build files have been written to: /scratch/luisr/mlir-aie/programming_examples/basic/matrix_multiplication/whole_array/_build
cd _build &&  cmake --build . --config Release
gmake[1]: Entering directory '/scratch/luisr/mlir-aie/programming_examples/basic/matrix_multiplication/whole_array/_build'
gmake[2]: Entering directory '/scratch/luisr/mlir-aie/programming_examples/basic/matrix_multiplication/whole_array/_build'
gmake[3]: Entering directory '/scratch/luisr/mlir-aie/programming_examples/basic/matrix_multiplication/whole_array/_build'
gmake[3]: Leaving directory '/scratch/luisr/mlir-aie/programming_examples/basic/matrix_multiplication/whole_array/_build'
gmake[3]: Entering directory '/scratch/luisr/mlir-aie/programming_examples/basic/matrix_multiplication/whole_array/_build'
[ 33%] Building CXX object CMakeFiles/whole_array.dir/scratch/luisr/mlir-aie/runtime_lib/test_lib/test_utils.cpp.o
[ 66%] Building CXX object CMakeFiles/whole_array.dir/whole_array/test.cpp.o
[100%] Linking CXX executable whole_array
gmake[3]: Leaving directory '/scratch/luisr/mlir-aie/programming_examples/basic/matrix_multiplication/whole_array/_build'
[100%] Built target whole_array
gmake[2]: Leaving directory '/scratch/luisr/mlir-aie/programming_examples/basic/matrix_multiplication/whole_array/_build'
gmake[1]: Leaving directory '/scratch/luisr/mlir-aie/programming_examples/basic/matrix_multiplication/whole_array/_build'
cp _build/whole_array whole_array.exe 
mkdir -p build
python3 /scratch/luisr/mlir-aie/programming_examples/basic/matrix_multiplication/whole_array/whole_array.py -m 64 -k 88 -n 64 --n-aie-cols 8 --b-col-maj 0 --dev npu2 -M 8192 -K 5632 -N 1024 --dtype_in bf16 --dtype_out bf16 --emulate-bf16-mmul-with-bfp16 true --trace_size 0 > build/aie_8192x5632x1024_64x88x64_8c.mlir
mkdir -p build
cd build && xchesscc_wrapper aie2p -I /proj/xbuilds/2024.2_INT_1113_1001/installs/all_platforms/Vitis/2024.2/aietools/include  -Dbf16_bf16_ONLY -DDIM_M=64 -DDIM_K=88 -DDIM_N=64 -DAIE_API_EMULATE_BFLOAT16_MMUL_WITH_BFP16 -c /scratch/luisr/mlir-aie/programming_examples/basic/matrix_multiplication/whole_array/../../../../aie_kernels/aie2p/mm.cc -o mm_64x88x64.o
WARNING: Default location for XILINX_VIVADO_IP_OVERRIDE not found: /build/xfndry/IP_2024.2_INTEGRATION_VERIFIED/customer/vivado/data/ip
mkdir -p build
cd build && aiecc.py --alloc-scheme=basic-sequential --aie-generate-xclbin --no-compile-host --xclbin-name=final_8192x5632x1024_64x88x64_8c.xclbin \
			 \
			--aie-generate-npu-insts --npu-insts-name=insts_8192x5632x1024_64x88x64_8c.txt ../build/aie_8192x5632x1024_64x88x64_8c.mlir

Generating: /scratch/luisr/mlir-aie/programming_examples/basic/matrix_multiplication/whole_array/build/aie_8192x5632x1024_64x88x64_8c.mlir.prj/aie_cdo_elfs.bin
Generating: /scratch/luisr/mlir-aie/programming_examples/basic/matrix_multiplication/whole_array/build/aie_8192x5632x1024_64x88x64_8c.mlir.prj/aie_cdo_init.bin
Generating: /scratch/luisr/mlir-aie/programming_examples/basic/matrix_multiplication/whole_array/build/aie_8192x5632x1024_64x88x64_8c.mlir.prj/aie_cdo_enable.bin
export XRT_HACK_UNSECURE_LOADING_XCLBIN=1 && \
 ./whole_array.exe -x build/final_8192x5632x1024_64x88x64_8c.xclbin -i build/insts_8192x5632x1024_64x88x64_8c.txt -k MLIR_AIE -M 8192 -K 5632 -N 1024 --iters 40 --warmup 10 --verify=false --b_col_maj 0

Avg NPU matmul time: 20368.5us.
Avg NPU gflops: 4638.99

Min NPU matmul time: 19579us.
Max NPU gflops: 4826.05

Max NPU matmul time: 20642us.
Min NPU gflops: 4577.53

PASS!

rm -rf tmpTrace parse*.json trace*json trace.txt
rm -rf build _build whole_array.exe
rm -rf _build
mkdir -p _build
cd _build &&  cmake -E env CXXFLAGS="-std=c++23 -ggdb -DDTYPE_IN=std::bfloat16_t -DDTYPE_OUT=std::bfloat16_t -DDTYPE_ACC=float" \
	cmake `echo /scratch/luisr/mlir-aie/programming_examples/basic/matrix_multiplication/whole_array/..` -D CMAKE_C_COMPILER=gcc-13 -D CMAKE_CXX_COMPILER=g++-13 -DTARGET_NAME=whole_array -Dsubdir=whole_array
-- The C compiler identification is GNU 13.3.0
-- The CXX compiler identification is GNU 13.3.0
-- Detecting C compiler ABI info
-- Detecting C compiler ABI info - done
-- Check for working C compiler: /usr/bin/gcc-13 - skipped
-- Detecting C compile features
-- Detecting C compile features - done
-- Detecting CXX compiler ABI info
-- Detecting CXX compiler ABI info - done
-- Check for working CXX compiler: /usr/bin/g++-13 - skipped
-- Detecting CXX compile features
-- Detecting CXX compile features - done
-- Configuring done (0.3s)
-- Generating done (0.0s)
-- Build files have been written to: /scratch/luisr/mlir-aie/programming_examples/basic/matrix_multiplication/whole_array/_build
cd _build &&  cmake --build . --config Release
gmake[1]: Entering directory '/scratch/luisr/mlir-aie/programming_examples/basic/matrix_multiplication/whole_array/_build'
gmake[2]: Entering directory '/scratch/luisr/mlir-aie/programming_examples/basic/matrix_multiplication/whole_array/_build'
gmake[3]: Entering directory '/scratch/luisr/mlir-aie/programming_examples/basic/matrix_multiplication/whole_array/_build'
gmake[3]: Leaving directory '/scratch/luisr/mlir-aie/programming_examples/basic/matrix_multiplication/whole_array/_build'
gmake[3]: Entering directory '/scratch/luisr/mlir-aie/programming_examples/basic/matrix_multiplication/whole_array/_build'
[ 33%] Building CXX object CMakeFiles/whole_array.dir/scratch/luisr/mlir-aie/runtime_lib/test_lib/test_utils.cpp.o
[ 66%] Building CXX object CMakeFiles/whole_array.dir/whole_array/test.cpp.o
[100%] Linking CXX executable whole_array
gmake[3]: Leaving directory '/scratch/luisr/mlir-aie/programming_examples/basic/matrix_multiplication/whole_array/_build'
[100%] Built target whole_array
gmake[2]: Leaving directory '/scratch/luisr/mlir-aie/programming_examples/basic/matrix_multiplication/whole_array/_build'
gmake[1]: Leaving directory '/scratch/luisr/mlir-aie/programming_examples/basic/matrix_multiplication/whole_array/_build'
cp _build/whole_array whole_array.exe 
mkdir -p build
python3 /scratch/luisr/mlir-aie/programming_examples/basic/matrix_multiplication/whole_array/whole_array.py -m 64 -k 88 -n 64 --n-aie-cols 8 --b-col-maj 0 --dev npu2 -M 8192 -K 5632 -N 4096 --dtype_in bf16 --dtype_out bf16 --emulate-bf16-mmul-with-bfp16 true --trace_size 0 > build/aie_8192x5632x4096_64x88x64_8c.mlir
mkdir -p build
cd build && xchesscc_wrapper aie2p -I /proj/xbuilds/2024.2_INT_1113_1001/installs/all_platforms/Vitis/2024.2/aietools/include  -Dbf16_bf16_ONLY -DDIM_M=64 -DDIM_K=88 -DDIM_N=64 -DAIE_API_EMULATE_BFLOAT16_MMUL_WITH_BFP16 -c /scratch/luisr/mlir-aie/programming_examples/basic/matrix_multiplication/whole_array/../../../../aie_kernels/aie2p/mm.cc -o mm_64x88x64.o
WARNING: Default location for XILINX_VIVADO_IP_OVERRIDE not found: /build/xfndry/IP_2024.2_INTEGRATION_VERIFIED/customer/vivado/data/ip
mkdir -p build
cd build && aiecc.py --alloc-scheme=basic-sequential --aie-generate-xclbin --no-compile-host --xclbin-name=final_8192x5632x4096_64x88x64_8c.xclbin \
			 \
			--aie-generate-npu-insts --npu-insts-name=insts_8192x5632x4096_64x88x64_8c.txt ../build/aie_8192x5632x4096_64x88x64_8c.mlir

Generating: /scratch/luisr/mlir-aie/programming_examples/basic/matrix_multiplication/whole_array/build/aie_8192x5632x4096_64x88x64_8c.mlir.prj/aie_cdo_elfs.bin
Generating: /scratch/luisr/mlir-aie/programming_examples/basic/matrix_multiplication/whole_array/build/aie_8192x5632x4096_64x88x64_8c.mlir.prj/aie_cdo_init.bin
Generating: /scratch/luisr/mlir-aie/programming_examples/basic/matrix_multiplication/whole_array/build/aie_8192x5632x4096_64x88x64_8c.mlir.prj/aie_cdo_enable.bin
export XRT_HACK_UNSECURE_LOADING_XCLBIN=1 && \
 ./whole_array.exe -x build/final_8192x5632x4096_64x88x64_8c.xclbin -i build/insts_8192x5632x4096_64x88x64_8c.txt -k MLIR_AIE -M 8192 -K 5632 -N 4096 --iters 40 --warmup 10 --verify=false --b_col_maj 0

Avg NPU matmul time: 81148.7us.
Avg NPU gflops: 4657.59

Min NPU matmul time: 80269us.
Max NPU gflops: 4708.63

Max NPU matmul time: 83235us.
Min NPU gflops: 4540.84

PASS!

rm -rf tmpTrace parse*.json trace*json trace.txt
rm -rf build _build whole_array.exe
rm -rf _build
mkdir -p _build
cd _build &&  cmake -E env CXXFLAGS="-std=c++23 -ggdb -DDTYPE_IN=std::bfloat16_t -DDTYPE_OUT=std::bfloat16_t -DDTYPE_ACC=float" \
	cmake `echo /scratch/luisr/mlir-aie/programming_examples/basic/matrix_multiplication/whole_array/..` -D CMAKE_C_COMPILER=gcc-13 -D CMAKE_CXX_COMPILER=g++-13 -DTARGET_NAME=whole_array -Dsubdir=whole_array
-- The C compiler identification is GNU 13.3.0
-- The CXX compiler identification is GNU 13.3.0
-- Detecting C compiler ABI info
-- Detecting C compiler ABI info - done
-- Check for working C compiler: /usr/bin/gcc-13 - skipped
-- Detecting C compile features
-- Detecting C compile features - done
-- Detecting CXX compiler ABI info
-- Detecting CXX compiler ABI info - done
-- Check for working CXX compiler: /usr/bin/g++-13 - skipped
-- Detecting CXX compile features
-- Detecting CXX compile features - done
-- Configuring done (0.3s)
-- Generating done (0.0s)
-- Build files have been written to: /scratch/luisr/mlir-aie/programming_examples/basic/matrix_multiplication/whole_array/_build
cd _build &&  cmake --build . --config Release
gmake[1]: Entering directory '/scratch/luisr/mlir-aie/programming_examples/basic/matrix_multiplication/whole_array/_build'
gmake[2]: Entering directory '/scratch/luisr/mlir-aie/programming_examples/basic/matrix_multiplication/whole_array/_build'
gmake[3]: Entering directory '/scratch/luisr/mlir-aie/programming_examples/basic/matrix_multiplication/whole_array/_build'
gmake[3]: Leaving directory '/scratch/luisr/mlir-aie/programming_examples/basic/matrix_multiplication/whole_array/_build'
gmake[3]: Entering directory '/scratch/luisr/mlir-aie/programming_examples/basic/matrix_multiplication/whole_array/_build'
[ 33%] Building CXX object CMakeFiles/whole_array.dir/scratch/luisr/mlir-aie/runtime_lib/test_lib/test_utils.cpp.o
[ 66%] Building CXX object CMakeFiles/whole_array.dir/whole_array/test.cpp.o
[100%] Linking CXX executable whole_array
gmake[3]: Leaving directory '/scratch/luisr/mlir-aie/programming_examples/basic/matrix_multiplication/whole_array/_build'
[100%] Built target whole_array
gmake[2]: Leaving directory '/scratch/luisr/mlir-aie/programming_examples/basic/matrix_multiplication/whole_array/_build'
gmake[1]: Leaving directory '/scratch/luisr/mlir-aie/programming_examples/basic/matrix_multiplication/whole_array/_build'
cp _build/whole_array whole_array.exe 
mkdir -p build
python3 /scratch/luisr/mlir-aie/programming_examples/basic/matrix_multiplication/whole_array/whole_array.py -m 64 -k 88 -n 64 --n-aie-cols 8 --b-col-maj 0 --dev npu2 -M 8192 -K 5632 -N 8192 --dtype_in bf16 --dtype_out bf16 --emulate-bf16-mmul-with-bfp16 true --trace_size 0 > build/aie_8192x5632x8192_64x88x64_8c.mlir
mkdir -p build
cd build && xchesscc_wrapper aie2p -I /proj/xbuilds/2024.2_INT_1113_1001/installs/all_platforms/Vitis/2024.2/aietools/include  -Dbf16_bf16_ONLY -DDIM_M=64 -DDIM_K=88 -DDIM_N=64 -DAIE_API_EMULATE_BFLOAT16_MMUL_WITH_BFP16 -c /scratch/luisr/mlir-aie/programming_examples/basic/matrix_multiplication/whole_array/../../../../aie_kernels/aie2p/mm.cc -o mm_64x88x64.o
WARNING: Default location for XILINX_VIVADO_IP_OVERRIDE not found: /build/xfndry/IP_2024.2_INTEGRATION_VERIFIED/customer/vivado/data/ip
mkdir -p build
cd build && aiecc.py --alloc-scheme=basic-sequential --aie-generate-xclbin --no-compile-host --xclbin-name=final_8192x5632x8192_64x88x64_8c.xclbin \
			 \
			--aie-generate-npu-insts --npu-insts-name=insts_8192x5632x8192_64x88x64_8c.txt ../build/aie_8192x5632x8192_64x88x64_8c.mlir

Generating: /scratch/luisr/mlir-aie/programming_examples/basic/matrix_multiplication/whole_array/build/aie_8192x5632x8192_64x88x64_8c.mlir.prj/aie_cdo_elfs.bin
Generating: /scratch/luisr/mlir-aie/programming_examples/basic/matrix_multiplication/whole_array/build/aie_8192x5632x8192_64x88x64_8c.mlir.prj/aie_cdo_init.bin
Generating: /scratch/luisr/mlir-aie/programming_examples/basic/matrix_multiplication/whole_array/build/aie_8192x5632x8192_64x88x64_8c.mlir.prj/aie_cdo_enable.bin
export XRT_HACK_UNSECURE_LOADING_XCLBIN=1 && \
 ./whole_array.exe -x build/final_8192x5632x8192_64x88x64_8c.xclbin -i build/insts_8192x5632x8192_64x88x64_8c.txt -k MLIR_AIE -M 8192 -K 5632 -N 8192 --iters 40 --warmup 10 --verify=false --b_col_maj 0

Avg NPU matmul time: 174796us.
Avg NPU gflops: 4324.54

Min NPU matmul time: 170610us.
Max NPU gflops: 4430.66

Max NPU matmul time: 184514us.
Min NPU gflops: 4096.79

PASS!

