XILINX_LOC=/proj/xbuilds/2024.2_INT_daily_latest/installs/lin64/Vitis/2024.2
SHELL=/bin/csh
MYXILINX_VER=2024.2
HISTCONTROL=ignoreboth:erasedups
TERM_PROGRAM_VERSION=3.4
GROUP=newhiredefaultgrp
MACHTYPE=x86_64
TMUX=/tmp/tmux-50093633/default,2175750,0
AIETOOLS_ROOT=/proj/xbuilds/2024.2_INT_daily_latest/installs/lin64/Vitis/2024.2/aietools
XILINX_XRT=/opt/xilinx/xrt
n_aie_cols=8
PWD=/scratch/luisr/mlir-aie/programming_examples/basic/block_datatypes/matrix_multiplication/whole_array
LOGNAME=lromeror
NPU2=1
XDG_SESSION_TYPE=tty
MLIR_AIE_INSTALL_DIR=/scratch/luisr/mlir-aie/install
N=8192
M=8192
K=6144
n=64
m=64
k=128
HOME=/home/lromeror
LANG=en_US.UTF-8
PEANO_INSTALL_DIR=/scratch/luisr/mlir-aie/ironenv/lib/python3.12/site-packages/llvm-aie
VIRTUAL_ENV=/scratch/luisr/mlir-aie/ironenv
OSTYPE=linux
SSH_CONNECTION=172.21.39.59 54406 172.20.10.58 22
XDG_SESSION_CLASS=user
PYTHONPATH=/scratch/luisr/mlir-aie/install/python:/opt/xilinx/xrt/python:/scratch/luisr/mlir-aie/install/python:/opt/xilinx/xrt/python
TERM=tmux-256color
HOST=xcoradaie213
USER=lromeror
use_chess=1
TMUX_PANE=%0
SHLVL=3
XDG_SESSION_ID=2023
VIRTUAL_ENV_PROMPT=(ironenv) 
LM_LICENSE_FILE=2100@aiengine
LD_LIBRARY_PATH=/scratch/luisr/mlir-aie/install/lib:/opt/xilinx/xrt/lib:/scratch/luisr/mlir-aie/install/lib:/opt/xilinx/xrt/lib
XDG_RUNTIME_DIR=/run/user/50093633
MYXILINX_BASE=/proj/xbuilds/2024.2_INT_daily_latest
dtype_out=bfp16
SSH_CLIENT=172.21.39.59 54406 22
NLSPATH=/usr/share/locale/%L/LC_MESSAGES/%N.cat:/usr/share/locale/%l/LC_MESSAGES/%N.cat
VENDOR=unknown
PATH=/scratch/luisr/mlir-aie/install/bin:/scratch/luisr/mlir-aie/ironenv/bin:/opt/xilinx/xrt/bin:/scratch/luisr/mlir-aie/install/bin:/scratch/luisr/mlir-aie/ironenv/bin:/opt/xilinx/xrt/bin:/usr/local/sbin:/usr/local/bin:/usr/sbin:/usr/bin:/sbin:/bin:/usr/games:/usr/local/games:/snap/bin:/proj/xbuilds/2024.2_INT_daily_latest/installs/lin64/Vitis/2024.2/aietools/bin:/proj/xbuilds/2024.2_INT_daily_latest/installs/lin64/Vitis/2024.2/bin:/proj/xbuilds/2024.2_INT_daily_latest/installs/lin64/Vitis/2024.2/aietools/bin:/proj/xbuilds/2024.2_INT_daily_latest/installs/lin64/Vitis/2024.2/bin
dtype_in=bfp16
DBUS_SESSION_BUS_ADDRESS=unix:path=/run/user/50093633/bus
opt_perf=0
SSH_TTY=/dev/pts/1
HOSTTYPE=x86_64-linux
REMOTEHOST=172.21.39.59
OLDPWD=/scratch/luisr/mlir-aie/programming_examples/basic/block_datatypes/matrix_multiplication
runargs=--iters 40 --warmup 10 --verify 0
TERM_PROGRAM=tmux
_=/usr/bin/env
##===- Makefile -----------------------------------------------------------===##
# 
# This file licensed under the Apache License v2.0 with LLVM Exceptions.
# See https://llvm.org/LICENSE.txt for license information.
# SPDX-License-Identifier: Apache-2.0 WITH LLVM-exception
#
# Copyright (C) 2025, Advanced Micro Devices, Inc.
# 
##===----------------------------------------------------------------------===##

srcdir := $(shell dirname $(realpath $(firstword $(MAKEFILE_LIST))))
subdir=${srcdir}
targetname=whole_array
devicename=npu2
kernelsrc:= $(firstword $(wildcard ${srcdir}/../*mm.cc))
hostsrc := $(firstword $(wildcard ${srcdir}/../*bfp_test.cpp))

n_aie_cols?=4
aieargs+=--n-aie-cols ${n_aie_cols}

# M, K, N: final GEMM dimensions
M?=512
K?=512
N?=512

# m, k, n: single AIE core GEMM dimensions
m?=64
k?=64
n?=64

include ${srcdir}/../makefile_common
rm -rf build _build whole_array.exe
rm -rf _build
mkdir -p _build
cd _build &&  cmake -E env CXXFLAGS="-std=c++23 -ggdb -DDTYPE_IN= -DDTYPE_OUT= -DDTYPE_ACC=" \
	cmake `echo /scratch/luisr/mlir-aie/programming_examples/basic/block_datatypes/matrix_multiplication/whole_array/..` -D CMAKE_C_COMPILER=gcc-13 -D CMAKE_CXX_COMPILER=g++-13 -DTARGET_NAME=whole_array -Dhostsrc=/scratch/luisr/mlir-aie/programming_examples/basic/block_datatypes/matrix_multiplication/whole_array/../bfp_test.cpp
CMake Deprecation Warning at CMakeLists.txt:13 (cmake_minimum_required):
  Compatibility with CMake < 3.10 will be removed from a future version of
  CMake.

  Update the VERSION argument <min> value.  Or, use the <min>...<max> syntax
  to tell CMake that the project requires at least <min> but has been updated
  to work with policies introduced by <max> or earlier.


-- The C compiler identification is GNU 13.3.0
-- The CXX compiler identification is GNU 13.3.0
-- Detecting C compiler ABI info
-- Detecting C compiler ABI info - done
-- Check for working C compiler: /usr/bin/gcc-13 - skipped
-- Detecting C compile features
-- Detecting C compile features - done
-- Detecting CXX compiler ABI info
-- Detecting CXX compiler ABI info - done
-- Check for working CXX compiler: /usr/bin/g++-13 - skipped
-- Detecting CXX compile features
-- Detecting CXX compile features - done
-- Configuring done (0.3s)
-- Generating done (0.0s)
-- Build files have been written to: /scratch/luisr/mlir-aie/programming_examples/basic/block_datatypes/matrix_multiplication/whole_array/_build
cd _build &&  cmake --build . --config Release
gmake[1]: Entering directory '/scratch/luisr/mlir-aie/programming_examples/basic/block_datatypes/matrix_multiplication/whole_array/_build'
gmake[2]: Entering directory '/scratch/luisr/mlir-aie/programming_examples/basic/block_datatypes/matrix_multiplication/whole_array/_build'
gmake[3]: Entering directory '/scratch/luisr/mlir-aie/programming_examples/basic/block_datatypes/matrix_multiplication/whole_array/_build'
gmake[3]: Leaving directory '/scratch/luisr/mlir-aie/programming_examples/basic/block_datatypes/matrix_multiplication/whole_array/_build'
gmake[3]: Entering directory '/scratch/luisr/mlir-aie/programming_examples/basic/block_datatypes/matrix_multiplication/whole_array/_build'
[ 33%] Building CXX object CMakeFiles/whole_array.dir/bfp_test.cpp.o
[ 66%] Building CXX object CMakeFiles/whole_array.dir/scratch/luisr/mlir-aie/runtime_lib/test_lib/test_utils.cpp.o
[100%] Linking CXX executable whole_array
gmake[3]: Leaving directory '/scratch/luisr/mlir-aie/programming_examples/basic/block_datatypes/matrix_multiplication/whole_array/_build'
[100%] Built target whole_array
gmake[2]: Leaving directory '/scratch/luisr/mlir-aie/programming_examples/basic/block_datatypes/matrix_multiplication/whole_array/_build'
gmake[1]: Leaving directory '/scratch/luisr/mlir-aie/programming_examples/basic/block_datatypes/matrix_multiplication/whole_array/_build'
cp _build/whole_array whole_array.exe 
mkdir -p build
python3 /scratch/luisr/mlir-aie/programming_examples/basic/block_datatypes/matrix_multiplication/whole_array/whole_array.py --n-aie-cols 8 -m 64 -k 128 -n 64 -M 512 -K 512 -N 512 > build/aie_512x512x512_64x128x64.mlir
mkdir -p build
cd build && xchesscc_wrapper aie2p -I /proj/xbuilds/2024.2_INT_1113_1001/installs/all_platforms/Vitis/2024.2/aietools/include  -DDIM_M=64 -DDIM_K=128 -DDIM_N=64 -c /scratch/luisr/mlir-aie/programming_examples/basic/block_datatypes/matrix_multiplication/whole_array/../mm.cc -o mm_64x128x64.o
WARNING: Default location for XILINX_VIVADO_IP_OVERRIDE not found: /build/xfndry/IP_2024.2_INTEGRATION_VERIFIED/customer/vivado/data/ip
mkdir -p build
cd build && aiecc.py --alloc-scheme= --aie-generate-xclbin --no-compile-host --xclbin-name=final_512x512x512_64x128x64.xclbin \
			 --dynamic-objFifos \
			--aie-generate-npu-insts --npu-insts-name=insts_512x512x512_64x128x64.txt ../build/aie_512x512x512_64x128x64.mlir

Generating: /scratch/luisr/mlir-aie/programming_examples/basic/block_datatypes/matrix_multiplication/whole_array/build/aie_512x512x512_64x128x64.mlir.prj/aie_cdo_elfs.bin
Generating: /scratch/luisr/mlir-aie/programming_examples/basic/block_datatypes/matrix_multiplication/whole_array/build/aie_512x512x512_64x128x64.mlir.prj/aie_cdo_init.bin
Generating: /scratch/luisr/mlir-aie/programming_examples/basic/block_datatypes/matrix_multiplication/whole_array/build/aie_512x512x512_64x128x64.mlir.prj/aie_cdo_enable.bin
export XRT_HACK_UNSECURE_LOADING_XCLBIN=1 && \
 ./whole_array.exe -x build/final_512x512x512_64x128x64.xclbin -i build/insts_512x512x512_64x128x64.txt -k MLIR_AIE -M 512 -K 512 -N 512 -w 64 -y 128 -z 64 --iters 40 --warmup 10 --verify 0

Avg NPU matmul time: 138.625us.
Avg NPU gflops: 1936.41

Min NPU matmul time: 129us.
Max NPU gflops: 2080.9

Max NPU matmul time: 155us.
Min NPU gflops: 1731.84

Shuffle time: 1996us.

PASS!

rm -rf build _build whole_array.exe
rm -rf _build
mkdir -p _build
cd _build &&  cmake -E env CXXFLAGS="-std=c++23 -ggdb -DDTYPE_IN= -DDTYPE_OUT= -DDTYPE_ACC=" \
	cmake `echo /scratch/luisr/mlir-aie/programming_examples/basic/block_datatypes/matrix_multiplication/whole_array/..` -D CMAKE_C_COMPILER=gcc-13 -D CMAKE_CXX_COMPILER=g++-13 -DTARGET_NAME=whole_array -Dhostsrc=/scratch/luisr/mlir-aie/programming_examples/basic/block_datatypes/matrix_multiplication/whole_array/../bfp_test.cpp
CMake Deprecation Warning at CMakeLists.txt:13 (cmake_minimum_required):
  Compatibility with CMake < 3.10 will be removed from a future version of
  CMake.

  Update the VERSION argument <min> value.  Or, use the <min>...<max> syntax
  to tell CMake that the project requires at least <min> but has been updated
  to work with policies introduced by <max> or earlier.


-- The C compiler identification is GNU 13.3.0
-- The CXX compiler identification is GNU 13.3.0
-- Detecting C compiler ABI info
-- Detecting C compiler ABI info - done
-- Check for working C compiler: /usr/bin/gcc-13 - skipped
-- Detecting C compile features
-- Detecting C compile features - done
-- Detecting CXX compiler ABI info
-- Detecting CXX compiler ABI info - done
-- Check for working CXX compiler: /usr/bin/g++-13 - skipped
-- Detecting CXX compile features
-- Detecting CXX compile features - done
-- Configuring done (0.3s)
-- Generating done (0.0s)
-- Build files have been written to: /scratch/luisr/mlir-aie/programming_examples/basic/block_datatypes/matrix_multiplication/whole_array/_build
cd _build &&  cmake --build . --config Release
gmake[1]: Entering directory '/scratch/luisr/mlir-aie/programming_examples/basic/block_datatypes/matrix_multiplication/whole_array/_build'
gmake[2]: Entering directory '/scratch/luisr/mlir-aie/programming_examples/basic/block_datatypes/matrix_multiplication/whole_array/_build'
gmake[3]: Entering directory '/scratch/luisr/mlir-aie/programming_examples/basic/block_datatypes/matrix_multiplication/whole_array/_build'
gmake[3]: Leaving directory '/scratch/luisr/mlir-aie/programming_examples/basic/block_datatypes/matrix_multiplication/whole_array/_build'
gmake[3]: Entering directory '/scratch/luisr/mlir-aie/programming_examples/basic/block_datatypes/matrix_multiplication/whole_array/_build'
[ 33%] Building CXX object CMakeFiles/whole_array.dir/bfp_test.cpp.o
[ 66%] Building CXX object CMakeFiles/whole_array.dir/scratch/luisr/mlir-aie/runtime_lib/test_lib/test_utils.cpp.o
[100%] Linking CXX executable whole_array
gmake[3]: Leaving directory '/scratch/luisr/mlir-aie/programming_examples/basic/block_datatypes/matrix_multiplication/whole_array/_build'
[100%] Built target whole_array
gmake[2]: Leaving directory '/scratch/luisr/mlir-aie/programming_examples/basic/block_datatypes/matrix_multiplication/whole_array/_build'
gmake[1]: Leaving directory '/scratch/luisr/mlir-aie/programming_examples/basic/block_datatypes/matrix_multiplication/whole_array/_build'
cp _build/whole_array whole_array.exe 
mkdir -p build
python3 /scratch/luisr/mlir-aie/programming_examples/basic/block_datatypes/matrix_multiplication/whole_array/whole_array.py --n-aie-cols 8 -m 64 -k 128 -n 64 -M 512 -K 512 -N 1024 > build/aie_512x512x1024_64x128x64.mlir
mkdir -p build
cd build && xchesscc_wrapper aie2p -I /proj/xbuilds/2024.2_INT_1113_1001/installs/all_platforms/Vitis/2024.2/aietools/include  -DDIM_M=64 -DDIM_K=128 -DDIM_N=64 -c /scratch/luisr/mlir-aie/programming_examples/basic/block_datatypes/matrix_multiplication/whole_array/../mm.cc -o mm_64x128x64.o
WARNING: Default location for XILINX_VIVADO_IP_OVERRIDE not found: /build/xfndry/IP_2024.2_INTEGRATION_VERIFIED/customer/vivado/data/ip
mkdir -p build
cd build && aiecc.py --alloc-scheme= --aie-generate-xclbin --no-compile-host --xclbin-name=final_512x512x1024_64x128x64.xclbin \
			 --dynamic-objFifos \
			--aie-generate-npu-insts --npu-insts-name=insts_512x512x1024_64x128x64.txt ../build/aie_512x512x1024_64x128x64.mlir

Generating: /scratch/luisr/mlir-aie/programming_examples/basic/block_datatypes/matrix_multiplication/whole_array/build/aie_512x512x1024_64x128x64.mlir.prj/aie_cdo_elfs.bin
Generating: /scratch/luisr/mlir-aie/programming_examples/basic/block_datatypes/matrix_multiplication/whole_array/build/aie_512x512x1024_64x128x64.mlir.prj/aie_cdo_init.bin
Generating: /scratch/luisr/mlir-aie/programming_examples/basic/block_datatypes/matrix_multiplication/whole_array/build/aie_512x512x1024_64x128x64.mlir.prj/aie_cdo_enable.bin
export XRT_HACK_UNSECURE_LOADING_XCLBIN=1 && \
 ./whole_array.exe -x build/final_512x512x1024_64x128x64.xclbin -i build/insts_512x512x1024_64x128x64.txt -k MLIR_AIE -M 512 -K 512 -N 1024 -w 64 -y 128 -z 64 --iters 40 --warmup 10 --verify 0

Avg NPU matmul time: 158.475us.
Avg NPU gflops: 3387.73

Min NPU matmul time: 147us.
Max NPU gflops: 3652.18

Max NPU matmul time: 171us.
Min NPU gflops: 3139.6

Shuffle time: 3449us.

PASS!

rm -rf build _build whole_array.exe
rm -rf _build
mkdir -p _build
cd _build &&  cmake -E env CXXFLAGS="-std=c++23 -ggdb -DDTYPE_IN= -DDTYPE_OUT= -DDTYPE_ACC=" \
	cmake `echo /scratch/luisr/mlir-aie/programming_examples/basic/block_datatypes/matrix_multiplication/whole_array/..` -D CMAKE_C_COMPILER=gcc-13 -D CMAKE_CXX_COMPILER=g++-13 -DTARGET_NAME=whole_array -Dhostsrc=/scratch/luisr/mlir-aie/programming_examples/basic/block_datatypes/matrix_multiplication/whole_array/../bfp_test.cpp
CMake Deprecation Warning at CMakeLists.txt:13 (cmake_minimum_required):
  Compatibility with CMake < 3.10 will be removed from a future version of
  CMake.

  Update the VERSION argument <min> value.  Or, use the <min>...<max> syntax
  to tell CMake that the project requires at least <min> but has been updated
  to work with policies introduced by <max> or earlier.


-- The C compiler identification is GNU 13.3.0
-- The CXX compiler identification is GNU 13.3.0
-- Detecting C compiler ABI info
-- Detecting C compiler ABI info - done
-- Check for working C compiler: /usr/bin/gcc-13 - skipped
-- Detecting C compile features
-- Detecting C compile features - done
-- Detecting CXX compiler ABI info
-- Detecting CXX compiler ABI info - done
-- Check for working CXX compiler: /usr/bin/g++-13 - skipped
-- Detecting CXX compile features
-- Detecting CXX compile features - done
-- Configuring done (0.2s)
-- Generating done (0.0s)
-- Build files have been written to: /scratch/luisr/mlir-aie/programming_examples/basic/block_datatypes/matrix_multiplication/whole_array/_build
cd _build &&  cmake --build . --config Release
gmake[1]: Entering directory '/scratch/luisr/mlir-aie/programming_examples/basic/block_datatypes/matrix_multiplication/whole_array/_build'
gmake[2]: Entering directory '/scratch/luisr/mlir-aie/programming_examples/basic/block_datatypes/matrix_multiplication/whole_array/_build'
gmake[3]: Entering directory '/scratch/luisr/mlir-aie/programming_examples/basic/block_datatypes/matrix_multiplication/whole_array/_build'
gmake[3]: Leaving directory '/scratch/luisr/mlir-aie/programming_examples/basic/block_datatypes/matrix_multiplication/whole_array/_build'
gmake[3]: Entering directory '/scratch/luisr/mlir-aie/programming_examples/basic/block_datatypes/matrix_multiplication/whole_array/_build'
[ 33%] Building CXX object CMakeFiles/whole_array.dir/bfp_test.cpp.o
[ 66%] Building CXX object CMakeFiles/whole_array.dir/scratch/luisr/mlir-aie/runtime_lib/test_lib/test_utils.cpp.o
[100%] Linking CXX executable whole_array
gmake[3]: Leaving directory '/scratch/luisr/mlir-aie/programming_examples/basic/block_datatypes/matrix_multiplication/whole_array/_build'
[100%] Built target whole_array
gmake[2]: Leaving directory '/scratch/luisr/mlir-aie/programming_examples/basic/block_datatypes/matrix_multiplication/whole_array/_build'
gmake[1]: Leaving directory '/scratch/luisr/mlir-aie/programming_examples/basic/block_datatypes/matrix_multiplication/whole_array/_build'
cp _build/whole_array whole_array.exe 
mkdir -p build
python3 /scratch/luisr/mlir-aie/programming_examples/basic/block_datatypes/matrix_multiplication/whole_array/whole_array.py --n-aie-cols 8 -m 64 -k 128 -n 64 -M 512 -K 512 -N 4096 > build/aie_512x512x4096_64x128x64.mlir
mkdir -p build
cd build && xchesscc_wrapper aie2p -I /proj/xbuilds/2024.2_INT_1113_1001/installs/all_platforms/Vitis/2024.2/aietools/include  -DDIM_M=64 -DDIM_K=128 -DDIM_N=64 -c /scratch/luisr/mlir-aie/programming_examples/basic/block_datatypes/matrix_multiplication/whole_array/../mm.cc -o mm_64x128x64.o
WARNING: Default location for XILINX_VIVADO_IP_OVERRIDE not found: /build/xfndry/IP_2024.2_INTEGRATION_VERIFIED/customer/vivado/data/ip
mkdir -p build
cd build && aiecc.py --alloc-scheme= --aie-generate-xclbin --no-compile-host --xclbin-name=final_512x512x4096_64x128x64.xclbin \
			 --dynamic-objFifos \
			--aie-generate-npu-insts --npu-insts-name=insts_512x512x4096_64x128x64.txt ../build/aie_512x512x4096_64x128x64.mlir

Generating: /scratch/luisr/mlir-aie/programming_examples/basic/block_datatypes/matrix_multiplication/whole_array/build/aie_512x512x4096_64x128x64.mlir.prj/aie_cdo_elfs.bin
Generating: /scratch/luisr/mlir-aie/programming_examples/basic/block_datatypes/matrix_multiplication/whole_array/build/aie_512x512x4096_64x128x64.mlir.prj/aie_cdo_init.bin
Generating: /scratch/luisr/mlir-aie/programming_examples/basic/block_datatypes/matrix_multiplication/whole_array/build/aie_512x512x4096_64x128x64.mlir.prj/aie_cdo_enable.bin
export XRT_HACK_UNSECURE_LOADING_XCLBIN=1 && \
 ./whole_array.exe -x build/final_512x512x4096_64x128x64.xclbin -i build/insts_512x512x4096_64x128x64.txt -k MLIR_AIE -M 512 -K 512 -N 4096 -w 64 -y 128 -z 64 --iters 40 --warmup 10 --verify 0

Avg NPU matmul time: 386.7us.
Avg NPU gflops: 5553.36

Min NPU matmul time: 376us.
Max NPU gflops: 5711.39

Max NPU matmul time: 405us.
Min NPU gflops: 5302.43

Shuffle time: 9647us.

PASS!

rm -rf build _build whole_array.exe
rm -rf _build
mkdir -p _build
cd _build &&  cmake -E env CXXFLAGS="-std=c++23 -ggdb -DDTYPE_IN= -DDTYPE_OUT= -DDTYPE_ACC=" \
	cmake `echo /scratch/luisr/mlir-aie/programming_examples/basic/block_datatypes/matrix_multiplication/whole_array/..` -D CMAKE_C_COMPILER=gcc-13 -D CMAKE_CXX_COMPILER=g++-13 -DTARGET_NAME=whole_array -Dhostsrc=/scratch/luisr/mlir-aie/programming_examples/basic/block_datatypes/matrix_multiplication/whole_array/../bfp_test.cpp
CMake Deprecation Warning at CMakeLists.txt:13 (cmake_minimum_required):
  Compatibility with CMake < 3.10 will be removed from a future version of
  CMake.

  Update the VERSION argument <min> value.  Or, use the <min>...<max> syntax
  to tell CMake that the project requires at least <min> but has been updated
  to work with policies introduced by <max> or earlier.


-- The C compiler identification is GNU 13.3.0
-- The CXX compiler identification is GNU 13.3.0
-- Detecting C compiler ABI info
-- Detecting C compiler ABI info - done
-- Check for working C compiler: /usr/bin/gcc-13 - skipped
-- Detecting C compile features
-- Detecting C compile features - done
-- Detecting CXX compiler ABI info
-- Detecting CXX compiler ABI info - done
-- Check for working CXX compiler: /usr/bin/g++-13 - skipped
-- Detecting CXX compile features
-- Detecting CXX compile features - done
-- Configuring done (0.2s)
-- Generating done (0.0s)
-- Build files have been written to: /scratch/luisr/mlir-aie/programming_examples/basic/block_datatypes/matrix_multiplication/whole_array/_build
cd _build &&  cmake --build . --config Release
gmake[1]: Entering directory '/scratch/luisr/mlir-aie/programming_examples/basic/block_datatypes/matrix_multiplication/whole_array/_build'
gmake[2]: Entering directory '/scratch/luisr/mlir-aie/programming_examples/basic/block_datatypes/matrix_multiplication/whole_array/_build'
gmake[3]: Entering directory '/scratch/luisr/mlir-aie/programming_examples/basic/block_datatypes/matrix_multiplication/whole_array/_build'
gmake[3]: Leaving directory '/scratch/luisr/mlir-aie/programming_examples/basic/block_datatypes/matrix_multiplication/whole_array/_build'
gmake[3]: Entering directory '/scratch/luisr/mlir-aie/programming_examples/basic/block_datatypes/matrix_multiplication/whole_array/_build'
[ 33%] Building CXX object CMakeFiles/whole_array.dir/bfp_test.cpp.o
[ 66%] Building CXX object CMakeFiles/whole_array.dir/scratch/luisr/mlir-aie/runtime_lib/test_lib/test_utils.cpp.o
[100%] Linking CXX executable whole_array
gmake[3]: Leaving directory '/scratch/luisr/mlir-aie/programming_examples/basic/block_datatypes/matrix_multiplication/whole_array/_build'
[100%] Built target whole_array
gmake[2]: Leaving directory '/scratch/luisr/mlir-aie/programming_examples/basic/block_datatypes/matrix_multiplication/whole_array/_build'
gmake[1]: Leaving directory '/scratch/luisr/mlir-aie/programming_examples/basic/block_datatypes/matrix_multiplication/whole_array/_build'
cp _build/whole_array whole_array.exe 
mkdir -p build
python3 /scratch/luisr/mlir-aie/programming_examples/basic/block_datatypes/matrix_multiplication/whole_array/whole_array.py --n-aie-cols 8 -m 64 -k 128 -n 64 -M 512 -K 512 -N 8192 > build/aie_512x512x8192_64x128x64.mlir
mkdir -p build
cd build && xchesscc_wrapper aie2p -I /proj/xbuilds/2024.2_INT_1113_1001/installs/all_platforms/Vitis/2024.2/aietools/include  -DDIM_M=64 -DDIM_K=128 -DDIM_N=64 -c /scratch/luisr/mlir-aie/programming_examples/basic/block_datatypes/matrix_multiplication/whole_array/../mm.cc -o mm_64x128x64.o
WARNING: Default location for XILINX_VIVADO_IP_OVERRIDE not found: /build/xfndry/IP_2024.2_INTEGRATION_VERIFIED/customer/vivado/data/ip
mkdir -p build
cd build && aiecc.py --alloc-scheme= --aie-generate-xclbin --no-compile-host --xclbin-name=final_512x512x8192_64x128x64.xclbin \
			 --dynamic-objFifos \
			--aie-generate-npu-insts --npu-insts-name=insts_512x512x8192_64x128x64.txt ../build/aie_512x512x8192_64x128x64.mlir

Generating: /scratch/luisr/mlir-aie/programming_examples/basic/block_datatypes/matrix_multiplication/whole_array/build/aie_512x512x8192_64x128x64.mlir.prj/aie_cdo_elfs.bin
Generating: /scratch/luisr/mlir-aie/programming_examples/basic/block_datatypes/matrix_multiplication/whole_array/build/aie_512x512x8192_64x128x64.mlir.prj/aie_cdo_init.bin
Generating: /scratch/luisr/mlir-aie/programming_examples/basic/block_datatypes/matrix_multiplication/whole_array/build/aie_512x512x8192_64x128x64.mlir.prj/aie_cdo_enable.bin
export XRT_HACK_UNSECURE_LOADING_XCLBIN=1 && \
 ./whole_array.exe -x build/final_512x512x8192_64x128x64.xclbin -i build/insts_512x512x8192_64x128x64.txt -k MLIR_AIE -M 512 -K 512 -N 8192 -w 64 -y 128 -z 64 --iters 40 --warmup 10 --verify 0

Avg NPU matmul time: 769.525us.
Avg NPU gflops: 5581.32

Min NPU matmul time: 757us.
Max NPU gflops: 5673.67

Max NPU matmul time: 779us.
Min NPU gflops: 5513.44

Shuffle time: 18728us.

PASS!

rm -rf build _build whole_array.exe
rm -rf _build
mkdir -p _build
cd _build &&  cmake -E env CXXFLAGS="-std=c++23 -ggdb -DDTYPE_IN= -DDTYPE_OUT= -DDTYPE_ACC=" \
	cmake `echo /scratch/luisr/mlir-aie/programming_examples/basic/block_datatypes/matrix_multiplication/whole_array/..` -D CMAKE_C_COMPILER=gcc-13 -D CMAKE_CXX_COMPILER=g++-13 -DTARGET_NAME=whole_array -Dhostsrc=/scratch/luisr/mlir-aie/programming_examples/basic/block_datatypes/matrix_multiplication/whole_array/../bfp_test.cpp
CMake Deprecation Warning at CMakeLists.txt:13 (cmake_minimum_required):
  Compatibility with CMake < 3.10 will be removed from a future version of
  CMake.

  Update the VERSION argument <min> value.  Or, use the <min>...<max> syntax
  to tell CMake that the project requires at least <min> but has been updated
  to work with policies introduced by <max> or earlier.


-- The C compiler identification is GNU 13.3.0
-- The CXX compiler identification is GNU 13.3.0
-- Detecting C compiler ABI info
-- Detecting C compiler ABI info - done
-- Check for working C compiler: /usr/bin/gcc-13 - skipped
-- Detecting C compile features
-- Detecting C compile features - done
-- Detecting CXX compiler ABI info
-- Detecting CXX compiler ABI info - done
-- Check for working CXX compiler: /usr/bin/g++-13 - skipped
-- Detecting CXX compile features
-- Detecting CXX compile features - done
-- Configuring done (0.3s)
-- Generating done (0.0s)
-- Build files have been written to: /scratch/luisr/mlir-aie/programming_examples/basic/block_datatypes/matrix_multiplication/whole_array/_build
cd _build &&  cmake --build . --config Release
gmake[1]: Entering directory '/scratch/luisr/mlir-aie/programming_examples/basic/block_datatypes/matrix_multiplication/whole_array/_build'
gmake[2]: Entering directory '/scratch/luisr/mlir-aie/programming_examples/basic/block_datatypes/matrix_multiplication/whole_array/_build'
gmake[3]: Entering directory '/scratch/luisr/mlir-aie/programming_examples/basic/block_datatypes/matrix_multiplication/whole_array/_build'
gmake[3]: Leaving directory '/scratch/luisr/mlir-aie/programming_examples/basic/block_datatypes/matrix_multiplication/whole_array/_build'
gmake[3]: Entering directory '/scratch/luisr/mlir-aie/programming_examples/basic/block_datatypes/matrix_multiplication/whole_array/_build'
[ 33%] Building CXX object CMakeFiles/whole_array.dir/bfp_test.cpp.o
[ 66%] Building CXX object CMakeFiles/whole_array.dir/scratch/luisr/mlir-aie/runtime_lib/test_lib/test_utils.cpp.o
[100%] Linking CXX executable whole_array
gmake[3]: Leaving directory '/scratch/luisr/mlir-aie/programming_examples/basic/block_datatypes/matrix_multiplication/whole_array/_build'
[100%] Built target whole_array
gmake[2]: Leaving directory '/scratch/luisr/mlir-aie/programming_examples/basic/block_datatypes/matrix_multiplication/whole_array/_build'
gmake[1]: Leaving directory '/scratch/luisr/mlir-aie/programming_examples/basic/block_datatypes/matrix_multiplication/whole_array/_build'
cp _build/whole_array whole_array.exe 
mkdir -p build
python3 /scratch/luisr/mlir-aie/programming_examples/basic/block_datatypes/matrix_multiplication/whole_array/whole_array.py --n-aie-cols 8 -m 64 -k 128 -n 64 -M 512 -K 1024 -N 512 > build/aie_512x1024x512_64x128x64.mlir
mkdir -p build
cd build && xchesscc_wrapper aie2p -I /proj/xbuilds/2024.2_INT_1113_1001/installs/all_platforms/Vitis/2024.2/aietools/include  -DDIM_M=64 -DDIM_K=128 -DDIM_N=64 -c /scratch/luisr/mlir-aie/programming_examples/basic/block_datatypes/matrix_multiplication/whole_array/../mm.cc -o mm_64x128x64.o
WARNING: Default location for XILINX_VIVADO_IP_OVERRIDE not found: /build/xfndry/IP_2024.2_INTEGRATION_VERIFIED/customer/vivado/data/ip
mkdir -p build
cd build && aiecc.py --alloc-scheme= --aie-generate-xclbin --no-compile-host --xclbin-name=final_512x1024x512_64x128x64.xclbin \
			 --dynamic-objFifos \
			--aie-generate-npu-insts --npu-insts-name=insts_512x1024x512_64x128x64.txt ../build/aie_512x1024x512_64x128x64.mlir

Generating: /scratch/luisr/mlir-aie/programming_examples/basic/block_datatypes/matrix_multiplication/whole_array/build/aie_512x1024x512_64x128x64.mlir.prj/aie_cdo_elfs.bin
Generating: /scratch/luisr/mlir-aie/programming_examples/basic/block_datatypes/matrix_multiplication/whole_array/build/aie_512x1024x512_64x128x64.mlir.prj/aie_cdo_init.bin
Generating: /scratch/luisr/mlir-aie/programming_examples/basic/block_datatypes/matrix_multiplication/whole_array/build/aie_512x1024x512_64x128x64.mlir.prj/aie_cdo_enable.bin
export XRT_HACK_UNSECURE_LOADING_XCLBIN=1 && \
 ./whole_array.exe -x build/final_512x1024x512_64x128x64.xclbin -i build/insts_512x1024x512_64x128x64.txt -k MLIR_AIE -M 512 -K 1024 -N 512 -w 64 -y 128 -z 64 --iters 40 --warmup 10 --verify 0

Avg NPU matmul time: 167.25us.
Avg NPU gflops: 3209.99

Min NPU matmul time: 164us.
Max NPU gflops: 3273.6

Max NPU matmul time: 173us.
Min NPU gflops: 3103.3

Shuffle time: 4612us.

PASS!

rm -rf build _build whole_array.exe
rm -rf _build
mkdir -p _build
cd _build &&  cmake -E env CXXFLAGS="-std=c++23 -ggdb -DDTYPE_IN= -DDTYPE_OUT= -DDTYPE_ACC=" \
	cmake `echo /scratch/luisr/mlir-aie/programming_examples/basic/block_datatypes/matrix_multiplication/whole_array/..` -D CMAKE_C_COMPILER=gcc-13 -D CMAKE_CXX_COMPILER=g++-13 -DTARGET_NAME=whole_array -Dhostsrc=/scratch/luisr/mlir-aie/programming_examples/basic/block_datatypes/matrix_multiplication/whole_array/../bfp_test.cpp
CMake Deprecation Warning at CMakeLists.txt:13 (cmake_minimum_required):
  Compatibility with CMake < 3.10 will be removed from a future version of
  CMake.

  Update the VERSION argument <min> value.  Or, use the <min>...<max> syntax
  to tell CMake that the project requires at least <min> but has been updated
  to work with policies introduced by <max> or earlier.


-- The C compiler identification is GNU 13.3.0
-- The CXX compiler identification is GNU 13.3.0
-- Detecting C compiler ABI info
-- Detecting C compiler ABI info - done
-- Check for working C compiler: /usr/bin/gcc-13 - skipped
-- Detecting C compile features
-- Detecting C compile features - done
-- Detecting CXX compiler ABI info
-- Detecting CXX compiler ABI info - done
-- Check for working CXX compiler: /usr/bin/g++-13 - skipped
-- Detecting CXX compile features
-- Detecting CXX compile features - done
-- Configuring done (0.3s)
-- Generating done (0.0s)
-- Build files have been written to: /scratch/luisr/mlir-aie/programming_examples/basic/block_datatypes/matrix_multiplication/whole_array/_build
cd _build &&  cmake --build . --config Release
gmake[1]: Entering directory '/scratch/luisr/mlir-aie/programming_examples/basic/block_datatypes/matrix_multiplication/whole_array/_build'
gmake[2]: Entering directory '/scratch/luisr/mlir-aie/programming_examples/basic/block_datatypes/matrix_multiplication/whole_array/_build'
gmake[3]: Entering directory '/scratch/luisr/mlir-aie/programming_examples/basic/block_datatypes/matrix_multiplication/whole_array/_build'
gmake[3]: Leaving directory '/scratch/luisr/mlir-aie/programming_examples/basic/block_datatypes/matrix_multiplication/whole_array/_build'
gmake[3]: Entering directory '/scratch/luisr/mlir-aie/programming_examples/basic/block_datatypes/matrix_multiplication/whole_array/_build'
[ 33%] Building CXX object CMakeFiles/whole_array.dir/bfp_test.cpp.o
[ 66%] Building CXX object CMakeFiles/whole_array.dir/scratch/luisr/mlir-aie/runtime_lib/test_lib/test_utils.cpp.o
[100%] Linking CXX executable whole_array
gmake[3]: Leaving directory '/scratch/luisr/mlir-aie/programming_examples/basic/block_datatypes/matrix_multiplication/whole_array/_build'
[100%] Built target whole_array
gmake[2]: Leaving directory '/scratch/luisr/mlir-aie/programming_examples/basic/block_datatypes/matrix_multiplication/whole_array/_build'
gmake[1]: Leaving directory '/scratch/luisr/mlir-aie/programming_examples/basic/block_datatypes/matrix_multiplication/whole_array/_build'
cp _build/whole_array whole_array.exe 
mkdir -p build
python3 /scratch/luisr/mlir-aie/programming_examples/basic/block_datatypes/matrix_multiplication/whole_array/whole_array.py --n-aie-cols 8 -m 64 -k 128 -n 64 -M 512 -K 1024 -N 1024 > build/aie_512x1024x1024_64x128x64.mlir
mkdir -p build
cd build && xchesscc_wrapper aie2p -I /proj/xbuilds/2024.2_INT_1113_1001/installs/all_platforms/Vitis/2024.2/aietools/include  -DDIM_M=64 -DDIM_K=128 -DDIM_N=64 -c /scratch/luisr/mlir-aie/programming_examples/basic/block_datatypes/matrix_multiplication/whole_array/../mm.cc -o mm_64x128x64.o
WARNING: Default location for XILINX_VIVADO_IP_OVERRIDE not found: /build/xfndry/IP_2024.2_INTEGRATION_VERIFIED/customer/vivado/data/ip
mkdir -p build
cd build && aiecc.py --alloc-scheme= --aie-generate-xclbin --no-compile-host --xclbin-name=final_512x1024x1024_64x128x64.xclbin \
			 --dynamic-objFifos \
			--aie-generate-npu-insts --npu-insts-name=insts_512x1024x1024_64x128x64.txt ../build/aie_512x1024x1024_64x128x64.mlir

Generating: /scratch/luisr/mlir-aie/programming_examples/basic/block_datatypes/matrix_multiplication/whole_array/build/aie_512x1024x1024_64x128x64.mlir.prj/aie_cdo_elfs.bin
Generating: /scratch/luisr/mlir-aie/programming_examples/basic/block_datatypes/matrix_multiplication/whole_array/build/aie_512x1024x1024_64x128x64.mlir.prj/aie_cdo_init.bin
Generating: /scratch/luisr/mlir-aie/programming_examples/basic/block_datatypes/matrix_multiplication/whole_array/build/aie_512x1024x1024_64x128x64.mlir.prj/aie_cdo_enable.bin
export XRT_HACK_UNSECURE_LOADING_XCLBIN=1 && \
 ./whole_array.exe -x build/final_512x1024x1024_64x128x64.xclbin -i build/insts_512x1024x1024_64x128x64.txt -k MLIR_AIE -M 512 -K 1024 -N 1024 -w 64 -y 128 -z 64 --iters 40 --warmup 10 --verify 0

Avg NPU matmul time: 221.125us.
Avg NPU gflops: 4855.81

Min NPU matmul time: 212us.
Max NPU gflops: 5064.82

Max NPU matmul time: 226us.
Min NPU gflops: 4751.07

Shuffle time: 6744us.

PASS!

rm -rf build _build whole_array.exe
rm -rf _build
mkdir -p _build
cd _build &&  cmake -E env CXXFLAGS="-std=c++23 -ggdb -DDTYPE_IN= -DDTYPE_OUT= -DDTYPE_ACC=" \
	cmake `echo /scratch/luisr/mlir-aie/programming_examples/basic/block_datatypes/matrix_multiplication/whole_array/..` -D CMAKE_C_COMPILER=gcc-13 -D CMAKE_CXX_COMPILER=g++-13 -DTARGET_NAME=whole_array -Dhostsrc=/scratch/luisr/mlir-aie/programming_examples/basic/block_datatypes/matrix_multiplication/whole_array/../bfp_test.cpp
CMake Deprecation Warning at CMakeLists.txt:13 (cmake_minimum_required):
  Compatibility with CMake < 3.10 will be removed from a future version of
  CMake.

  Update the VERSION argument <min> value.  Or, use the <min>...<max> syntax
  to tell CMake that the project requires at least <min> but has been updated
  to work with policies introduced by <max> or earlier.


-- The C compiler identification is GNU 13.3.0
-- The CXX compiler identification is GNU 13.3.0
-- Detecting C compiler ABI info
-- Detecting C compiler ABI info - done
-- Check for working C compiler: /usr/bin/gcc-13 - skipped
-- Detecting C compile features
-- Detecting C compile features - done
-- Detecting CXX compiler ABI info
-- Detecting CXX compiler ABI info - done
-- Check for working CXX compiler: /usr/bin/g++-13 - skipped
-- Detecting CXX compile features
-- Detecting CXX compile features - done
-- Configuring done (0.2s)
-- Generating done (0.0s)
-- Build files have been written to: /scratch/luisr/mlir-aie/programming_examples/basic/block_datatypes/matrix_multiplication/whole_array/_build
cd _build &&  cmake --build . --config Release
gmake[1]: Entering directory '/scratch/luisr/mlir-aie/programming_examples/basic/block_datatypes/matrix_multiplication/whole_array/_build'
gmake[2]: Entering directory '/scratch/luisr/mlir-aie/programming_examples/basic/block_datatypes/matrix_multiplication/whole_array/_build'
gmake[3]: Entering directory '/scratch/luisr/mlir-aie/programming_examples/basic/block_datatypes/matrix_multiplication/whole_array/_build'
gmake[3]: Leaving directory '/scratch/luisr/mlir-aie/programming_examples/basic/block_datatypes/matrix_multiplication/whole_array/_build'
gmake[3]: Entering directory '/scratch/luisr/mlir-aie/programming_examples/basic/block_datatypes/matrix_multiplication/whole_array/_build'
[ 33%] Building CXX object CMakeFiles/whole_array.dir/bfp_test.cpp.o
[ 66%] Building CXX object CMakeFiles/whole_array.dir/scratch/luisr/mlir-aie/runtime_lib/test_lib/test_utils.cpp.o
[100%] Linking CXX executable whole_array
gmake[3]: Leaving directory '/scratch/luisr/mlir-aie/programming_examples/basic/block_datatypes/matrix_multiplication/whole_array/_build'
[100%] Built target whole_array
gmake[2]: Leaving directory '/scratch/luisr/mlir-aie/programming_examples/basic/block_datatypes/matrix_multiplication/whole_array/_build'
gmake[1]: Leaving directory '/scratch/luisr/mlir-aie/programming_examples/basic/block_datatypes/matrix_multiplication/whole_array/_build'
cp _build/whole_array whole_array.exe 
mkdir -p build
python3 /scratch/luisr/mlir-aie/programming_examples/basic/block_datatypes/matrix_multiplication/whole_array/whole_array.py --n-aie-cols 8 -m 64 -k 128 -n 64 -M 512 -K 1024 -N 4096 > build/aie_512x1024x4096_64x128x64.mlir
mkdir -p build
cd build && xchesscc_wrapper aie2p -I /proj/xbuilds/2024.2_INT_1113_1001/installs/all_platforms/Vitis/2024.2/aietools/include  -DDIM_M=64 -DDIM_K=128 -DDIM_N=64 -c /scratch/luisr/mlir-aie/programming_examples/basic/block_datatypes/matrix_multiplication/whole_array/../mm.cc -o mm_64x128x64.o
WARNING: Default location for XILINX_VIVADO_IP_OVERRIDE not found: /build/xfndry/IP_2024.2_INTEGRATION_VERIFIED/customer/vivado/data/ip
mkdir -p build
cd build && aiecc.py --alloc-scheme= --aie-generate-xclbin --no-compile-host --xclbin-name=final_512x1024x4096_64x128x64.xclbin \
			 --dynamic-objFifos \
			--aie-generate-npu-insts --npu-insts-name=insts_512x1024x4096_64x128x64.txt ../build/aie_512x1024x4096_64x128x64.mlir

Generating: /scratch/luisr/mlir-aie/programming_examples/basic/block_datatypes/matrix_multiplication/whole_array/build/aie_512x1024x4096_64x128x64.mlir.prj/aie_cdo_elfs.bin
Generating: /scratch/luisr/mlir-aie/programming_examples/basic/block_datatypes/matrix_multiplication/whole_array/build/aie_512x1024x4096_64x128x64.mlir.prj/aie_cdo_init.bin
Generating: /scratch/luisr/mlir-aie/programming_examples/basic/block_datatypes/matrix_multiplication/whole_array/build/aie_512x1024x4096_64x128x64.mlir.prj/aie_cdo_enable.bin
export XRT_HACK_UNSECURE_LOADING_XCLBIN=1 && \
 ./whole_array.exe -x build/final_512x1024x4096_64x128x64.xclbin -i build/insts_512x1024x4096_64x128x64.txt -k MLIR_AIE -M 512 -K 1024 -N 4096 -w 64 -y 128 -z 64 --iters 40 --warmup 10 --verify 0

Avg NPU matmul time: 610.2us.
Avg NPU gflops: 7038.62

Min NPU matmul time: 587us.
Max NPU gflops: 7316.81

Max NPU matmul time: 626us.
Min NPU gflops: 6860.97

Shuffle time: 20460us.

PASS!

rm -rf build _build whole_array.exe
rm -rf _build
mkdir -p _build
cd _build &&  cmake -E env CXXFLAGS="-std=c++23 -ggdb -DDTYPE_IN= -DDTYPE_OUT= -DDTYPE_ACC=" \
	cmake `echo /scratch/luisr/mlir-aie/programming_examples/basic/block_datatypes/matrix_multiplication/whole_array/..` -D CMAKE_C_COMPILER=gcc-13 -D CMAKE_CXX_COMPILER=g++-13 -DTARGET_NAME=whole_array -Dhostsrc=/scratch/luisr/mlir-aie/programming_examples/basic/block_datatypes/matrix_multiplication/whole_array/../bfp_test.cpp
CMake Deprecation Warning at CMakeLists.txt:13 (cmake_minimum_required):
  Compatibility with CMake < 3.10 will be removed from a future version of
  CMake.

  Update the VERSION argument <min> value.  Or, use the <min>...<max> syntax
  to tell CMake that the project requires at least <min> but has been updated
  to work with policies introduced by <max> or earlier.


-- The C compiler identification is GNU 13.3.0
-- The CXX compiler identification is GNU 13.3.0
-- Detecting C compiler ABI info
-- Detecting C compiler ABI info - done
-- Check for working C compiler: /usr/bin/gcc-13 - skipped
-- Detecting C compile features
-- Detecting C compile features - done
-- Detecting CXX compiler ABI info
-- Detecting CXX compiler ABI info - done
-- Check for working CXX compiler: /usr/bin/g++-13 - skipped
-- Detecting CXX compile features
-- Detecting CXX compile features - done
-- Configuring done (0.3s)
-- Generating done (0.0s)
-- Build files have been written to: /scratch/luisr/mlir-aie/programming_examples/basic/block_datatypes/matrix_multiplication/whole_array/_build
cd _build &&  cmake --build . --config Release
gmake[1]: Entering directory '/scratch/luisr/mlir-aie/programming_examples/basic/block_datatypes/matrix_multiplication/whole_array/_build'
gmake[2]: Entering directory '/scratch/luisr/mlir-aie/programming_examples/basic/block_datatypes/matrix_multiplication/whole_array/_build'
gmake[3]: Entering directory '/scratch/luisr/mlir-aie/programming_examples/basic/block_datatypes/matrix_multiplication/whole_array/_build'
gmake[3]: Leaving directory '/scratch/luisr/mlir-aie/programming_examples/basic/block_datatypes/matrix_multiplication/whole_array/_build'
gmake[3]: Entering directory '/scratch/luisr/mlir-aie/programming_examples/basic/block_datatypes/matrix_multiplication/whole_array/_build'
[ 33%] Building CXX object CMakeFiles/whole_array.dir/bfp_test.cpp.o
[ 66%] Building CXX object CMakeFiles/whole_array.dir/scratch/luisr/mlir-aie/runtime_lib/test_lib/test_utils.cpp.o
[100%] Linking CXX executable whole_array
gmake[3]: Leaving directory '/scratch/luisr/mlir-aie/programming_examples/basic/block_datatypes/matrix_multiplication/whole_array/_build'
[100%] Built target whole_array
gmake[2]: Leaving directory '/scratch/luisr/mlir-aie/programming_examples/basic/block_datatypes/matrix_multiplication/whole_array/_build'
gmake[1]: Leaving directory '/scratch/luisr/mlir-aie/programming_examples/basic/block_datatypes/matrix_multiplication/whole_array/_build'
cp _build/whole_array whole_array.exe 
mkdir -p build
python3 /scratch/luisr/mlir-aie/programming_examples/basic/block_datatypes/matrix_multiplication/whole_array/whole_array.py --n-aie-cols 8 -m 64 -k 128 -n 64 -M 512 -K 1024 -N 8192 > build/aie_512x1024x8192_64x128x64.mlir
mkdir -p build
cd build && xchesscc_wrapper aie2p -I /proj/xbuilds/2024.2_INT_1113_1001/installs/all_platforms/Vitis/2024.2/aietools/include  -DDIM_M=64 -DDIM_K=128 -DDIM_N=64 -c /scratch/luisr/mlir-aie/programming_examples/basic/block_datatypes/matrix_multiplication/whole_array/../mm.cc -o mm_64x128x64.o
WARNING: Default location for XILINX_VIVADO_IP_OVERRIDE not found: /build/xfndry/IP_2024.2_INTEGRATION_VERIFIED/customer/vivado/data/ip
mkdir -p build
cd build && aiecc.py --alloc-scheme= --aie-generate-xclbin --no-compile-host --xclbin-name=final_512x1024x8192_64x128x64.xclbin \
			 --dynamic-objFifos \
			--aie-generate-npu-insts --npu-insts-name=insts_512x1024x8192_64x128x64.txt ../build/aie_512x1024x8192_64x128x64.mlir

Generating: /scratch/luisr/mlir-aie/programming_examples/basic/block_datatypes/matrix_multiplication/whole_array/build/aie_512x1024x8192_64x128x64.mlir.prj/aie_cdo_elfs.bin
Generating: /scratch/luisr/mlir-aie/programming_examples/basic/block_datatypes/matrix_multiplication/whole_array/build/aie_512x1024x8192_64x128x64.mlir.prj/aie_cdo_init.bin
Generating: /scratch/luisr/mlir-aie/programming_examples/basic/block_datatypes/matrix_multiplication/whole_array/build/aie_512x1024x8192_64x128x64.mlir.prj/aie_cdo_enable.bin
export XRT_HACK_UNSECURE_LOADING_XCLBIN=1 && \
 ./whole_array.exe -x build/final_512x1024x8192_64x128x64.xclbin -i build/insts_512x1024x8192_64x128x64.txt -k MLIR_AIE -M 512 -K 1024 -N 8192 -w 64 -y 128 -z 64 --iters 40 --warmup 10 --verify 0

Avg NPU matmul time: 1127.35us.
Avg NPU gflops: 7619.58

Min NPU matmul time: 1115us.
Max NPU gflops: 7703.98

Max NPU matmul time: 1159us.
Min NPU gflops: 7411.51

Shuffle time: 40290us.

PASS!

rm -rf build _build whole_array.exe
rm -rf _build
mkdir -p _build
cd _build &&  cmake -E env CXXFLAGS="-std=c++23 -ggdb -DDTYPE_IN= -DDTYPE_OUT= -DDTYPE_ACC=" \
	cmake `echo /scratch/luisr/mlir-aie/programming_examples/basic/block_datatypes/matrix_multiplication/whole_array/..` -D CMAKE_C_COMPILER=gcc-13 -D CMAKE_CXX_COMPILER=g++-13 -DTARGET_NAME=whole_array -Dhostsrc=/scratch/luisr/mlir-aie/programming_examples/basic/block_datatypes/matrix_multiplication/whole_array/../bfp_test.cpp
CMake Deprecation Warning at CMakeLists.txt:13 (cmake_minimum_required):
  Compatibility with CMake < 3.10 will be removed from a future version of
  CMake.

  Update the VERSION argument <min> value.  Or, use the <min>...<max> syntax
  to tell CMake that the project requires at least <min> but has been updated
  to work with policies introduced by <max> or earlier.


-- The C compiler identification is GNU 13.3.0
-- The CXX compiler identification is GNU 13.3.0
-- Detecting C compiler ABI info
-- Detecting C compiler ABI info - done
-- Check for working C compiler: /usr/bin/gcc-13 - skipped
-- Detecting C compile features
-- Detecting C compile features - done
-- Detecting CXX compiler ABI info
-- Detecting CXX compiler ABI info - done
-- Check for working CXX compiler: /usr/bin/g++-13 - skipped
-- Detecting CXX compile features
-- Detecting CXX compile features - done
-- Configuring done (0.3s)
-- Generating done (0.0s)
-- Build files have been written to: /scratch/luisr/mlir-aie/programming_examples/basic/block_datatypes/matrix_multiplication/whole_array/_build
cd _build &&  cmake --build . --config Release
gmake[1]: Entering directory '/scratch/luisr/mlir-aie/programming_examples/basic/block_datatypes/matrix_multiplication/whole_array/_build'
gmake[2]: Entering directory '/scratch/luisr/mlir-aie/programming_examples/basic/block_datatypes/matrix_multiplication/whole_array/_build'
gmake[3]: Entering directory '/scratch/luisr/mlir-aie/programming_examples/basic/block_datatypes/matrix_multiplication/whole_array/_build'
gmake[3]: Leaving directory '/scratch/luisr/mlir-aie/programming_examples/basic/block_datatypes/matrix_multiplication/whole_array/_build'
gmake[3]: Entering directory '/scratch/luisr/mlir-aie/programming_examples/basic/block_datatypes/matrix_multiplication/whole_array/_build'
[ 33%] Building CXX object CMakeFiles/whole_array.dir/bfp_test.cpp.o
[ 66%] Building CXX object CMakeFiles/whole_array.dir/scratch/luisr/mlir-aie/runtime_lib/test_lib/test_utils.cpp.o
[100%] Linking CXX executable whole_array
gmake[3]: Leaving directory '/scratch/luisr/mlir-aie/programming_examples/basic/block_datatypes/matrix_multiplication/whole_array/_build'
[100%] Built target whole_array
gmake[2]: Leaving directory '/scratch/luisr/mlir-aie/programming_examples/basic/block_datatypes/matrix_multiplication/whole_array/_build'
gmake[1]: Leaving directory '/scratch/luisr/mlir-aie/programming_examples/basic/block_datatypes/matrix_multiplication/whole_array/_build'
cp _build/whole_array whole_array.exe 
mkdir -p build
python3 /scratch/luisr/mlir-aie/programming_examples/basic/block_datatypes/matrix_multiplication/whole_array/whole_array.py --n-aie-cols 8 -m 64 -k 128 -n 64 -M 512 -K 4096 -N 512 > build/aie_512x4096x512_64x128x64.mlir
mkdir -p build
cd build && xchesscc_wrapper aie2p -I /proj/xbuilds/2024.2_INT_1113_1001/installs/all_platforms/Vitis/2024.2/aietools/include  -DDIM_M=64 -DDIM_K=128 -DDIM_N=64 -c /scratch/luisr/mlir-aie/programming_examples/basic/block_datatypes/matrix_multiplication/whole_array/../mm.cc -o mm_64x128x64.o
WARNING: Default location for XILINX_VIVADO_IP_OVERRIDE not found: /build/xfndry/IP_2024.2_INTEGRATION_VERIFIED/customer/vivado/data/ip
mkdir -p build
cd build && aiecc.py --alloc-scheme= --aie-generate-xclbin --no-compile-host --xclbin-name=final_512x4096x512_64x128x64.xclbin \
			 --dynamic-objFifos \
			--aie-generate-npu-insts --npu-insts-name=insts_512x4096x512_64x128x64.txt ../build/aie_512x4096x512_64x128x64.mlir

Generating: /scratch/luisr/mlir-aie/programming_examples/basic/block_datatypes/matrix_multiplication/whole_array/build/aie_512x4096x512_64x128x64.mlir.prj/aie_cdo_elfs.bin
Generating: /scratch/luisr/mlir-aie/programming_examples/basic/block_datatypes/matrix_multiplication/whole_array/build/aie_512x4096x512_64x128x64.mlir.prj/aie_cdo_init.bin
Generating: /scratch/luisr/mlir-aie/programming_examples/basic/block_datatypes/matrix_multiplication/whole_array/build/aie_512x4096x512_64x128x64.mlir.prj/aie_cdo_enable.bin
export XRT_HACK_UNSECURE_LOADING_XCLBIN=1 && \
 ./whole_array.exe -x build/final_512x4096x512_64x128x64.xclbin -i build/insts_512x4096x512_64x128x64.txt -k MLIR_AIE -M 512 -K 4096 -N 512 -w 64 -y 128 -z 64 --iters 40 --warmup 10 --verify 0

Avg NPU matmul time: 350.225us.
Avg NPU gflops: 6131.73

Min NPU matmul time: 340us.
Max NPU gflops: 6316.13

Max NPU matmul time: 367us.
Min NPU gflops: 5851.45

Shuffle time: 17524us.

PASS!

rm -rf build _build whole_array.exe
rm -rf _build
mkdir -p _build
cd _build &&  cmake -E env CXXFLAGS="-std=c++23 -ggdb -DDTYPE_IN= -DDTYPE_OUT= -DDTYPE_ACC=" \
	cmake `echo /scratch/luisr/mlir-aie/programming_examples/basic/block_datatypes/matrix_multiplication/whole_array/..` -D CMAKE_C_COMPILER=gcc-13 -D CMAKE_CXX_COMPILER=g++-13 -DTARGET_NAME=whole_array -Dhostsrc=/scratch/luisr/mlir-aie/programming_examples/basic/block_datatypes/matrix_multiplication/whole_array/../bfp_test.cpp
CMake Deprecation Warning at CMakeLists.txt:13 (cmake_minimum_required):
  Compatibility with CMake < 3.10 will be removed from a future version of
  CMake.

  Update the VERSION argument <min> value.  Or, use the <min>...<max> syntax
  to tell CMake that the project requires at least <min> but has been updated
  to work with policies introduced by <max> or earlier.


-- The C compiler identification is GNU 13.3.0
-- The CXX compiler identification is GNU 13.3.0
-- Detecting C compiler ABI info
-- Detecting C compiler ABI info - done
-- Check for working C compiler: /usr/bin/gcc-13 - skipped
-- Detecting C compile features
-- Detecting C compile features - done
-- Detecting CXX compiler ABI info
-- Detecting CXX compiler ABI info - done
-- Check for working CXX compiler: /usr/bin/g++-13 - skipped
-- Detecting CXX compile features
-- Detecting CXX compile features - done
-- Configuring done (0.3s)
-- Generating done (0.0s)
-- Build files have been written to: /scratch/luisr/mlir-aie/programming_examples/basic/block_datatypes/matrix_multiplication/whole_array/_build
cd _build &&  cmake --build . --config Release
gmake[1]: Entering directory '/scratch/luisr/mlir-aie/programming_examples/basic/block_datatypes/matrix_multiplication/whole_array/_build'
gmake[2]: Entering directory '/scratch/luisr/mlir-aie/programming_examples/basic/block_datatypes/matrix_multiplication/whole_array/_build'
gmake[3]: Entering directory '/scratch/luisr/mlir-aie/programming_examples/basic/block_datatypes/matrix_multiplication/whole_array/_build'
gmake[3]: Leaving directory '/scratch/luisr/mlir-aie/programming_examples/basic/block_datatypes/matrix_multiplication/whole_array/_build'
gmake[3]: Entering directory '/scratch/luisr/mlir-aie/programming_examples/basic/block_datatypes/matrix_multiplication/whole_array/_build'
[ 33%] Building CXX object CMakeFiles/whole_array.dir/bfp_test.cpp.o
[ 66%] Building CXX object CMakeFiles/whole_array.dir/scratch/luisr/mlir-aie/runtime_lib/test_lib/test_utils.cpp.o
[100%] Linking CXX executable whole_array
gmake[3]: Leaving directory '/scratch/luisr/mlir-aie/programming_examples/basic/block_datatypes/matrix_multiplication/whole_array/_build'
[100%] Built target whole_array
gmake[2]: Leaving directory '/scratch/luisr/mlir-aie/programming_examples/basic/block_datatypes/matrix_multiplication/whole_array/_build'
gmake[1]: Leaving directory '/scratch/luisr/mlir-aie/programming_examples/basic/block_datatypes/matrix_multiplication/whole_array/_build'
cp _build/whole_array whole_array.exe 
mkdir -p build
python3 /scratch/luisr/mlir-aie/programming_examples/basic/block_datatypes/matrix_multiplication/whole_array/whole_array.py --n-aie-cols 8 -m 64 -k 128 -n 64 -M 512 -K 4096 -N 1024 > build/aie_512x4096x1024_64x128x64.mlir
mkdir -p build
cd build && xchesscc_wrapper aie2p -I /proj/xbuilds/2024.2_INT_1113_1001/installs/all_platforms/Vitis/2024.2/aietools/include  -DDIM_M=64 -DDIM_K=128 -DDIM_N=64 -c /scratch/luisr/mlir-aie/programming_examples/basic/block_datatypes/matrix_multiplication/whole_array/../mm.cc -o mm_64x128x64.o
WARNING: Default location for XILINX_VIVADO_IP_OVERRIDE not found: /build/xfndry/IP_2024.2_INTEGRATION_VERIFIED/customer/vivado/data/ip
mkdir -p build
cd build && aiecc.py --alloc-scheme= --aie-generate-xclbin --no-compile-host --xclbin-name=final_512x4096x1024_64x128x64.xclbin \
			 --dynamic-objFifos \
			--aie-generate-npu-insts --npu-insts-name=insts_512x4096x1024_64x128x64.txt ../build/aie_512x4096x1024_64x128x64.mlir

Generating: /scratch/luisr/mlir-aie/programming_examples/basic/block_datatypes/matrix_multiplication/whole_array/build/aie_512x4096x1024_64x128x64.mlir.prj/aie_cdo_elfs.bin
Generating: /scratch/luisr/mlir-aie/programming_examples/basic/block_datatypes/matrix_multiplication/whole_array/build/aie_512x4096x1024_64x128x64.mlir.prj/aie_cdo_init.bin
Generating: /scratch/luisr/mlir-aie/programming_examples/basic/block_datatypes/matrix_multiplication/whole_array/build/aie_512x4096x1024_64x128x64.mlir.prj/aie_cdo_enable.bin
export XRT_HACK_UNSECURE_LOADING_XCLBIN=1 && \
 ./whole_array.exe -x build/final_512x4096x1024_64x128x64.xclbin -i build/insts_512x4096x1024_64x128x64.txt -k MLIR_AIE -M 512 -K 4096 -N 1024 -w 64 -y 128 -z 64 --iters 40 --warmup 10 --verify 0

Avg NPU matmul time: 597.5us.
Avg NPU gflops: 7188.23

Min NPU matmul time: 592us.
Max NPU gflops: 7255.01

Max NPU matmul time: 602us.
Min NPU gflops: 7134.5

Shuffle time: 26984us.

PASS!

rm -rf build _build whole_array.exe
rm -rf _build
mkdir -p _build
cd _build &&  cmake -E env CXXFLAGS="-std=c++23 -ggdb -DDTYPE_IN= -DDTYPE_OUT= -DDTYPE_ACC=" \
	cmake `echo /scratch/luisr/mlir-aie/programming_examples/basic/block_datatypes/matrix_multiplication/whole_array/..` -D CMAKE_C_COMPILER=gcc-13 -D CMAKE_CXX_COMPILER=g++-13 -DTARGET_NAME=whole_array -Dhostsrc=/scratch/luisr/mlir-aie/programming_examples/basic/block_datatypes/matrix_multiplication/whole_array/../bfp_test.cpp
CMake Deprecation Warning at CMakeLists.txt:13 (cmake_minimum_required):
  Compatibility with CMake < 3.10 will be removed from a future version of
  CMake.

  Update the VERSION argument <min> value.  Or, use the <min>...<max> syntax
  to tell CMake that the project requires at least <min> but has been updated
  to work with policies introduced by <max> or earlier.


-- The C compiler identification is GNU 13.3.0
-- The CXX compiler identification is GNU 13.3.0
-- Detecting C compiler ABI info
-- Detecting C compiler ABI info - done
-- Check for working C compiler: /usr/bin/gcc-13 - skipped
-- Detecting C compile features
-- Detecting C compile features - done
-- Detecting CXX compiler ABI info
-- Detecting CXX compiler ABI info - done
-- Check for working CXX compiler: /usr/bin/g++-13 - skipped
-- Detecting CXX compile features
-- Detecting CXX compile features - done
-- Configuring done (0.3s)
-- Generating done (0.0s)
-- Build files have been written to: /scratch/luisr/mlir-aie/programming_examples/basic/block_datatypes/matrix_multiplication/whole_array/_build
cd _build &&  cmake --build . --config Release
gmake[1]: Entering directory '/scratch/luisr/mlir-aie/programming_examples/basic/block_datatypes/matrix_multiplication/whole_array/_build'
gmake[2]: Entering directory '/scratch/luisr/mlir-aie/programming_examples/basic/block_datatypes/matrix_multiplication/whole_array/_build'
gmake[3]: Entering directory '/scratch/luisr/mlir-aie/programming_examples/basic/block_datatypes/matrix_multiplication/whole_array/_build'
gmake[3]: Leaving directory '/scratch/luisr/mlir-aie/programming_examples/basic/block_datatypes/matrix_multiplication/whole_array/_build'
gmake[3]: Entering directory '/scratch/luisr/mlir-aie/programming_examples/basic/block_datatypes/matrix_multiplication/whole_array/_build'
[ 33%] Building CXX object CMakeFiles/whole_array.dir/bfp_test.cpp.o
[ 66%] Building CXX object CMakeFiles/whole_array.dir/scratch/luisr/mlir-aie/runtime_lib/test_lib/test_utils.cpp.o
[100%] Linking CXX executable whole_array
gmake[3]: Leaving directory '/scratch/luisr/mlir-aie/programming_examples/basic/block_datatypes/matrix_multiplication/whole_array/_build'
[100%] Built target whole_array
gmake[2]: Leaving directory '/scratch/luisr/mlir-aie/programming_examples/basic/block_datatypes/matrix_multiplication/whole_array/_build'
gmake[1]: Leaving directory '/scratch/luisr/mlir-aie/programming_examples/basic/block_datatypes/matrix_multiplication/whole_array/_build'
cp _build/whole_array whole_array.exe 
mkdir -p build
python3 /scratch/luisr/mlir-aie/programming_examples/basic/block_datatypes/matrix_multiplication/whole_array/whole_array.py --n-aie-cols 8 -m 64 -k 128 -n 64 -M 512 -K 4096 -N 4096 > build/aie_512x4096x4096_64x128x64.mlir
mkdir -p build
cd build && xchesscc_wrapper aie2p -I /proj/xbuilds/2024.2_INT_1113_1001/installs/all_platforms/Vitis/2024.2/aietools/include  -DDIM_M=64 -DDIM_K=128 -DDIM_N=64 -c /scratch/luisr/mlir-aie/programming_examples/basic/block_datatypes/matrix_multiplication/whole_array/../mm.cc -o mm_64x128x64.o
WARNING: Default location for XILINX_VIVADO_IP_OVERRIDE not found: /build/xfndry/IP_2024.2_INTEGRATION_VERIFIED/customer/vivado/data/ip
mkdir -p build
cd build && aiecc.py --alloc-scheme= --aie-generate-xclbin --no-compile-host --xclbin-name=final_512x4096x4096_64x128x64.xclbin \
			 --dynamic-objFifos \
			--aie-generate-npu-insts --npu-insts-name=insts_512x4096x4096_64x128x64.txt ../build/aie_512x4096x4096_64x128x64.mlir

Generating: /scratch/luisr/mlir-aie/programming_examples/basic/block_datatypes/matrix_multiplication/whole_array/build/aie_512x4096x4096_64x128x64.mlir.prj/aie_cdo_elfs.bin
Generating: /scratch/luisr/mlir-aie/programming_examples/basic/block_datatypes/matrix_multiplication/whole_array/build/aie_512x4096x4096_64x128x64.mlir.prj/aie_cdo_init.bin
Generating: /scratch/luisr/mlir-aie/programming_examples/basic/block_datatypes/matrix_multiplication/whole_array/build/aie_512x4096x4096_64x128x64.mlir.prj/aie_cdo_enable.bin
export XRT_HACK_UNSECURE_LOADING_XCLBIN=1 && \
 ./whole_array.exe -x build/final_512x4096x4096_64x128x64.xclbin -i build/insts_512x4096x4096_64x128x64.txt -k MLIR_AIE -M 512 -K 4096 -N 4096 -w 64 -y 128 -z 64 --iters 40 --warmup 10 --verify 0

Avg NPU matmul time: 2213.25us.
Avg NPU gflops: 7762.28

Min NPU matmul time: 2194us.
Max NPU gflops: 7830.39

Max NPU matmul time: 2232us.
Min NPU gflops: 7697.07

Shuffle time: 87961us.

PASS!

rm -rf build _build whole_array.exe
rm -rf _build
mkdir -p _build
cd _build &&  cmake -E env CXXFLAGS="-std=c++23 -ggdb -DDTYPE_IN= -DDTYPE_OUT= -DDTYPE_ACC=" \
	cmake `echo /scratch/luisr/mlir-aie/programming_examples/basic/block_datatypes/matrix_multiplication/whole_array/..` -D CMAKE_C_COMPILER=gcc-13 -D CMAKE_CXX_COMPILER=g++-13 -DTARGET_NAME=whole_array -Dhostsrc=/scratch/luisr/mlir-aie/programming_examples/basic/block_datatypes/matrix_multiplication/whole_array/../bfp_test.cpp
CMake Deprecation Warning at CMakeLists.txt:13 (cmake_minimum_required):
  Compatibility with CMake < 3.10 will be removed from a future version of
  CMake.

  Update the VERSION argument <min> value.  Or, use the <min>...<max> syntax
  to tell CMake that the project requires at least <min> but has been updated
  to work with policies introduced by <max> or earlier.


-- The C compiler identification is GNU 13.3.0
-- The CXX compiler identification is GNU 13.3.0
-- Detecting C compiler ABI info
-- Detecting C compiler ABI info - done
-- Check for working C compiler: /usr/bin/gcc-13 - skipped
-- Detecting C compile features
-- Detecting C compile features - done
-- Detecting CXX compiler ABI info
-- Detecting CXX compiler ABI info - done
-- Check for working CXX compiler: /usr/bin/g++-13 - skipped
-- Detecting CXX compile features
-- Detecting CXX compile features - done
-- Configuring done (0.3s)
-- Generating done (0.0s)
-- Build files have been written to: /scratch/luisr/mlir-aie/programming_examples/basic/block_datatypes/matrix_multiplication/whole_array/_build
cd _build &&  cmake --build . --config Release
gmake[1]: Entering directory '/scratch/luisr/mlir-aie/programming_examples/basic/block_datatypes/matrix_multiplication/whole_array/_build'
gmake[2]: Entering directory '/scratch/luisr/mlir-aie/programming_examples/basic/block_datatypes/matrix_multiplication/whole_array/_build'
gmake[3]: Entering directory '/scratch/luisr/mlir-aie/programming_examples/basic/block_datatypes/matrix_multiplication/whole_array/_build'
gmake[3]: Leaving directory '/scratch/luisr/mlir-aie/programming_examples/basic/block_datatypes/matrix_multiplication/whole_array/_build'
gmake[3]: Entering directory '/scratch/luisr/mlir-aie/programming_examples/basic/block_datatypes/matrix_multiplication/whole_array/_build'
[ 33%] Building CXX object CMakeFiles/whole_array.dir/bfp_test.cpp.o
[ 66%] Building CXX object CMakeFiles/whole_array.dir/scratch/luisr/mlir-aie/runtime_lib/test_lib/test_utils.cpp.o
[100%] Linking CXX executable whole_array
gmake[3]: Leaving directory '/scratch/luisr/mlir-aie/programming_examples/basic/block_datatypes/matrix_multiplication/whole_array/_build'
[100%] Built target whole_array
gmake[2]: Leaving directory '/scratch/luisr/mlir-aie/programming_examples/basic/block_datatypes/matrix_multiplication/whole_array/_build'
gmake[1]: Leaving directory '/scratch/luisr/mlir-aie/programming_examples/basic/block_datatypes/matrix_multiplication/whole_array/_build'
cp _build/whole_array whole_array.exe 
mkdir -p build
python3 /scratch/luisr/mlir-aie/programming_examples/basic/block_datatypes/matrix_multiplication/whole_array/whole_array.py --n-aie-cols 8 -m 64 -k 128 -n 64 -M 512 -K 4096 -N 8192 > build/aie_512x4096x8192_64x128x64.mlir
mkdir -p build
cd build && xchesscc_wrapper aie2p -I /proj/xbuilds/2024.2_INT_1113_1001/installs/all_platforms/Vitis/2024.2/aietools/include  -DDIM_M=64 -DDIM_K=128 -DDIM_N=64 -c /scratch/luisr/mlir-aie/programming_examples/basic/block_datatypes/matrix_multiplication/whole_array/../mm.cc -o mm_64x128x64.o
WARNING: Default location for XILINX_VIVADO_IP_OVERRIDE not found: /build/xfndry/IP_2024.2_INTEGRATION_VERIFIED/customer/vivado/data/ip
mkdir -p build
cd build && aiecc.py --alloc-scheme= --aie-generate-xclbin --no-compile-host --xclbin-name=final_512x4096x8192_64x128x64.xclbin \
			 --dynamic-objFifos \
			--aie-generate-npu-insts --npu-insts-name=insts_512x4096x8192_64x128x64.txt ../build/aie_512x4096x8192_64x128x64.mlir

Generating: /scratch/luisr/mlir-aie/programming_examples/basic/block_datatypes/matrix_multiplication/whole_array/build/aie_512x4096x8192_64x128x64.mlir.prj/aie_cdo_elfs.bin
Generating: /scratch/luisr/mlir-aie/programming_examples/basic/block_datatypes/matrix_multiplication/whole_array/build/aie_512x4096x8192_64x128x64.mlir.prj/aie_cdo_init.bin
Generating: /scratch/luisr/mlir-aie/programming_examples/basic/block_datatypes/matrix_multiplication/whole_array/build/aie_512x4096x8192_64x128x64.mlir.prj/aie_cdo_enable.bin
export XRT_HACK_UNSECURE_LOADING_XCLBIN=1 && \
 ./whole_array.exe -x build/final_512x4096x8192_64x128x64.xclbin -i build/insts_512x4096x8192_64x128x64.txt -k MLIR_AIE -M 512 -K 4096 -N 8192 -w 64 -y 128 -z 64 --iters 40 --warmup 10 --verify 0

Avg NPU matmul time: 4335.8us.
Avg NPU gflops: 7924.66

Min NPU matmul time: 4265us.
Max NPU gflops: 8056.21

Max NPU matmul time: 4684us.
Min NPU gflops: 7335.55

Shuffle time: 170272us.

PASS!

rm -rf build _build whole_array.exe
rm -rf _build
mkdir -p _build
cd _build &&  cmake -E env CXXFLAGS="-std=c++23 -ggdb -DDTYPE_IN= -DDTYPE_OUT= -DDTYPE_ACC=" \
	cmake `echo /scratch/luisr/mlir-aie/programming_examples/basic/block_datatypes/matrix_multiplication/whole_array/..` -D CMAKE_C_COMPILER=gcc-13 -D CMAKE_CXX_COMPILER=g++-13 -DTARGET_NAME=whole_array -Dhostsrc=/scratch/luisr/mlir-aie/programming_examples/basic/block_datatypes/matrix_multiplication/whole_array/../bfp_test.cpp
CMake Deprecation Warning at CMakeLists.txt:13 (cmake_minimum_required):
  Compatibility with CMake < 3.10 will be removed from a future version of
  CMake.

  Update the VERSION argument <min> value.  Or, use the <min>...<max> syntax
  to tell CMake that the project requires at least <min> but has been updated
  to work with policies introduced by <max> or earlier.


-- The C compiler identification is GNU 13.3.0
-- The CXX compiler identification is GNU 13.3.0
-- Detecting C compiler ABI info
-- Detecting C compiler ABI info - done
-- Check for working C compiler: /usr/bin/gcc-13 - skipped
-- Detecting C compile features
-- Detecting C compile features - done
-- Detecting CXX compiler ABI info
-- Detecting CXX compiler ABI info - done
-- Check for working CXX compiler: /usr/bin/g++-13 - skipped
-- Detecting CXX compile features
-- Detecting CXX compile features - done
-- Configuring done (0.3s)
-- Generating done (0.0s)
-- Build files have been written to: /scratch/luisr/mlir-aie/programming_examples/basic/block_datatypes/matrix_multiplication/whole_array/_build
cd _build &&  cmake --build . --config Release
gmake[1]: Entering directory '/scratch/luisr/mlir-aie/programming_examples/basic/block_datatypes/matrix_multiplication/whole_array/_build'
gmake[2]: Entering directory '/scratch/luisr/mlir-aie/programming_examples/basic/block_datatypes/matrix_multiplication/whole_array/_build'
gmake[3]: Entering directory '/scratch/luisr/mlir-aie/programming_examples/basic/block_datatypes/matrix_multiplication/whole_array/_build'
gmake[3]: Leaving directory '/scratch/luisr/mlir-aie/programming_examples/basic/block_datatypes/matrix_multiplication/whole_array/_build'
gmake[3]: Entering directory '/scratch/luisr/mlir-aie/programming_examples/basic/block_datatypes/matrix_multiplication/whole_array/_build'
[ 33%] Building CXX object CMakeFiles/whole_array.dir/bfp_test.cpp.o
[ 66%] Building CXX object CMakeFiles/whole_array.dir/scratch/luisr/mlir-aie/runtime_lib/test_lib/test_utils.cpp.o
[100%] Linking CXX executable whole_array
gmake[3]: Leaving directory '/scratch/luisr/mlir-aie/programming_examples/basic/block_datatypes/matrix_multiplication/whole_array/_build'
[100%] Built target whole_array
gmake[2]: Leaving directory '/scratch/luisr/mlir-aie/programming_examples/basic/block_datatypes/matrix_multiplication/whole_array/_build'
gmake[1]: Leaving directory '/scratch/luisr/mlir-aie/programming_examples/basic/block_datatypes/matrix_multiplication/whole_array/_build'
cp _build/whole_array whole_array.exe 
mkdir -p build
python3 /scratch/luisr/mlir-aie/programming_examples/basic/block_datatypes/matrix_multiplication/whole_array/whole_array.py --n-aie-cols 8 -m 64 -k 128 -n 64 -M 512 -K 6144 -N 512 > build/aie_512x6144x512_64x128x64.mlir
mkdir -p build
cd build && xchesscc_wrapper aie2p -I /proj/xbuilds/2024.2_INT_1113_1001/installs/all_platforms/Vitis/2024.2/aietools/include  -DDIM_M=64 -DDIM_K=128 -DDIM_N=64 -c /scratch/luisr/mlir-aie/programming_examples/basic/block_datatypes/matrix_multiplication/whole_array/../mm.cc -o mm_64x128x64.o
WARNING: Default location for XILINX_VIVADO_IP_OVERRIDE not found: /build/xfndry/IP_2024.2_INTEGRATION_VERIFIED/customer/vivado/data/ip
mkdir -p build
cd build && aiecc.py --alloc-scheme= --aie-generate-xclbin --no-compile-host --xclbin-name=final_512x6144x512_64x128x64.xclbin \
			 --dynamic-objFifos \
			--aie-generate-npu-insts --npu-insts-name=insts_512x6144x512_64x128x64.txt ../build/aie_512x6144x512_64x128x64.mlir

Generating: /scratch/luisr/mlir-aie/programming_examples/basic/block_datatypes/matrix_multiplication/whole_array/build/aie_512x6144x512_64x128x64.mlir.prj/aie_cdo_elfs.bin
Generating: /scratch/luisr/mlir-aie/programming_examples/basic/block_datatypes/matrix_multiplication/whole_array/build/aie_512x6144x512_64x128x64.mlir.prj/aie_cdo_init.bin
Generating: /scratch/luisr/mlir-aie/programming_examples/basic/block_datatypes/matrix_multiplication/whole_array/build/aie_512x6144x512_64x128x64.mlir.prj/aie_cdo_enable.bin
export XRT_HACK_UNSECURE_LOADING_XCLBIN=1 && \
 ./whole_array.exe -x build/final_512x6144x512_64x128x64.xclbin -i build/insts_512x6144x512_64x128x64.txt -k MLIR_AIE -M 512 -K 6144 -N 512 -w 64 -y 128 -z 64 --iters 40 --warmup 10 --verify 0

Avg NPU matmul time: 501.425us.
Avg NPU gflops: 6424.14

Min NPU matmul time: 493us.
Max NPU gflops: 6533.93

Max NPU matmul time: 509us.
Min NPU gflops: 6328.54

Shuffle time: 26603us.

PASS!

rm -rf build _build whole_array.exe
rm -rf _build
mkdir -p _build
cd _build &&  cmake -E env CXXFLAGS="-std=c++23 -ggdb -DDTYPE_IN= -DDTYPE_OUT= -DDTYPE_ACC=" \
	cmake `echo /scratch/luisr/mlir-aie/programming_examples/basic/block_datatypes/matrix_multiplication/whole_array/..` -D CMAKE_C_COMPILER=gcc-13 -D CMAKE_CXX_COMPILER=g++-13 -DTARGET_NAME=whole_array -Dhostsrc=/scratch/luisr/mlir-aie/programming_examples/basic/block_datatypes/matrix_multiplication/whole_array/../bfp_test.cpp
CMake Deprecation Warning at CMakeLists.txt:13 (cmake_minimum_required):
  Compatibility with CMake < 3.10 will be removed from a future version of
  CMake.

  Update the VERSION argument <min> value.  Or, use the <min>...<max> syntax
  to tell CMake that the project requires at least <min> but has been updated
  to work with policies introduced by <max> or earlier.


-- The C compiler identification is GNU 13.3.0
-- The CXX compiler identification is GNU 13.3.0
-- Detecting C compiler ABI info
-- Detecting C compiler ABI info - done
-- Check for working C compiler: /usr/bin/gcc-13 - skipped
-- Detecting C compile features
-- Detecting C compile features - done
-- Detecting CXX compiler ABI info
-- Detecting CXX compiler ABI info - done
-- Check for working CXX compiler: /usr/bin/g++-13 - skipped
-- Detecting CXX compile features
-- Detecting CXX compile features - done
-- Configuring done (0.2s)
-- Generating done (0.0s)
-- Build files have been written to: /scratch/luisr/mlir-aie/programming_examples/basic/block_datatypes/matrix_multiplication/whole_array/_build
cd _build &&  cmake --build . --config Release
gmake[1]: Entering directory '/scratch/luisr/mlir-aie/programming_examples/basic/block_datatypes/matrix_multiplication/whole_array/_build'
gmake[2]: Entering directory '/scratch/luisr/mlir-aie/programming_examples/basic/block_datatypes/matrix_multiplication/whole_array/_build'
gmake[3]: Entering directory '/scratch/luisr/mlir-aie/programming_examples/basic/block_datatypes/matrix_multiplication/whole_array/_build'
gmake[3]: Leaving directory '/scratch/luisr/mlir-aie/programming_examples/basic/block_datatypes/matrix_multiplication/whole_array/_build'
gmake[3]: Entering directory '/scratch/luisr/mlir-aie/programming_examples/basic/block_datatypes/matrix_multiplication/whole_array/_build'
[ 33%] Building CXX object CMakeFiles/whole_array.dir/bfp_test.cpp.o
[ 66%] Building CXX object CMakeFiles/whole_array.dir/scratch/luisr/mlir-aie/runtime_lib/test_lib/test_utils.cpp.o
[100%] Linking CXX executable whole_array
gmake[3]: Leaving directory '/scratch/luisr/mlir-aie/programming_examples/basic/block_datatypes/matrix_multiplication/whole_array/_build'
[100%] Built target whole_array
gmake[2]: Leaving directory '/scratch/luisr/mlir-aie/programming_examples/basic/block_datatypes/matrix_multiplication/whole_array/_build'
gmake[1]: Leaving directory '/scratch/luisr/mlir-aie/programming_examples/basic/block_datatypes/matrix_multiplication/whole_array/_build'
cp _build/whole_array whole_array.exe 
mkdir -p build
python3 /scratch/luisr/mlir-aie/programming_examples/basic/block_datatypes/matrix_multiplication/whole_array/whole_array.py --n-aie-cols 8 -m 64 -k 128 -n 64 -M 512 -K 6144 -N 1024 > build/aie_512x6144x1024_64x128x64.mlir
mkdir -p build
cd build && xchesscc_wrapper aie2p -I /proj/xbuilds/2024.2_INT_1113_1001/installs/all_platforms/Vitis/2024.2/aietools/include  -DDIM_M=64 -DDIM_K=128 -DDIM_N=64 -c /scratch/luisr/mlir-aie/programming_examples/basic/block_datatypes/matrix_multiplication/whole_array/../mm.cc -o mm_64x128x64.o
WARNING: Default location for XILINX_VIVADO_IP_OVERRIDE not found: /build/xfndry/IP_2024.2_INTEGRATION_VERIFIED/customer/vivado/data/ip
mkdir -p build
cd build && aiecc.py --alloc-scheme= --aie-generate-xclbin --no-compile-host --xclbin-name=final_512x6144x1024_64x128x64.xclbin \
			 --dynamic-objFifos \
			--aie-generate-npu-insts --npu-insts-name=insts_512x6144x1024_64x128x64.txt ../build/aie_512x6144x1024_64x128x64.mlir

Generating: /scratch/luisr/mlir-aie/programming_examples/basic/block_datatypes/matrix_multiplication/whole_array/build/aie_512x6144x1024_64x128x64.mlir.prj/aie_cdo_elfs.bin
Generating: /scratch/luisr/mlir-aie/programming_examples/basic/block_datatypes/matrix_multiplication/whole_array/build/aie_512x6144x1024_64x128x64.mlir.prj/aie_cdo_init.bin
Generating: /scratch/luisr/mlir-aie/programming_examples/basic/block_datatypes/matrix_multiplication/whole_array/build/aie_512x6144x1024_64x128x64.mlir.prj/aie_cdo_enable.bin
export XRT_HACK_UNSECURE_LOADING_XCLBIN=1 && \
 ./whole_array.exe -x build/final_512x6144x1024_64x128x64.xclbin -i build/insts_512x6144x1024_64x128x64.txt -k MLIR_AIE -M 512 -K 6144 -N 1024 -w 64 -y 128 -z 64 --iters 40 --warmup 10 --verify 0

Avg NPU matmul time: 945.875us.
Avg NPU gflops: 6811.1

Min NPU matmul time: 932us.
Max NPU gflops: 6912.5

Max NPU matmul time: 966us.
Min NPU gflops: 6669.2

Shuffle time: 42711us.

PASS!

rm -rf build _build whole_array.exe
rm -rf _build
mkdir -p _build
cd _build &&  cmake -E env CXXFLAGS="-std=c++23 -ggdb -DDTYPE_IN= -DDTYPE_OUT= -DDTYPE_ACC=" \
	cmake `echo /scratch/luisr/mlir-aie/programming_examples/basic/block_datatypes/matrix_multiplication/whole_array/..` -D CMAKE_C_COMPILER=gcc-13 -D CMAKE_CXX_COMPILER=g++-13 -DTARGET_NAME=whole_array -Dhostsrc=/scratch/luisr/mlir-aie/programming_examples/basic/block_datatypes/matrix_multiplication/whole_array/../bfp_test.cpp
CMake Deprecation Warning at CMakeLists.txt:13 (cmake_minimum_required):
  Compatibility with CMake < 3.10 will be removed from a future version of
  CMake.

  Update the VERSION argument <min> value.  Or, use the <min>...<max> syntax
  to tell CMake that the project requires at least <min> but has been updated
  to work with policies introduced by <max> or earlier.


-- The C compiler identification is GNU 13.3.0
-- The CXX compiler identification is GNU 13.3.0
-- Detecting C compiler ABI info
-- Detecting C compiler ABI info - done
-- Check for working C compiler: /usr/bin/gcc-13 - skipped
-- Detecting C compile features
-- Detecting C compile features - done
-- Detecting CXX compiler ABI info
-- Detecting CXX compiler ABI info - done
-- Check for working CXX compiler: /usr/bin/g++-13 - skipped
-- Detecting CXX compile features
-- Detecting CXX compile features - done
-- Configuring done (0.2s)
-- Generating done (0.0s)
-- Build files have been written to: /scratch/luisr/mlir-aie/programming_examples/basic/block_datatypes/matrix_multiplication/whole_array/_build
cd _build &&  cmake --build . --config Release
gmake[1]: Entering directory '/scratch/luisr/mlir-aie/programming_examples/basic/block_datatypes/matrix_multiplication/whole_array/_build'
gmake[2]: Entering directory '/scratch/luisr/mlir-aie/programming_examples/basic/block_datatypes/matrix_multiplication/whole_array/_build'
gmake[3]: Entering directory '/scratch/luisr/mlir-aie/programming_examples/basic/block_datatypes/matrix_multiplication/whole_array/_build'
gmake[3]: Leaving directory '/scratch/luisr/mlir-aie/programming_examples/basic/block_datatypes/matrix_multiplication/whole_array/_build'
gmake[3]: Entering directory '/scratch/luisr/mlir-aie/programming_examples/basic/block_datatypes/matrix_multiplication/whole_array/_build'
[ 33%] Building CXX object CMakeFiles/whole_array.dir/bfp_test.cpp.o
[ 66%] Building CXX object CMakeFiles/whole_array.dir/scratch/luisr/mlir-aie/runtime_lib/test_lib/test_utils.cpp.o
[100%] Linking CXX executable whole_array
gmake[3]: Leaving directory '/scratch/luisr/mlir-aie/programming_examples/basic/block_datatypes/matrix_multiplication/whole_array/_build'
[100%] Built target whole_array
gmake[2]: Leaving directory '/scratch/luisr/mlir-aie/programming_examples/basic/block_datatypes/matrix_multiplication/whole_array/_build'
gmake[1]: Leaving directory '/scratch/luisr/mlir-aie/programming_examples/basic/block_datatypes/matrix_multiplication/whole_array/_build'
cp _build/whole_array whole_array.exe 
mkdir -p build
python3 /scratch/luisr/mlir-aie/programming_examples/basic/block_datatypes/matrix_multiplication/whole_array/whole_array.py --n-aie-cols 8 -m 64 -k 128 -n 64 -M 512 -K 6144 -N 4096 > build/aie_512x6144x4096_64x128x64.mlir
mkdir -p build
cd build && xchesscc_wrapper aie2p -I /proj/xbuilds/2024.2_INT_1113_1001/installs/all_platforms/Vitis/2024.2/aietools/include  -DDIM_M=64 -DDIM_K=128 -DDIM_N=64 -c /scratch/luisr/mlir-aie/programming_examples/basic/block_datatypes/matrix_multiplication/whole_array/../mm.cc -o mm_64x128x64.o
WARNING: Default location for XILINX_VIVADO_IP_OVERRIDE not found: /build/xfndry/IP_2024.2_INTEGRATION_VERIFIED/customer/vivado/data/ip
mkdir -p build
cd build && aiecc.py --alloc-scheme= --aie-generate-xclbin --no-compile-host --xclbin-name=final_512x6144x4096_64x128x64.xclbin \
			 --dynamic-objFifos \
			--aie-generate-npu-insts --npu-insts-name=insts_512x6144x4096_64x128x64.txt ../build/aie_512x6144x4096_64x128x64.mlir

Generating: /scratch/luisr/mlir-aie/programming_examples/basic/block_datatypes/matrix_multiplication/whole_array/build/aie_512x6144x4096_64x128x64.mlir.prj/aie_cdo_elfs.bin
Generating: /scratch/luisr/mlir-aie/programming_examples/basic/block_datatypes/matrix_multiplication/whole_array/build/aie_512x6144x4096_64x128x64.mlir.prj/aie_cdo_init.bin
Generating: /scratch/luisr/mlir-aie/programming_examples/basic/block_datatypes/matrix_multiplication/whole_array/build/aie_512x6144x4096_64x128x64.mlir.prj/aie_cdo_enable.bin
export XRT_HACK_UNSECURE_LOADING_XCLBIN=1 && \
 ./whole_array.exe -x build/final_512x6144x4096_64x128x64.xclbin -i build/insts_512x6144x4096_64x128x64.txt -k MLIR_AIE -M 512 -K 6144 -N 4096 -w 64 -y 128 -z 64 --iters 40 --warmup 10 --verify 0

Avg NPU matmul time: 3553.12us.
Avg NPU gflops: 7252.72

Min NPU matmul time: 3455us.
Max NPU gflops: 7458.7

Max NPU matmul time: 3649us.
Min NPU gflops: 7062.16

Shuffle time: 131985us.

PASS!

rm -rf build _build whole_array.exe
rm -rf _build
mkdir -p _build
cd _build &&  cmake -E env CXXFLAGS="-std=c++23 -ggdb -DDTYPE_IN= -DDTYPE_OUT= -DDTYPE_ACC=" \
	cmake `echo /scratch/luisr/mlir-aie/programming_examples/basic/block_datatypes/matrix_multiplication/whole_array/..` -D CMAKE_C_COMPILER=gcc-13 -D CMAKE_CXX_COMPILER=g++-13 -DTARGET_NAME=whole_array -Dhostsrc=/scratch/luisr/mlir-aie/programming_examples/basic/block_datatypes/matrix_multiplication/whole_array/../bfp_test.cpp
CMake Deprecation Warning at CMakeLists.txt:13 (cmake_minimum_required):
  Compatibility with CMake < 3.10 will be removed from a future version of
  CMake.

  Update the VERSION argument <min> value.  Or, use the <min>...<max> syntax
  to tell CMake that the project requires at least <min> but has been updated
  to work with policies introduced by <max> or earlier.


-- The C compiler identification is GNU 13.3.0
-- The CXX compiler identification is GNU 13.3.0
-- Detecting C compiler ABI info
-- Detecting C compiler ABI info - done
-- Check for working C compiler: /usr/bin/gcc-13 - skipped
-- Detecting C compile features
-- Detecting C compile features - done
-- Detecting CXX compiler ABI info
-- Detecting CXX compiler ABI info - done
-- Check for working CXX compiler: /usr/bin/g++-13 - skipped
-- Detecting CXX compile features
-- Detecting CXX compile features - done
-- Configuring done (0.3s)
-- Generating done (0.0s)
-- Build files have been written to: /scratch/luisr/mlir-aie/programming_examples/basic/block_datatypes/matrix_multiplication/whole_array/_build
cd _build &&  cmake --build . --config Release
gmake[1]: Entering directory '/scratch/luisr/mlir-aie/programming_examples/basic/block_datatypes/matrix_multiplication/whole_array/_build'
gmake[2]: Entering directory '/scratch/luisr/mlir-aie/programming_examples/basic/block_datatypes/matrix_multiplication/whole_array/_build'
gmake[3]: Entering directory '/scratch/luisr/mlir-aie/programming_examples/basic/block_datatypes/matrix_multiplication/whole_array/_build'
gmake[3]: Leaving directory '/scratch/luisr/mlir-aie/programming_examples/basic/block_datatypes/matrix_multiplication/whole_array/_build'
gmake[3]: Entering directory '/scratch/luisr/mlir-aie/programming_examples/basic/block_datatypes/matrix_multiplication/whole_array/_build'
[ 33%] Building CXX object CMakeFiles/whole_array.dir/bfp_test.cpp.o
[ 66%] Building CXX object CMakeFiles/whole_array.dir/scratch/luisr/mlir-aie/runtime_lib/test_lib/test_utils.cpp.o
[100%] Linking CXX executable whole_array
gmake[3]: Leaving directory '/scratch/luisr/mlir-aie/programming_examples/basic/block_datatypes/matrix_multiplication/whole_array/_build'
[100%] Built target whole_array
gmake[2]: Leaving directory '/scratch/luisr/mlir-aie/programming_examples/basic/block_datatypes/matrix_multiplication/whole_array/_build'
gmake[1]: Leaving directory '/scratch/luisr/mlir-aie/programming_examples/basic/block_datatypes/matrix_multiplication/whole_array/_build'
cp _build/whole_array whole_array.exe 
mkdir -p build
python3 /scratch/luisr/mlir-aie/programming_examples/basic/block_datatypes/matrix_multiplication/whole_array/whole_array.py --n-aie-cols 8 -m 64 -k 128 -n 64 -M 512 -K 6144 -N 8192 > build/aie_512x6144x8192_64x128x64.mlir
mkdir -p build
cd build && xchesscc_wrapper aie2p -I /proj/xbuilds/2024.2_INT_1113_1001/installs/all_platforms/Vitis/2024.2/aietools/include  -DDIM_M=64 -DDIM_K=128 -DDIM_N=64 -c /scratch/luisr/mlir-aie/programming_examples/basic/block_datatypes/matrix_multiplication/whole_array/../mm.cc -o mm_64x128x64.o
WARNING: Default location for XILINX_VIVADO_IP_OVERRIDE not found: /build/xfndry/IP_2024.2_INTEGRATION_VERIFIED/customer/vivado/data/ip
mkdir -p build
cd build && aiecc.py --alloc-scheme= --aie-generate-xclbin --no-compile-host --xclbin-name=final_512x6144x8192_64x128x64.xclbin \
			 --dynamic-objFifos \
			--aie-generate-npu-insts --npu-insts-name=insts_512x6144x8192_64x128x64.txt ../build/aie_512x6144x8192_64x128x64.mlir

Generating: /scratch/luisr/mlir-aie/programming_examples/basic/block_datatypes/matrix_multiplication/whole_array/build/aie_512x6144x8192_64x128x64.mlir.prj/aie_cdo_elfs.bin
Generating: /scratch/luisr/mlir-aie/programming_examples/basic/block_datatypes/matrix_multiplication/whole_array/build/aie_512x6144x8192_64x128x64.mlir.prj/aie_cdo_init.bin
Generating: /scratch/luisr/mlir-aie/programming_examples/basic/block_datatypes/matrix_multiplication/whole_array/build/aie_512x6144x8192_64x128x64.mlir.prj/aie_cdo_enable.bin
export XRT_HACK_UNSECURE_LOADING_XCLBIN=1 && \
 ./whole_array.exe -x build/final_512x6144x8192_64x128x64.xclbin -i build/insts_512x6144x8192_64x128x64.txt -k MLIR_AIE -M 512 -K 6144 -N 8192 -w 64 -y 128 -z 64 --iters 40 --warmup 10 --verify 0

Avg NPU matmul time: 7519.9us.
Avg NPU gflops: 6853.76

Min NPU matmul time: 7093us.
Max NPU gflops: 7266.26

Max NPU matmul time: 8009us.
Min NPU gflops: 6435.21

Shuffle time: 248314us.

PASS!

rm -rf build _build whole_array.exe
rm -rf _build
mkdir -p _build
cd _build &&  cmake -E env CXXFLAGS="-std=c++23 -ggdb -DDTYPE_IN= -DDTYPE_OUT= -DDTYPE_ACC=" \
	cmake `echo /scratch/luisr/mlir-aie/programming_examples/basic/block_datatypes/matrix_multiplication/whole_array/..` -D CMAKE_C_COMPILER=gcc-13 -D CMAKE_CXX_COMPILER=g++-13 -DTARGET_NAME=whole_array -Dhostsrc=/scratch/luisr/mlir-aie/programming_examples/basic/block_datatypes/matrix_multiplication/whole_array/../bfp_test.cpp
CMake Deprecation Warning at CMakeLists.txt:13 (cmake_minimum_required):
  Compatibility with CMake < 3.10 will be removed from a future version of
  CMake.

  Update the VERSION argument <min> value.  Or, use the <min>...<max> syntax
  to tell CMake that the project requires at least <min> but has been updated
  to work with policies introduced by <max> or earlier.


-- The C compiler identification is GNU 13.3.0
-- The CXX compiler identification is GNU 13.3.0
-- Detecting C compiler ABI info
-- Detecting C compiler ABI info - done
-- Check for working C compiler: /usr/bin/gcc-13 - skipped
-- Detecting C compile features
-- Detecting C compile features - done
-- Detecting CXX compiler ABI info
-- Detecting CXX compiler ABI info - done
-- Check for working CXX compiler: /usr/bin/g++-13 - skipped
-- Detecting CXX compile features
-- Detecting CXX compile features - done
-- Configuring done (0.3s)
-- Generating done (0.0s)
-- Build files have been written to: /scratch/luisr/mlir-aie/programming_examples/basic/block_datatypes/matrix_multiplication/whole_array/_build
cd _build &&  cmake --build . --config Release
gmake[1]: Entering directory '/scratch/luisr/mlir-aie/programming_examples/basic/block_datatypes/matrix_multiplication/whole_array/_build'
gmake[2]: Entering directory '/scratch/luisr/mlir-aie/programming_examples/basic/block_datatypes/matrix_multiplication/whole_array/_build'
gmake[3]: Entering directory '/scratch/luisr/mlir-aie/programming_examples/basic/block_datatypes/matrix_multiplication/whole_array/_build'
gmake[3]: Leaving directory '/scratch/luisr/mlir-aie/programming_examples/basic/block_datatypes/matrix_multiplication/whole_array/_build'
gmake[3]: Entering directory '/scratch/luisr/mlir-aie/programming_examples/basic/block_datatypes/matrix_multiplication/whole_array/_build'
[ 33%] Building CXX object CMakeFiles/whole_array.dir/bfp_test.cpp.o
[ 66%] Building CXX object CMakeFiles/whole_array.dir/scratch/luisr/mlir-aie/runtime_lib/test_lib/test_utils.cpp.o
[100%] Linking CXX executable whole_array
gmake[3]: Leaving directory '/scratch/luisr/mlir-aie/programming_examples/basic/block_datatypes/matrix_multiplication/whole_array/_build'
[100%] Built target whole_array
gmake[2]: Leaving directory '/scratch/luisr/mlir-aie/programming_examples/basic/block_datatypes/matrix_multiplication/whole_array/_build'
gmake[1]: Leaving directory '/scratch/luisr/mlir-aie/programming_examples/basic/block_datatypes/matrix_multiplication/whole_array/_build'
cp _build/whole_array whole_array.exe 
mkdir -p build
python3 /scratch/luisr/mlir-aie/programming_examples/basic/block_datatypes/matrix_multiplication/whole_array/whole_array.py --n-aie-cols 8 -m 64 -k 128 -n 64 -M 1024 -K 512 -N 512 > build/aie_1024x512x512_64x128x64.mlir
mkdir -p build
cd build && xchesscc_wrapper aie2p -I /proj/xbuilds/2024.2_INT_1113_1001/installs/all_platforms/Vitis/2024.2/aietools/include  -DDIM_M=64 -DDIM_K=128 -DDIM_N=64 -c /scratch/luisr/mlir-aie/programming_examples/basic/block_datatypes/matrix_multiplication/whole_array/../mm.cc -o mm_64x128x64.o
WARNING: Default location for XILINX_VIVADO_IP_OVERRIDE not found: /build/xfndry/IP_2024.2_INTEGRATION_VERIFIED/customer/vivado/data/ip
mkdir -p build
cd build && aiecc.py --alloc-scheme= --aie-generate-xclbin --no-compile-host --xclbin-name=final_1024x512x512_64x128x64.xclbin \
			 --dynamic-objFifos \
			--aie-generate-npu-insts --npu-insts-name=insts_1024x512x512_64x128x64.txt ../build/aie_1024x512x512_64x128x64.mlir

Generating: /scratch/luisr/mlir-aie/programming_examples/basic/block_datatypes/matrix_multiplication/whole_array/build/aie_1024x512x512_64x128x64.mlir.prj/aie_cdo_elfs.bin
Generating: /scratch/luisr/mlir-aie/programming_examples/basic/block_datatypes/matrix_multiplication/whole_array/build/aie_1024x512x512_64x128x64.mlir.prj/aie_cdo_init.bin
Generating: /scratch/luisr/mlir-aie/programming_examples/basic/block_datatypes/matrix_multiplication/whole_array/build/aie_1024x512x512_64x128x64.mlir.prj/aie_cdo_enable.bin
export XRT_HACK_UNSECURE_LOADING_XCLBIN=1 && \
 ./whole_array.exe -x build/final_1024x512x512_64x128x64.xclbin -i build/insts_1024x512x512_64x128x64.txt -k MLIR_AIE -M 1024 -K 512 -N 512 -w 64 -y 128 -z 64 --iters 40 --warmup 10 --verify 0

Avg NPU matmul time: 165.075us.
Avg NPU gflops: 3252.28

Min NPU matmul time: 155us.
Max NPU gflops: 3463.68

Max NPU matmul time: 170us.
Min NPU gflops: 3158.06

Shuffle time: 3295us.

PASS!

rm -rf build _build whole_array.exe
rm -rf _build
mkdir -p _build
cd _build &&  cmake -E env CXXFLAGS="-std=c++23 -ggdb -DDTYPE_IN= -DDTYPE_OUT= -DDTYPE_ACC=" \
	cmake `echo /scratch/luisr/mlir-aie/programming_examples/basic/block_datatypes/matrix_multiplication/whole_array/..` -D CMAKE_C_COMPILER=gcc-13 -D CMAKE_CXX_COMPILER=g++-13 -DTARGET_NAME=whole_array -Dhostsrc=/scratch/luisr/mlir-aie/programming_examples/basic/block_datatypes/matrix_multiplication/whole_array/../bfp_test.cpp
CMake Deprecation Warning at CMakeLists.txt:13 (cmake_minimum_required):
  Compatibility with CMake < 3.10 will be removed from a future version of
  CMake.

  Update the VERSION argument <min> value.  Or, use the <min>...<max> syntax
  to tell CMake that the project requires at least <min> but has been updated
  to work with policies introduced by <max> or earlier.


-- The C compiler identification is GNU 13.3.0
-- The CXX compiler identification is GNU 13.3.0
-- Detecting C compiler ABI info
-- Detecting C compiler ABI info - done
-- Check for working C compiler: /usr/bin/gcc-13 - skipped
-- Detecting C compile features
-- Detecting C compile features - done
-- Detecting CXX compiler ABI info
-- Detecting CXX compiler ABI info - done
-- Check for working CXX compiler: /usr/bin/g++-13 - skipped
-- Detecting CXX compile features
-- Detecting CXX compile features - done
-- Configuring done (0.3s)
-- Generating done (0.0s)
-- Build files have been written to: /scratch/luisr/mlir-aie/programming_examples/basic/block_datatypes/matrix_multiplication/whole_array/_build
cd _build &&  cmake --build . --config Release
gmake[1]: Entering directory '/scratch/luisr/mlir-aie/programming_examples/basic/block_datatypes/matrix_multiplication/whole_array/_build'
gmake[2]: Entering directory '/scratch/luisr/mlir-aie/programming_examples/basic/block_datatypes/matrix_multiplication/whole_array/_build'
gmake[3]: Entering directory '/scratch/luisr/mlir-aie/programming_examples/basic/block_datatypes/matrix_multiplication/whole_array/_build'
gmake[3]: Leaving directory '/scratch/luisr/mlir-aie/programming_examples/basic/block_datatypes/matrix_multiplication/whole_array/_build'
gmake[3]: Entering directory '/scratch/luisr/mlir-aie/programming_examples/basic/block_datatypes/matrix_multiplication/whole_array/_build'
[ 33%] Building CXX object CMakeFiles/whole_array.dir/bfp_test.cpp.o
[ 66%] Building CXX object CMakeFiles/whole_array.dir/scratch/luisr/mlir-aie/runtime_lib/test_lib/test_utils.cpp.o
[100%] Linking CXX executable whole_array
gmake[3]: Leaving directory '/scratch/luisr/mlir-aie/programming_examples/basic/block_datatypes/matrix_multiplication/whole_array/_build'
[100%] Built target whole_array
gmake[2]: Leaving directory '/scratch/luisr/mlir-aie/programming_examples/basic/block_datatypes/matrix_multiplication/whole_array/_build'
gmake[1]: Leaving directory '/scratch/luisr/mlir-aie/programming_examples/basic/block_datatypes/matrix_multiplication/whole_array/_build'
cp _build/whole_array whole_array.exe 
mkdir -p build
python3 /scratch/luisr/mlir-aie/programming_examples/basic/block_datatypes/matrix_multiplication/whole_array/whole_array.py --n-aie-cols 8 -m 64 -k 128 -n 64 -M 1024 -K 512 -N 1024 > build/aie_1024x512x1024_64x128x64.mlir
mkdir -p build
cd build && xchesscc_wrapper aie2p -I /proj/xbuilds/2024.2_INT_1113_1001/installs/all_platforms/Vitis/2024.2/aietools/include  -DDIM_M=64 -DDIM_K=128 -DDIM_N=64 -c /scratch/luisr/mlir-aie/programming_examples/basic/block_datatypes/matrix_multiplication/whole_array/../mm.cc -o mm_64x128x64.o
WARNING: Default location for XILINX_VIVADO_IP_OVERRIDE not found: /build/xfndry/IP_2024.2_INTEGRATION_VERIFIED/customer/vivado/data/ip
mkdir -p build
cd build && aiecc.py --alloc-scheme= --aie-generate-xclbin --no-compile-host --xclbin-name=final_1024x512x1024_64x128x64.xclbin \
			 --dynamic-objFifos \
			--aie-generate-npu-insts --npu-insts-name=insts_1024x512x1024_64x128x64.txt ../build/aie_1024x512x1024_64x128x64.mlir

Generating: /scratch/luisr/mlir-aie/programming_examples/basic/block_datatypes/matrix_multiplication/whole_array/build/aie_1024x512x1024_64x128x64.mlir.prj/aie_cdo_elfs.bin
Generating: /scratch/luisr/mlir-aie/programming_examples/basic/block_datatypes/matrix_multiplication/whole_array/build/aie_1024x512x1024_64x128x64.mlir.prj/aie_cdo_init.bin
Generating: /scratch/luisr/mlir-aie/programming_examples/basic/block_datatypes/matrix_multiplication/whole_array/build/aie_1024x512x1024_64x128x64.mlir.prj/aie_cdo_enable.bin
export XRT_HACK_UNSECURE_LOADING_XCLBIN=1 && \
 ./whole_array.exe -x build/final_1024x512x1024_64x128x64.xclbin -i build/insts_1024x512x1024_64x128x64.txt -k MLIR_AIE -M 1024 -K 512 -N 1024 -w 64 -y 128 -z 64 --iters 40 --warmup 10 --verify 0

Avg NPU matmul time: 223.575us.
Avg NPU gflops: 4802.6

Min NPU matmul time: 212us.
Max NPU gflops: 5064.82

Max NPU matmul time: 229us.
Min NPU gflops: 4688.83

Shuffle time: 4537us.

PASS!

rm -rf build _build whole_array.exe
rm -rf _build
mkdir -p _build
cd _build &&  cmake -E env CXXFLAGS="-std=c++23 -ggdb -DDTYPE_IN= -DDTYPE_OUT= -DDTYPE_ACC=" \
	cmake `echo /scratch/luisr/mlir-aie/programming_examples/basic/block_datatypes/matrix_multiplication/whole_array/..` -D CMAKE_C_COMPILER=gcc-13 -D CMAKE_CXX_COMPILER=g++-13 -DTARGET_NAME=whole_array -Dhostsrc=/scratch/luisr/mlir-aie/programming_examples/basic/block_datatypes/matrix_multiplication/whole_array/../bfp_test.cpp
CMake Deprecation Warning at CMakeLists.txt:13 (cmake_minimum_required):
  Compatibility with CMake < 3.10 will be removed from a future version of
  CMake.

  Update the VERSION argument <min> value.  Or, use the <min>...<max> syntax
  to tell CMake that the project requires at least <min> but has been updated
  to work with policies introduced by <max> or earlier.


-- The C compiler identification is GNU 13.3.0
-- The CXX compiler identification is GNU 13.3.0
-- Detecting C compiler ABI info
-- Detecting C compiler ABI info - done
-- Check for working C compiler: /usr/bin/gcc-13 - skipped
-- Detecting C compile features
-- Detecting C compile features - done
-- Detecting CXX compiler ABI info
-- Detecting CXX compiler ABI info - done
-- Check for working CXX compiler: /usr/bin/g++-13 - skipped
-- Detecting CXX compile features
-- Detecting CXX compile features - done
-- Configuring done (0.2s)
-- Generating done (0.0s)
-- Build files have been written to: /scratch/luisr/mlir-aie/programming_examples/basic/block_datatypes/matrix_multiplication/whole_array/_build
cd _build &&  cmake --build . --config Release
gmake[1]: Entering directory '/scratch/luisr/mlir-aie/programming_examples/basic/block_datatypes/matrix_multiplication/whole_array/_build'
gmake[2]: Entering directory '/scratch/luisr/mlir-aie/programming_examples/basic/block_datatypes/matrix_multiplication/whole_array/_build'
gmake[3]: Entering directory '/scratch/luisr/mlir-aie/programming_examples/basic/block_datatypes/matrix_multiplication/whole_array/_build'
gmake[3]: Leaving directory '/scratch/luisr/mlir-aie/programming_examples/basic/block_datatypes/matrix_multiplication/whole_array/_build'
gmake[3]: Entering directory '/scratch/luisr/mlir-aie/programming_examples/basic/block_datatypes/matrix_multiplication/whole_array/_build'
[ 33%] Building CXX object CMakeFiles/whole_array.dir/bfp_test.cpp.o
[ 66%] Building CXX object CMakeFiles/whole_array.dir/scratch/luisr/mlir-aie/runtime_lib/test_lib/test_utils.cpp.o
[100%] Linking CXX executable whole_array
gmake[3]: Leaving directory '/scratch/luisr/mlir-aie/programming_examples/basic/block_datatypes/matrix_multiplication/whole_array/_build'
[100%] Built target whole_array
gmake[2]: Leaving directory '/scratch/luisr/mlir-aie/programming_examples/basic/block_datatypes/matrix_multiplication/whole_array/_build'
gmake[1]: Leaving directory '/scratch/luisr/mlir-aie/programming_examples/basic/block_datatypes/matrix_multiplication/whole_array/_build'
cp _build/whole_array whole_array.exe 
mkdir -p build
python3 /scratch/luisr/mlir-aie/programming_examples/basic/block_datatypes/matrix_multiplication/whole_array/whole_array.py --n-aie-cols 8 -m 64 -k 128 -n 64 -M 1024 -K 512 -N 4096 > build/aie_1024x512x4096_64x128x64.mlir
mkdir -p build
cd build && xchesscc_wrapper aie2p -I /proj/xbuilds/2024.2_INT_1113_1001/installs/all_platforms/Vitis/2024.2/aietools/include  -DDIM_M=64 -DDIM_K=128 -DDIM_N=64 -c /scratch/luisr/mlir-aie/programming_examples/basic/block_datatypes/matrix_multiplication/whole_array/../mm.cc -o mm_64x128x64.o
WARNING: Default location for XILINX_VIVADO_IP_OVERRIDE not found: /build/xfndry/IP_2024.2_INTEGRATION_VERIFIED/customer/vivado/data/ip
mkdir -p build
cd build && aiecc.py --alloc-scheme= --aie-generate-xclbin --no-compile-host --xclbin-name=final_1024x512x4096_64x128x64.xclbin \
			 --dynamic-objFifos \
			--aie-generate-npu-insts --npu-insts-name=insts_1024x512x4096_64x128x64.txt ../build/aie_1024x512x4096_64x128x64.mlir

Generating: /scratch/luisr/mlir-aie/programming_examples/basic/block_datatypes/matrix_multiplication/whole_array/build/aie_1024x512x4096_64x128x64.mlir.prj/aie_cdo_elfs.bin
Generating: /scratch/luisr/mlir-aie/programming_examples/basic/block_datatypes/matrix_multiplication/whole_array/build/aie_1024x512x4096_64x128x64.mlir.prj/aie_cdo_init.bin
Generating: /scratch/luisr/mlir-aie/programming_examples/basic/block_datatypes/matrix_multiplication/whole_array/build/aie_1024x512x4096_64x128x64.mlir.prj/aie_cdo_enable.bin
export XRT_HACK_UNSECURE_LOADING_XCLBIN=1 && \
 ./whole_array.exe -x build/final_1024x512x4096_64x128x64.xclbin -i build/insts_1024x512x4096_64x128x64.txt -k MLIR_AIE -M 1024 -K 512 -N 4096 -w 64 -y 128 -z 64 --iters 40 --warmup 10 --verify 0

Avg NPU matmul time: 636.425us.
Avg NPU gflops: 6748.58

Min NPU matmul time: 609us.
Max NPU gflops: 7052.49

Max NPU matmul time: 657us.
Min NPU gflops: 6537.24

Shuffle time: 11060us.

PASS!

rm -rf build _build whole_array.exe
rm -rf _build
mkdir -p _build
cd _build &&  cmake -E env CXXFLAGS="-std=c++23 -ggdb -DDTYPE_IN= -DDTYPE_OUT= -DDTYPE_ACC=" \
	cmake `echo /scratch/luisr/mlir-aie/programming_examples/basic/block_datatypes/matrix_multiplication/whole_array/..` -D CMAKE_C_COMPILER=gcc-13 -D CMAKE_CXX_COMPILER=g++-13 -DTARGET_NAME=whole_array -Dhostsrc=/scratch/luisr/mlir-aie/programming_examples/basic/block_datatypes/matrix_multiplication/whole_array/../bfp_test.cpp
CMake Deprecation Warning at CMakeLists.txt:13 (cmake_minimum_required):
  Compatibility with CMake < 3.10 will be removed from a future version of
  CMake.

  Update the VERSION argument <min> value.  Or, use the <min>...<max> syntax
  to tell CMake that the project requires at least <min> but has been updated
  to work with policies introduced by <max> or earlier.


-- The C compiler identification is GNU 13.3.0
-- The CXX compiler identification is GNU 13.3.0
-- Detecting C compiler ABI info
-- Detecting C compiler ABI info - done
-- Check for working C compiler: /usr/bin/gcc-13 - skipped
-- Detecting C compile features
-- Detecting C compile features - done
-- Detecting CXX compiler ABI info
-- Detecting CXX compiler ABI info - done
-- Check for working CXX compiler: /usr/bin/g++-13 - skipped
-- Detecting CXX compile features
-- Detecting CXX compile features - done
-- Configuring done (0.2s)
-- Generating done (0.0s)
-- Build files have been written to: /scratch/luisr/mlir-aie/programming_examples/basic/block_datatypes/matrix_multiplication/whole_array/_build
cd _build &&  cmake --build . --config Release
gmake[1]: Entering directory '/scratch/luisr/mlir-aie/programming_examples/basic/block_datatypes/matrix_multiplication/whole_array/_build'
gmake[2]: Entering directory '/scratch/luisr/mlir-aie/programming_examples/basic/block_datatypes/matrix_multiplication/whole_array/_build'
gmake[3]: Entering directory '/scratch/luisr/mlir-aie/programming_examples/basic/block_datatypes/matrix_multiplication/whole_array/_build'
gmake[3]: Leaving directory '/scratch/luisr/mlir-aie/programming_examples/basic/block_datatypes/matrix_multiplication/whole_array/_build'
gmake[3]: Entering directory '/scratch/luisr/mlir-aie/programming_examples/basic/block_datatypes/matrix_multiplication/whole_array/_build'
[ 33%] Building CXX object CMakeFiles/whole_array.dir/bfp_test.cpp.o
[ 66%] Building CXX object CMakeFiles/whole_array.dir/scratch/luisr/mlir-aie/runtime_lib/test_lib/test_utils.cpp.o
[100%] Linking CXX executable whole_array
gmake[3]: Leaving directory '/scratch/luisr/mlir-aie/programming_examples/basic/block_datatypes/matrix_multiplication/whole_array/_build'
[100%] Built target whole_array
gmake[2]: Leaving directory '/scratch/luisr/mlir-aie/programming_examples/basic/block_datatypes/matrix_multiplication/whole_array/_build'
gmake[1]: Leaving directory '/scratch/luisr/mlir-aie/programming_examples/basic/block_datatypes/matrix_multiplication/whole_array/_build'
cp _build/whole_array whole_array.exe 
mkdir -p build
python3 /scratch/luisr/mlir-aie/programming_examples/basic/block_datatypes/matrix_multiplication/whole_array/whole_array.py --n-aie-cols 8 -m 64 -k 128 -n 64 -M 1024 -K 512 -N 8192 > build/aie_1024x512x8192_64x128x64.mlir
mkdir -p build
cd build && xchesscc_wrapper aie2p -I /proj/xbuilds/2024.2_INT_1113_1001/installs/all_platforms/Vitis/2024.2/aietools/include  -DDIM_M=64 -DDIM_K=128 -DDIM_N=64 -c /scratch/luisr/mlir-aie/programming_examples/basic/block_datatypes/matrix_multiplication/whole_array/../mm.cc -o mm_64x128x64.o
WARNING: Default location for XILINX_VIVADO_IP_OVERRIDE not found: /build/xfndry/IP_2024.2_INTEGRATION_VERIFIED/customer/vivado/data/ip
mkdir -p build
cd build && aiecc.py --alloc-scheme= --aie-generate-xclbin --no-compile-host --xclbin-name=final_1024x512x8192_64x128x64.xclbin \
			 --dynamic-objFifos \
			--aie-generate-npu-insts --npu-insts-name=insts_1024x512x8192_64x128x64.txt ../build/aie_1024x512x8192_64x128x64.mlir

Generating: /scratch/luisr/mlir-aie/programming_examples/basic/block_datatypes/matrix_multiplication/whole_array/build/aie_1024x512x8192_64x128x64.mlir.prj/aie_cdo_elfs.bin
Generating: /scratch/luisr/mlir-aie/programming_examples/basic/block_datatypes/matrix_multiplication/whole_array/build/aie_1024x512x8192_64x128x64.mlir.prj/aie_cdo_init.bin
Generating: /scratch/luisr/mlir-aie/programming_examples/basic/block_datatypes/matrix_multiplication/whole_array/build/aie_1024x512x8192_64x128x64.mlir.prj/aie_cdo_enable.bin
export XRT_HACK_UNSECURE_LOADING_XCLBIN=1 && \
 ./whole_array.exe -x build/final_1024x512x8192_64x128x64.xclbin -i build/insts_1024x512x8192_64x128x64.txt -k MLIR_AIE -M 1024 -K 512 -N 8192 -w 64 -y 128 -z 64 --iters 40 --warmup 10 --verify 0

Avg NPU matmul time: 1405.18us.
Avg NPU gflops: 6113.07

Min NPU matmul time: 1341us.
Max NPU gflops: 6405.62

Max NPU matmul time: 1604us.
Min NPU gflops: 5355.32

Shuffle time: 20245us.

PASS!

rm -rf build _build whole_array.exe
rm -rf _build
mkdir -p _build
cd _build &&  cmake -E env CXXFLAGS="-std=c++23 -ggdb -DDTYPE_IN= -DDTYPE_OUT= -DDTYPE_ACC=" \
	cmake `echo /scratch/luisr/mlir-aie/programming_examples/basic/block_datatypes/matrix_multiplication/whole_array/..` -D CMAKE_C_COMPILER=gcc-13 -D CMAKE_CXX_COMPILER=g++-13 -DTARGET_NAME=whole_array -Dhostsrc=/scratch/luisr/mlir-aie/programming_examples/basic/block_datatypes/matrix_multiplication/whole_array/../bfp_test.cpp
CMake Deprecation Warning at CMakeLists.txt:13 (cmake_minimum_required):
  Compatibility with CMake < 3.10 will be removed from a future version of
  CMake.

  Update the VERSION argument <min> value.  Or, use the <min>...<max> syntax
  to tell CMake that the project requires at least <min> but has been updated
  to work with policies introduced by <max> or earlier.


-- The C compiler identification is GNU 13.3.0
-- The CXX compiler identification is GNU 13.3.0
-- Detecting C compiler ABI info
-- Detecting C compiler ABI info - done
-- Check for working C compiler: /usr/bin/gcc-13 - skipped
-- Detecting C compile features
-- Detecting C compile features - done
-- Detecting CXX compiler ABI info
-- Detecting CXX compiler ABI info - done
-- Check for working CXX compiler: /usr/bin/g++-13 - skipped
-- Detecting CXX compile features
-- Detecting CXX compile features - done
-- Configuring done (0.3s)
-- Generating done (0.0s)
-- Build files have been written to: /scratch/luisr/mlir-aie/programming_examples/basic/block_datatypes/matrix_multiplication/whole_array/_build
cd _build &&  cmake --build . --config Release
gmake[1]: Entering directory '/scratch/luisr/mlir-aie/programming_examples/basic/block_datatypes/matrix_multiplication/whole_array/_build'
gmake[2]: Entering directory '/scratch/luisr/mlir-aie/programming_examples/basic/block_datatypes/matrix_multiplication/whole_array/_build'
gmake[3]: Entering directory '/scratch/luisr/mlir-aie/programming_examples/basic/block_datatypes/matrix_multiplication/whole_array/_build'
gmake[3]: Leaving directory '/scratch/luisr/mlir-aie/programming_examples/basic/block_datatypes/matrix_multiplication/whole_array/_build'
gmake[3]: Entering directory '/scratch/luisr/mlir-aie/programming_examples/basic/block_datatypes/matrix_multiplication/whole_array/_build'
[ 33%] Building CXX object CMakeFiles/whole_array.dir/bfp_test.cpp.o
[ 66%] Building CXX object CMakeFiles/whole_array.dir/scratch/luisr/mlir-aie/runtime_lib/test_lib/test_utils.cpp.o
[100%] Linking CXX executable whole_array
gmake[3]: Leaving directory '/scratch/luisr/mlir-aie/programming_examples/basic/block_datatypes/matrix_multiplication/whole_array/_build'
[100%] Built target whole_array
gmake[2]: Leaving directory '/scratch/luisr/mlir-aie/programming_examples/basic/block_datatypes/matrix_multiplication/whole_array/_build'
gmake[1]: Leaving directory '/scratch/luisr/mlir-aie/programming_examples/basic/block_datatypes/matrix_multiplication/whole_array/_build'
cp _build/whole_array whole_array.exe 
mkdir -p build
python3 /scratch/luisr/mlir-aie/programming_examples/basic/block_datatypes/matrix_multiplication/whole_array/whole_array.py --n-aie-cols 8 -m 64 -k 128 -n 64 -M 1024 -K 1024 -N 512 > build/aie_1024x1024x512_64x128x64.mlir
mkdir -p build
cd build && xchesscc_wrapper aie2p -I /proj/xbuilds/2024.2_INT_1113_1001/installs/all_platforms/Vitis/2024.2/aietools/include  -DDIM_M=64 -DDIM_K=128 -DDIM_N=64 -c /scratch/luisr/mlir-aie/programming_examples/basic/block_datatypes/matrix_multiplication/whole_array/../mm.cc -o mm_64x128x64.o
WARNING: Default location for XILINX_VIVADO_IP_OVERRIDE not found: /build/xfndry/IP_2024.2_INTEGRATION_VERIFIED/customer/vivado/data/ip
mkdir -p build
cd build && aiecc.py --alloc-scheme= --aie-generate-xclbin --no-compile-host --xclbin-name=final_1024x1024x512_64x128x64.xclbin \
			 --dynamic-objFifos \
			--aie-generate-npu-insts --npu-insts-name=insts_1024x1024x512_64x128x64.txt ../build/aie_1024x1024x512_64x128x64.mlir

Generating: /scratch/luisr/mlir-aie/programming_examples/basic/block_datatypes/matrix_multiplication/whole_array/build/aie_1024x1024x512_64x128x64.mlir.prj/aie_cdo_elfs.bin
Generating: /scratch/luisr/mlir-aie/programming_examples/basic/block_datatypes/matrix_multiplication/whole_array/build/aie_1024x1024x512_64x128x64.mlir.prj/aie_cdo_init.bin
Generating: /scratch/luisr/mlir-aie/programming_examples/basic/block_datatypes/matrix_multiplication/whole_array/build/aie_1024x1024x512_64x128x64.mlir.prj/aie_cdo_enable.bin
export XRT_HACK_UNSECURE_LOADING_XCLBIN=1 && \
 ./whole_array.exe -x build/final_1024x1024x512_64x128x64.xclbin -i build/insts_1024x1024x512_64x128x64.txt -k MLIR_AIE -M 1024 -K 1024 -N 512 -w 64 -y 128 -z 64 --iters 40 --warmup 10 --verify 0

Avg NPU matmul time: 221.775us.
Avg NPU gflops: 4841.58

Min NPU matmul time: 206us.
Max NPU gflops: 5212.34

Max NPU matmul time: 255us.
Min NPU gflops: 4210.75

Shuffle time: 6596us.

PASS!

rm -rf build _build whole_array.exe
rm -rf _build
mkdir -p _build
cd _build &&  cmake -E env CXXFLAGS="-std=c++23 -ggdb -DDTYPE_IN= -DDTYPE_OUT= -DDTYPE_ACC=" \
	cmake `echo /scratch/luisr/mlir-aie/programming_examples/basic/block_datatypes/matrix_multiplication/whole_array/..` -D CMAKE_C_COMPILER=gcc-13 -D CMAKE_CXX_COMPILER=g++-13 -DTARGET_NAME=whole_array -Dhostsrc=/scratch/luisr/mlir-aie/programming_examples/basic/block_datatypes/matrix_multiplication/whole_array/../bfp_test.cpp
CMake Deprecation Warning at CMakeLists.txt:13 (cmake_minimum_required):
  Compatibility with CMake < 3.10 will be removed from a future version of
  CMake.

  Update the VERSION argument <min> value.  Or, use the <min>...<max> syntax
  to tell CMake that the project requires at least <min> but has been updated
  to work with policies introduced by <max> or earlier.


-- The C compiler identification is GNU 13.3.0
-- The CXX compiler identification is GNU 13.3.0
-- Detecting C compiler ABI info
-- Detecting C compiler ABI info - done
-- Check for working C compiler: /usr/bin/gcc-13 - skipped
-- Detecting C compile features
-- Detecting C compile features - done
-- Detecting CXX compiler ABI info
-- Detecting CXX compiler ABI info - done
-- Check for working CXX compiler: /usr/bin/g++-13 - skipped
-- Detecting CXX compile features
-- Detecting CXX compile features - done
-- Configuring done (0.3s)
-- Generating done (0.0s)
-- Build files have been written to: /scratch/luisr/mlir-aie/programming_examples/basic/block_datatypes/matrix_multiplication/whole_array/_build
cd _build &&  cmake --build . --config Release
gmake[1]: Entering directory '/scratch/luisr/mlir-aie/programming_examples/basic/block_datatypes/matrix_multiplication/whole_array/_build'
gmake[2]: Entering directory '/scratch/luisr/mlir-aie/programming_examples/basic/block_datatypes/matrix_multiplication/whole_array/_build'
gmake[3]: Entering directory '/scratch/luisr/mlir-aie/programming_examples/basic/block_datatypes/matrix_multiplication/whole_array/_build'
gmake[3]: Leaving directory '/scratch/luisr/mlir-aie/programming_examples/basic/block_datatypes/matrix_multiplication/whole_array/_build'
gmake[3]: Entering directory '/scratch/luisr/mlir-aie/programming_examples/basic/block_datatypes/matrix_multiplication/whole_array/_build'
[ 33%] Building CXX object CMakeFiles/whole_array.dir/bfp_test.cpp.o
[ 66%] Building CXX object CMakeFiles/whole_array.dir/scratch/luisr/mlir-aie/runtime_lib/test_lib/test_utils.cpp.o
[100%] Linking CXX executable whole_array
gmake[3]: Leaving directory '/scratch/luisr/mlir-aie/programming_examples/basic/block_datatypes/matrix_multiplication/whole_array/_build'
[100%] Built target whole_array
gmake[2]: Leaving directory '/scratch/luisr/mlir-aie/programming_examples/basic/block_datatypes/matrix_multiplication/whole_array/_build'
gmake[1]: Leaving directory '/scratch/luisr/mlir-aie/programming_examples/basic/block_datatypes/matrix_multiplication/whole_array/_build'
cp _build/whole_array whole_array.exe 
mkdir -p build
python3 /scratch/luisr/mlir-aie/programming_examples/basic/block_datatypes/matrix_multiplication/whole_array/whole_array.py --n-aie-cols 8 -m 64 -k 128 -n 64 -M 1024 -K 1024 -N 1024 > build/aie_1024x1024x1024_64x128x64.mlir
mkdir -p build
cd build && xchesscc_wrapper aie2p -I /proj/xbuilds/2024.2_INT_1113_1001/installs/all_platforms/Vitis/2024.2/aietools/include  -DDIM_M=64 -DDIM_K=128 -DDIM_N=64 -c /scratch/luisr/mlir-aie/programming_examples/basic/block_datatypes/matrix_multiplication/whole_array/../mm.cc -o mm_64x128x64.o
WARNING: Default location for XILINX_VIVADO_IP_OVERRIDE not found: /build/xfndry/IP_2024.2_INTEGRATION_VERIFIED/customer/vivado/data/ip
mkdir -p build
cd build && aiecc.py --alloc-scheme= --aie-generate-xclbin --no-compile-host --xclbin-name=final_1024x1024x1024_64x128x64.xclbin \
			 --dynamic-objFifos \
			--aie-generate-npu-insts --npu-insts-name=insts_1024x1024x1024_64x128x64.txt ../build/aie_1024x1024x1024_64x128x64.mlir

Generating: /scratch/luisr/mlir-aie/programming_examples/basic/block_datatypes/matrix_multiplication/whole_array/build/aie_1024x1024x1024_64x128x64.mlir.prj/aie_cdo_elfs.bin
Generating: /scratch/luisr/mlir-aie/programming_examples/basic/block_datatypes/matrix_multiplication/whole_array/build/aie_1024x1024x1024_64x128x64.mlir.prj/aie_cdo_init.bin
Generating: /scratch/luisr/mlir-aie/programming_examples/basic/block_datatypes/matrix_multiplication/whole_array/build/aie_1024x1024x1024_64x128x64.mlir.prj/aie_cdo_enable.bin
export XRT_HACK_UNSECURE_LOADING_XCLBIN=1 && \
 ./whole_array.exe -x build/final_1024x1024x1024_64x128x64.xclbin -i build/insts_1024x1024x1024_64x128x64.txt -k MLIR_AIE -M 1024 -K 1024 -N 1024 -w 64 -y 128 -z 64 --iters 40 --warmup 10 --verify 0

Avg NPU matmul time: 341.675us.
Avg NPU gflops: 6285.16

Min NPU matmul time: 333us.
Max NPU gflops: 6448.9

Max NPU matmul time: 364us.
Min NPU gflops: 5899.68

Shuffle time: 8552us.

PASS!

rm -rf build _build whole_array.exe
rm -rf _build
mkdir -p _build
cd _build &&  cmake -E env CXXFLAGS="-std=c++23 -ggdb -DDTYPE_IN= -DDTYPE_OUT= -DDTYPE_ACC=" \
	cmake `echo /scratch/luisr/mlir-aie/programming_examples/basic/block_datatypes/matrix_multiplication/whole_array/..` -D CMAKE_C_COMPILER=gcc-13 -D CMAKE_CXX_COMPILER=g++-13 -DTARGET_NAME=whole_array -Dhostsrc=/scratch/luisr/mlir-aie/programming_examples/basic/block_datatypes/matrix_multiplication/whole_array/../bfp_test.cpp
CMake Deprecation Warning at CMakeLists.txt:13 (cmake_minimum_required):
  Compatibility with CMake < 3.10 will be removed from a future version of
  CMake.

  Update the VERSION argument <min> value.  Or, use the <min>...<max> syntax
  to tell CMake that the project requires at least <min> but has been updated
  to work with policies introduced by <max> or earlier.


-- The C compiler identification is GNU 13.3.0
-- The CXX compiler identification is GNU 13.3.0
-- Detecting C compiler ABI info
-- Detecting C compiler ABI info - done
-- Check for working C compiler: /usr/bin/gcc-13 - skipped
-- Detecting C compile features
-- Detecting C compile features - done
-- Detecting CXX compiler ABI info
-- Detecting CXX compiler ABI info - done
-- Check for working CXX compiler: /usr/bin/g++-13 - skipped
-- Detecting CXX compile features
-- Detecting CXX compile features - done
-- Configuring done (0.3s)
-- Generating done (0.0s)
-- Build files have been written to: /scratch/luisr/mlir-aie/programming_examples/basic/block_datatypes/matrix_multiplication/whole_array/_build
cd _build &&  cmake --build . --config Release
gmake[1]: Entering directory '/scratch/luisr/mlir-aie/programming_examples/basic/block_datatypes/matrix_multiplication/whole_array/_build'
gmake[2]: Entering directory '/scratch/luisr/mlir-aie/programming_examples/basic/block_datatypes/matrix_multiplication/whole_array/_build'
gmake[3]: Entering directory '/scratch/luisr/mlir-aie/programming_examples/basic/block_datatypes/matrix_multiplication/whole_array/_build'
gmake[3]: Leaving directory '/scratch/luisr/mlir-aie/programming_examples/basic/block_datatypes/matrix_multiplication/whole_array/_build'
gmake[3]: Entering directory '/scratch/luisr/mlir-aie/programming_examples/basic/block_datatypes/matrix_multiplication/whole_array/_build'
[ 33%] Building CXX object CMakeFiles/whole_array.dir/bfp_test.cpp.o
[ 66%] Building CXX object CMakeFiles/whole_array.dir/scratch/luisr/mlir-aie/runtime_lib/test_lib/test_utils.cpp.o
[100%] Linking CXX executable whole_array
gmake[3]: Leaving directory '/scratch/luisr/mlir-aie/programming_examples/basic/block_datatypes/matrix_multiplication/whole_array/_build'
[100%] Built target whole_array
gmake[2]: Leaving directory '/scratch/luisr/mlir-aie/programming_examples/basic/block_datatypes/matrix_multiplication/whole_array/_build'
gmake[1]: Leaving directory '/scratch/luisr/mlir-aie/programming_examples/basic/block_datatypes/matrix_multiplication/whole_array/_build'
cp _build/whole_array whole_array.exe 
mkdir -p build
python3 /scratch/luisr/mlir-aie/programming_examples/basic/block_datatypes/matrix_multiplication/whole_array/whole_array.py --n-aie-cols 8 -m 64 -k 128 -n 64 -M 1024 -K 1024 -N 4096 > build/aie_1024x1024x4096_64x128x64.mlir
mkdir -p build
cd build && xchesscc_wrapper aie2p -I /proj/xbuilds/2024.2_INT_1113_1001/installs/all_platforms/Vitis/2024.2/aietools/include  -DDIM_M=64 -DDIM_K=128 -DDIM_N=64 -c /scratch/luisr/mlir-aie/programming_examples/basic/block_datatypes/matrix_multiplication/whole_array/../mm.cc -o mm_64x128x64.o
WARNING: Default location for XILINX_VIVADO_IP_OVERRIDE not found: /build/xfndry/IP_2024.2_INTEGRATION_VERIFIED/customer/vivado/data/ip
mkdir -p build
cd build && aiecc.py --alloc-scheme= --aie-generate-xclbin --no-compile-host --xclbin-name=final_1024x1024x4096_64x128x64.xclbin \
			 --dynamic-objFifos \
			--aie-generate-npu-insts --npu-insts-name=insts_1024x1024x4096_64x128x64.txt ../build/aie_1024x1024x4096_64x128x64.mlir

Generating: /scratch/luisr/mlir-aie/programming_examples/basic/block_datatypes/matrix_multiplication/whole_array/build/aie_1024x1024x4096_64x128x64.mlir.prj/aie_cdo_elfs.bin
Generating: /scratch/luisr/mlir-aie/programming_examples/basic/block_datatypes/matrix_multiplication/whole_array/build/aie_1024x1024x4096_64x128x64.mlir.prj/aie_cdo_init.bin
Generating: /scratch/luisr/mlir-aie/programming_examples/basic/block_datatypes/matrix_multiplication/whole_array/build/aie_1024x1024x4096_64x128x64.mlir.prj/aie_cdo_enable.bin
export XRT_HACK_UNSECURE_LOADING_XCLBIN=1 && \
 ./whole_array.exe -x build/final_1024x1024x4096_64x128x64.xclbin -i build/insts_1024x1024x4096_64x128x64.txt -k MLIR_AIE -M 1024 -K 1024 -N 4096 -w 64 -y 128 -z 64 --iters 40 --warmup 10 --verify 0

Avg NPU matmul time: 1426.68us.
Avg NPU gflops: 6020.95

Min NPU matmul time: 1408us.
Max NPU gflops: 6100.81

Max NPU matmul time: 1460us.
Min NPU gflops: 5883.52

Shuffle time: 22357us.

PASS!

rm -rf build _build whole_array.exe
rm -rf _build
mkdir -p _build
cd _build &&  cmake -E env CXXFLAGS="-std=c++23 -ggdb -DDTYPE_IN= -DDTYPE_OUT= -DDTYPE_ACC=" \
	cmake `echo /scratch/luisr/mlir-aie/programming_examples/basic/block_datatypes/matrix_multiplication/whole_array/..` -D CMAKE_C_COMPILER=gcc-13 -D CMAKE_CXX_COMPILER=g++-13 -DTARGET_NAME=whole_array -Dhostsrc=/scratch/luisr/mlir-aie/programming_examples/basic/block_datatypes/matrix_multiplication/whole_array/../bfp_test.cpp
CMake Deprecation Warning at CMakeLists.txt:13 (cmake_minimum_required):
  Compatibility with CMake < 3.10 will be removed from a future version of
  CMake.

  Update the VERSION argument <min> value.  Or, use the <min>...<max> syntax
  to tell CMake that the project requires at least <min> but has been updated
  to work with policies introduced by <max> or earlier.


-- The C compiler identification is GNU 13.3.0
-- The CXX compiler identification is GNU 13.3.0
-- Detecting C compiler ABI info
-- Detecting C compiler ABI info - done
-- Check for working C compiler: /usr/bin/gcc-13 - skipped
-- Detecting C compile features
-- Detecting C compile features - done
-- Detecting CXX compiler ABI info
-- Detecting CXX compiler ABI info - done
-- Check for working CXX compiler: /usr/bin/g++-13 - skipped
-- Detecting CXX compile features
-- Detecting CXX compile features - done
-- Configuring done (0.3s)
-- Generating done (0.0s)
-- Build files have been written to: /scratch/luisr/mlir-aie/programming_examples/basic/block_datatypes/matrix_multiplication/whole_array/_build
cd _build &&  cmake --build . --config Release
gmake[1]: Entering directory '/scratch/luisr/mlir-aie/programming_examples/basic/block_datatypes/matrix_multiplication/whole_array/_build'
gmake[2]: Entering directory '/scratch/luisr/mlir-aie/programming_examples/basic/block_datatypes/matrix_multiplication/whole_array/_build'
gmake[3]: Entering directory '/scratch/luisr/mlir-aie/programming_examples/basic/block_datatypes/matrix_multiplication/whole_array/_build'
gmake[3]: Leaving directory '/scratch/luisr/mlir-aie/programming_examples/basic/block_datatypes/matrix_multiplication/whole_array/_build'
gmake[3]: Entering directory '/scratch/luisr/mlir-aie/programming_examples/basic/block_datatypes/matrix_multiplication/whole_array/_build'
[ 33%] Building CXX object CMakeFiles/whole_array.dir/bfp_test.cpp.o
[ 66%] Building CXX object CMakeFiles/whole_array.dir/scratch/luisr/mlir-aie/runtime_lib/test_lib/test_utils.cpp.o
[100%] Linking CXX executable whole_array
gmake[3]: Leaving directory '/scratch/luisr/mlir-aie/programming_examples/basic/block_datatypes/matrix_multiplication/whole_array/_build'
[100%] Built target whole_array
gmake[2]: Leaving directory '/scratch/luisr/mlir-aie/programming_examples/basic/block_datatypes/matrix_multiplication/whole_array/_build'
gmake[1]: Leaving directory '/scratch/luisr/mlir-aie/programming_examples/basic/block_datatypes/matrix_multiplication/whole_array/_build'
cp _build/whole_array whole_array.exe 
mkdir -p build
python3 /scratch/luisr/mlir-aie/programming_examples/basic/block_datatypes/matrix_multiplication/whole_array/whole_array.py --n-aie-cols 8 -m 64 -k 128 -n 64 -M 1024 -K 1024 -N 8192 > build/aie_1024x1024x8192_64x128x64.mlir
mkdir -p build
cd build && xchesscc_wrapper aie2p -I /proj/xbuilds/2024.2_INT_1113_1001/installs/all_platforms/Vitis/2024.2/aietools/include  -DDIM_M=64 -DDIM_K=128 -DDIM_N=64 -c /scratch/luisr/mlir-aie/programming_examples/basic/block_datatypes/matrix_multiplication/whole_array/../mm.cc -o mm_64x128x64.o
WARNING: Default location for XILINX_VIVADO_IP_OVERRIDE not found: /build/xfndry/IP_2024.2_INTEGRATION_VERIFIED/customer/vivado/data/ip
mkdir -p build
cd build && aiecc.py --alloc-scheme= --aie-generate-xclbin --no-compile-host --xclbin-name=final_1024x1024x8192_64x128x64.xclbin \
			 --dynamic-objFifos \
			--aie-generate-npu-insts --npu-insts-name=insts_1024x1024x8192_64x128x64.txt ../build/aie_1024x1024x8192_64x128x64.mlir

Generating: /scratch/luisr/mlir-aie/programming_examples/basic/block_datatypes/matrix_multiplication/whole_array/build/aie_1024x1024x8192_64x128x64.mlir.prj/aie_cdo_elfs.bin
Generating: /scratch/luisr/mlir-aie/programming_examples/basic/block_datatypes/matrix_multiplication/whole_array/build/aie_1024x1024x8192_64x128x64.mlir.prj/aie_cdo_init.bin
Generating: /scratch/luisr/mlir-aie/programming_examples/basic/block_datatypes/matrix_multiplication/whole_array/build/aie_1024x1024x8192_64x128x64.mlir.prj/aie_cdo_enable.bin
export XRT_HACK_UNSECURE_LOADING_XCLBIN=1 && \
 ./whole_array.exe -x build/final_1024x1024x8192_64x128x64.xclbin -i build/insts_1024x1024x8192_64x128x64.txt -k MLIR_AIE -M 1024 -K 1024 -N 8192 -w 64 -y 128 -z 64 --iters 40 --warmup 10 --verify 0

Avg NPU matmul time: 2174.82us.
Avg NPU gflops: 7899.43

Min NPU matmul time: 2149us.
Max NPU gflops: 7994.35

Max NPU matmul time: 2194us.
Min NPU gflops: 7830.39

Shuffle time: 42375us.

PASS!

rm -rf build _build whole_array.exe
rm -rf _build
mkdir -p _build
cd _build &&  cmake -E env CXXFLAGS="-std=c++23 -ggdb -DDTYPE_IN= -DDTYPE_OUT= -DDTYPE_ACC=" \
	cmake `echo /scratch/luisr/mlir-aie/programming_examples/basic/block_datatypes/matrix_multiplication/whole_array/..` -D CMAKE_C_COMPILER=gcc-13 -D CMAKE_CXX_COMPILER=g++-13 -DTARGET_NAME=whole_array -Dhostsrc=/scratch/luisr/mlir-aie/programming_examples/basic/block_datatypes/matrix_multiplication/whole_array/../bfp_test.cpp
CMake Deprecation Warning at CMakeLists.txt:13 (cmake_minimum_required):
  Compatibility with CMake < 3.10 will be removed from a future version of
  CMake.

  Update the VERSION argument <min> value.  Or, use the <min>...<max> syntax
  to tell CMake that the project requires at least <min> but has been updated
  to work with policies introduced by <max> or earlier.


-- The C compiler identification is GNU 13.3.0
-- The CXX compiler identification is GNU 13.3.0
-- Detecting C compiler ABI info
-- Detecting C compiler ABI info - done
-- Check for working C compiler: /usr/bin/gcc-13 - skipped
-- Detecting C compile features
-- Detecting C compile features - done
-- Detecting CXX compiler ABI info
-- Detecting CXX compiler ABI info - done
-- Check for working CXX compiler: /usr/bin/g++-13 - skipped
-- Detecting CXX compile features
-- Detecting CXX compile features - done
-- Configuring done (0.3s)
-- Generating done (0.0s)
-- Build files have been written to: /scratch/luisr/mlir-aie/programming_examples/basic/block_datatypes/matrix_multiplication/whole_array/_build
cd _build &&  cmake --build . --config Release
gmake[1]: Entering directory '/scratch/luisr/mlir-aie/programming_examples/basic/block_datatypes/matrix_multiplication/whole_array/_build'
gmake[2]: Entering directory '/scratch/luisr/mlir-aie/programming_examples/basic/block_datatypes/matrix_multiplication/whole_array/_build'
gmake[3]: Entering directory '/scratch/luisr/mlir-aie/programming_examples/basic/block_datatypes/matrix_multiplication/whole_array/_build'
gmake[3]: Leaving directory '/scratch/luisr/mlir-aie/programming_examples/basic/block_datatypes/matrix_multiplication/whole_array/_build'
gmake[3]: Entering directory '/scratch/luisr/mlir-aie/programming_examples/basic/block_datatypes/matrix_multiplication/whole_array/_build'
[ 33%] Building CXX object CMakeFiles/whole_array.dir/bfp_test.cpp.o
[ 66%] Building CXX object CMakeFiles/whole_array.dir/scratch/luisr/mlir-aie/runtime_lib/test_lib/test_utils.cpp.o
[100%] Linking CXX executable whole_array
gmake[3]: Leaving directory '/scratch/luisr/mlir-aie/programming_examples/basic/block_datatypes/matrix_multiplication/whole_array/_build'
[100%] Built target whole_array
gmake[2]: Leaving directory '/scratch/luisr/mlir-aie/programming_examples/basic/block_datatypes/matrix_multiplication/whole_array/_build'
gmake[1]: Leaving directory '/scratch/luisr/mlir-aie/programming_examples/basic/block_datatypes/matrix_multiplication/whole_array/_build'
cp _build/whole_array whole_array.exe 
mkdir -p build
python3 /scratch/luisr/mlir-aie/programming_examples/basic/block_datatypes/matrix_multiplication/whole_array/whole_array.py --n-aie-cols 8 -m 64 -k 128 -n 64 -M 1024 -K 4096 -N 512 > build/aie_1024x4096x512_64x128x64.mlir
mkdir -p build
cd build && xchesscc_wrapper aie2p -I /proj/xbuilds/2024.2_INT_1113_1001/installs/all_platforms/Vitis/2024.2/aietools/include  -DDIM_M=64 -DDIM_K=128 -DDIM_N=64 -c /scratch/luisr/mlir-aie/programming_examples/basic/block_datatypes/matrix_multiplication/whole_array/../mm.cc -o mm_64x128x64.o
WARNING: Default location for XILINX_VIVADO_IP_OVERRIDE not found: /build/xfndry/IP_2024.2_INTEGRATION_VERIFIED/customer/vivado/data/ip
mkdir -p build
cd build && aiecc.py --alloc-scheme= --aie-generate-xclbin --no-compile-host --xclbin-name=final_1024x4096x512_64x128x64.xclbin \
			 --dynamic-objFifos \
			--aie-generate-npu-insts --npu-insts-name=insts_1024x4096x512_64x128x64.txt ../build/aie_1024x4096x512_64x128x64.mlir

Generating: /scratch/luisr/mlir-aie/programming_examples/basic/block_datatypes/matrix_multiplication/whole_array/build/aie_1024x4096x512_64x128x64.mlir.prj/aie_cdo_elfs.bin
Generating: /scratch/luisr/mlir-aie/programming_examples/basic/block_datatypes/matrix_multiplication/whole_array/build/aie_1024x4096x512_64x128x64.mlir.prj/aie_cdo_init.bin
Generating: /scratch/luisr/mlir-aie/programming_examples/basic/block_datatypes/matrix_multiplication/whole_array/build/aie_1024x4096x512_64x128x64.mlir.prj/aie_cdo_enable.bin
export XRT_HACK_UNSECURE_LOADING_XCLBIN=1 && \
 ./whole_array.exe -x build/final_1024x4096x512_64x128x64.xclbin -i build/insts_1024x4096x512_64x128x64.txt -k MLIR_AIE -M 1024 -K 4096 -N 512 -w 64 -y 128 -z 64 --iters 40 --warmup 10 --verify 0

Avg NPU matmul time: 618.825us.
Avg NPU gflops: 6940.52

Min NPU matmul time: 616us.
Max NPU gflops: 6972.35

Max NPU matmul time: 623us.
Min NPU gflops: 6894.01

Shuffle time: 26386us.

PASS!

rm -rf build _build whole_array.exe
rm -rf _build
mkdir -p _build
cd _build &&  cmake -E env CXXFLAGS="-std=c++23 -ggdb -DDTYPE_IN= -DDTYPE_OUT= -DDTYPE_ACC=" \
	cmake `echo /scratch/luisr/mlir-aie/programming_examples/basic/block_datatypes/matrix_multiplication/whole_array/..` -D CMAKE_C_COMPILER=gcc-13 -D CMAKE_CXX_COMPILER=g++-13 -DTARGET_NAME=whole_array -Dhostsrc=/scratch/luisr/mlir-aie/programming_examples/basic/block_datatypes/matrix_multiplication/whole_array/../bfp_test.cpp
CMake Deprecation Warning at CMakeLists.txt:13 (cmake_minimum_required):
  Compatibility with CMake < 3.10 will be removed from a future version of
  CMake.

  Update the VERSION argument <min> value.  Or, use the <min>...<max> syntax
  to tell CMake that the project requires at least <min> but has been updated
  to work with policies introduced by <max> or earlier.


-- The C compiler identification is GNU 13.3.0
-- The CXX compiler identification is GNU 13.3.0
-- Detecting C compiler ABI info
-- Detecting C compiler ABI info - done
-- Check for working C compiler: /usr/bin/gcc-13 - skipped
-- Detecting C compile features
-- Detecting C compile features - done
-- Detecting CXX compiler ABI info
-- Detecting CXX compiler ABI info - done
-- Check for working CXX compiler: /usr/bin/g++-13 - skipped
-- Detecting CXX compile features
-- Detecting CXX compile features - done
-- Configuring done (0.2s)
-- Generating done (0.0s)
-- Build files have been written to: /scratch/luisr/mlir-aie/programming_examples/basic/block_datatypes/matrix_multiplication/whole_array/_build
cd _build &&  cmake --build . --config Release
gmake[1]: Entering directory '/scratch/luisr/mlir-aie/programming_examples/basic/block_datatypes/matrix_multiplication/whole_array/_build'
gmake[2]: Entering directory '/scratch/luisr/mlir-aie/programming_examples/basic/block_datatypes/matrix_multiplication/whole_array/_build'
gmake[3]: Entering directory '/scratch/luisr/mlir-aie/programming_examples/basic/block_datatypes/matrix_multiplication/whole_array/_build'
gmake[3]: Leaving directory '/scratch/luisr/mlir-aie/programming_examples/basic/block_datatypes/matrix_multiplication/whole_array/_build'
gmake[3]: Entering directory '/scratch/luisr/mlir-aie/programming_examples/basic/block_datatypes/matrix_multiplication/whole_array/_build'
[ 33%] Building CXX object CMakeFiles/whole_array.dir/bfp_test.cpp.o
[ 66%] Building CXX object CMakeFiles/whole_array.dir/scratch/luisr/mlir-aie/runtime_lib/test_lib/test_utils.cpp.o
[100%] Linking CXX executable whole_array
gmake[3]: Leaving directory '/scratch/luisr/mlir-aie/programming_examples/basic/block_datatypes/matrix_multiplication/whole_array/_build'
[100%] Built target whole_array
gmake[2]: Leaving directory '/scratch/luisr/mlir-aie/programming_examples/basic/block_datatypes/matrix_multiplication/whole_array/_build'
gmake[1]: Leaving directory '/scratch/luisr/mlir-aie/programming_examples/basic/block_datatypes/matrix_multiplication/whole_array/_build'
cp _build/whole_array whole_array.exe 
mkdir -p build
python3 /scratch/luisr/mlir-aie/programming_examples/basic/block_datatypes/matrix_multiplication/whole_array/whole_array.py --n-aie-cols 8 -m 64 -k 128 -n 64 -M 1024 -K 4096 -N 1024 > build/aie_1024x4096x1024_64x128x64.mlir
mkdir -p build
cd build && xchesscc_wrapper aie2p -I /proj/xbuilds/2024.2_INT_1113_1001/installs/all_platforms/Vitis/2024.2/aietools/include  -DDIM_M=64 -DDIM_K=128 -DDIM_N=64 -c /scratch/luisr/mlir-aie/programming_examples/basic/block_datatypes/matrix_multiplication/whole_array/../mm.cc -o mm_64x128x64.o
WARNING: Default location for XILINX_VIVADO_IP_OVERRIDE not found: /build/xfndry/IP_2024.2_INTEGRATION_VERIFIED/customer/vivado/data/ip
mkdir -p build
cd build && aiecc.py --alloc-scheme= --aie-generate-xclbin --no-compile-host --xclbin-name=final_1024x4096x1024_64x128x64.xclbin \
			 --dynamic-objFifos \
			--aie-generate-npu-insts --npu-insts-name=insts_1024x4096x1024_64x128x64.txt ../build/aie_1024x4096x1024_64x128x64.mlir

Generating: /scratch/luisr/mlir-aie/programming_examples/basic/block_datatypes/matrix_multiplication/whole_array/build/aie_1024x4096x1024_64x128x64.mlir.prj/aie_cdo_elfs.bin
Generating: /scratch/luisr/mlir-aie/programming_examples/basic/block_datatypes/matrix_multiplication/whole_array/build/aie_1024x4096x1024_64x128x64.mlir.prj/aie_cdo_init.bin
Generating: /scratch/luisr/mlir-aie/programming_examples/basic/block_datatypes/matrix_multiplication/whole_array/build/aie_1024x4096x1024_64x128x64.mlir.prj/aie_cdo_enable.bin
export XRT_HACK_UNSECURE_LOADING_XCLBIN=1 && \
 ./whole_array.exe -x build/final_1024x4096x1024_64x128x64.xclbin -i build/insts_1024x4096x1024_64x128x64.txt -k MLIR_AIE -M 1024 -K 4096 -N 1024 -w 64 -y 128 -z 64 --iters 40 --warmup 10 --verify 0

Avg NPU matmul time: 1123.85us.
Avg NPU gflops: 7643.31

Min NPU matmul time: 1100us.
Max NPU gflops: 7809.03

Max NPU matmul time: 1144us.
Min NPU gflops: 7508.68

Shuffle time: 35435us.

PASS!

rm -rf build _build whole_array.exe
rm -rf _build
mkdir -p _build
cd _build &&  cmake -E env CXXFLAGS="-std=c++23 -ggdb -DDTYPE_IN= -DDTYPE_OUT= -DDTYPE_ACC=" \
	cmake `echo /scratch/luisr/mlir-aie/programming_examples/basic/block_datatypes/matrix_multiplication/whole_array/..` -D CMAKE_C_COMPILER=gcc-13 -D CMAKE_CXX_COMPILER=g++-13 -DTARGET_NAME=whole_array -Dhostsrc=/scratch/luisr/mlir-aie/programming_examples/basic/block_datatypes/matrix_multiplication/whole_array/../bfp_test.cpp
CMake Deprecation Warning at CMakeLists.txt:13 (cmake_minimum_required):
  Compatibility with CMake < 3.10 will be removed from a future version of
  CMake.

  Update the VERSION argument <min> value.  Or, use the <min>...<max> syntax
  to tell CMake that the project requires at least <min> but has been updated
  to work with policies introduced by <max> or earlier.


-- The C compiler identification is GNU 13.3.0
-- The CXX compiler identification is GNU 13.3.0
-- Detecting C compiler ABI info
-- Detecting C compiler ABI info - done
-- Check for working C compiler: /usr/bin/gcc-13 - skipped
-- Detecting C compile features
-- Detecting C compile features - done
-- Detecting CXX compiler ABI info
-- Detecting CXX compiler ABI info - done
-- Check for working CXX compiler: /usr/bin/g++-13 - skipped
-- Detecting CXX compile features
-- Detecting CXX compile features - done
-- Configuring done (0.3s)
-- Generating done (0.0s)
-- Build files have been written to: /scratch/luisr/mlir-aie/programming_examples/basic/block_datatypes/matrix_multiplication/whole_array/_build
cd _build &&  cmake --build . --config Release
gmake[1]: Entering directory '/scratch/luisr/mlir-aie/programming_examples/basic/block_datatypes/matrix_multiplication/whole_array/_build'
gmake[2]: Entering directory '/scratch/luisr/mlir-aie/programming_examples/basic/block_datatypes/matrix_multiplication/whole_array/_build'
gmake[3]: Entering directory '/scratch/luisr/mlir-aie/programming_examples/basic/block_datatypes/matrix_multiplication/whole_array/_build'
gmake[3]: Leaving directory '/scratch/luisr/mlir-aie/programming_examples/basic/block_datatypes/matrix_multiplication/whole_array/_build'
gmake[3]: Entering directory '/scratch/luisr/mlir-aie/programming_examples/basic/block_datatypes/matrix_multiplication/whole_array/_build'
[ 33%] Building CXX object CMakeFiles/whole_array.dir/bfp_test.cpp.o
[ 66%] Building CXX object CMakeFiles/whole_array.dir/scratch/luisr/mlir-aie/runtime_lib/test_lib/test_utils.cpp.o
[100%] Linking CXX executable whole_array
gmake[3]: Leaving directory '/scratch/luisr/mlir-aie/programming_examples/basic/block_datatypes/matrix_multiplication/whole_array/_build'
[100%] Built target whole_array
gmake[2]: Leaving directory '/scratch/luisr/mlir-aie/programming_examples/basic/block_datatypes/matrix_multiplication/whole_array/_build'
gmake[1]: Leaving directory '/scratch/luisr/mlir-aie/programming_examples/basic/block_datatypes/matrix_multiplication/whole_array/_build'
cp _build/whole_array whole_array.exe 
mkdir -p build
python3 /scratch/luisr/mlir-aie/programming_examples/basic/block_datatypes/matrix_multiplication/whole_array/whole_array.py --n-aie-cols 8 -m 64 -k 128 -n 64 -M 1024 -K 4096 -N 4096 > build/aie_1024x4096x4096_64x128x64.mlir
mkdir -p build
cd build && xchesscc_wrapper aie2p -I /proj/xbuilds/2024.2_INT_1113_1001/installs/all_platforms/Vitis/2024.2/aietools/include  -DDIM_M=64 -DDIM_K=128 -DDIM_N=64 -c /scratch/luisr/mlir-aie/programming_examples/basic/block_datatypes/matrix_multiplication/whole_array/../mm.cc -o mm_64x128x64.o
WARNING: Default location for XILINX_VIVADO_IP_OVERRIDE not found: /build/xfndry/IP_2024.2_INTEGRATION_VERIFIED/customer/vivado/data/ip
mkdir -p build
cd build && aiecc.py --alloc-scheme= --aie-generate-xclbin --no-compile-host --xclbin-name=final_1024x4096x4096_64x128x64.xclbin \
			 --dynamic-objFifos \
			--aie-generate-npu-insts --npu-insts-name=insts_1024x4096x4096_64x128x64.txt ../build/aie_1024x4096x4096_64x128x64.mlir

Generating: /scratch/luisr/mlir-aie/programming_examples/basic/block_datatypes/matrix_multiplication/whole_array/build/aie_1024x4096x4096_64x128x64.mlir.prj/aie_cdo_elfs.bin
Generating: /scratch/luisr/mlir-aie/programming_examples/basic/block_datatypes/matrix_multiplication/whole_array/build/aie_1024x4096x4096_64x128x64.mlir.prj/aie_cdo_init.bin
Generating: /scratch/luisr/mlir-aie/programming_examples/basic/block_datatypes/matrix_multiplication/whole_array/build/aie_1024x4096x4096_64x128x64.mlir.prj/aie_cdo_enable.bin
export XRT_HACK_UNSECURE_LOADING_XCLBIN=1 && \
 ./whole_array.exe -x build/final_1024x4096x4096_64x128x64.xclbin -i build/insts_1024x4096x4096_64x128x64.txt -k MLIR_AIE -M 1024 -K 4096 -N 4096 -w 64 -y 128 -z 64 --iters 40 --warmup 10 --verify 0

Avg NPU matmul time: 4575.98us.
Avg NPU gflops: 7508.73

Min NPU matmul time: 4265us.
Max NPU gflops: 8056.21

Max NPU matmul time: 4870us.
Min NPU gflops: 7055.39

Shuffle time: 97432us.

PASS!

rm -rf build _build whole_array.exe
rm -rf _build
mkdir -p _build
cd _build &&  cmake -E env CXXFLAGS="-std=c++23 -ggdb -DDTYPE_IN= -DDTYPE_OUT= -DDTYPE_ACC=" \
	cmake `echo /scratch/luisr/mlir-aie/programming_examples/basic/block_datatypes/matrix_multiplication/whole_array/..` -D CMAKE_C_COMPILER=gcc-13 -D CMAKE_CXX_COMPILER=g++-13 -DTARGET_NAME=whole_array -Dhostsrc=/scratch/luisr/mlir-aie/programming_examples/basic/block_datatypes/matrix_multiplication/whole_array/../bfp_test.cpp
CMake Deprecation Warning at CMakeLists.txt:13 (cmake_minimum_required):
  Compatibility with CMake < 3.10 will be removed from a future version of
  CMake.

  Update the VERSION argument <min> value.  Or, use the <min>...<max> syntax
  to tell CMake that the project requires at least <min> but has been updated
  to work with policies introduced by <max> or earlier.


-- The C compiler identification is GNU 13.3.0
-- The CXX compiler identification is GNU 13.3.0
-- Detecting C compiler ABI info
-- Detecting C compiler ABI info - done
-- Check for working C compiler: /usr/bin/gcc-13 - skipped
-- Detecting C compile features
-- Detecting C compile features - done
-- Detecting CXX compiler ABI info
-- Detecting CXX compiler ABI info - done
-- Check for working CXX compiler: /usr/bin/g++-13 - skipped
-- Detecting CXX compile features
-- Detecting CXX compile features - done
-- Configuring done (0.3s)
-- Generating done (0.0s)
-- Build files have been written to: /scratch/luisr/mlir-aie/programming_examples/basic/block_datatypes/matrix_multiplication/whole_array/_build
cd _build &&  cmake --build . --config Release
gmake[1]: Entering directory '/scratch/luisr/mlir-aie/programming_examples/basic/block_datatypes/matrix_multiplication/whole_array/_build'
gmake[2]: Entering directory '/scratch/luisr/mlir-aie/programming_examples/basic/block_datatypes/matrix_multiplication/whole_array/_build'
gmake[3]: Entering directory '/scratch/luisr/mlir-aie/programming_examples/basic/block_datatypes/matrix_multiplication/whole_array/_build'
gmake[3]: Leaving directory '/scratch/luisr/mlir-aie/programming_examples/basic/block_datatypes/matrix_multiplication/whole_array/_build'
gmake[3]: Entering directory '/scratch/luisr/mlir-aie/programming_examples/basic/block_datatypes/matrix_multiplication/whole_array/_build'
[ 33%] Building CXX object CMakeFiles/whole_array.dir/bfp_test.cpp.o
[ 66%] Building CXX object CMakeFiles/whole_array.dir/scratch/luisr/mlir-aie/runtime_lib/test_lib/test_utils.cpp.o
[100%] Linking CXX executable whole_array
gmake[3]: Leaving directory '/scratch/luisr/mlir-aie/programming_examples/basic/block_datatypes/matrix_multiplication/whole_array/_build'
[100%] Built target whole_array
gmake[2]: Leaving directory '/scratch/luisr/mlir-aie/programming_examples/basic/block_datatypes/matrix_multiplication/whole_array/_build'
gmake[1]: Leaving directory '/scratch/luisr/mlir-aie/programming_examples/basic/block_datatypes/matrix_multiplication/whole_array/_build'
cp _build/whole_array whole_array.exe 
mkdir -p build
python3 /scratch/luisr/mlir-aie/programming_examples/basic/block_datatypes/matrix_multiplication/whole_array/whole_array.py --n-aie-cols 8 -m 64 -k 128 -n 64 -M 1024 -K 4096 -N 8192 > build/aie_1024x4096x8192_64x128x64.mlir
mkdir -p build
cd build && xchesscc_wrapper aie2p -I /proj/xbuilds/2024.2_INT_1113_1001/installs/all_platforms/Vitis/2024.2/aietools/include  -DDIM_M=64 -DDIM_K=128 -DDIM_N=64 -c /scratch/luisr/mlir-aie/programming_examples/basic/block_datatypes/matrix_multiplication/whole_array/../mm.cc -o mm_64x128x64.o
WARNING: Default location for XILINX_VIVADO_IP_OVERRIDE not found: /build/xfndry/IP_2024.2_INTEGRATION_VERIFIED/customer/vivado/data/ip
mkdir -p build
cd build && aiecc.py --alloc-scheme= --aie-generate-xclbin --no-compile-host --xclbin-name=final_1024x4096x8192_64x128x64.xclbin \
			 --dynamic-objFifos \
			--aie-generate-npu-insts --npu-insts-name=insts_1024x4096x8192_64x128x64.txt ../build/aie_1024x4096x8192_64x128x64.mlir

Generating: /scratch/luisr/mlir-aie/programming_examples/basic/block_datatypes/matrix_multiplication/whole_array/build/aie_1024x4096x8192_64x128x64.mlir.prj/aie_cdo_elfs.bin
Generating: /scratch/luisr/mlir-aie/programming_examples/basic/block_datatypes/matrix_multiplication/whole_array/build/aie_1024x4096x8192_64x128x64.mlir.prj/aie_cdo_init.bin
Generating: /scratch/luisr/mlir-aie/programming_examples/basic/block_datatypes/matrix_multiplication/whole_array/build/aie_1024x4096x8192_64x128x64.mlir.prj/aie_cdo_enable.bin
export XRT_HACK_UNSECURE_LOADING_XCLBIN=1 && \
 ./whole_array.exe -x build/final_1024x4096x8192_64x128x64.xclbin -i build/insts_1024x4096x8192_64x128x64.txt -k MLIR_AIE -M 1024 -K 4096 -N 8192 -w 64 -y 128 -z 64 --iters 40 --warmup 10 --verify 0

Avg NPU matmul time: 8888.53us.
Avg NPU gflops: 7731.26

Min NPU matmul time: 8494us.
Max NPU gflops: 8090.35

Max NPU matmul time: 9407us.
Min NPU gflops: 7305.14

Shuffle time: 175809us.

PASS!

rm -rf build _build whole_array.exe
rm -rf _build
mkdir -p _build
cd _build &&  cmake -E env CXXFLAGS="-std=c++23 -ggdb -DDTYPE_IN= -DDTYPE_OUT= -DDTYPE_ACC=" \
	cmake `echo /scratch/luisr/mlir-aie/programming_examples/basic/block_datatypes/matrix_multiplication/whole_array/..` -D CMAKE_C_COMPILER=gcc-13 -D CMAKE_CXX_COMPILER=g++-13 -DTARGET_NAME=whole_array -Dhostsrc=/scratch/luisr/mlir-aie/programming_examples/basic/block_datatypes/matrix_multiplication/whole_array/../bfp_test.cpp
CMake Deprecation Warning at CMakeLists.txt:13 (cmake_minimum_required):
  Compatibility with CMake < 3.10 will be removed from a future version of
  CMake.

  Update the VERSION argument <min> value.  Or, use the <min>...<max> syntax
  to tell CMake that the project requires at least <min> but has been updated
  to work with policies introduced by <max> or earlier.


-- The C compiler identification is GNU 13.3.0
-- The CXX compiler identification is GNU 13.3.0
-- Detecting C compiler ABI info
-- Detecting C compiler ABI info - done
-- Check for working C compiler: /usr/bin/gcc-13 - skipped
-- Detecting C compile features
-- Detecting C compile features - done
-- Detecting CXX compiler ABI info
-- Detecting CXX compiler ABI info - done
-- Check for working CXX compiler: /usr/bin/g++-13 - skipped
-- Detecting CXX compile features
-- Detecting CXX compile features - done
-- Configuring done (0.3s)
-- Generating done (0.0s)
-- Build files have been written to: /scratch/luisr/mlir-aie/programming_examples/basic/block_datatypes/matrix_multiplication/whole_array/_build
cd _build &&  cmake --build . --config Release
gmake[1]: Entering directory '/scratch/luisr/mlir-aie/programming_examples/basic/block_datatypes/matrix_multiplication/whole_array/_build'
gmake[2]: Entering directory '/scratch/luisr/mlir-aie/programming_examples/basic/block_datatypes/matrix_multiplication/whole_array/_build'
gmake[3]: Entering directory '/scratch/luisr/mlir-aie/programming_examples/basic/block_datatypes/matrix_multiplication/whole_array/_build'
gmake[3]: Leaving directory '/scratch/luisr/mlir-aie/programming_examples/basic/block_datatypes/matrix_multiplication/whole_array/_build'
gmake[3]: Entering directory '/scratch/luisr/mlir-aie/programming_examples/basic/block_datatypes/matrix_multiplication/whole_array/_build'
[ 33%] Building CXX object CMakeFiles/whole_array.dir/bfp_test.cpp.o
[ 66%] Building CXX object CMakeFiles/whole_array.dir/scratch/luisr/mlir-aie/runtime_lib/test_lib/test_utils.cpp.o
[100%] Linking CXX executable whole_array
gmake[3]: Leaving directory '/scratch/luisr/mlir-aie/programming_examples/basic/block_datatypes/matrix_multiplication/whole_array/_build'
[100%] Built target whole_array
gmake[2]: Leaving directory '/scratch/luisr/mlir-aie/programming_examples/basic/block_datatypes/matrix_multiplication/whole_array/_build'
gmake[1]: Leaving directory '/scratch/luisr/mlir-aie/programming_examples/basic/block_datatypes/matrix_multiplication/whole_array/_build'
cp _build/whole_array whole_array.exe 
mkdir -p build
python3 /scratch/luisr/mlir-aie/programming_examples/basic/block_datatypes/matrix_multiplication/whole_array/whole_array.py --n-aie-cols 8 -m 64 -k 128 -n 64 -M 1024 -K 6144 -N 512 > build/aie_1024x6144x512_64x128x64.mlir
mkdir -p build
cd build && xchesscc_wrapper aie2p -I /proj/xbuilds/2024.2_INT_1113_1001/installs/all_platforms/Vitis/2024.2/aietools/include  -DDIM_M=64 -DDIM_K=128 -DDIM_N=64 -c /scratch/luisr/mlir-aie/programming_examples/basic/block_datatypes/matrix_multiplication/whole_array/../mm.cc -o mm_64x128x64.o
WARNING: Default location for XILINX_VIVADO_IP_OVERRIDE not found: /build/xfndry/IP_2024.2_INTEGRATION_VERIFIED/customer/vivado/data/ip
mkdir -p build
cd build && aiecc.py --alloc-scheme= --aie-generate-xclbin --no-compile-host --xclbin-name=final_1024x6144x512_64x128x64.xclbin \
			 --dynamic-objFifos \
			--aie-generate-npu-insts --npu-insts-name=insts_1024x6144x512_64x128x64.txt ../build/aie_1024x6144x512_64x128x64.mlir

Generating: /scratch/luisr/mlir-aie/programming_examples/basic/block_datatypes/matrix_multiplication/whole_array/build/aie_1024x6144x512_64x128x64.mlir.prj/aie_cdo_elfs.bin
Generating: /scratch/luisr/mlir-aie/programming_examples/basic/block_datatypes/matrix_multiplication/whole_array/build/aie_1024x6144x512_64x128x64.mlir.prj/aie_cdo_init.bin
Generating: /scratch/luisr/mlir-aie/programming_examples/basic/block_datatypes/matrix_multiplication/whole_array/build/aie_1024x6144x512_64x128x64.mlir.prj/aie_cdo_enable.bin
export XRT_HACK_UNSECURE_LOADING_XCLBIN=1 && \
 ./whole_array.exe -x build/final_1024x6144x512_64x128x64.xclbin -i build/insts_1024x6144x512_64x128x64.txt -k MLIR_AIE -M 1024 -K 6144 -N 512 -w 64 -y 128 -z 64 --iters 40 --warmup 10 --verify 0

Avg NPU matmul time: 928.675us.
Avg NPU gflops: 6937.25

Min NPU matmul time: 909us.
Max NPU gflops: 7087.4

Max NPU matmul time: 999us.
Min NPU gflops: 6448.9

Shuffle time: 42970us.

PASS!

rm -rf build _build whole_array.exe
rm -rf _build
mkdir -p _build
cd _build &&  cmake -E env CXXFLAGS="-std=c++23 -ggdb -DDTYPE_IN= -DDTYPE_OUT= -DDTYPE_ACC=" \
	cmake `echo /scratch/luisr/mlir-aie/programming_examples/basic/block_datatypes/matrix_multiplication/whole_array/..` -D CMAKE_C_COMPILER=gcc-13 -D CMAKE_CXX_COMPILER=g++-13 -DTARGET_NAME=whole_array -Dhostsrc=/scratch/luisr/mlir-aie/programming_examples/basic/block_datatypes/matrix_multiplication/whole_array/../bfp_test.cpp
CMake Deprecation Warning at CMakeLists.txt:13 (cmake_minimum_required):
  Compatibility with CMake < 3.10 will be removed from a future version of
  CMake.

  Update the VERSION argument <min> value.  Or, use the <min>...<max> syntax
  to tell CMake that the project requires at least <min> but has been updated
  to work with policies introduced by <max> or earlier.


-- The C compiler identification is GNU 13.3.0
-- The CXX compiler identification is GNU 13.3.0
-- Detecting C compiler ABI info
-- Detecting C compiler ABI info - done
-- Check for working C compiler: /usr/bin/gcc-13 - skipped
-- Detecting C compile features
-- Detecting C compile features - done
-- Detecting CXX compiler ABI info
-- Detecting CXX compiler ABI info - done
-- Check for working CXX compiler: /usr/bin/g++-13 - skipped
-- Detecting CXX compile features
-- Detecting CXX compile features - done
-- Configuring done (0.3s)
-- Generating done (0.0s)
-- Build files have been written to: /scratch/luisr/mlir-aie/programming_examples/basic/block_datatypes/matrix_multiplication/whole_array/_build
cd _build &&  cmake --build . --config Release
gmake[1]: Entering directory '/scratch/luisr/mlir-aie/programming_examples/basic/block_datatypes/matrix_multiplication/whole_array/_build'
gmake[2]: Entering directory '/scratch/luisr/mlir-aie/programming_examples/basic/block_datatypes/matrix_multiplication/whole_array/_build'
gmake[3]: Entering directory '/scratch/luisr/mlir-aie/programming_examples/basic/block_datatypes/matrix_multiplication/whole_array/_build'
gmake[3]: Leaving directory '/scratch/luisr/mlir-aie/programming_examples/basic/block_datatypes/matrix_multiplication/whole_array/_build'
gmake[3]: Entering directory '/scratch/luisr/mlir-aie/programming_examples/basic/block_datatypes/matrix_multiplication/whole_array/_build'
[ 33%] Building CXX object CMakeFiles/whole_array.dir/bfp_test.cpp.o
[ 66%] Building CXX object CMakeFiles/whole_array.dir/scratch/luisr/mlir-aie/runtime_lib/test_lib/test_utils.cpp.o
[100%] Linking CXX executable whole_array
gmake[3]: Leaving directory '/scratch/luisr/mlir-aie/programming_examples/basic/block_datatypes/matrix_multiplication/whole_array/_build'
[100%] Built target whole_array
gmake[2]: Leaving directory '/scratch/luisr/mlir-aie/programming_examples/basic/block_datatypes/matrix_multiplication/whole_array/_build'
gmake[1]: Leaving directory '/scratch/luisr/mlir-aie/programming_examples/basic/block_datatypes/matrix_multiplication/whole_array/_build'
cp _build/whole_array whole_array.exe 
mkdir -p build
python3 /scratch/luisr/mlir-aie/programming_examples/basic/block_datatypes/matrix_multiplication/whole_array/whole_array.py --n-aie-cols 8 -m 64 -k 128 -n 64 -M 1024 -K 6144 -N 1024 > build/aie_1024x6144x1024_64x128x64.mlir
mkdir -p build
cd build && xchesscc_wrapper aie2p -I /proj/xbuilds/2024.2_INT_1113_1001/installs/all_platforms/Vitis/2024.2/aietools/include  -DDIM_M=64 -DDIM_K=128 -DDIM_N=64 -c /scratch/luisr/mlir-aie/programming_examples/basic/block_datatypes/matrix_multiplication/whole_array/../mm.cc -o mm_64x128x64.o
WARNING: Default location for XILINX_VIVADO_IP_OVERRIDE not found: /build/xfndry/IP_2024.2_INTEGRATION_VERIFIED/customer/vivado/data/ip
mkdir -p build
cd build && aiecc.py --alloc-scheme= --aie-generate-xclbin --no-compile-host --xclbin-name=final_1024x6144x1024_64x128x64.xclbin \
			 --dynamic-objFifos \
			--aie-generate-npu-insts --npu-insts-name=insts_1024x6144x1024_64x128x64.txt ../build/aie_1024x6144x1024_64x128x64.mlir

Generating: /scratch/luisr/mlir-aie/programming_examples/basic/block_datatypes/matrix_multiplication/whole_array/build/aie_1024x6144x1024_64x128x64.mlir.prj/aie_cdo_elfs.bin
Generating: /scratch/luisr/mlir-aie/programming_examples/basic/block_datatypes/matrix_multiplication/whole_array/build/aie_1024x6144x1024_64x128x64.mlir.prj/aie_cdo_init.bin
Generating: /scratch/luisr/mlir-aie/programming_examples/basic/block_datatypes/matrix_multiplication/whole_array/build/aie_1024x6144x1024_64x128x64.mlir.prj/aie_cdo_enable.bin
export XRT_HACK_UNSECURE_LOADING_XCLBIN=1 && \
 ./whole_array.exe -x build/final_1024x6144x1024_64x128x64.xclbin -i build/insts_1024x6144x1024_64x128x64.txt -k MLIR_AIE -M 1024 -K 6144 -N 1024 -w 64 -y 128 -z 64 --iters 40 --warmup 10 --verify 0

Avg NPU matmul time: 1765.43us.
Avg NPU gflops: 7298.47

Min NPU matmul time: 1742us.
Max NPU gflops: 7396.61

Max NPU matmul time: 1850us.
Min NPU gflops: 6964.81

Shuffle time: 59695us.

PASS!

rm -rf build _build whole_array.exe
rm -rf _build
mkdir -p _build
cd _build &&  cmake -E env CXXFLAGS="-std=c++23 -ggdb -DDTYPE_IN= -DDTYPE_OUT= -DDTYPE_ACC=" \
	cmake `echo /scratch/luisr/mlir-aie/programming_examples/basic/block_datatypes/matrix_multiplication/whole_array/..` -D CMAKE_C_COMPILER=gcc-13 -D CMAKE_CXX_COMPILER=g++-13 -DTARGET_NAME=whole_array -Dhostsrc=/scratch/luisr/mlir-aie/programming_examples/basic/block_datatypes/matrix_multiplication/whole_array/../bfp_test.cpp
CMake Deprecation Warning at CMakeLists.txt:13 (cmake_minimum_required):
  Compatibility with CMake < 3.10 will be removed from a future version of
  CMake.

  Update the VERSION argument <min> value.  Or, use the <min>...<max> syntax
  to tell CMake that the project requires at least <min> but has been updated
  to work with policies introduced by <max> or earlier.


-- The C compiler identification is GNU 13.3.0
-- The CXX compiler identification is GNU 13.3.0
-- Detecting C compiler ABI info
-- Detecting C compiler ABI info - done
-- Check for working C compiler: /usr/bin/gcc-13 - skipped
-- Detecting C compile features
-- Detecting C compile features - done
-- Detecting CXX compiler ABI info
-- Detecting CXX compiler ABI info - done
-- Check for working CXX compiler: /usr/bin/g++-13 - skipped
-- Detecting CXX compile features
-- Detecting CXX compile features - done
-- Configuring done (0.3s)
-- Generating done (0.0s)
-- Build files have been written to: /scratch/luisr/mlir-aie/programming_examples/basic/block_datatypes/matrix_multiplication/whole_array/_build
cd _build &&  cmake --build . --config Release
gmake[1]: Entering directory '/scratch/luisr/mlir-aie/programming_examples/basic/block_datatypes/matrix_multiplication/whole_array/_build'
gmake[2]: Entering directory '/scratch/luisr/mlir-aie/programming_examples/basic/block_datatypes/matrix_multiplication/whole_array/_build'
gmake[3]: Entering directory '/scratch/luisr/mlir-aie/programming_examples/basic/block_datatypes/matrix_multiplication/whole_array/_build'
gmake[3]: Leaving directory '/scratch/luisr/mlir-aie/programming_examples/basic/block_datatypes/matrix_multiplication/whole_array/_build'
gmake[3]: Entering directory '/scratch/luisr/mlir-aie/programming_examples/basic/block_datatypes/matrix_multiplication/whole_array/_build'
[ 33%] Building CXX object CMakeFiles/whole_array.dir/bfp_test.cpp.o
[ 66%] Building CXX object CMakeFiles/whole_array.dir/scratch/luisr/mlir-aie/runtime_lib/test_lib/test_utils.cpp.o
[100%] Linking CXX executable whole_array
gmake[3]: Leaving directory '/scratch/luisr/mlir-aie/programming_examples/basic/block_datatypes/matrix_multiplication/whole_array/_build'
[100%] Built target whole_array
gmake[2]: Leaving directory '/scratch/luisr/mlir-aie/programming_examples/basic/block_datatypes/matrix_multiplication/whole_array/_build'
gmake[1]: Leaving directory '/scratch/luisr/mlir-aie/programming_examples/basic/block_datatypes/matrix_multiplication/whole_array/_build'
cp _build/whole_array whole_array.exe 
mkdir -p build
python3 /scratch/luisr/mlir-aie/programming_examples/basic/block_datatypes/matrix_multiplication/whole_array/whole_array.py --n-aie-cols 8 -m 64 -k 128 -n 64 -M 1024 -K 6144 -N 4096 > build/aie_1024x6144x4096_64x128x64.mlir
mkdir -p build
cd build && xchesscc_wrapper aie2p -I /proj/xbuilds/2024.2_INT_1113_1001/installs/all_platforms/Vitis/2024.2/aietools/include  -DDIM_M=64 -DDIM_K=128 -DDIM_N=64 -c /scratch/luisr/mlir-aie/programming_examples/basic/block_datatypes/matrix_multiplication/whole_array/../mm.cc -o mm_64x128x64.o
WARNING: Default location for XILINX_VIVADO_IP_OVERRIDE not found: /build/xfndry/IP_2024.2_INTEGRATION_VERIFIED/customer/vivado/data/ip
mkdir -p build
cd build && aiecc.py --alloc-scheme= --aie-generate-xclbin --no-compile-host --xclbin-name=final_1024x6144x4096_64x128x64.xclbin \
			 --dynamic-objFifos \
			--aie-generate-npu-insts --npu-insts-name=insts_1024x6144x4096_64x128x64.txt ../build/aie_1024x6144x4096_64x128x64.mlir

Generating: /scratch/luisr/mlir-aie/programming_examples/basic/block_datatypes/matrix_multiplication/whole_array/build/aie_1024x6144x4096_64x128x64.mlir.prj/aie_cdo_elfs.bin
Generating: /scratch/luisr/mlir-aie/programming_examples/basic/block_datatypes/matrix_multiplication/whole_array/build/aie_1024x6144x4096_64x128x64.mlir.prj/aie_cdo_init.bin
Generating: /scratch/luisr/mlir-aie/programming_examples/basic/block_datatypes/matrix_multiplication/whole_array/build/aie_1024x6144x4096_64x128x64.mlir.prj/aie_cdo_enable.bin
export XRT_HACK_UNSECURE_LOADING_XCLBIN=1 && \
 ./whole_array.exe -x build/final_1024x6144x4096_64x128x64.xclbin -i build/insts_1024x6144x4096_64x128x64.txt -k MLIR_AIE -M 1024 -K 6144 -N 4096 -w 64 -y 128 -z 64 --iters 40 --warmup 10 --verify 0

Avg NPU matmul time: 7279.3us.
Avg NPU gflops: 7080.3

Min NPU matmul time: 6794us.
Max NPU gflops: 7586.05

Max NPU matmul time: 8969us.
Min NPU gflops: 5746.42

Shuffle time: 150027us.

PASS!

rm -rf build _build whole_array.exe
rm -rf _build
mkdir -p _build
cd _build &&  cmake -E env CXXFLAGS="-std=c++23 -ggdb -DDTYPE_IN= -DDTYPE_OUT= -DDTYPE_ACC=" \
	cmake `echo /scratch/luisr/mlir-aie/programming_examples/basic/block_datatypes/matrix_multiplication/whole_array/..` -D CMAKE_C_COMPILER=gcc-13 -D CMAKE_CXX_COMPILER=g++-13 -DTARGET_NAME=whole_array -Dhostsrc=/scratch/luisr/mlir-aie/programming_examples/basic/block_datatypes/matrix_multiplication/whole_array/../bfp_test.cpp
CMake Deprecation Warning at CMakeLists.txt:13 (cmake_minimum_required):
  Compatibility with CMake < 3.10 will be removed from a future version of
  CMake.

  Update the VERSION argument <min> value.  Or, use the <min>...<max> syntax
  to tell CMake that the project requires at least <min> but has been updated
  to work with policies introduced by <max> or earlier.


-- The C compiler identification is GNU 13.3.0
-- The CXX compiler identification is GNU 13.3.0
-- Detecting C compiler ABI info
-- Detecting C compiler ABI info - done
-- Check for working C compiler: /usr/bin/gcc-13 - skipped
-- Detecting C compile features
-- Detecting C compile features - done
-- Detecting CXX compiler ABI info
-- Detecting CXX compiler ABI info - done
-- Check for working CXX compiler: /usr/bin/g++-13 - skipped
-- Detecting CXX compile features
-- Detecting CXX compile features - done
-- Configuring done (0.3s)
-- Generating done (0.0s)
-- Build files have been written to: /scratch/luisr/mlir-aie/programming_examples/basic/block_datatypes/matrix_multiplication/whole_array/_build
cd _build &&  cmake --build . --config Release
gmake[1]: Entering directory '/scratch/luisr/mlir-aie/programming_examples/basic/block_datatypes/matrix_multiplication/whole_array/_build'
gmake[2]: Entering directory '/scratch/luisr/mlir-aie/programming_examples/basic/block_datatypes/matrix_multiplication/whole_array/_build'
gmake[3]: Entering directory '/scratch/luisr/mlir-aie/programming_examples/basic/block_datatypes/matrix_multiplication/whole_array/_build'
gmake[3]: Leaving directory '/scratch/luisr/mlir-aie/programming_examples/basic/block_datatypes/matrix_multiplication/whole_array/_build'
gmake[3]: Entering directory '/scratch/luisr/mlir-aie/programming_examples/basic/block_datatypes/matrix_multiplication/whole_array/_build'
[ 33%] Building CXX object CMakeFiles/whole_array.dir/bfp_test.cpp.o
[ 66%] Building CXX object CMakeFiles/whole_array.dir/scratch/luisr/mlir-aie/runtime_lib/test_lib/test_utils.cpp.o
[100%] Linking CXX executable whole_array
gmake[3]: Leaving directory '/scratch/luisr/mlir-aie/programming_examples/basic/block_datatypes/matrix_multiplication/whole_array/_build'
[100%] Built target whole_array
gmake[2]: Leaving directory '/scratch/luisr/mlir-aie/programming_examples/basic/block_datatypes/matrix_multiplication/whole_array/_build'
gmake[1]: Leaving directory '/scratch/luisr/mlir-aie/programming_examples/basic/block_datatypes/matrix_multiplication/whole_array/_build'
cp _build/whole_array whole_array.exe 
mkdir -p build
python3 /scratch/luisr/mlir-aie/programming_examples/basic/block_datatypes/matrix_multiplication/whole_array/whole_array.py --n-aie-cols 8 -m 64 -k 128 -n 64 -M 1024 -K 6144 -N 8192 > build/aie_1024x6144x8192_64x128x64.mlir
mkdir -p build
cd build && xchesscc_wrapper aie2p -I /proj/xbuilds/2024.2_INT_1113_1001/installs/all_platforms/Vitis/2024.2/aietools/include  -DDIM_M=64 -DDIM_K=128 -DDIM_N=64 -c /scratch/luisr/mlir-aie/programming_examples/basic/block_datatypes/matrix_multiplication/whole_array/../mm.cc -o mm_64x128x64.o
WARNING: Default location for XILINX_VIVADO_IP_OVERRIDE not found: /build/xfndry/IP_2024.2_INTEGRATION_VERIFIED/customer/vivado/data/ip
mkdir -p build
cd build && aiecc.py --alloc-scheme= --aie-generate-xclbin --no-compile-host --xclbin-name=final_1024x6144x8192_64x128x64.xclbin \
			 --dynamic-objFifos \
			--aie-generate-npu-insts --npu-insts-name=insts_1024x6144x8192_64x128x64.txt ../build/aie_1024x6144x8192_64x128x64.mlir

Generating: /scratch/luisr/mlir-aie/programming_examples/basic/block_datatypes/matrix_multiplication/whole_array/build/aie_1024x6144x8192_64x128x64.mlir.prj/aie_cdo_elfs.bin
Generating: /scratch/luisr/mlir-aie/programming_examples/basic/block_datatypes/matrix_multiplication/whole_array/build/aie_1024x6144x8192_64x128x64.mlir.prj/aie_cdo_init.bin
Generating: /scratch/luisr/mlir-aie/programming_examples/basic/block_datatypes/matrix_multiplication/whole_array/build/aie_1024x6144x8192_64x128x64.mlir.prj/aie_cdo_enable.bin
export XRT_HACK_UNSECURE_LOADING_XCLBIN=1 && \
 ./whole_array.exe -x build/final_1024x6144x8192_64x128x64.xclbin -i build/insts_1024x6144x8192_64x128x64.txt -k MLIR_AIE -M 1024 -K 6144 -N 8192 -w 64 -y 128 -z 64 --iters 40 --warmup 10 --verify 0

Avg NPU matmul time: 14928.2us.
Avg NPU gflops: 6905

Min NPU matmul time: 14404us.
Max NPU gflops: 7156.29

Max NPU matmul time: 16073us.
Min NPU gflops: 6413.19

Shuffle time: 259826us.

PASS!

rm -rf build _build whole_array.exe
rm -rf _build
mkdir -p _build
cd _build &&  cmake -E env CXXFLAGS="-std=c++23 -ggdb -DDTYPE_IN= -DDTYPE_OUT= -DDTYPE_ACC=" \
	cmake `echo /scratch/luisr/mlir-aie/programming_examples/basic/block_datatypes/matrix_multiplication/whole_array/..` -D CMAKE_C_COMPILER=gcc-13 -D CMAKE_CXX_COMPILER=g++-13 -DTARGET_NAME=whole_array -Dhostsrc=/scratch/luisr/mlir-aie/programming_examples/basic/block_datatypes/matrix_multiplication/whole_array/../bfp_test.cpp
CMake Deprecation Warning at CMakeLists.txt:13 (cmake_minimum_required):
  Compatibility with CMake < 3.10 will be removed from a future version of
  CMake.

  Update the VERSION argument <min> value.  Or, use the <min>...<max> syntax
  to tell CMake that the project requires at least <min> but has been updated
  to work with policies introduced by <max> or earlier.


-- The C compiler identification is GNU 13.3.0
-- The CXX compiler identification is GNU 13.3.0
-- Detecting C compiler ABI info
-- Detecting C compiler ABI info - done
-- Check for working C compiler: /usr/bin/gcc-13 - skipped
-- Detecting C compile features
-- Detecting C compile features - done
-- Detecting CXX compiler ABI info
-- Detecting CXX compiler ABI info - done
-- Check for working CXX compiler: /usr/bin/g++-13 - skipped
-- Detecting CXX compile features
-- Detecting CXX compile features - done
-- Configuring done (0.3s)
-- Generating done (0.0s)
-- Build files have been written to: /scratch/luisr/mlir-aie/programming_examples/basic/block_datatypes/matrix_multiplication/whole_array/_build
cd _build &&  cmake --build . --config Release
gmake[1]: Entering directory '/scratch/luisr/mlir-aie/programming_examples/basic/block_datatypes/matrix_multiplication/whole_array/_build'
gmake[2]: Entering directory '/scratch/luisr/mlir-aie/programming_examples/basic/block_datatypes/matrix_multiplication/whole_array/_build'
gmake[3]: Entering directory '/scratch/luisr/mlir-aie/programming_examples/basic/block_datatypes/matrix_multiplication/whole_array/_build'
gmake[3]: Leaving directory '/scratch/luisr/mlir-aie/programming_examples/basic/block_datatypes/matrix_multiplication/whole_array/_build'
gmake[3]: Entering directory '/scratch/luisr/mlir-aie/programming_examples/basic/block_datatypes/matrix_multiplication/whole_array/_build'
[ 33%] Building CXX object CMakeFiles/whole_array.dir/bfp_test.cpp.o
[ 66%] Building CXX object CMakeFiles/whole_array.dir/scratch/luisr/mlir-aie/runtime_lib/test_lib/test_utils.cpp.o
[100%] Linking CXX executable whole_array
gmake[3]: Leaving directory '/scratch/luisr/mlir-aie/programming_examples/basic/block_datatypes/matrix_multiplication/whole_array/_build'
[100%] Built target whole_array
gmake[2]: Leaving directory '/scratch/luisr/mlir-aie/programming_examples/basic/block_datatypes/matrix_multiplication/whole_array/_build'
gmake[1]: Leaving directory '/scratch/luisr/mlir-aie/programming_examples/basic/block_datatypes/matrix_multiplication/whole_array/_build'
cp _build/whole_array whole_array.exe 
mkdir -p build
python3 /scratch/luisr/mlir-aie/programming_examples/basic/block_datatypes/matrix_multiplication/whole_array/whole_array.py --n-aie-cols 8 -m 64 -k 128 -n 64 -M 4096 -K 512 -N 512 > build/aie_4096x512x512_64x128x64.mlir
mkdir -p build
cd build && xchesscc_wrapper aie2p -I /proj/xbuilds/2024.2_INT_1113_1001/installs/all_platforms/Vitis/2024.2/aietools/include  -DDIM_M=64 -DDIM_K=128 -DDIM_N=64 -c /scratch/luisr/mlir-aie/programming_examples/basic/block_datatypes/matrix_multiplication/whole_array/../mm.cc -o mm_64x128x64.o
WARNING: Default location for XILINX_VIVADO_IP_OVERRIDE not found: /build/xfndry/IP_2024.2_INTEGRATION_VERIFIED/customer/vivado/data/ip
mkdir -p build
cd build && aiecc.py --alloc-scheme= --aie-generate-xclbin --no-compile-host --xclbin-name=final_4096x512x512_64x128x64.xclbin \
			 --dynamic-objFifos \
			--aie-generate-npu-insts --npu-insts-name=insts_4096x512x512_64x128x64.txt ../build/aie_4096x512x512_64x128x64.mlir

Generating: /scratch/luisr/mlir-aie/programming_examples/basic/block_datatypes/matrix_multiplication/whole_array/build/aie_4096x512x512_64x128x64.mlir.prj/aie_cdo_elfs.bin
Generating: /scratch/luisr/mlir-aie/programming_examples/basic/block_datatypes/matrix_multiplication/whole_array/build/aie_4096x512x512_64x128x64.mlir.prj/aie_cdo_init.bin
Generating: /scratch/luisr/mlir-aie/programming_examples/basic/block_datatypes/matrix_multiplication/whole_array/build/aie_4096x512x512_64x128x64.mlir.prj/aie_cdo_enable.bin
export XRT_HACK_UNSECURE_LOADING_XCLBIN=1 && \
 ./whole_array.exe -x build/final_4096x512x512_64x128x64.xclbin -i build/insts_4096x512x512_64x128x64.txt -k MLIR_AIE -M 4096 -K 512 -N 512 -w 64 -y 128 -z 64 --iters 40 --warmup 10 --verify 0

Avg NPU matmul time: 516.55us.
Avg NPU gflops: 4157.36

Min NPU matmul time: 504us.
Max NPU gflops: 4260.88

Max NPU matmul time: 532us.
Min NPU gflops: 4036.62

Shuffle time: 9794us.

PASS!

rm -rf build _build whole_array.exe
rm -rf _build
mkdir -p _build
cd _build &&  cmake -E env CXXFLAGS="-std=c++23 -ggdb -DDTYPE_IN= -DDTYPE_OUT= -DDTYPE_ACC=" \
	cmake `echo /scratch/luisr/mlir-aie/programming_examples/basic/block_datatypes/matrix_multiplication/whole_array/..` -D CMAKE_C_COMPILER=gcc-13 -D CMAKE_CXX_COMPILER=g++-13 -DTARGET_NAME=whole_array -Dhostsrc=/scratch/luisr/mlir-aie/programming_examples/basic/block_datatypes/matrix_multiplication/whole_array/../bfp_test.cpp
CMake Deprecation Warning at CMakeLists.txt:13 (cmake_minimum_required):
  Compatibility with CMake < 3.10 will be removed from a future version of
  CMake.

  Update the VERSION argument <min> value.  Or, use the <min>...<max> syntax
  to tell CMake that the project requires at least <min> but has been updated
  to work with policies introduced by <max> or earlier.


-- The C compiler identification is GNU 13.3.0
-- The CXX compiler identification is GNU 13.3.0
-- Detecting C compiler ABI info
-- Detecting C compiler ABI info - done
-- Check for working C compiler: /usr/bin/gcc-13 - skipped
-- Detecting C compile features
-- Detecting C compile features - done
-- Detecting CXX compiler ABI info
-- Detecting CXX compiler ABI info - done
-- Check for working CXX compiler: /usr/bin/g++-13 - skipped
-- Detecting CXX compile features
-- Detecting CXX compile features - done
-- Configuring done (0.3s)
-- Generating done (0.0s)
-- Build files have been written to: /scratch/luisr/mlir-aie/programming_examples/basic/block_datatypes/matrix_multiplication/whole_array/_build
cd _build &&  cmake --build . --config Release
gmake[1]: Entering directory '/scratch/luisr/mlir-aie/programming_examples/basic/block_datatypes/matrix_multiplication/whole_array/_build'
gmake[2]: Entering directory '/scratch/luisr/mlir-aie/programming_examples/basic/block_datatypes/matrix_multiplication/whole_array/_build'
gmake[3]: Entering directory '/scratch/luisr/mlir-aie/programming_examples/basic/block_datatypes/matrix_multiplication/whole_array/_build'
gmake[3]: Leaving directory '/scratch/luisr/mlir-aie/programming_examples/basic/block_datatypes/matrix_multiplication/whole_array/_build'
gmake[3]: Entering directory '/scratch/luisr/mlir-aie/programming_examples/basic/block_datatypes/matrix_multiplication/whole_array/_build'
[ 33%] Building CXX object CMakeFiles/whole_array.dir/bfp_test.cpp.o
[ 66%] Building CXX object CMakeFiles/whole_array.dir/scratch/luisr/mlir-aie/runtime_lib/test_lib/test_utils.cpp.o
[100%] Linking CXX executable whole_array
gmake[3]: Leaving directory '/scratch/luisr/mlir-aie/programming_examples/basic/block_datatypes/matrix_multiplication/whole_array/_build'
[100%] Built target whole_array
gmake[2]: Leaving directory '/scratch/luisr/mlir-aie/programming_examples/basic/block_datatypes/matrix_multiplication/whole_array/_build'
gmake[1]: Leaving directory '/scratch/luisr/mlir-aie/programming_examples/basic/block_datatypes/matrix_multiplication/whole_array/_build'
cp _build/whole_array whole_array.exe 
mkdir -p build
python3 /scratch/luisr/mlir-aie/programming_examples/basic/block_datatypes/matrix_multiplication/whole_array/whole_array.py --n-aie-cols 8 -m 64 -k 128 -n 64 -M 4096 -K 512 -N 1024 > build/aie_4096x512x1024_64x128x64.mlir
mkdir -p build
cd build && xchesscc_wrapper aie2p -I /proj/xbuilds/2024.2_INT_1113_1001/installs/all_platforms/Vitis/2024.2/aietools/include  -DDIM_M=64 -DDIM_K=128 -DDIM_N=64 -c /scratch/luisr/mlir-aie/programming_examples/basic/block_datatypes/matrix_multiplication/whole_array/../mm.cc -o mm_64x128x64.o
WARNING: Default location for XILINX_VIVADO_IP_OVERRIDE not found: /build/xfndry/IP_2024.2_INTEGRATION_VERIFIED/customer/vivado/data/ip
mkdir -p build
cd build && aiecc.py --alloc-scheme= --aie-generate-xclbin --no-compile-host --xclbin-name=final_4096x512x1024_64x128x64.xclbin \
			 --dynamic-objFifos \
			--aie-generate-npu-insts --npu-insts-name=insts_4096x512x1024_64x128x64.txt ../build/aie_4096x512x1024_64x128x64.mlir

Generating: /scratch/luisr/mlir-aie/programming_examples/basic/block_datatypes/matrix_multiplication/whole_array/build/aie_4096x512x1024_64x128x64.mlir.prj/aie_cdo_elfs.bin
Generating: /scratch/luisr/mlir-aie/programming_examples/basic/block_datatypes/matrix_multiplication/whole_array/build/aie_4096x512x1024_64x128x64.mlir.prj/aie_cdo_init.bin
Generating: /scratch/luisr/mlir-aie/programming_examples/basic/block_datatypes/matrix_multiplication/whole_array/build/aie_4096x512x1024_64x128x64.mlir.prj/aie_cdo_enable.bin
export XRT_HACK_UNSECURE_LOADING_XCLBIN=1 && \
 ./whole_array.exe -x build/final_4096x512x1024_64x128x64.xclbin -i build/insts_4096x512x1024_64x128x64.txt -k MLIR_AIE -M 4096 -K 512 -N 1024 -w 64 -y 128 -z 64 --iters 40 --warmup 10 --verify 0

Avg NPU matmul time: 765.3us.
Avg NPU gflops: 5612.14

Min NPU matmul time: 745us.
Max NPU gflops: 5765.06

Max NPU matmul time: 802us.
Min NPU gflops: 5355.32

Shuffle time: 11075us.

PASS!

rm -rf build _build whole_array.exe
rm -rf _build
mkdir -p _build
cd _build &&  cmake -E env CXXFLAGS="-std=c++23 -ggdb -DDTYPE_IN= -DDTYPE_OUT= -DDTYPE_ACC=" \
	cmake `echo /scratch/luisr/mlir-aie/programming_examples/basic/block_datatypes/matrix_multiplication/whole_array/..` -D CMAKE_C_COMPILER=gcc-13 -D CMAKE_CXX_COMPILER=g++-13 -DTARGET_NAME=whole_array -Dhostsrc=/scratch/luisr/mlir-aie/programming_examples/basic/block_datatypes/matrix_multiplication/whole_array/../bfp_test.cpp
CMake Deprecation Warning at CMakeLists.txt:13 (cmake_minimum_required):
  Compatibility with CMake < 3.10 will be removed from a future version of
  CMake.

  Update the VERSION argument <min> value.  Or, use the <min>...<max> syntax
  to tell CMake that the project requires at least <min> but has been updated
  to work with policies introduced by <max> or earlier.


-- The C compiler identification is GNU 13.3.0
-- The CXX compiler identification is GNU 13.3.0
-- Detecting C compiler ABI info
-- Detecting C compiler ABI info - done
-- Check for working C compiler: /usr/bin/gcc-13 - skipped
-- Detecting C compile features
-- Detecting C compile features - done
-- Detecting CXX compiler ABI info
-- Detecting CXX compiler ABI info - done
-- Check for working CXX compiler: /usr/bin/g++-13 - skipped
-- Detecting CXX compile features
-- Detecting CXX compile features - done
-- Configuring done (0.3s)
-- Generating done (0.0s)
-- Build files have been written to: /scratch/luisr/mlir-aie/programming_examples/basic/block_datatypes/matrix_multiplication/whole_array/_build
cd _build &&  cmake --build . --config Release
gmake[1]: Entering directory '/scratch/luisr/mlir-aie/programming_examples/basic/block_datatypes/matrix_multiplication/whole_array/_build'
gmake[2]: Entering directory '/scratch/luisr/mlir-aie/programming_examples/basic/block_datatypes/matrix_multiplication/whole_array/_build'
gmake[3]: Entering directory '/scratch/luisr/mlir-aie/programming_examples/basic/block_datatypes/matrix_multiplication/whole_array/_build'
gmake[3]: Leaving directory '/scratch/luisr/mlir-aie/programming_examples/basic/block_datatypes/matrix_multiplication/whole_array/_build'
gmake[3]: Entering directory '/scratch/luisr/mlir-aie/programming_examples/basic/block_datatypes/matrix_multiplication/whole_array/_build'
[ 33%] Building CXX object CMakeFiles/whole_array.dir/bfp_test.cpp.o
[ 66%] Building CXX object CMakeFiles/whole_array.dir/scratch/luisr/mlir-aie/runtime_lib/test_lib/test_utils.cpp.o
[100%] Linking CXX executable whole_array
gmake[3]: Leaving directory '/scratch/luisr/mlir-aie/programming_examples/basic/block_datatypes/matrix_multiplication/whole_array/_build'
[100%] Built target whole_array
gmake[2]: Leaving directory '/scratch/luisr/mlir-aie/programming_examples/basic/block_datatypes/matrix_multiplication/whole_array/_build'
gmake[1]: Leaving directory '/scratch/luisr/mlir-aie/programming_examples/basic/block_datatypes/matrix_multiplication/whole_array/_build'
cp _build/whole_array whole_array.exe 
mkdir -p build
python3 /scratch/luisr/mlir-aie/programming_examples/basic/block_datatypes/matrix_multiplication/whole_array/whole_array.py --n-aie-cols 8 -m 64 -k 128 -n 64 -M 4096 -K 512 -N 4096 > build/aie_4096x512x4096_64x128x64.mlir
mkdir -p build
cd build && xchesscc_wrapper aie2p -I /proj/xbuilds/2024.2_INT_1113_1001/installs/all_platforms/Vitis/2024.2/aietools/include  -DDIM_M=64 -DDIM_K=128 -DDIM_N=64 -c /scratch/luisr/mlir-aie/programming_examples/basic/block_datatypes/matrix_multiplication/whole_array/../mm.cc -o mm_64x128x64.o
WARNING: Default location for XILINX_VIVADO_IP_OVERRIDE not found: /build/xfndry/IP_2024.2_INTEGRATION_VERIFIED/customer/vivado/data/ip
mkdir -p build
cd build && aiecc.py --alloc-scheme= --aie-generate-xclbin --no-compile-host --xclbin-name=final_4096x512x4096_64x128x64.xclbin \
			 --dynamic-objFifos \
			--aie-generate-npu-insts --npu-insts-name=insts_4096x512x4096_64x128x64.txt ../build/aie_4096x512x4096_64x128x64.mlir

Generating: /scratch/luisr/mlir-aie/programming_examples/basic/block_datatypes/matrix_multiplication/whole_array/build/aie_4096x512x4096_64x128x64.mlir.prj/aie_cdo_elfs.bin
Generating: /scratch/luisr/mlir-aie/programming_examples/basic/block_datatypes/matrix_multiplication/whole_array/build/aie_4096x512x4096_64x128x64.mlir.prj/aie_cdo_init.bin
Generating: /scratch/luisr/mlir-aie/programming_examples/basic/block_datatypes/matrix_multiplication/whole_array/build/aie_4096x512x4096_64x128x64.mlir.prj/aie_cdo_enable.bin
export XRT_HACK_UNSECURE_LOADING_XCLBIN=1 && \
 ./whole_array.exe -x build/final_4096x512x4096_64x128x64.xclbin -i build/insts_4096x512x4096_64x128x64.txt -k MLIR_AIE -M 4096 -K 512 -N 4096 -w 64 -y 128 -z 64 --iters 40 --warmup 10 --verify 0

Avg NPU matmul time: 2775.77us.
Avg NPU gflops: 6189.22

Min NPU matmul time: 2383us.
Max NPU gflops: 7209.35

Max NPU matmul time: 2946us.
Min NPU gflops: 5831.59

Shuffle time: 17375us.

PASS!

rm -rf build _build whole_array.exe
rm -rf _build
mkdir -p _build
cd _build &&  cmake -E env CXXFLAGS="-std=c++23 -ggdb -DDTYPE_IN= -DDTYPE_OUT= -DDTYPE_ACC=" \
	cmake `echo /scratch/luisr/mlir-aie/programming_examples/basic/block_datatypes/matrix_multiplication/whole_array/..` -D CMAKE_C_COMPILER=gcc-13 -D CMAKE_CXX_COMPILER=g++-13 -DTARGET_NAME=whole_array -Dhostsrc=/scratch/luisr/mlir-aie/programming_examples/basic/block_datatypes/matrix_multiplication/whole_array/../bfp_test.cpp
CMake Deprecation Warning at CMakeLists.txt:13 (cmake_minimum_required):
  Compatibility with CMake < 3.10 will be removed from a future version of
  CMake.

  Update the VERSION argument <min> value.  Or, use the <min>...<max> syntax
  to tell CMake that the project requires at least <min> but has been updated
  to work with policies introduced by <max> or earlier.


-- The C compiler identification is GNU 13.3.0
-- The CXX compiler identification is GNU 13.3.0
-- Detecting C compiler ABI info
-- Detecting C compiler ABI info - done
-- Check for working C compiler: /usr/bin/gcc-13 - skipped
-- Detecting C compile features
-- Detecting C compile features - done
-- Detecting CXX compiler ABI info
-- Detecting CXX compiler ABI info - done
-- Check for working CXX compiler: /usr/bin/g++-13 - skipped
-- Detecting CXX compile features
-- Detecting CXX compile features - done
-- Configuring done (0.3s)
-- Generating done (0.0s)
-- Build files have been written to: /scratch/luisr/mlir-aie/programming_examples/basic/block_datatypes/matrix_multiplication/whole_array/_build
cd _build &&  cmake --build . --config Release
gmake[1]: Entering directory '/scratch/luisr/mlir-aie/programming_examples/basic/block_datatypes/matrix_multiplication/whole_array/_build'
gmake[2]: Entering directory '/scratch/luisr/mlir-aie/programming_examples/basic/block_datatypes/matrix_multiplication/whole_array/_build'
gmake[3]: Entering directory '/scratch/luisr/mlir-aie/programming_examples/basic/block_datatypes/matrix_multiplication/whole_array/_build'
gmake[3]: Leaving directory '/scratch/luisr/mlir-aie/programming_examples/basic/block_datatypes/matrix_multiplication/whole_array/_build'
gmake[3]: Entering directory '/scratch/luisr/mlir-aie/programming_examples/basic/block_datatypes/matrix_multiplication/whole_array/_build'
[ 33%] Building CXX object CMakeFiles/whole_array.dir/bfp_test.cpp.o
[ 66%] Building CXX object CMakeFiles/whole_array.dir/scratch/luisr/mlir-aie/runtime_lib/test_lib/test_utils.cpp.o
[100%] Linking CXX executable whole_array
gmake[3]: Leaving directory '/scratch/luisr/mlir-aie/programming_examples/basic/block_datatypes/matrix_multiplication/whole_array/_build'
[100%] Built target whole_array
gmake[2]: Leaving directory '/scratch/luisr/mlir-aie/programming_examples/basic/block_datatypes/matrix_multiplication/whole_array/_build'
gmake[1]: Leaving directory '/scratch/luisr/mlir-aie/programming_examples/basic/block_datatypes/matrix_multiplication/whole_array/_build'
cp _build/whole_array whole_array.exe 
mkdir -p build
python3 /scratch/luisr/mlir-aie/programming_examples/basic/block_datatypes/matrix_multiplication/whole_array/whole_array.py --n-aie-cols 8 -m 64 -k 128 -n 64 -M 4096 -K 512 -N 8192 > build/aie_4096x512x8192_64x128x64.mlir
mkdir -p build
cd build && xchesscc_wrapper aie2p -I /proj/xbuilds/2024.2_INT_1113_1001/installs/all_platforms/Vitis/2024.2/aietools/include  -DDIM_M=64 -DDIM_K=128 -DDIM_N=64 -c /scratch/luisr/mlir-aie/programming_examples/basic/block_datatypes/matrix_multiplication/whole_array/../mm.cc -o mm_64x128x64.o
WARNING: Default location for XILINX_VIVADO_IP_OVERRIDE not found: /build/xfndry/IP_2024.2_INTEGRATION_VERIFIED/customer/vivado/data/ip
mkdir -p build
cd build && aiecc.py --alloc-scheme= --aie-generate-xclbin --no-compile-host --xclbin-name=final_4096x512x8192_64x128x64.xclbin \
			 --dynamic-objFifos \
			--aie-generate-npu-insts --npu-insts-name=insts_4096x512x8192_64x128x64.txt ../build/aie_4096x512x8192_64x128x64.mlir

Generating: /scratch/luisr/mlir-aie/programming_examples/basic/block_datatypes/matrix_multiplication/whole_array/build/aie_4096x512x8192_64x128x64.mlir.prj/aie_cdo_elfs.bin
Generating: /scratch/luisr/mlir-aie/programming_examples/basic/block_datatypes/matrix_multiplication/whole_array/build/aie_4096x512x8192_64x128x64.mlir.prj/aie_cdo_init.bin
Generating: /scratch/luisr/mlir-aie/programming_examples/basic/block_datatypes/matrix_multiplication/whole_array/build/aie_4096x512x8192_64x128x64.mlir.prj/aie_cdo_enable.bin
export XRT_HACK_UNSECURE_LOADING_XCLBIN=1 && \
 ./whole_array.exe -x build/final_4096x512x8192_64x128x64.xclbin -i build/insts_4096x512x8192_64x128x64.txt -k MLIR_AIE -M 4096 -K 512 -N 8192 -w 64 -y 128 -z 64 --iters 40 --warmup 10 --verify 0

Avg NPU matmul time: 5767.7us.
Avg NPU gflops: 5957.27

Min NPU matmul time: 5405us.
Max NPU gflops: 6357.03

Max NPU matmul time: 6633us.
Min NPU gflops: 5180.12

Shuffle time: 26723us.

PASS!

rm -rf build _build whole_array.exe
rm -rf _build
mkdir -p _build
cd _build &&  cmake -E env CXXFLAGS="-std=c++23 -ggdb -DDTYPE_IN= -DDTYPE_OUT= -DDTYPE_ACC=" \
	cmake `echo /scratch/luisr/mlir-aie/programming_examples/basic/block_datatypes/matrix_multiplication/whole_array/..` -D CMAKE_C_COMPILER=gcc-13 -D CMAKE_CXX_COMPILER=g++-13 -DTARGET_NAME=whole_array -Dhostsrc=/scratch/luisr/mlir-aie/programming_examples/basic/block_datatypes/matrix_multiplication/whole_array/../bfp_test.cpp
CMake Deprecation Warning at CMakeLists.txt:13 (cmake_minimum_required):
  Compatibility with CMake < 3.10 will be removed from a future version of
  CMake.

  Update the VERSION argument <min> value.  Or, use the <min>...<max> syntax
  to tell CMake that the project requires at least <min> but has been updated
  to work with policies introduced by <max> or earlier.


-- The C compiler identification is GNU 13.3.0
-- The CXX compiler identification is GNU 13.3.0
-- Detecting C compiler ABI info
-- Detecting C compiler ABI info - done
-- Check for working C compiler: /usr/bin/gcc-13 - skipped
-- Detecting C compile features
-- Detecting C compile features - done
-- Detecting CXX compiler ABI info
-- Detecting CXX compiler ABI info - done
-- Check for working CXX compiler: /usr/bin/g++-13 - skipped
-- Detecting CXX compile features
-- Detecting CXX compile features - done
-- Configuring done (0.3s)
-- Generating done (0.0s)
-- Build files have been written to: /scratch/luisr/mlir-aie/programming_examples/basic/block_datatypes/matrix_multiplication/whole_array/_build
cd _build &&  cmake --build . --config Release
gmake[1]: Entering directory '/scratch/luisr/mlir-aie/programming_examples/basic/block_datatypes/matrix_multiplication/whole_array/_build'
gmake[2]: Entering directory '/scratch/luisr/mlir-aie/programming_examples/basic/block_datatypes/matrix_multiplication/whole_array/_build'
gmake[3]: Entering directory '/scratch/luisr/mlir-aie/programming_examples/basic/block_datatypes/matrix_multiplication/whole_array/_build'
gmake[3]: Leaving directory '/scratch/luisr/mlir-aie/programming_examples/basic/block_datatypes/matrix_multiplication/whole_array/_build'
gmake[3]: Entering directory '/scratch/luisr/mlir-aie/programming_examples/basic/block_datatypes/matrix_multiplication/whole_array/_build'
[ 33%] Building CXX object CMakeFiles/whole_array.dir/bfp_test.cpp.o
[ 66%] Building CXX object CMakeFiles/whole_array.dir/scratch/luisr/mlir-aie/runtime_lib/test_lib/test_utils.cpp.o
[100%] Linking CXX executable whole_array
gmake[3]: Leaving directory '/scratch/luisr/mlir-aie/programming_examples/basic/block_datatypes/matrix_multiplication/whole_array/_build'
[100%] Built target whole_array
gmake[2]: Leaving directory '/scratch/luisr/mlir-aie/programming_examples/basic/block_datatypes/matrix_multiplication/whole_array/_build'
gmake[1]: Leaving directory '/scratch/luisr/mlir-aie/programming_examples/basic/block_datatypes/matrix_multiplication/whole_array/_build'
cp _build/whole_array whole_array.exe 
mkdir -p build
python3 /scratch/luisr/mlir-aie/programming_examples/basic/block_datatypes/matrix_multiplication/whole_array/whole_array.py --n-aie-cols 8 -m 64 -k 128 -n 64 -M 4096 -K 1024 -N 512 > build/aie_4096x1024x512_64x128x64.mlir
mkdir -p build
cd build && xchesscc_wrapper aie2p -I /proj/xbuilds/2024.2_INT_1113_1001/installs/all_platforms/Vitis/2024.2/aietools/include  -DDIM_M=64 -DDIM_K=128 -DDIM_N=64 -c /scratch/luisr/mlir-aie/programming_examples/basic/block_datatypes/matrix_multiplication/whole_array/../mm.cc -o mm_64x128x64.o
WARNING: Default location for XILINX_VIVADO_IP_OVERRIDE not found: /build/xfndry/IP_2024.2_INTEGRATION_VERIFIED/customer/vivado/data/ip
mkdir -p build
cd build && aiecc.py --alloc-scheme= --aie-generate-xclbin --no-compile-host --xclbin-name=final_4096x1024x512_64x128x64.xclbin \
			 --dynamic-objFifos \
			--aie-generate-npu-insts --npu-insts-name=insts_4096x1024x512_64x128x64.txt ../build/aie_4096x1024x512_64x128x64.mlir

Generating: /scratch/luisr/mlir-aie/programming_examples/basic/block_datatypes/matrix_multiplication/whole_array/build/aie_4096x1024x512_64x128x64.mlir.prj/aie_cdo_elfs.bin
Generating: /scratch/luisr/mlir-aie/programming_examples/basic/block_datatypes/matrix_multiplication/whole_array/build/aie_4096x1024x512_64x128x64.mlir.prj/aie_cdo_init.bin
Generating: /scratch/luisr/mlir-aie/programming_examples/basic/block_datatypes/matrix_multiplication/whole_array/build/aie_4096x1024x512_64x128x64.mlir.prj/aie_cdo_enable.bin
export XRT_HACK_UNSECURE_LOADING_XCLBIN=1 && \
 ./whole_array.exe -x build/final_4096x1024x512_64x128x64.xclbin -i build/insts_4096x1024x512_64x128x64.txt -k MLIR_AIE -M 4096 -K 1024 -N 512 -w 64 -y 128 -z 64 --iters 40 --warmup 10 --verify 0

Avg NPU matmul time: 803us.
Avg NPU gflops: 5348.65

Min NPU matmul time: 774us.
Max NPU gflops: 5549.05

Max NPU matmul time: 821us.
Min NPU gflops: 5231.39

Shuffle time: 20535us.

PASS!

rm -rf build _build whole_array.exe
rm -rf _build
mkdir -p _build
cd _build &&  cmake -E env CXXFLAGS="-std=c++23 -ggdb -DDTYPE_IN= -DDTYPE_OUT= -DDTYPE_ACC=" \
	cmake `echo /scratch/luisr/mlir-aie/programming_examples/basic/block_datatypes/matrix_multiplication/whole_array/..` -D CMAKE_C_COMPILER=gcc-13 -D CMAKE_CXX_COMPILER=g++-13 -DTARGET_NAME=whole_array -Dhostsrc=/scratch/luisr/mlir-aie/programming_examples/basic/block_datatypes/matrix_multiplication/whole_array/../bfp_test.cpp
CMake Deprecation Warning at CMakeLists.txt:13 (cmake_minimum_required):
  Compatibility with CMake < 3.10 will be removed from a future version of
  CMake.

  Update the VERSION argument <min> value.  Or, use the <min>...<max> syntax
  to tell CMake that the project requires at least <min> but has been updated
  to work with policies introduced by <max> or earlier.


-- The C compiler identification is GNU 13.3.0
-- The CXX compiler identification is GNU 13.3.0
-- Detecting C compiler ABI info
-- Detecting C compiler ABI info - done
-- Check for working C compiler: /usr/bin/gcc-13 - skipped
-- Detecting C compile features
-- Detecting C compile features - done
-- Detecting CXX compiler ABI info
-- Detecting CXX compiler ABI info - done
-- Check for working CXX compiler: /usr/bin/g++-13 - skipped
-- Detecting CXX compile features
-- Detecting CXX compile features - done
-- Configuring done (0.3s)
-- Generating done (0.0s)
-- Build files have been written to: /scratch/luisr/mlir-aie/programming_examples/basic/block_datatypes/matrix_multiplication/whole_array/_build
cd _build &&  cmake --build . --config Release
gmake[1]: Entering directory '/scratch/luisr/mlir-aie/programming_examples/basic/block_datatypes/matrix_multiplication/whole_array/_build'
gmake[2]: Entering directory '/scratch/luisr/mlir-aie/programming_examples/basic/block_datatypes/matrix_multiplication/whole_array/_build'
gmake[3]: Entering directory '/scratch/luisr/mlir-aie/programming_examples/basic/block_datatypes/matrix_multiplication/whole_array/_build'
gmake[3]: Leaving directory '/scratch/luisr/mlir-aie/programming_examples/basic/block_datatypes/matrix_multiplication/whole_array/_build'
gmake[3]: Entering directory '/scratch/luisr/mlir-aie/programming_examples/basic/block_datatypes/matrix_multiplication/whole_array/_build'
[ 33%] Building CXX object CMakeFiles/whole_array.dir/bfp_test.cpp.o
[ 66%] Building CXX object CMakeFiles/whole_array.dir/scratch/luisr/mlir-aie/runtime_lib/test_lib/test_utils.cpp.o
[100%] Linking CXX executable whole_array
gmake[3]: Leaving directory '/scratch/luisr/mlir-aie/programming_examples/basic/block_datatypes/matrix_multiplication/whole_array/_build'
[100%] Built target whole_array
gmake[2]: Leaving directory '/scratch/luisr/mlir-aie/programming_examples/basic/block_datatypes/matrix_multiplication/whole_array/_build'
gmake[1]: Leaving directory '/scratch/luisr/mlir-aie/programming_examples/basic/block_datatypes/matrix_multiplication/whole_array/_build'
cp _build/whole_array whole_array.exe 
mkdir -p build
python3 /scratch/luisr/mlir-aie/programming_examples/basic/block_datatypes/matrix_multiplication/whole_array/whole_array.py --n-aie-cols 8 -m 64 -k 128 -n 64 -M 4096 -K 1024 -N 1024 > build/aie_4096x1024x1024_64x128x64.mlir
mkdir -p build
cd build && xchesscc_wrapper aie2p -I /proj/xbuilds/2024.2_INT_1113_1001/installs/all_platforms/Vitis/2024.2/aietools/include  -DDIM_M=64 -DDIM_K=128 -DDIM_N=64 -c /scratch/luisr/mlir-aie/programming_examples/basic/block_datatypes/matrix_multiplication/whole_array/../mm.cc -o mm_64x128x64.o
WARNING: Default location for XILINX_VIVADO_IP_OVERRIDE not found: /build/xfndry/IP_2024.2_INTEGRATION_VERIFIED/customer/vivado/data/ip
mkdir -p build
cd build && aiecc.py --alloc-scheme= --aie-generate-xclbin --no-compile-host --xclbin-name=final_4096x1024x1024_64x128x64.xclbin \
			 --dynamic-objFifos \
			--aie-generate-npu-insts --npu-insts-name=insts_4096x1024x1024_64x128x64.txt ../build/aie_4096x1024x1024_64x128x64.mlir

Generating: /scratch/luisr/mlir-aie/programming_examples/basic/block_datatypes/matrix_multiplication/whole_array/build/aie_4096x1024x1024_64x128x64.mlir.prj/aie_cdo_elfs.bin
Generating: /scratch/luisr/mlir-aie/programming_examples/basic/block_datatypes/matrix_multiplication/whole_array/build/aie_4096x1024x1024_64x128x64.mlir.prj/aie_cdo_init.bin
Generating: /scratch/luisr/mlir-aie/programming_examples/basic/block_datatypes/matrix_multiplication/whole_array/build/aie_4096x1024x1024_64x128x64.mlir.prj/aie_cdo_enable.bin
export XRT_HACK_UNSECURE_LOADING_XCLBIN=1 && \
 ./whole_array.exe -x build/final_4096x1024x1024_64x128x64.xclbin -i build/insts_4096x1024x1024_64x128x64.txt -k MLIR_AIE -M 4096 -K 1024 -N 1024 -w 64 -y 128 -z 64 --iters 40 --warmup 10 --verify 0

Avg NPU matmul time: 1262.45us.
Avg NPU gflops: 6804.18

Min NPU matmul time: 1242us.
Max NPU gflops: 6916.21

Max NPU matmul time: 1275us.
Min NPU gflops: 6737.2

Shuffle time: 23158us.

PASS!

rm -rf build _build whole_array.exe
rm -rf _build
mkdir -p _build
cd _build &&  cmake -E env CXXFLAGS="-std=c++23 -ggdb -DDTYPE_IN= -DDTYPE_OUT= -DDTYPE_ACC=" \
	cmake `echo /scratch/luisr/mlir-aie/programming_examples/basic/block_datatypes/matrix_multiplication/whole_array/..` -D CMAKE_C_COMPILER=gcc-13 -D CMAKE_CXX_COMPILER=g++-13 -DTARGET_NAME=whole_array -Dhostsrc=/scratch/luisr/mlir-aie/programming_examples/basic/block_datatypes/matrix_multiplication/whole_array/../bfp_test.cpp
CMake Deprecation Warning at CMakeLists.txt:13 (cmake_minimum_required):
  Compatibility with CMake < 3.10 will be removed from a future version of
  CMake.

  Update the VERSION argument <min> value.  Or, use the <min>...<max> syntax
  to tell CMake that the project requires at least <min> but has been updated
  to work with policies introduced by <max> or earlier.


-- The C compiler identification is GNU 13.3.0
-- The CXX compiler identification is GNU 13.3.0
-- Detecting C compiler ABI info
-- Detecting C compiler ABI info - done
-- Check for working C compiler: /usr/bin/gcc-13 - skipped
-- Detecting C compile features
-- Detecting C compile features - done
-- Detecting CXX compiler ABI info
-- Detecting CXX compiler ABI info - done
-- Check for working CXX compiler: /usr/bin/g++-13 - skipped
-- Detecting CXX compile features
-- Detecting CXX compile features - done
-- Configuring done (0.3s)
-- Generating done (0.0s)
-- Build files have been written to: /scratch/luisr/mlir-aie/programming_examples/basic/block_datatypes/matrix_multiplication/whole_array/_build
cd _build &&  cmake --build . --config Release
gmake[1]: Entering directory '/scratch/luisr/mlir-aie/programming_examples/basic/block_datatypes/matrix_multiplication/whole_array/_build'
gmake[2]: Entering directory '/scratch/luisr/mlir-aie/programming_examples/basic/block_datatypes/matrix_multiplication/whole_array/_build'
gmake[3]: Entering directory '/scratch/luisr/mlir-aie/programming_examples/basic/block_datatypes/matrix_multiplication/whole_array/_build'
gmake[3]: Leaving directory '/scratch/luisr/mlir-aie/programming_examples/basic/block_datatypes/matrix_multiplication/whole_array/_build'
gmake[3]: Entering directory '/scratch/luisr/mlir-aie/programming_examples/basic/block_datatypes/matrix_multiplication/whole_array/_build'
[ 33%] Building CXX object CMakeFiles/whole_array.dir/bfp_test.cpp.o
[ 66%] Building CXX object CMakeFiles/whole_array.dir/scratch/luisr/mlir-aie/runtime_lib/test_lib/test_utils.cpp.o
[100%] Linking CXX executable whole_array
gmake[3]: Leaving directory '/scratch/luisr/mlir-aie/programming_examples/basic/block_datatypes/matrix_multiplication/whole_array/_build'
[100%] Built target whole_array
gmake[2]: Leaving directory '/scratch/luisr/mlir-aie/programming_examples/basic/block_datatypes/matrix_multiplication/whole_array/_build'
gmake[1]: Leaving directory '/scratch/luisr/mlir-aie/programming_examples/basic/block_datatypes/matrix_multiplication/whole_array/_build'
cp _build/whole_array whole_array.exe 
mkdir -p build
python3 /scratch/luisr/mlir-aie/programming_examples/basic/block_datatypes/matrix_multiplication/whole_array/whole_array.py --n-aie-cols 8 -m 64 -k 128 -n 64 -M 4096 -K 1024 -N 4096 > build/aie_4096x1024x4096_64x128x64.mlir
mkdir -p build
cd build && xchesscc_wrapper aie2p -I /proj/xbuilds/2024.2_INT_1113_1001/installs/all_platforms/Vitis/2024.2/aietools/include  -DDIM_M=64 -DDIM_K=128 -DDIM_N=64 -c /scratch/luisr/mlir-aie/programming_examples/basic/block_datatypes/matrix_multiplication/whole_array/../mm.cc -o mm_64x128x64.o
WARNING: Default location for XILINX_VIVADO_IP_OVERRIDE not found: /build/xfndry/IP_2024.2_INTEGRATION_VERIFIED/customer/vivado/data/ip
mkdir -p build
cd build && aiecc.py --alloc-scheme= --aie-generate-xclbin --no-compile-host --xclbin-name=final_4096x1024x4096_64x128x64.xclbin \
			 --dynamic-objFifos \
			--aie-generate-npu-insts --npu-insts-name=insts_4096x1024x4096_64x128x64.txt ../build/aie_4096x1024x4096_64x128x64.mlir

Generating: /scratch/luisr/mlir-aie/programming_examples/basic/block_datatypes/matrix_multiplication/whole_array/build/aie_4096x1024x4096_64x128x64.mlir.prj/aie_cdo_elfs.bin
Generating: /scratch/luisr/mlir-aie/programming_examples/basic/block_datatypes/matrix_multiplication/whole_array/build/aie_4096x1024x4096_64x128x64.mlir.prj/aie_cdo_init.bin
Generating: /scratch/luisr/mlir-aie/programming_examples/basic/block_datatypes/matrix_multiplication/whole_array/build/aie_4096x1024x4096_64x128x64.mlir.prj/aie_cdo_enable.bin
export XRT_HACK_UNSECURE_LOADING_XCLBIN=1 && \
 ./whole_array.exe -x build/final_4096x1024x4096_64x128x64.xclbin -i build/insts_4096x1024x4096_64x128x64.txt -k MLIR_AIE -M 4096 -K 1024 -N 4096 -w 64 -y 128 -z 64 --iters 40 --warmup 10 --verify 0

Avg NPU matmul time: 4270.98us.
Avg NPU gflops: 8044.94

Min NPU matmul time: 4236us.
Max NPU gflops: 8111.36

Max NPU matmul time: 4533us.
Min NPU gflops: 7579.91

Shuffle time: 34841us.

PASS!

rm -rf build _build whole_array.exe
rm -rf _build
mkdir -p _build
cd _build &&  cmake -E env CXXFLAGS="-std=c++23 -ggdb -DDTYPE_IN= -DDTYPE_OUT= -DDTYPE_ACC=" \
	cmake `echo /scratch/luisr/mlir-aie/programming_examples/basic/block_datatypes/matrix_multiplication/whole_array/..` -D CMAKE_C_COMPILER=gcc-13 -D CMAKE_CXX_COMPILER=g++-13 -DTARGET_NAME=whole_array -Dhostsrc=/scratch/luisr/mlir-aie/programming_examples/basic/block_datatypes/matrix_multiplication/whole_array/../bfp_test.cpp
CMake Deprecation Warning at CMakeLists.txt:13 (cmake_minimum_required):
  Compatibility with CMake < 3.10 will be removed from a future version of
  CMake.

  Update the VERSION argument <min> value.  Or, use the <min>...<max> syntax
  to tell CMake that the project requires at least <min> but has been updated
  to work with policies introduced by <max> or earlier.


-- The C compiler identification is GNU 13.3.0
-- The CXX compiler identification is GNU 13.3.0
-- Detecting C compiler ABI info
-- Detecting C compiler ABI info - done
-- Check for working C compiler: /usr/bin/gcc-13 - skipped
-- Detecting C compile features
-- Detecting C compile features - done
-- Detecting CXX compiler ABI info
-- Detecting CXX compiler ABI info - done
-- Check for working CXX compiler: /usr/bin/g++-13 - skipped
-- Detecting CXX compile features
-- Detecting CXX compile features - done
-- Configuring done (0.3s)
-- Generating done (0.0s)
-- Build files have been written to: /scratch/luisr/mlir-aie/programming_examples/basic/block_datatypes/matrix_multiplication/whole_array/_build
cd _build &&  cmake --build . --config Release
gmake[1]: Entering directory '/scratch/luisr/mlir-aie/programming_examples/basic/block_datatypes/matrix_multiplication/whole_array/_build'
gmake[2]: Entering directory '/scratch/luisr/mlir-aie/programming_examples/basic/block_datatypes/matrix_multiplication/whole_array/_build'
gmake[3]: Entering directory '/scratch/luisr/mlir-aie/programming_examples/basic/block_datatypes/matrix_multiplication/whole_array/_build'
gmake[3]: Leaving directory '/scratch/luisr/mlir-aie/programming_examples/basic/block_datatypes/matrix_multiplication/whole_array/_build'
gmake[3]: Entering directory '/scratch/luisr/mlir-aie/programming_examples/basic/block_datatypes/matrix_multiplication/whole_array/_build'
[ 33%] Building CXX object CMakeFiles/whole_array.dir/bfp_test.cpp.o
[ 66%] Building CXX object CMakeFiles/whole_array.dir/scratch/luisr/mlir-aie/runtime_lib/test_lib/test_utils.cpp.o
[100%] Linking CXX executable whole_array
gmake[3]: Leaving directory '/scratch/luisr/mlir-aie/programming_examples/basic/block_datatypes/matrix_multiplication/whole_array/_build'
[100%] Built target whole_array
gmake[2]: Leaving directory '/scratch/luisr/mlir-aie/programming_examples/basic/block_datatypes/matrix_multiplication/whole_array/_build'
gmake[1]: Leaving directory '/scratch/luisr/mlir-aie/programming_examples/basic/block_datatypes/matrix_multiplication/whole_array/_build'
cp _build/whole_array whole_array.exe 
mkdir -p build
python3 /scratch/luisr/mlir-aie/programming_examples/basic/block_datatypes/matrix_multiplication/whole_array/whole_array.py --n-aie-cols 8 -m 64 -k 128 -n 64 -M 4096 -K 1024 -N 8192 > build/aie_4096x1024x8192_64x128x64.mlir
mkdir -p build
cd build && xchesscc_wrapper aie2p -I /proj/xbuilds/2024.2_INT_1113_1001/installs/all_platforms/Vitis/2024.2/aietools/include  -DDIM_M=64 -DDIM_K=128 -DDIM_N=64 -c /scratch/luisr/mlir-aie/programming_examples/basic/block_datatypes/matrix_multiplication/whole_array/../mm.cc -o mm_64x128x64.o
WARNING: Default location for XILINX_VIVADO_IP_OVERRIDE not found: /build/xfndry/IP_2024.2_INTEGRATION_VERIFIED/customer/vivado/data/ip
mkdir -p build
cd build && aiecc.py --alloc-scheme= --aie-generate-xclbin --no-compile-host --xclbin-name=final_4096x1024x8192_64x128x64.xclbin \
			 --dynamic-objFifos \
			--aie-generate-npu-insts --npu-insts-name=insts_4096x1024x8192_64x128x64.txt ../build/aie_4096x1024x8192_64x128x64.mlir

Generating: /scratch/luisr/mlir-aie/programming_examples/basic/block_datatypes/matrix_multiplication/whole_array/build/aie_4096x1024x8192_64x128x64.mlir.prj/aie_cdo_elfs.bin
Generating: /scratch/luisr/mlir-aie/programming_examples/basic/block_datatypes/matrix_multiplication/whole_array/build/aie_4096x1024x8192_64x128x64.mlir.prj/aie_cdo_init.bin
Generating: /scratch/luisr/mlir-aie/programming_examples/basic/block_datatypes/matrix_multiplication/whole_array/build/aie_4096x1024x8192_64x128x64.mlir.prj/aie_cdo_enable.bin
export XRT_HACK_UNSECURE_LOADING_XCLBIN=1 && \
 ./whole_array.exe -x build/final_4096x1024x8192_64x128x64.xclbin -i build/insts_4096x1024x8192_64x128x64.txt -k MLIR_AIE -M 4096 -K 1024 -N 8192 -w 64 -y 128 -z 64 --iters 40 --warmup 10 --verify 0

Avg NPU matmul time: 8713.25us.
Avg NPU gflops: 7886.78

Min NPU matmul time: 8360us.
Max NPU gflops: 8220.03

Max NPU matmul time: 9228us.
Min NPU gflops: 7446.84

Shuffle time: 56120us.

PASS!

rm -rf build _build whole_array.exe
rm -rf _build
mkdir -p _build
cd _build &&  cmake -E env CXXFLAGS="-std=c++23 -ggdb -DDTYPE_IN= -DDTYPE_OUT= -DDTYPE_ACC=" \
	cmake `echo /scratch/luisr/mlir-aie/programming_examples/basic/block_datatypes/matrix_multiplication/whole_array/..` -D CMAKE_C_COMPILER=gcc-13 -D CMAKE_CXX_COMPILER=g++-13 -DTARGET_NAME=whole_array -Dhostsrc=/scratch/luisr/mlir-aie/programming_examples/basic/block_datatypes/matrix_multiplication/whole_array/../bfp_test.cpp
CMake Deprecation Warning at CMakeLists.txt:13 (cmake_minimum_required):
  Compatibility with CMake < 3.10 will be removed from a future version of
  CMake.

  Update the VERSION argument <min> value.  Or, use the <min>...<max> syntax
  to tell CMake that the project requires at least <min> but has been updated
  to work with policies introduced by <max> or earlier.


-- The C compiler identification is GNU 13.3.0
-- The CXX compiler identification is GNU 13.3.0
-- Detecting C compiler ABI info
-- Detecting C compiler ABI info - done
-- Check for working C compiler: /usr/bin/gcc-13 - skipped
-- Detecting C compile features
-- Detecting C compile features - done
-- Detecting CXX compiler ABI info
-- Detecting CXX compiler ABI info - done
-- Check for working CXX compiler: /usr/bin/g++-13 - skipped
-- Detecting CXX compile features
-- Detecting CXX compile features - done
-- Configuring done (0.3s)
-- Generating done (0.0s)
-- Build files have been written to: /scratch/luisr/mlir-aie/programming_examples/basic/block_datatypes/matrix_multiplication/whole_array/_build
cd _build &&  cmake --build . --config Release
gmake[1]: Entering directory '/scratch/luisr/mlir-aie/programming_examples/basic/block_datatypes/matrix_multiplication/whole_array/_build'
gmake[2]: Entering directory '/scratch/luisr/mlir-aie/programming_examples/basic/block_datatypes/matrix_multiplication/whole_array/_build'
gmake[3]: Entering directory '/scratch/luisr/mlir-aie/programming_examples/basic/block_datatypes/matrix_multiplication/whole_array/_build'
gmake[3]: Leaving directory '/scratch/luisr/mlir-aie/programming_examples/basic/block_datatypes/matrix_multiplication/whole_array/_build'
gmake[3]: Entering directory '/scratch/luisr/mlir-aie/programming_examples/basic/block_datatypes/matrix_multiplication/whole_array/_build'
[ 33%] Building CXX object CMakeFiles/whole_array.dir/bfp_test.cpp.o
[ 66%] Building CXX object CMakeFiles/whole_array.dir/scratch/luisr/mlir-aie/runtime_lib/test_lib/test_utils.cpp.o
[100%] Linking CXX executable whole_array
gmake[3]: Leaving directory '/scratch/luisr/mlir-aie/programming_examples/basic/block_datatypes/matrix_multiplication/whole_array/_build'
[100%] Built target whole_array
gmake[2]: Leaving directory '/scratch/luisr/mlir-aie/programming_examples/basic/block_datatypes/matrix_multiplication/whole_array/_build'
gmake[1]: Leaving directory '/scratch/luisr/mlir-aie/programming_examples/basic/block_datatypes/matrix_multiplication/whole_array/_build'
cp _build/whole_array whole_array.exe 
mkdir -p build
python3 /scratch/luisr/mlir-aie/programming_examples/basic/block_datatypes/matrix_multiplication/whole_array/whole_array.py --n-aie-cols 8 -m 64 -k 128 -n 64 -M 4096 -K 4096 -N 512 > build/aie_4096x4096x512_64x128x64.mlir
mkdir -p build
cd build && xchesscc_wrapper aie2p -I /proj/xbuilds/2024.2_INT_1113_1001/installs/all_platforms/Vitis/2024.2/aietools/include  -DDIM_M=64 -DDIM_K=128 -DDIM_N=64 -c /scratch/luisr/mlir-aie/programming_examples/basic/block_datatypes/matrix_multiplication/whole_array/../mm.cc -o mm_64x128x64.o
WARNING: Default location for XILINX_VIVADO_IP_OVERRIDE not found: /build/xfndry/IP_2024.2_INTEGRATION_VERIFIED/customer/vivado/data/ip
mkdir -p build
cd build && aiecc.py --alloc-scheme= --aie-generate-xclbin --no-compile-host --xclbin-name=final_4096x4096x512_64x128x64.xclbin \
			 --dynamic-objFifos \
			--aie-generate-npu-insts --npu-insts-name=insts_4096x4096x512_64x128x64.txt ../build/aie_4096x4096x512_64x128x64.mlir

Generating: /scratch/luisr/mlir-aie/programming_examples/basic/block_datatypes/matrix_multiplication/whole_array/build/aie_4096x4096x512_64x128x64.mlir.prj/aie_cdo_elfs.bin
Generating: /scratch/luisr/mlir-aie/programming_examples/basic/block_datatypes/matrix_multiplication/whole_array/build/aie_4096x4096x512_64x128x64.mlir.prj/aie_cdo_init.bin
Generating: /scratch/luisr/mlir-aie/programming_examples/basic/block_datatypes/matrix_multiplication/whole_array/build/aie_4096x4096x512_64x128x64.mlir.prj/aie_cdo_enable.bin
export XRT_HACK_UNSECURE_LOADING_XCLBIN=1 && \
 ./whole_array.exe -x build/final_4096x4096x512_64x128x64.xclbin -i build/insts_4096x4096x512_64x128x64.txt -k MLIR_AIE -M 4096 -K 4096 -N 512 -w 64 -y 128 -z 64 --iters 40 --warmup 10 --verify 0

Avg NPU matmul time: 2293.88us.
Avg NPU gflops: 7489.45

Min NPU matmul time: 2246us.
Max NPU gflops: 7649.1

Max NPU matmul time: 3205us.
Min NPU gflops: 5360.33

Shuffle time: 88489us.

PASS!

rm -rf build _build whole_array.exe
rm -rf _build
mkdir -p _build
cd _build &&  cmake -E env CXXFLAGS="-std=c++23 -ggdb -DDTYPE_IN= -DDTYPE_OUT= -DDTYPE_ACC=" \
	cmake `echo /scratch/luisr/mlir-aie/programming_examples/basic/block_datatypes/matrix_multiplication/whole_array/..` -D CMAKE_C_COMPILER=gcc-13 -D CMAKE_CXX_COMPILER=g++-13 -DTARGET_NAME=whole_array -Dhostsrc=/scratch/luisr/mlir-aie/programming_examples/basic/block_datatypes/matrix_multiplication/whole_array/../bfp_test.cpp
CMake Deprecation Warning at CMakeLists.txt:13 (cmake_minimum_required):
  Compatibility with CMake < 3.10 will be removed from a future version of
  CMake.

  Update the VERSION argument <min> value.  Or, use the <min>...<max> syntax
  to tell CMake that the project requires at least <min> but has been updated
  to work with policies introduced by <max> or earlier.


-- The C compiler identification is GNU 13.3.0
-- The CXX compiler identification is GNU 13.3.0
-- Detecting C compiler ABI info
-- Detecting C compiler ABI info - done
-- Check for working C compiler: /usr/bin/gcc-13 - skipped
-- Detecting C compile features
-- Detecting C compile features - done
-- Detecting CXX compiler ABI info
-- Detecting CXX compiler ABI info - done
-- Check for working CXX compiler: /usr/bin/g++-13 - skipped
-- Detecting CXX compile features
-- Detecting CXX compile features - done
-- Configuring done (0.2s)
-- Generating done (0.0s)
-- Build files have been written to: /scratch/luisr/mlir-aie/programming_examples/basic/block_datatypes/matrix_multiplication/whole_array/_build
cd _build &&  cmake --build . --config Release
gmake[1]: Entering directory '/scratch/luisr/mlir-aie/programming_examples/basic/block_datatypes/matrix_multiplication/whole_array/_build'
gmake[2]: Entering directory '/scratch/luisr/mlir-aie/programming_examples/basic/block_datatypes/matrix_multiplication/whole_array/_build'
gmake[3]: Entering directory '/scratch/luisr/mlir-aie/programming_examples/basic/block_datatypes/matrix_multiplication/whole_array/_build'
gmake[3]: Leaving directory '/scratch/luisr/mlir-aie/programming_examples/basic/block_datatypes/matrix_multiplication/whole_array/_build'
gmake[3]: Entering directory '/scratch/luisr/mlir-aie/programming_examples/basic/block_datatypes/matrix_multiplication/whole_array/_build'
[ 33%] Building CXX object CMakeFiles/whole_array.dir/bfp_test.cpp.o
[ 66%] Building CXX object CMakeFiles/whole_array.dir/scratch/luisr/mlir-aie/runtime_lib/test_lib/test_utils.cpp.o
[100%] Linking CXX executable whole_array
gmake[3]: Leaving directory '/scratch/luisr/mlir-aie/programming_examples/basic/block_datatypes/matrix_multiplication/whole_array/_build'
[100%] Built target whole_array
gmake[2]: Leaving directory '/scratch/luisr/mlir-aie/programming_examples/basic/block_datatypes/matrix_multiplication/whole_array/_build'
gmake[1]: Leaving directory '/scratch/luisr/mlir-aie/programming_examples/basic/block_datatypes/matrix_multiplication/whole_array/_build'
cp _build/whole_array whole_array.exe 
mkdir -p build
python3 /scratch/luisr/mlir-aie/programming_examples/basic/block_datatypes/matrix_multiplication/whole_array/whole_array.py --n-aie-cols 8 -m 64 -k 128 -n 64 -M 4096 -K 4096 -N 1024 > build/aie_4096x4096x1024_64x128x64.mlir
mkdir -p build
cd build && xchesscc_wrapper aie2p -I /proj/xbuilds/2024.2_INT_1113_1001/installs/all_platforms/Vitis/2024.2/aietools/include  -DDIM_M=64 -DDIM_K=128 -DDIM_N=64 -c /scratch/luisr/mlir-aie/programming_examples/basic/block_datatypes/matrix_multiplication/whole_array/../mm.cc -o mm_64x128x64.o
WARNING: Default location for XILINX_VIVADO_IP_OVERRIDE not found: /build/xfndry/IP_2024.2_INTEGRATION_VERIFIED/customer/vivado/data/ip
mkdir -p build
cd build && aiecc.py --alloc-scheme= --aie-generate-xclbin --no-compile-host --xclbin-name=final_4096x4096x1024_64x128x64.xclbin \
			 --dynamic-objFifos \
			--aie-generate-npu-insts --npu-insts-name=insts_4096x4096x1024_64x128x64.txt ../build/aie_4096x4096x1024_64x128x64.mlir

Generating: /scratch/luisr/mlir-aie/programming_examples/basic/block_datatypes/matrix_multiplication/whole_array/build/aie_4096x4096x1024_64x128x64.mlir.prj/aie_cdo_elfs.bin
Generating: /scratch/luisr/mlir-aie/programming_examples/basic/block_datatypes/matrix_multiplication/whole_array/build/aie_4096x4096x1024_64x128x64.mlir.prj/aie_cdo_init.bin
Generating: /scratch/luisr/mlir-aie/programming_examples/basic/block_datatypes/matrix_multiplication/whole_array/build/aie_4096x4096x1024_64x128x64.mlir.prj/aie_cdo_enable.bin
export XRT_HACK_UNSECURE_LOADING_XCLBIN=1 && \
 ./whole_array.exe -x build/final_4096x4096x1024_64x128x64.xclbin -i build/insts_4096x4096x1024_64x128x64.txt -k MLIR_AIE -M 4096 -K 4096 -N 1024 -w 64 -y 128 -z 64 --iters 40 --warmup 10 --verify 0

Avg NPU matmul time: 4594.55us.
Avg NPU gflops: 7478.37

Min NPU matmul time: 4295us.
Max NPU gflops: 7999.94

Max NPU matmul time: 5237us.
Min NPU gflops: 6560.96

Shuffle time: 96598us.

PASS!

rm -rf build _build whole_array.exe
rm -rf _build
mkdir -p _build
cd _build &&  cmake -E env CXXFLAGS="-std=c++23 -ggdb -DDTYPE_IN= -DDTYPE_OUT= -DDTYPE_ACC=" \
	cmake `echo /scratch/luisr/mlir-aie/programming_examples/basic/block_datatypes/matrix_multiplication/whole_array/..` -D CMAKE_C_COMPILER=gcc-13 -D CMAKE_CXX_COMPILER=g++-13 -DTARGET_NAME=whole_array -Dhostsrc=/scratch/luisr/mlir-aie/programming_examples/basic/block_datatypes/matrix_multiplication/whole_array/../bfp_test.cpp
CMake Deprecation Warning at CMakeLists.txt:13 (cmake_minimum_required):
  Compatibility with CMake < 3.10 will be removed from a future version of
  CMake.

  Update the VERSION argument <min> value.  Or, use the <min>...<max> syntax
  to tell CMake that the project requires at least <min> but has been updated
  to work with policies introduced by <max> or earlier.


-- The C compiler identification is GNU 13.3.0
-- The CXX compiler identification is GNU 13.3.0
-- Detecting C compiler ABI info
-- Detecting C compiler ABI info - done
-- Check for working C compiler: /usr/bin/gcc-13 - skipped
-- Detecting C compile features
-- Detecting C compile features - done
-- Detecting CXX compiler ABI info
-- Detecting CXX compiler ABI info - done
-- Check for working CXX compiler: /usr/bin/g++-13 - skipped
-- Detecting CXX compile features
-- Detecting CXX compile features - done
-- Configuring done (0.3s)
-- Generating done (0.0s)
-- Build files have been written to: /scratch/luisr/mlir-aie/programming_examples/basic/block_datatypes/matrix_multiplication/whole_array/_build
cd _build &&  cmake --build . --config Release
gmake[1]: Entering directory '/scratch/luisr/mlir-aie/programming_examples/basic/block_datatypes/matrix_multiplication/whole_array/_build'
gmake[2]: Entering directory '/scratch/luisr/mlir-aie/programming_examples/basic/block_datatypes/matrix_multiplication/whole_array/_build'
gmake[3]: Entering directory '/scratch/luisr/mlir-aie/programming_examples/basic/block_datatypes/matrix_multiplication/whole_array/_build'
gmake[3]: Leaving directory '/scratch/luisr/mlir-aie/programming_examples/basic/block_datatypes/matrix_multiplication/whole_array/_build'
gmake[3]: Entering directory '/scratch/luisr/mlir-aie/programming_examples/basic/block_datatypes/matrix_multiplication/whole_array/_build'
[ 33%] Building CXX object CMakeFiles/whole_array.dir/bfp_test.cpp.o
[ 66%] Building CXX object CMakeFiles/whole_array.dir/scratch/luisr/mlir-aie/runtime_lib/test_lib/test_utils.cpp.o
[100%] Linking CXX executable whole_array
gmake[3]: Leaving directory '/scratch/luisr/mlir-aie/programming_examples/basic/block_datatypes/matrix_multiplication/whole_array/_build'
[100%] Built target whole_array
gmake[2]: Leaving directory '/scratch/luisr/mlir-aie/programming_examples/basic/block_datatypes/matrix_multiplication/whole_array/_build'
gmake[1]: Leaving directory '/scratch/luisr/mlir-aie/programming_examples/basic/block_datatypes/matrix_multiplication/whole_array/_build'
cp _build/whole_array whole_array.exe 
mkdir -p build
python3 /scratch/luisr/mlir-aie/programming_examples/basic/block_datatypes/matrix_multiplication/whole_array/whole_array.py --n-aie-cols 8 -m 64 -k 128 -n 64 -M 4096 -K 4096 -N 4096 > build/aie_4096x4096x4096_64x128x64.mlir
mkdir -p build
cd build && xchesscc_wrapper aie2p -I /proj/xbuilds/2024.2_INT_1113_1001/installs/all_platforms/Vitis/2024.2/aietools/include  -DDIM_M=64 -DDIM_K=128 -DDIM_N=64 -c /scratch/luisr/mlir-aie/programming_examples/basic/block_datatypes/matrix_multiplication/whole_array/../mm.cc -o mm_64x128x64.o
WARNING: Default location for XILINX_VIVADO_IP_OVERRIDE not found: /build/xfndry/IP_2024.2_INTEGRATION_VERIFIED/customer/vivado/data/ip
mkdir -p build
cd build && aiecc.py --alloc-scheme= --aie-generate-xclbin --no-compile-host --xclbin-name=final_4096x4096x4096_64x128x64.xclbin \
			 --dynamic-objFifos \
			--aie-generate-npu-insts --npu-insts-name=insts_4096x4096x4096_64x128x64.txt ../build/aie_4096x4096x4096_64x128x64.mlir

Generating: /scratch/luisr/mlir-aie/programming_examples/basic/block_datatypes/matrix_multiplication/whole_array/build/aie_4096x4096x4096_64x128x64.mlir.prj/aie_cdo_elfs.bin
Generating: /scratch/luisr/mlir-aie/programming_examples/basic/block_datatypes/matrix_multiplication/whole_array/build/aie_4096x4096x4096_64x128x64.mlir.prj/aie_cdo_init.bin
Generating: /scratch/luisr/mlir-aie/programming_examples/basic/block_datatypes/matrix_multiplication/whole_array/build/aie_4096x4096x4096_64x128x64.mlir.prj/aie_cdo_enable.bin
export XRT_HACK_UNSECURE_LOADING_XCLBIN=1 && \
 ./whole_array.exe -x build/final_4096x4096x4096_64x128x64.xclbin -i build/insts_4096x4096x4096_64x128x64.txt -k MLIR_AIE -M 4096 -K 4096 -N 4096 -w 64 -y 128 -z 64 --iters 40 --warmup 10 --verify 0

Avg NPU matmul time: 17424.7us.
Avg NPU gflops: 7887.59

Min NPU matmul time: 16760us.
Max NPU gflops: 8200.42

Max NPU matmul time: 18095us.
Min NPU gflops: 7595.41

Shuffle time: 156604us.

PASS!

rm -rf build _build whole_array.exe
rm -rf _build
mkdir -p _build
cd _build &&  cmake -E env CXXFLAGS="-std=c++23 -ggdb -DDTYPE_IN= -DDTYPE_OUT= -DDTYPE_ACC=" \
	cmake `echo /scratch/luisr/mlir-aie/programming_examples/basic/block_datatypes/matrix_multiplication/whole_array/..` -D CMAKE_C_COMPILER=gcc-13 -D CMAKE_CXX_COMPILER=g++-13 -DTARGET_NAME=whole_array -Dhostsrc=/scratch/luisr/mlir-aie/programming_examples/basic/block_datatypes/matrix_multiplication/whole_array/../bfp_test.cpp
CMake Deprecation Warning at CMakeLists.txt:13 (cmake_minimum_required):
  Compatibility with CMake < 3.10 will be removed from a future version of
  CMake.

  Update the VERSION argument <min> value.  Or, use the <min>...<max> syntax
  to tell CMake that the project requires at least <min> but has been updated
  to work with policies introduced by <max> or earlier.


-- The C compiler identification is GNU 13.3.0
-- The CXX compiler identification is GNU 13.3.0
-- Detecting C compiler ABI info
-- Detecting C compiler ABI info - done
-- Check for working C compiler: /usr/bin/gcc-13 - skipped
-- Detecting C compile features
-- Detecting C compile features - done
-- Detecting CXX compiler ABI info
-- Detecting CXX compiler ABI info - done
-- Check for working CXX compiler: /usr/bin/g++-13 - skipped
-- Detecting CXX compile features
-- Detecting CXX compile features - done
-- Configuring done (0.3s)
-- Generating done (0.0s)
-- Build files have been written to: /scratch/luisr/mlir-aie/programming_examples/basic/block_datatypes/matrix_multiplication/whole_array/_build
cd _build &&  cmake --build . --config Release
gmake[1]: Entering directory '/scratch/luisr/mlir-aie/programming_examples/basic/block_datatypes/matrix_multiplication/whole_array/_build'
gmake[2]: Entering directory '/scratch/luisr/mlir-aie/programming_examples/basic/block_datatypes/matrix_multiplication/whole_array/_build'
gmake[3]: Entering directory '/scratch/luisr/mlir-aie/programming_examples/basic/block_datatypes/matrix_multiplication/whole_array/_build'
gmake[3]: Leaving directory '/scratch/luisr/mlir-aie/programming_examples/basic/block_datatypes/matrix_multiplication/whole_array/_build'
gmake[3]: Entering directory '/scratch/luisr/mlir-aie/programming_examples/basic/block_datatypes/matrix_multiplication/whole_array/_build'
[ 33%] Building CXX object CMakeFiles/whole_array.dir/bfp_test.cpp.o
[ 66%] Building CXX object CMakeFiles/whole_array.dir/scratch/luisr/mlir-aie/runtime_lib/test_lib/test_utils.cpp.o
[100%] Linking CXX executable whole_array
gmake[3]: Leaving directory '/scratch/luisr/mlir-aie/programming_examples/basic/block_datatypes/matrix_multiplication/whole_array/_build'
[100%] Built target whole_array
gmake[2]: Leaving directory '/scratch/luisr/mlir-aie/programming_examples/basic/block_datatypes/matrix_multiplication/whole_array/_build'
gmake[1]: Leaving directory '/scratch/luisr/mlir-aie/programming_examples/basic/block_datatypes/matrix_multiplication/whole_array/_build'
cp _build/whole_array whole_array.exe 
mkdir -p build
python3 /scratch/luisr/mlir-aie/programming_examples/basic/block_datatypes/matrix_multiplication/whole_array/whole_array.py --n-aie-cols 8 -m 64 -k 128 -n 64 -M 4096 -K 4096 -N 8192 > build/aie_4096x4096x8192_64x128x64.mlir
mkdir -p build
cd build && xchesscc_wrapper aie2p -I /proj/xbuilds/2024.2_INT_1113_1001/installs/all_platforms/Vitis/2024.2/aietools/include  -DDIM_M=64 -DDIM_K=128 -DDIM_N=64 -c /scratch/luisr/mlir-aie/programming_examples/basic/block_datatypes/matrix_multiplication/whole_array/../mm.cc -o mm_64x128x64.o
WARNING: Default location for XILINX_VIVADO_IP_OVERRIDE not found: /build/xfndry/IP_2024.2_INTEGRATION_VERIFIED/customer/vivado/data/ip
mkdir -p build
cd build && aiecc.py --alloc-scheme= --aie-generate-xclbin --no-compile-host --xclbin-name=final_4096x4096x8192_64x128x64.xclbin \
			 --dynamic-objFifos \
			--aie-generate-npu-insts --npu-insts-name=insts_4096x4096x8192_64x128x64.txt ../build/aie_4096x4096x8192_64x128x64.mlir

Generating: /scratch/luisr/mlir-aie/programming_examples/basic/block_datatypes/matrix_multiplication/whole_array/build/aie_4096x4096x8192_64x128x64.mlir.prj/aie_cdo_elfs.bin
Generating: /scratch/luisr/mlir-aie/programming_examples/basic/block_datatypes/matrix_multiplication/whole_array/build/aie_4096x4096x8192_64x128x64.mlir.prj/aie_cdo_init.bin
Generating: /scratch/luisr/mlir-aie/programming_examples/basic/block_datatypes/matrix_multiplication/whole_array/build/aie_4096x4096x8192_64x128x64.mlir.prj/aie_cdo_enable.bin
export XRT_HACK_UNSECURE_LOADING_XCLBIN=1 && \
 ./whole_array.exe -x build/final_4096x4096x8192_64x128x64.xclbin -i build/insts_4096x4096x8192_64x128x64.txt -k MLIR_AIE -M 4096 -K 4096 -N 8192 -w 64 -y 128 -z 64 --iters 40 --warmup 10 --verify 0

Avg NPU matmul time: 34404us.
Avg NPU gflops: 7989.7

Min NPU matmul time: 33627us.
Max NPU gflops: 8174.32

Max NPU matmul time: 35765us.
Min NPU gflops: 7685.67

Shuffle time: 235764us.

PASS!

rm -rf build _build whole_array.exe
rm -rf _build
mkdir -p _build
cd _build &&  cmake -E env CXXFLAGS="-std=c++23 -ggdb -DDTYPE_IN= -DDTYPE_OUT= -DDTYPE_ACC=" \
	cmake `echo /scratch/luisr/mlir-aie/programming_examples/basic/block_datatypes/matrix_multiplication/whole_array/..` -D CMAKE_C_COMPILER=gcc-13 -D CMAKE_CXX_COMPILER=g++-13 -DTARGET_NAME=whole_array -Dhostsrc=/scratch/luisr/mlir-aie/programming_examples/basic/block_datatypes/matrix_multiplication/whole_array/../bfp_test.cpp
CMake Deprecation Warning at CMakeLists.txt:13 (cmake_minimum_required):
  Compatibility with CMake < 3.10 will be removed from a future version of
  CMake.

  Update the VERSION argument <min> value.  Or, use the <min>...<max> syntax
  to tell CMake that the project requires at least <min> but has been updated
  to work with policies introduced by <max> or earlier.


-- The C compiler identification is GNU 13.3.0
-- The CXX compiler identification is GNU 13.3.0
-- Detecting C compiler ABI info
-- Detecting C compiler ABI info - done
-- Check for working C compiler: /usr/bin/gcc-13 - skipped
-- Detecting C compile features
-- Detecting C compile features - done
-- Detecting CXX compiler ABI info
-- Detecting CXX compiler ABI info - done
-- Check for working CXX compiler: /usr/bin/g++-13 - skipped
-- Detecting CXX compile features
-- Detecting CXX compile features - done
-- Configuring done (0.3s)
-- Generating done (0.0s)
-- Build files have been written to: /scratch/luisr/mlir-aie/programming_examples/basic/block_datatypes/matrix_multiplication/whole_array/_build
cd _build &&  cmake --build . --config Release
gmake[1]: Entering directory '/scratch/luisr/mlir-aie/programming_examples/basic/block_datatypes/matrix_multiplication/whole_array/_build'
gmake[2]: Entering directory '/scratch/luisr/mlir-aie/programming_examples/basic/block_datatypes/matrix_multiplication/whole_array/_build'
gmake[3]: Entering directory '/scratch/luisr/mlir-aie/programming_examples/basic/block_datatypes/matrix_multiplication/whole_array/_build'
gmake[3]: Leaving directory '/scratch/luisr/mlir-aie/programming_examples/basic/block_datatypes/matrix_multiplication/whole_array/_build'
gmake[3]: Entering directory '/scratch/luisr/mlir-aie/programming_examples/basic/block_datatypes/matrix_multiplication/whole_array/_build'
[ 33%] Building CXX object CMakeFiles/whole_array.dir/bfp_test.cpp.o
[ 66%] Building CXX object CMakeFiles/whole_array.dir/scratch/luisr/mlir-aie/runtime_lib/test_lib/test_utils.cpp.o
[100%] Linking CXX executable whole_array
gmake[3]: Leaving directory '/scratch/luisr/mlir-aie/programming_examples/basic/block_datatypes/matrix_multiplication/whole_array/_build'
[100%] Built target whole_array
gmake[2]: Leaving directory '/scratch/luisr/mlir-aie/programming_examples/basic/block_datatypes/matrix_multiplication/whole_array/_build'
gmake[1]: Leaving directory '/scratch/luisr/mlir-aie/programming_examples/basic/block_datatypes/matrix_multiplication/whole_array/_build'
cp _build/whole_array whole_array.exe 
mkdir -p build
python3 /scratch/luisr/mlir-aie/programming_examples/basic/block_datatypes/matrix_multiplication/whole_array/whole_array.py --n-aie-cols 8 -m 64 -k 128 -n 64 -M 4096 -K 6144 -N 512 > build/aie_4096x6144x512_64x128x64.mlir
mkdir -p build
cd build && xchesscc_wrapper aie2p -I /proj/xbuilds/2024.2_INT_1113_1001/installs/all_platforms/Vitis/2024.2/aietools/include  -DDIM_M=64 -DDIM_K=128 -DDIM_N=64 -c /scratch/luisr/mlir-aie/programming_examples/basic/block_datatypes/matrix_multiplication/whole_array/../mm.cc -o mm_64x128x64.o
WARNING: Default location for XILINX_VIVADO_IP_OVERRIDE not found: /build/xfndry/IP_2024.2_INTEGRATION_VERIFIED/customer/vivado/data/ip
mkdir -p build
cd build && aiecc.py --alloc-scheme= --aie-generate-xclbin --no-compile-host --xclbin-name=final_4096x6144x512_64x128x64.xclbin \
			 --dynamic-objFifos \
			--aie-generate-npu-insts --npu-insts-name=insts_4096x6144x512_64x128x64.txt ../build/aie_4096x6144x512_64x128x64.mlir

Generating: /scratch/luisr/mlir-aie/programming_examples/basic/block_datatypes/matrix_multiplication/whole_array/build/aie_4096x6144x512_64x128x64.mlir.prj/aie_cdo_elfs.bin
Generating: /scratch/luisr/mlir-aie/programming_examples/basic/block_datatypes/matrix_multiplication/whole_array/build/aie_4096x6144x512_64x128x64.mlir.prj/aie_cdo_init.bin
Generating: /scratch/luisr/mlir-aie/programming_examples/basic/block_datatypes/matrix_multiplication/whole_array/build/aie_4096x6144x512_64x128x64.mlir.prj/aie_cdo_enable.bin
export XRT_HACK_UNSECURE_LOADING_XCLBIN=1 && \
 ./whole_array.exe -x build/final_4096x6144x512_64x128x64.xclbin -i build/insts_4096x6144x512_64x128x64.txt -k MLIR_AIE -M 4096 -K 6144 -N 512 -w 64 -y 128 -z 64 --iters 40 --warmup 10 --verify 0

Avg NPU matmul time: 3662.05us.
Avg NPU gflops: 7036.99

Min NPU matmul time: 3522us.
Max NPU gflops: 7316.81

Max NPU matmul time: 4025us.
Min NPU gflops: 6402.44

Shuffle time: 132785us.

PASS!

rm -rf build _build whole_array.exe
rm -rf _build
mkdir -p _build
cd _build &&  cmake -E env CXXFLAGS="-std=c++23 -ggdb -DDTYPE_IN= -DDTYPE_OUT= -DDTYPE_ACC=" \
	cmake `echo /scratch/luisr/mlir-aie/programming_examples/basic/block_datatypes/matrix_multiplication/whole_array/..` -D CMAKE_C_COMPILER=gcc-13 -D CMAKE_CXX_COMPILER=g++-13 -DTARGET_NAME=whole_array -Dhostsrc=/scratch/luisr/mlir-aie/programming_examples/basic/block_datatypes/matrix_multiplication/whole_array/../bfp_test.cpp
CMake Deprecation Warning at CMakeLists.txt:13 (cmake_minimum_required):
  Compatibility with CMake < 3.10 will be removed from a future version of
  CMake.

  Update the VERSION argument <min> value.  Or, use the <min>...<max> syntax
  to tell CMake that the project requires at least <min> but has been updated
  to work with policies introduced by <max> or earlier.


-- The C compiler identification is GNU 13.3.0
-- The CXX compiler identification is GNU 13.3.0
-- Detecting C compiler ABI info
-- Detecting C compiler ABI info - done
-- Check for working C compiler: /usr/bin/gcc-13 - skipped
-- Detecting C compile features
-- Detecting C compile features - done
-- Detecting CXX compiler ABI info
-- Detecting CXX compiler ABI info - done
-- Check for working CXX compiler: /usr/bin/g++-13 - skipped
-- Detecting CXX compile features
-- Detecting CXX compile features - done
-- Configuring done (0.3s)
-- Generating done (0.0s)
-- Build files have been written to: /scratch/luisr/mlir-aie/programming_examples/basic/block_datatypes/matrix_multiplication/whole_array/_build
cd _build &&  cmake --build . --config Release
gmake[1]: Entering directory '/scratch/luisr/mlir-aie/programming_examples/basic/block_datatypes/matrix_multiplication/whole_array/_build'
gmake[2]: Entering directory '/scratch/luisr/mlir-aie/programming_examples/basic/block_datatypes/matrix_multiplication/whole_array/_build'
gmake[3]: Entering directory '/scratch/luisr/mlir-aie/programming_examples/basic/block_datatypes/matrix_multiplication/whole_array/_build'
gmake[3]: Leaving directory '/scratch/luisr/mlir-aie/programming_examples/basic/block_datatypes/matrix_multiplication/whole_array/_build'
gmake[3]: Entering directory '/scratch/luisr/mlir-aie/programming_examples/basic/block_datatypes/matrix_multiplication/whole_array/_build'
[ 33%] Building CXX object CMakeFiles/whole_array.dir/bfp_test.cpp.o
[ 66%] Building CXX object CMakeFiles/whole_array.dir/scratch/luisr/mlir-aie/runtime_lib/test_lib/test_utils.cpp.o
[100%] Linking CXX executable whole_array
gmake[3]: Leaving directory '/scratch/luisr/mlir-aie/programming_examples/basic/block_datatypes/matrix_multiplication/whole_array/_build'
[100%] Built target whole_array
gmake[2]: Leaving directory '/scratch/luisr/mlir-aie/programming_examples/basic/block_datatypes/matrix_multiplication/whole_array/_build'
gmake[1]: Leaving directory '/scratch/luisr/mlir-aie/programming_examples/basic/block_datatypes/matrix_multiplication/whole_array/_build'
cp _build/whole_array whole_array.exe 
mkdir -p build
python3 /scratch/luisr/mlir-aie/programming_examples/basic/block_datatypes/matrix_multiplication/whole_array/whole_array.py --n-aie-cols 8 -m 64 -k 128 -n 64 -M 4096 -K 6144 -N 1024 > build/aie_4096x6144x1024_64x128x64.mlir
mkdir -p build
cd build && xchesscc_wrapper aie2p -I /proj/xbuilds/2024.2_INT_1113_1001/installs/all_platforms/Vitis/2024.2/aietools/include  -DDIM_M=64 -DDIM_K=128 -DDIM_N=64 -c /scratch/luisr/mlir-aie/programming_examples/basic/block_datatypes/matrix_multiplication/whole_array/../mm.cc -o mm_64x128x64.o
WARNING: Default location for XILINX_VIVADO_IP_OVERRIDE not found: /build/xfndry/IP_2024.2_INTEGRATION_VERIFIED/customer/vivado/data/ip
mkdir -p build
cd build && aiecc.py --alloc-scheme= --aie-generate-xclbin --no-compile-host --xclbin-name=final_4096x6144x1024_64x128x64.xclbin \
			 --dynamic-objFifos \
			--aie-generate-npu-insts --npu-insts-name=insts_4096x6144x1024_64x128x64.txt ../build/aie_4096x6144x1024_64x128x64.mlir

Generating: /scratch/luisr/mlir-aie/programming_examples/basic/block_datatypes/matrix_multiplication/whole_array/build/aie_4096x6144x1024_64x128x64.mlir.prj/aie_cdo_elfs.bin
Generating: /scratch/luisr/mlir-aie/programming_examples/basic/block_datatypes/matrix_multiplication/whole_array/build/aie_4096x6144x1024_64x128x64.mlir.prj/aie_cdo_init.bin
Generating: /scratch/luisr/mlir-aie/programming_examples/basic/block_datatypes/matrix_multiplication/whole_array/build/aie_4096x6144x1024_64x128x64.mlir.prj/aie_cdo_enable.bin
export XRT_HACK_UNSECURE_LOADING_XCLBIN=1 && \
 ./whole_array.exe -x build/final_4096x6144x1024_64x128x64.xclbin -i build/insts_4096x6144x1024_64x128x64.txt -k MLIR_AIE -M 4096 -K 6144 -N 1024 -w 64 -y 128 -z 64 --iters 40 --warmup 10 --verify 0

Avg NPU matmul time: 7325.23us.
Avg NPU gflops: 7035.91

Min NPU matmul time: 6815us.
Max NPU gflops: 7562.67

Max NPU matmul time: 7898us.
Min NPU gflops: 6525.65

Shuffle time: 146777us.

PASS!

rm -rf build _build whole_array.exe
rm -rf _build
mkdir -p _build
cd _build &&  cmake -E env CXXFLAGS="-std=c++23 -ggdb -DDTYPE_IN= -DDTYPE_OUT= -DDTYPE_ACC=" \
	cmake `echo /scratch/luisr/mlir-aie/programming_examples/basic/block_datatypes/matrix_multiplication/whole_array/..` -D CMAKE_C_COMPILER=gcc-13 -D CMAKE_CXX_COMPILER=g++-13 -DTARGET_NAME=whole_array -Dhostsrc=/scratch/luisr/mlir-aie/programming_examples/basic/block_datatypes/matrix_multiplication/whole_array/../bfp_test.cpp
CMake Deprecation Warning at CMakeLists.txt:13 (cmake_minimum_required):
  Compatibility with CMake < 3.10 will be removed from a future version of
  CMake.

  Update the VERSION argument <min> value.  Or, use the <min>...<max> syntax
  to tell CMake that the project requires at least <min> but has been updated
  to work with policies introduced by <max> or earlier.


-- The C compiler identification is GNU 13.3.0
-- The CXX compiler identification is GNU 13.3.0
-- Detecting C compiler ABI info
-- Detecting C compiler ABI info - done
-- Check for working C compiler: /usr/bin/gcc-13 - skipped
-- Detecting C compile features
-- Detecting C compile features - done
-- Detecting CXX compiler ABI info
-- Detecting CXX compiler ABI info - done
-- Check for working CXX compiler: /usr/bin/g++-13 - skipped
-- Detecting CXX compile features
-- Detecting CXX compile features - done
-- Configuring done (0.3s)
-- Generating done (0.0s)
-- Build files have been written to: /scratch/luisr/mlir-aie/programming_examples/basic/block_datatypes/matrix_multiplication/whole_array/_build
cd _build &&  cmake --build . --config Release
gmake[1]: Entering directory '/scratch/luisr/mlir-aie/programming_examples/basic/block_datatypes/matrix_multiplication/whole_array/_build'
gmake[2]: Entering directory '/scratch/luisr/mlir-aie/programming_examples/basic/block_datatypes/matrix_multiplication/whole_array/_build'
gmake[3]: Entering directory '/scratch/luisr/mlir-aie/programming_examples/basic/block_datatypes/matrix_multiplication/whole_array/_build'
gmake[3]: Leaving directory '/scratch/luisr/mlir-aie/programming_examples/basic/block_datatypes/matrix_multiplication/whole_array/_build'
gmake[3]: Entering directory '/scratch/luisr/mlir-aie/programming_examples/basic/block_datatypes/matrix_multiplication/whole_array/_build'
[ 33%] Building CXX object CMakeFiles/whole_array.dir/bfp_test.cpp.o
[ 66%] Building CXX object CMakeFiles/whole_array.dir/scratch/luisr/mlir-aie/runtime_lib/test_lib/test_utils.cpp.o
[100%] Linking CXX executable whole_array
gmake[3]: Leaving directory '/scratch/luisr/mlir-aie/programming_examples/basic/block_datatypes/matrix_multiplication/whole_array/_build'
[100%] Built target whole_array
gmake[2]: Leaving directory '/scratch/luisr/mlir-aie/programming_examples/basic/block_datatypes/matrix_multiplication/whole_array/_build'
gmake[1]: Leaving directory '/scratch/luisr/mlir-aie/programming_examples/basic/block_datatypes/matrix_multiplication/whole_array/_build'
cp _build/whole_array whole_array.exe 
mkdir -p build
python3 /scratch/luisr/mlir-aie/programming_examples/basic/block_datatypes/matrix_multiplication/whole_array/whole_array.py --n-aie-cols 8 -m 64 -k 128 -n 64 -M 4096 -K 6144 -N 4096 > build/aie_4096x6144x4096_64x128x64.mlir
mkdir -p build
cd build && xchesscc_wrapper aie2p -I /proj/xbuilds/2024.2_INT_1113_1001/installs/all_platforms/Vitis/2024.2/aietools/include  -DDIM_M=64 -DDIM_K=128 -DDIM_N=64 -c /scratch/luisr/mlir-aie/programming_examples/basic/block_datatypes/matrix_multiplication/whole_array/../mm.cc -o mm_64x128x64.o
WARNING: Default location for XILINX_VIVADO_IP_OVERRIDE not found: /build/xfndry/IP_2024.2_INTEGRATION_VERIFIED/customer/vivado/data/ip
mkdir -p build
cd build && aiecc.py --alloc-scheme= --aie-generate-xclbin --no-compile-host --xclbin-name=final_4096x6144x4096_64x128x64.xclbin \
			 --dynamic-objFifos \
			--aie-generate-npu-insts --npu-insts-name=insts_4096x6144x4096_64x128x64.txt ../build/aie_4096x6144x4096_64x128x64.mlir

Generating: /scratch/luisr/mlir-aie/programming_examples/basic/block_datatypes/matrix_multiplication/whole_array/build/aie_4096x6144x4096_64x128x64.mlir.prj/aie_cdo_elfs.bin
Generating: /scratch/luisr/mlir-aie/programming_examples/basic/block_datatypes/matrix_multiplication/whole_array/build/aie_4096x6144x4096_64x128x64.mlir.prj/aie_cdo_init.bin
Generating: /scratch/luisr/mlir-aie/programming_examples/basic/block_datatypes/matrix_multiplication/whole_array/build/aie_4096x6144x4096_64x128x64.mlir.prj/aie_cdo_enable.bin
export XRT_HACK_UNSECURE_LOADING_XCLBIN=1 && \
 ./whole_array.exe -x build/final_4096x6144x4096_64x128x64.xclbin -i build/insts_4096x6144x4096_64x128x64.txt -k MLIR_AIE -M 4096 -K 6144 -N 4096 -w 64 -y 128 -z 64 --iters 40 --warmup 10 --verify 0

Avg NPU matmul time: 29960.5us.
Avg NPU gflops: 6881

Min NPU matmul time: 27446us.
Max NPU gflops: 7511.42

Max NPU matmul time: 45530us.
Min NPU gflops: 4527.97

Shuffle time: 300720us.

PASS!

rm -rf build _build whole_array.exe
rm -rf _build
mkdir -p _build
cd _build &&  cmake -E env CXXFLAGS="-std=c++23 -ggdb -DDTYPE_IN= -DDTYPE_OUT= -DDTYPE_ACC=" \
	cmake `echo /scratch/luisr/mlir-aie/programming_examples/basic/block_datatypes/matrix_multiplication/whole_array/..` -D CMAKE_C_COMPILER=gcc-13 -D CMAKE_CXX_COMPILER=g++-13 -DTARGET_NAME=whole_array -Dhostsrc=/scratch/luisr/mlir-aie/programming_examples/basic/block_datatypes/matrix_multiplication/whole_array/../bfp_test.cpp
CMake Deprecation Warning at CMakeLists.txt:13 (cmake_minimum_required):
  Compatibility with CMake < 3.10 will be removed from a future version of
  CMake.

  Update the VERSION argument <min> value.  Or, use the <min>...<max> syntax
  to tell CMake that the project requires at least <min> but has been updated
  to work with policies introduced by <max> or earlier.


-- The C compiler identification is GNU 13.3.0
-- The CXX compiler identification is GNU 13.3.0
-- Detecting C compiler ABI info
-- Detecting C compiler ABI info - done
-- Check for working C compiler: /usr/bin/gcc-13 - skipped
-- Detecting C compile features
-- Detecting C compile features - done
-- Detecting CXX compiler ABI info
-- Detecting CXX compiler ABI info - done
-- Check for working CXX compiler: /usr/bin/g++-13 - skipped
-- Detecting CXX compile features
-- Detecting CXX compile features - done
-- Configuring done (0.3s)
-- Generating done (0.0s)
-- Build files have been written to: /scratch/luisr/mlir-aie/programming_examples/basic/block_datatypes/matrix_multiplication/whole_array/_build
cd _build &&  cmake --build . --config Release
gmake[1]: Entering directory '/scratch/luisr/mlir-aie/programming_examples/basic/block_datatypes/matrix_multiplication/whole_array/_build'
gmake[2]: Entering directory '/scratch/luisr/mlir-aie/programming_examples/basic/block_datatypes/matrix_multiplication/whole_array/_build'
gmake[3]: Entering directory '/scratch/luisr/mlir-aie/programming_examples/basic/block_datatypes/matrix_multiplication/whole_array/_build'
gmake[3]: Leaving directory '/scratch/luisr/mlir-aie/programming_examples/basic/block_datatypes/matrix_multiplication/whole_array/_build'
gmake[3]: Entering directory '/scratch/luisr/mlir-aie/programming_examples/basic/block_datatypes/matrix_multiplication/whole_array/_build'
[ 33%] Building CXX object CMakeFiles/whole_array.dir/bfp_test.cpp.o
[ 66%] Building CXX object CMakeFiles/whole_array.dir/scratch/luisr/mlir-aie/runtime_lib/test_lib/test_utils.cpp.o
[100%] Linking CXX executable whole_array
gmake[3]: Leaving directory '/scratch/luisr/mlir-aie/programming_examples/basic/block_datatypes/matrix_multiplication/whole_array/_build'
[100%] Built target whole_array
gmake[2]: Leaving directory '/scratch/luisr/mlir-aie/programming_examples/basic/block_datatypes/matrix_multiplication/whole_array/_build'
gmake[1]: Leaving directory '/scratch/luisr/mlir-aie/programming_examples/basic/block_datatypes/matrix_multiplication/whole_array/_build'
cp _build/whole_array whole_array.exe 
mkdir -p build
python3 /scratch/luisr/mlir-aie/programming_examples/basic/block_datatypes/matrix_multiplication/whole_array/whole_array.py --n-aie-cols 8 -m 64 -k 128 -n 64 -M 4096 -K 6144 -N 8192 > build/aie_4096x6144x8192_64x128x64.mlir
mkdir -p build
cd build && xchesscc_wrapper aie2p -I /proj/xbuilds/2024.2_INT_1113_1001/installs/all_platforms/Vitis/2024.2/aietools/include  -DDIM_M=64 -DDIM_K=128 -DDIM_N=64 -c /scratch/luisr/mlir-aie/programming_examples/basic/block_datatypes/matrix_multiplication/whole_array/../mm.cc -o mm_64x128x64.o
WARNING: Default location for XILINX_VIVADO_IP_OVERRIDE not found: /build/xfndry/IP_2024.2_INTEGRATION_VERIFIED/customer/vivado/data/ip
mkdir -p build
cd build && aiecc.py --alloc-scheme= --aie-generate-xclbin --no-compile-host --xclbin-name=final_4096x6144x8192_64x128x64.xclbin \
			 --dynamic-objFifos \
			--aie-generate-npu-insts --npu-insts-name=insts_4096x6144x8192_64x128x64.txt ../build/aie_4096x6144x8192_64x128x64.mlir

Generating: /scratch/luisr/mlir-aie/programming_examples/basic/block_datatypes/matrix_multiplication/whole_array/build/aie_4096x6144x8192_64x128x64.mlir.prj/aie_cdo_elfs.bin
Generating: /scratch/luisr/mlir-aie/programming_examples/basic/block_datatypes/matrix_multiplication/whole_array/build/aie_4096x6144x8192_64x128x64.mlir.prj/aie_cdo_init.bin
Generating: /scratch/luisr/mlir-aie/programming_examples/basic/block_datatypes/matrix_multiplication/whole_array/build/aie_4096x6144x8192_64x128x64.mlir.prj/aie_cdo_enable.bin
export XRT_HACK_UNSECURE_LOADING_XCLBIN=1 && \
 ./whole_array.exe -x build/final_4096x6144x8192_64x128x64.xclbin -i build/insts_4096x6144x8192_64x128x64.txt -k MLIR_AIE -M 4096 -K 6144 -N 8192 -w 64 -y 128 -z 64 --iters 40 --warmup 10 --verify 0

Avg NPU matmul time: 57352.3us.
Avg NPU gflops: 7189.19

Min NPU matmul time: 56396us.
Max NPU gflops: 7311.1

Max NPU matmul time: 58967us.
Min NPU gflops: 6992.33

Shuffle time: 351158us.

PASS!

rm -rf build _build whole_array.exe
rm -rf _build
mkdir -p _build
cd _build &&  cmake -E env CXXFLAGS="-std=c++23 -ggdb -DDTYPE_IN= -DDTYPE_OUT= -DDTYPE_ACC=" \
	cmake `echo /scratch/luisr/mlir-aie/programming_examples/basic/block_datatypes/matrix_multiplication/whole_array/..` -D CMAKE_C_COMPILER=gcc-13 -D CMAKE_CXX_COMPILER=g++-13 -DTARGET_NAME=whole_array -Dhostsrc=/scratch/luisr/mlir-aie/programming_examples/basic/block_datatypes/matrix_multiplication/whole_array/../bfp_test.cpp
CMake Deprecation Warning at CMakeLists.txt:13 (cmake_minimum_required):
  Compatibility with CMake < 3.10 will be removed from a future version of
  CMake.

  Update the VERSION argument <min> value.  Or, use the <min>...<max> syntax
  to tell CMake that the project requires at least <min> but has been updated
  to work with policies introduced by <max> or earlier.


-- The C compiler identification is GNU 13.3.0
-- The CXX compiler identification is GNU 13.3.0
-- Detecting C compiler ABI info
-- Detecting C compiler ABI info - done
-- Check for working C compiler: /usr/bin/gcc-13 - skipped
-- Detecting C compile features
-- Detecting C compile features - done
-- Detecting CXX compiler ABI info
-- Detecting CXX compiler ABI info - done
-- Check for working CXX compiler: /usr/bin/g++-13 - skipped
-- Detecting CXX compile features
-- Detecting CXX compile features - done
-- Configuring done (0.3s)
-- Generating done (0.0s)
-- Build files have been written to: /scratch/luisr/mlir-aie/programming_examples/basic/block_datatypes/matrix_multiplication/whole_array/_build
cd _build &&  cmake --build . --config Release
gmake[1]: Entering directory '/scratch/luisr/mlir-aie/programming_examples/basic/block_datatypes/matrix_multiplication/whole_array/_build'
gmake[2]: Entering directory '/scratch/luisr/mlir-aie/programming_examples/basic/block_datatypes/matrix_multiplication/whole_array/_build'
gmake[3]: Entering directory '/scratch/luisr/mlir-aie/programming_examples/basic/block_datatypes/matrix_multiplication/whole_array/_build'
gmake[3]: Leaving directory '/scratch/luisr/mlir-aie/programming_examples/basic/block_datatypes/matrix_multiplication/whole_array/_build'
gmake[3]: Entering directory '/scratch/luisr/mlir-aie/programming_examples/basic/block_datatypes/matrix_multiplication/whole_array/_build'
[ 33%] Building CXX object CMakeFiles/whole_array.dir/bfp_test.cpp.o
[ 66%] Building CXX object CMakeFiles/whole_array.dir/scratch/luisr/mlir-aie/runtime_lib/test_lib/test_utils.cpp.o
[100%] Linking CXX executable whole_array
gmake[3]: Leaving directory '/scratch/luisr/mlir-aie/programming_examples/basic/block_datatypes/matrix_multiplication/whole_array/_build'
[100%] Built target whole_array
gmake[2]: Leaving directory '/scratch/luisr/mlir-aie/programming_examples/basic/block_datatypes/matrix_multiplication/whole_array/_build'
gmake[1]: Leaving directory '/scratch/luisr/mlir-aie/programming_examples/basic/block_datatypes/matrix_multiplication/whole_array/_build'
cp _build/whole_array whole_array.exe 
mkdir -p build
python3 /scratch/luisr/mlir-aie/programming_examples/basic/block_datatypes/matrix_multiplication/whole_array/whole_array.py --n-aie-cols 8 -m 64 -k 128 -n 64 -M 8192 -K 512 -N 512 > build/aie_8192x512x512_64x128x64.mlir
mkdir -p build
cd build && xchesscc_wrapper aie2p -I /proj/xbuilds/2024.2_INT_1113_1001/installs/all_platforms/Vitis/2024.2/aietools/include  -DDIM_M=64 -DDIM_K=128 -DDIM_N=64 -c /scratch/luisr/mlir-aie/programming_examples/basic/block_datatypes/matrix_multiplication/whole_array/../mm.cc -o mm_64x128x64.o
WARNING: Default location for XILINX_VIVADO_IP_OVERRIDE not found: /build/xfndry/IP_2024.2_INTEGRATION_VERIFIED/customer/vivado/data/ip
mkdir -p build
cd build && aiecc.py --alloc-scheme= --aie-generate-xclbin --no-compile-host --xclbin-name=final_8192x512x512_64x128x64.xclbin \
			 --dynamic-objFifos \
			--aie-generate-npu-insts --npu-insts-name=insts_8192x512x512_64x128x64.txt ../build/aie_8192x512x512_64x128x64.mlir

Generating: /scratch/luisr/mlir-aie/programming_examples/basic/block_datatypes/matrix_multiplication/whole_array/build/aie_8192x512x512_64x128x64.mlir.prj/aie_cdo_elfs.bin
Generating: /scratch/luisr/mlir-aie/programming_examples/basic/block_datatypes/matrix_multiplication/whole_array/build/aie_8192x512x512_64x128x64.mlir.prj/aie_cdo_init.bin
Generating: /scratch/luisr/mlir-aie/programming_examples/basic/block_datatypes/matrix_multiplication/whole_array/build/aie_8192x512x512_64x128x64.mlir.prj/aie_cdo_enable.bin
export XRT_HACK_UNSECURE_LOADING_XCLBIN=1 && \
 ./whole_array.exe -x build/final_8192x512x512_64x128x64.xclbin -i build/insts_8192x512x512_64x128x64.txt -k MLIR_AIE -M 8192 -K 512 -N 512 -w 64 -y 128 -z 64 --iters 40 --warmup 10 --verify 0

Avg NPU matmul time: 984.075us.
Avg NPU gflops: 4364.47

Min NPU matmul time: 973us.
Max NPU gflops: 4414.15

Max NPU matmul time: 1005us.
Min NPU gflops: 4273.6

Shuffle time: 18707us.

PASS!

rm -rf build _build whole_array.exe
rm -rf _build
mkdir -p _build
cd _build &&  cmake -E env CXXFLAGS="-std=c++23 -ggdb -DDTYPE_IN= -DDTYPE_OUT= -DDTYPE_ACC=" \
	cmake `echo /scratch/luisr/mlir-aie/programming_examples/basic/block_datatypes/matrix_multiplication/whole_array/..` -D CMAKE_C_COMPILER=gcc-13 -D CMAKE_CXX_COMPILER=g++-13 -DTARGET_NAME=whole_array -Dhostsrc=/scratch/luisr/mlir-aie/programming_examples/basic/block_datatypes/matrix_multiplication/whole_array/../bfp_test.cpp
CMake Deprecation Warning at CMakeLists.txt:13 (cmake_minimum_required):
  Compatibility with CMake < 3.10 will be removed from a future version of
  CMake.

  Update the VERSION argument <min> value.  Or, use the <min>...<max> syntax
  to tell CMake that the project requires at least <min> but has been updated
  to work with policies introduced by <max> or earlier.


-- The C compiler identification is GNU 13.3.0
-- The CXX compiler identification is GNU 13.3.0
-- Detecting C compiler ABI info
-- Detecting C compiler ABI info - done
-- Check for working C compiler: /usr/bin/gcc-13 - skipped
-- Detecting C compile features
-- Detecting C compile features - done
-- Detecting CXX compiler ABI info
-- Detecting CXX compiler ABI info - done
-- Check for working CXX compiler: /usr/bin/g++-13 - skipped
-- Detecting CXX compile features
-- Detecting CXX compile features - done
-- Configuring done (0.3s)
-- Generating done (0.0s)
-- Build files have been written to: /scratch/luisr/mlir-aie/programming_examples/basic/block_datatypes/matrix_multiplication/whole_array/_build
cd _build &&  cmake --build . --config Release
gmake[1]: Entering directory '/scratch/luisr/mlir-aie/programming_examples/basic/block_datatypes/matrix_multiplication/whole_array/_build'
gmake[2]: Entering directory '/scratch/luisr/mlir-aie/programming_examples/basic/block_datatypes/matrix_multiplication/whole_array/_build'
gmake[3]: Entering directory '/scratch/luisr/mlir-aie/programming_examples/basic/block_datatypes/matrix_multiplication/whole_array/_build'
gmake[3]: Leaving directory '/scratch/luisr/mlir-aie/programming_examples/basic/block_datatypes/matrix_multiplication/whole_array/_build'
gmake[3]: Entering directory '/scratch/luisr/mlir-aie/programming_examples/basic/block_datatypes/matrix_multiplication/whole_array/_build'
[ 33%] Building CXX object CMakeFiles/whole_array.dir/bfp_test.cpp.o
[ 66%] Building CXX object CMakeFiles/whole_array.dir/scratch/luisr/mlir-aie/runtime_lib/test_lib/test_utils.cpp.o
[100%] Linking CXX executable whole_array
gmake[3]: Leaving directory '/scratch/luisr/mlir-aie/programming_examples/basic/block_datatypes/matrix_multiplication/whole_array/_build'
[100%] Built target whole_array
gmake[2]: Leaving directory '/scratch/luisr/mlir-aie/programming_examples/basic/block_datatypes/matrix_multiplication/whole_array/_build'
gmake[1]: Leaving directory '/scratch/luisr/mlir-aie/programming_examples/basic/block_datatypes/matrix_multiplication/whole_array/_build'
cp _build/whole_array whole_array.exe 
mkdir -p build
python3 /scratch/luisr/mlir-aie/programming_examples/basic/block_datatypes/matrix_multiplication/whole_array/whole_array.py --n-aie-cols 8 -m 64 -k 128 -n 64 -M 8192 -K 512 -N 1024 > build/aie_8192x512x1024_64x128x64.mlir
mkdir -p build
cd build && xchesscc_wrapper aie2p -I /proj/xbuilds/2024.2_INT_1113_1001/installs/all_platforms/Vitis/2024.2/aietools/include  -DDIM_M=64 -DDIM_K=128 -DDIM_N=64 -c /scratch/luisr/mlir-aie/programming_examples/basic/block_datatypes/matrix_multiplication/whole_array/../mm.cc -o mm_64x128x64.o
WARNING: Default location for XILINX_VIVADO_IP_OVERRIDE not found: /build/xfndry/IP_2024.2_INTEGRATION_VERIFIED/customer/vivado/data/ip
mkdir -p build
cd build && aiecc.py --alloc-scheme= --aie-generate-xclbin --no-compile-host --xclbin-name=final_8192x512x1024_64x128x64.xclbin \
			 --dynamic-objFifos \
			--aie-generate-npu-insts --npu-insts-name=insts_8192x512x1024_64x128x64.txt ../build/aie_8192x512x1024_64x128x64.mlir

Generating: /scratch/luisr/mlir-aie/programming_examples/basic/block_datatypes/matrix_multiplication/whole_array/build/aie_8192x512x1024_64x128x64.mlir.prj/aie_cdo_elfs.bin
Generating: /scratch/luisr/mlir-aie/programming_examples/basic/block_datatypes/matrix_multiplication/whole_array/build/aie_8192x512x1024_64x128x64.mlir.prj/aie_cdo_init.bin
Generating: /scratch/luisr/mlir-aie/programming_examples/basic/block_datatypes/matrix_multiplication/whole_array/build/aie_8192x512x1024_64x128x64.mlir.prj/aie_cdo_enable.bin
export XRT_HACK_UNSECURE_LOADING_XCLBIN=1 && \
 ./whole_array.exe -x build/final_8192x512x1024_64x128x64.xclbin -i build/insts_8192x512x1024_64x128x64.txt -k MLIR_AIE -M 8192 -K 512 -N 1024 -w 64 -y 128 -z 64 --iters 40 --warmup 10 --verify 0

Avg NPU matmul time: 1457.12us.
Avg NPU gflops: 5895.13

Min NPU matmul time: 1442us.
Max NPU gflops: 5956.96

Max NPU matmul time: 1466us.
Min NPU gflops: 5859.44

Shuffle time: 19592us.

PASS!

rm -rf build _build whole_array.exe
rm -rf _build
mkdir -p _build
cd _build &&  cmake -E env CXXFLAGS="-std=c++23 -ggdb -DDTYPE_IN= -DDTYPE_OUT= -DDTYPE_ACC=" \
	cmake `echo /scratch/luisr/mlir-aie/programming_examples/basic/block_datatypes/matrix_multiplication/whole_array/..` -D CMAKE_C_COMPILER=gcc-13 -D CMAKE_CXX_COMPILER=g++-13 -DTARGET_NAME=whole_array -Dhostsrc=/scratch/luisr/mlir-aie/programming_examples/basic/block_datatypes/matrix_multiplication/whole_array/../bfp_test.cpp
CMake Deprecation Warning at CMakeLists.txt:13 (cmake_minimum_required):
  Compatibility with CMake < 3.10 will be removed from a future version of
  CMake.

  Update the VERSION argument <min> value.  Or, use the <min>...<max> syntax
  to tell CMake that the project requires at least <min> but has been updated
  to work with policies introduced by <max> or earlier.


-- The C compiler identification is GNU 13.3.0
-- The CXX compiler identification is GNU 13.3.0
-- Detecting C compiler ABI info
-- Detecting C compiler ABI info - done
-- Check for working C compiler: /usr/bin/gcc-13 - skipped
-- Detecting C compile features
-- Detecting C compile features - done
-- Detecting CXX compiler ABI info
-- Detecting CXX compiler ABI info - done
-- Check for working CXX compiler: /usr/bin/g++-13 - skipped
-- Detecting CXX compile features
-- Detecting CXX compile features - done
-- Configuring done (0.2s)
-- Generating done (0.0s)
-- Build files have been written to: /scratch/luisr/mlir-aie/programming_examples/basic/block_datatypes/matrix_multiplication/whole_array/_build
cd _build &&  cmake --build . --config Release
gmake[1]: Entering directory '/scratch/luisr/mlir-aie/programming_examples/basic/block_datatypes/matrix_multiplication/whole_array/_build'
gmake[2]: Entering directory '/scratch/luisr/mlir-aie/programming_examples/basic/block_datatypes/matrix_multiplication/whole_array/_build'
gmake[3]: Entering directory '/scratch/luisr/mlir-aie/programming_examples/basic/block_datatypes/matrix_multiplication/whole_array/_build'
gmake[3]: Leaving directory '/scratch/luisr/mlir-aie/programming_examples/basic/block_datatypes/matrix_multiplication/whole_array/_build'
gmake[3]: Entering directory '/scratch/luisr/mlir-aie/programming_examples/basic/block_datatypes/matrix_multiplication/whole_array/_build'
[ 33%] Building CXX object CMakeFiles/whole_array.dir/bfp_test.cpp.o
[ 66%] Building CXX object CMakeFiles/whole_array.dir/scratch/luisr/mlir-aie/runtime_lib/test_lib/test_utils.cpp.o
[100%] Linking CXX executable whole_array
gmake[3]: Leaving directory '/scratch/luisr/mlir-aie/programming_examples/basic/block_datatypes/matrix_multiplication/whole_array/_build'
[100%] Built target whole_array
gmake[2]: Leaving directory '/scratch/luisr/mlir-aie/programming_examples/basic/block_datatypes/matrix_multiplication/whole_array/_build'
gmake[1]: Leaving directory '/scratch/luisr/mlir-aie/programming_examples/basic/block_datatypes/matrix_multiplication/whole_array/_build'
cp _build/whole_array whole_array.exe 
mkdir -p build
python3 /scratch/luisr/mlir-aie/programming_examples/basic/block_datatypes/matrix_multiplication/whole_array/whole_array.py --n-aie-cols 8 -m 64 -k 128 -n 64 -M 8192 -K 512 -N 4096 > build/aie_8192x512x4096_64x128x64.mlir
mkdir -p build
cd build && xchesscc_wrapper aie2p -I /proj/xbuilds/2024.2_INT_1113_1001/installs/all_platforms/Vitis/2024.2/aietools/include  -DDIM_M=64 -DDIM_K=128 -DDIM_N=64 -c /scratch/luisr/mlir-aie/programming_examples/basic/block_datatypes/matrix_multiplication/whole_array/../mm.cc -o mm_64x128x64.o
WARNING: Default location for XILINX_VIVADO_IP_OVERRIDE not found: /build/xfndry/IP_2024.2_INTEGRATION_VERIFIED/customer/vivado/data/ip
mkdir -p build
cd build && aiecc.py --alloc-scheme= --aie-generate-xclbin --no-compile-host --xclbin-name=final_8192x512x4096_64x128x64.xclbin \
			 --dynamic-objFifos \
			--aie-generate-npu-insts --npu-insts-name=insts_8192x512x4096_64x128x64.txt ../build/aie_8192x512x4096_64x128x64.mlir

Generating: /scratch/luisr/mlir-aie/programming_examples/basic/block_datatypes/matrix_multiplication/whole_array/build/aie_8192x512x4096_64x128x64.mlir.prj/aie_cdo_elfs.bin
Generating: /scratch/luisr/mlir-aie/programming_examples/basic/block_datatypes/matrix_multiplication/whole_array/build/aie_8192x512x4096_64x128x64.mlir.prj/aie_cdo_init.bin
Generating: /scratch/luisr/mlir-aie/programming_examples/basic/block_datatypes/matrix_multiplication/whole_array/build/aie_8192x512x4096_64x128x64.mlir.prj/aie_cdo_enable.bin
export XRT_HACK_UNSECURE_LOADING_XCLBIN=1 && \
 ./whole_array.exe -x build/final_8192x512x4096_64x128x64.xclbin -i build/insts_8192x512x4096_64x128x64.txt -k MLIR_AIE -M 8192 -K 512 -N 4096 -w 64 -y 128 -z 64 --iters 40 --warmup 10 --verify 0

Avg NPU matmul time: 5010.6us.
Avg NPU gflops: 6857.41

Min NPU matmul time: 4781us.
Max NPU gflops: 7186.73

Max NPU matmul time: 5954us.
Min NPU gflops: 5770.87

Shuffle time: 25658us.

PASS!

rm -rf build _build whole_array.exe
rm -rf _build
mkdir -p _build
cd _build &&  cmake -E env CXXFLAGS="-std=c++23 -ggdb -DDTYPE_IN= -DDTYPE_OUT= -DDTYPE_ACC=" \
	cmake `echo /scratch/luisr/mlir-aie/programming_examples/basic/block_datatypes/matrix_multiplication/whole_array/..` -D CMAKE_C_COMPILER=gcc-13 -D CMAKE_CXX_COMPILER=g++-13 -DTARGET_NAME=whole_array -Dhostsrc=/scratch/luisr/mlir-aie/programming_examples/basic/block_datatypes/matrix_multiplication/whole_array/../bfp_test.cpp
CMake Deprecation Warning at CMakeLists.txt:13 (cmake_minimum_required):
  Compatibility with CMake < 3.10 will be removed from a future version of
  CMake.

  Update the VERSION argument <min> value.  Or, use the <min>...<max> syntax
  to tell CMake that the project requires at least <min> but has been updated
  to work with policies introduced by <max> or earlier.


-- The C compiler identification is GNU 13.3.0
-- The CXX compiler identification is GNU 13.3.0
-- Detecting C compiler ABI info
-- Detecting C compiler ABI info - done
-- Check for working C compiler: /usr/bin/gcc-13 - skipped
-- Detecting C compile features
-- Detecting C compile features - done
-- Detecting CXX compiler ABI info
-- Detecting CXX compiler ABI info - done
-- Check for working CXX compiler: /usr/bin/g++-13 - skipped
-- Detecting CXX compile features
-- Detecting CXX compile features - done
-- Configuring done (0.2s)
-- Generating done (0.0s)
-- Build files have been written to: /scratch/luisr/mlir-aie/programming_examples/basic/block_datatypes/matrix_multiplication/whole_array/_build
cd _build &&  cmake --build . --config Release
gmake[1]: Entering directory '/scratch/luisr/mlir-aie/programming_examples/basic/block_datatypes/matrix_multiplication/whole_array/_build'
gmake[2]: Entering directory '/scratch/luisr/mlir-aie/programming_examples/basic/block_datatypes/matrix_multiplication/whole_array/_build'
gmake[3]: Entering directory '/scratch/luisr/mlir-aie/programming_examples/basic/block_datatypes/matrix_multiplication/whole_array/_build'
gmake[3]: Leaving directory '/scratch/luisr/mlir-aie/programming_examples/basic/block_datatypes/matrix_multiplication/whole_array/_build'
gmake[3]: Entering directory '/scratch/luisr/mlir-aie/programming_examples/basic/block_datatypes/matrix_multiplication/whole_array/_build'
[ 33%] Building CXX object CMakeFiles/whole_array.dir/bfp_test.cpp.o
[ 66%] Building CXX object CMakeFiles/whole_array.dir/scratch/luisr/mlir-aie/runtime_lib/test_lib/test_utils.cpp.o
[100%] Linking CXX executable whole_array
gmake[3]: Leaving directory '/scratch/luisr/mlir-aie/programming_examples/basic/block_datatypes/matrix_multiplication/whole_array/_build'
[100%] Built target whole_array
gmake[2]: Leaving directory '/scratch/luisr/mlir-aie/programming_examples/basic/block_datatypes/matrix_multiplication/whole_array/_build'
gmake[1]: Leaving directory '/scratch/luisr/mlir-aie/programming_examples/basic/block_datatypes/matrix_multiplication/whole_array/_build'
cp _build/whole_array whole_array.exe 
mkdir -p build
python3 /scratch/luisr/mlir-aie/programming_examples/basic/block_datatypes/matrix_multiplication/whole_array/whole_array.py --n-aie-cols 8 -m 64 -k 128 -n 64 -M 8192 -K 512 -N 8192 > build/aie_8192x512x8192_64x128x64.mlir
mkdir -p build
cd build && xchesscc_wrapper aie2p -I /proj/xbuilds/2024.2_INT_1113_1001/installs/all_platforms/Vitis/2024.2/aietools/include  -DDIM_M=64 -DDIM_K=128 -DDIM_N=64 -c /scratch/luisr/mlir-aie/programming_examples/basic/block_datatypes/matrix_multiplication/whole_array/../mm.cc -o mm_64x128x64.o
WARNING: Default location for XILINX_VIVADO_IP_OVERRIDE not found: /build/xfndry/IP_2024.2_INTEGRATION_VERIFIED/customer/vivado/data/ip
mkdir -p build
cd build && aiecc.py --alloc-scheme= --aie-generate-xclbin --no-compile-host --xclbin-name=final_8192x512x8192_64x128x64.xclbin \
			 --dynamic-objFifos \
			--aie-generate-npu-insts --npu-insts-name=insts_8192x512x8192_64x128x64.txt ../build/aie_8192x512x8192_64x128x64.mlir

Generating: /scratch/luisr/mlir-aie/programming_examples/basic/block_datatypes/matrix_multiplication/whole_array/build/aie_8192x512x8192_64x128x64.mlir.prj/aie_cdo_elfs.bin
Generating: /scratch/luisr/mlir-aie/programming_examples/basic/block_datatypes/matrix_multiplication/whole_array/build/aie_8192x512x8192_64x128x64.mlir.prj/aie_cdo_init.bin
Generating: /scratch/luisr/mlir-aie/programming_examples/basic/block_datatypes/matrix_multiplication/whole_array/build/aie_8192x512x8192_64x128x64.mlir.prj/aie_cdo_enable.bin
export XRT_HACK_UNSECURE_LOADING_XCLBIN=1 && \
 ./whole_array.exe -x build/final_8192x512x8192_64x128x64.xclbin -i build/insts_8192x512x8192_64x128x64.txt -k MLIR_AIE -M 8192 -K 512 -N 8192 -w 64 -y 128 -z 64 --iters 40 --warmup 10 --verify 0

Avg NPU matmul time: 11505.8us.
Avg NPU gflops: 5972.62

Min NPU matmul time: 10727us.
Max NPU gflops: 6406.22

Max NPU matmul time: 12256us.
Min NPU gflops: 5607.01

Shuffle time: 34529us.

PASS!

rm -rf build _build whole_array.exe
rm -rf _build
mkdir -p _build
cd _build &&  cmake -E env CXXFLAGS="-std=c++23 -ggdb -DDTYPE_IN= -DDTYPE_OUT= -DDTYPE_ACC=" \
	cmake `echo /scratch/luisr/mlir-aie/programming_examples/basic/block_datatypes/matrix_multiplication/whole_array/..` -D CMAKE_C_COMPILER=gcc-13 -D CMAKE_CXX_COMPILER=g++-13 -DTARGET_NAME=whole_array -Dhostsrc=/scratch/luisr/mlir-aie/programming_examples/basic/block_datatypes/matrix_multiplication/whole_array/../bfp_test.cpp
CMake Deprecation Warning at CMakeLists.txt:13 (cmake_minimum_required):
  Compatibility with CMake < 3.10 will be removed from a future version of
  CMake.

  Update the VERSION argument <min> value.  Or, use the <min>...<max> syntax
  to tell CMake that the project requires at least <min> but has been updated
  to work with policies introduced by <max> or earlier.


-- The C compiler identification is GNU 13.3.0
-- The CXX compiler identification is GNU 13.3.0
-- Detecting C compiler ABI info
-- Detecting C compiler ABI info - done
-- Check for working C compiler: /usr/bin/gcc-13 - skipped
-- Detecting C compile features
-- Detecting C compile features - done
-- Detecting CXX compiler ABI info
-- Detecting CXX compiler ABI info - done
-- Check for working CXX compiler: /usr/bin/g++-13 - skipped
-- Detecting CXX compile features
-- Detecting CXX compile features - done
-- Configuring done (0.3s)
-- Generating done (0.0s)
-- Build files have been written to: /scratch/luisr/mlir-aie/programming_examples/basic/block_datatypes/matrix_multiplication/whole_array/_build
cd _build &&  cmake --build . --config Release
gmake[1]: Entering directory '/scratch/luisr/mlir-aie/programming_examples/basic/block_datatypes/matrix_multiplication/whole_array/_build'
gmake[2]: Entering directory '/scratch/luisr/mlir-aie/programming_examples/basic/block_datatypes/matrix_multiplication/whole_array/_build'
gmake[3]: Entering directory '/scratch/luisr/mlir-aie/programming_examples/basic/block_datatypes/matrix_multiplication/whole_array/_build'
gmake[3]: Leaving directory '/scratch/luisr/mlir-aie/programming_examples/basic/block_datatypes/matrix_multiplication/whole_array/_build'
gmake[3]: Entering directory '/scratch/luisr/mlir-aie/programming_examples/basic/block_datatypes/matrix_multiplication/whole_array/_build'
[ 33%] Building CXX object CMakeFiles/whole_array.dir/bfp_test.cpp.o
[ 66%] Building CXX object CMakeFiles/whole_array.dir/scratch/luisr/mlir-aie/runtime_lib/test_lib/test_utils.cpp.o
[100%] Linking CXX executable whole_array
gmake[3]: Leaving directory '/scratch/luisr/mlir-aie/programming_examples/basic/block_datatypes/matrix_multiplication/whole_array/_build'
[100%] Built target whole_array
gmake[2]: Leaving directory '/scratch/luisr/mlir-aie/programming_examples/basic/block_datatypes/matrix_multiplication/whole_array/_build'
gmake[1]: Leaving directory '/scratch/luisr/mlir-aie/programming_examples/basic/block_datatypes/matrix_multiplication/whole_array/_build'
cp _build/whole_array whole_array.exe 
mkdir -p build
python3 /scratch/luisr/mlir-aie/programming_examples/basic/block_datatypes/matrix_multiplication/whole_array/whole_array.py --n-aie-cols 8 -m 64 -k 128 -n 64 -M 8192 -K 1024 -N 512 > build/aie_8192x1024x512_64x128x64.mlir
mkdir -p build
cd build && xchesscc_wrapper aie2p -I /proj/xbuilds/2024.2_INT_1113_1001/installs/all_platforms/Vitis/2024.2/aietools/include  -DDIM_M=64 -DDIM_K=128 -DDIM_N=64 -c /scratch/luisr/mlir-aie/programming_examples/basic/block_datatypes/matrix_multiplication/whole_array/../mm.cc -o mm_64x128x64.o
WARNING: Default location for XILINX_VIVADO_IP_OVERRIDE not found: /build/xfndry/IP_2024.2_INTEGRATION_VERIFIED/customer/vivado/data/ip
mkdir -p build
cd build && aiecc.py --alloc-scheme= --aie-generate-xclbin --no-compile-host --xclbin-name=final_8192x1024x512_64x128x64.xclbin \
			 --dynamic-objFifos \
			--aie-generate-npu-insts --npu-insts-name=insts_8192x1024x512_64x128x64.txt ../build/aie_8192x1024x512_64x128x64.mlir

Generating: /scratch/luisr/mlir-aie/programming_examples/basic/block_datatypes/matrix_multiplication/whole_array/build/aie_8192x1024x512_64x128x64.mlir.prj/aie_cdo_elfs.bin
Generating: /scratch/luisr/mlir-aie/programming_examples/basic/block_datatypes/matrix_multiplication/whole_array/build/aie_8192x1024x512_64x128x64.mlir.prj/aie_cdo_init.bin
Generating: /scratch/luisr/mlir-aie/programming_examples/basic/block_datatypes/matrix_multiplication/whole_array/build/aie_8192x1024x512_64x128x64.mlir.prj/aie_cdo_enable.bin
export XRT_HACK_UNSECURE_LOADING_XCLBIN=1 && \
 ./whole_array.exe -x build/final_8192x1024x512_64x128x64.xclbin -i build/insts_8192x1024x512_64x128x64.txt -k MLIR_AIE -M 8192 -K 1024 -N 512 -w 64 -y 128 -z 64 --iters 40 --warmup 10 --verify 0

Avg NPU matmul time: 1776.8us.
Avg NPU gflops: 4834.5

Min NPU matmul time: 1472us.
Max NPU gflops: 5835.55

Max NPU matmul time: 2212us.
Min NPU gflops: 3883.33

Shuffle time: 40754us.

PASS!

rm -rf build _build whole_array.exe
rm -rf _build
mkdir -p _build
cd _build &&  cmake -E env CXXFLAGS="-std=c++23 -ggdb -DDTYPE_IN= -DDTYPE_OUT= -DDTYPE_ACC=" \
	cmake `echo /scratch/luisr/mlir-aie/programming_examples/basic/block_datatypes/matrix_multiplication/whole_array/..` -D CMAKE_C_COMPILER=gcc-13 -D CMAKE_CXX_COMPILER=g++-13 -DTARGET_NAME=whole_array -Dhostsrc=/scratch/luisr/mlir-aie/programming_examples/basic/block_datatypes/matrix_multiplication/whole_array/../bfp_test.cpp
CMake Deprecation Warning at CMakeLists.txt:13 (cmake_minimum_required):
  Compatibility with CMake < 3.10 will be removed from a future version of
  CMake.

  Update the VERSION argument <min> value.  Or, use the <min>...<max> syntax
  to tell CMake that the project requires at least <min> but has been updated
  to work with policies introduced by <max> or earlier.


-- The C compiler identification is GNU 13.3.0
-- The CXX compiler identification is GNU 13.3.0
-- Detecting C compiler ABI info
-- Detecting C compiler ABI info - done
-- Check for working C compiler: /usr/bin/gcc-13 - skipped
-- Detecting C compile features
-- Detecting C compile features - done
-- Detecting CXX compiler ABI info
-- Detecting CXX compiler ABI info - done
-- Check for working CXX compiler: /usr/bin/g++-13 - skipped
-- Detecting CXX compile features
-- Detecting CXX compile features - done
-- Configuring done (0.2s)
-- Generating done (0.0s)
-- Build files have been written to: /scratch/luisr/mlir-aie/programming_examples/basic/block_datatypes/matrix_multiplication/whole_array/_build
cd _build &&  cmake --build . --config Release
gmake[1]: Entering directory '/scratch/luisr/mlir-aie/programming_examples/basic/block_datatypes/matrix_multiplication/whole_array/_build'
gmake[2]: Entering directory '/scratch/luisr/mlir-aie/programming_examples/basic/block_datatypes/matrix_multiplication/whole_array/_build'
gmake[3]: Entering directory '/scratch/luisr/mlir-aie/programming_examples/basic/block_datatypes/matrix_multiplication/whole_array/_build'
gmake[3]: Leaving directory '/scratch/luisr/mlir-aie/programming_examples/basic/block_datatypes/matrix_multiplication/whole_array/_build'
gmake[3]: Entering directory '/scratch/luisr/mlir-aie/programming_examples/basic/block_datatypes/matrix_multiplication/whole_array/_build'
[ 33%] Building CXX object CMakeFiles/whole_array.dir/bfp_test.cpp.o
[ 66%] Building CXX object CMakeFiles/whole_array.dir/scratch/luisr/mlir-aie/runtime_lib/test_lib/test_utils.cpp.o
[100%] Linking CXX executable whole_array
gmake[3]: Leaving directory '/scratch/luisr/mlir-aie/programming_examples/basic/block_datatypes/matrix_multiplication/whole_array/_build'
[100%] Built target whole_array
gmake[2]: Leaving directory '/scratch/luisr/mlir-aie/programming_examples/basic/block_datatypes/matrix_multiplication/whole_array/_build'
gmake[1]: Leaving directory '/scratch/luisr/mlir-aie/programming_examples/basic/block_datatypes/matrix_multiplication/whole_array/_build'
cp _build/whole_array whole_array.exe 
mkdir -p build
python3 /scratch/luisr/mlir-aie/programming_examples/basic/block_datatypes/matrix_multiplication/whole_array/whole_array.py --n-aie-cols 8 -m 64 -k 128 -n 64 -M 8192 -K 1024 -N 1024 > build/aie_8192x1024x1024_64x128x64.mlir
mkdir -p build
cd build && xchesscc_wrapper aie2p -I /proj/xbuilds/2024.2_INT_1113_1001/installs/all_platforms/Vitis/2024.2/aietools/include  -DDIM_M=64 -DDIM_K=128 -DDIM_N=64 -c /scratch/luisr/mlir-aie/programming_examples/basic/block_datatypes/matrix_multiplication/whole_array/../mm.cc -o mm_64x128x64.o
WARNING: Default location for XILINX_VIVADO_IP_OVERRIDE not found: /build/xfndry/IP_2024.2_INTEGRATION_VERIFIED/customer/vivado/data/ip
mkdir -p build
cd build && aiecc.py --alloc-scheme= --aie-generate-xclbin --no-compile-host --xclbin-name=final_8192x1024x1024_64x128x64.xclbin \
			 --dynamic-objFifos \
			--aie-generate-npu-insts --npu-insts-name=insts_8192x1024x1024_64x128x64.txt ../build/aie_8192x1024x1024_64x128x64.mlir

Generating: /scratch/luisr/mlir-aie/programming_examples/basic/block_datatypes/matrix_multiplication/whole_array/build/aie_8192x1024x1024_64x128x64.mlir.prj/aie_cdo_elfs.bin
Generating: /scratch/luisr/mlir-aie/programming_examples/basic/block_datatypes/matrix_multiplication/whole_array/build/aie_8192x1024x1024_64x128x64.mlir.prj/aie_cdo_init.bin
Generating: /scratch/luisr/mlir-aie/programming_examples/basic/block_datatypes/matrix_multiplication/whole_array/build/aie_8192x1024x1024_64x128x64.mlir.prj/aie_cdo_enable.bin
export XRT_HACK_UNSECURE_LOADING_XCLBIN=1 && \
 ./whole_array.exe -x build/final_8192x1024x1024_64x128x64.xclbin -i build/insts_8192x1024x1024_64x128x64.txt -k MLIR_AIE -M 8192 -K 1024 -N 1024 -w 64 -y 128 -z 64 --iters 40 --warmup 10 --verify 0

Avg NPU matmul time: 2426.52us.
Avg NPU gflops: 7080.03

Min NPU matmul time: 2405us.
Max NPU gflops: 7143.4

Max NPU matmul time: 2481us.
Min NPU gflops: 6924.57

Shuffle time: 41980us.

PASS!

rm -rf build _build whole_array.exe
rm -rf _build
mkdir -p _build
cd _build &&  cmake -E env CXXFLAGS="-std=c++23 -ggdb -DDTYPE_IN= -DDTYPE_OUT= -DDTYPE_ACC=" \
	cmake `echo /scratch/luisr/mlir-aie/programming_examples/basic/block_datatypes/matrix_multiplication/whole_array/..` -D CMAKE_C_COMPILER=gcc-13 -D CMAKE_CXX_COMPILER=g++-13 -DTARGET_NAME=whole_array -Dhostsrc=/scratch/luisr/mlir-aie/programming_examples/basic/block_datatypes/matrix_multiplication/whole_array/../bfp_test.cpp
CMake Deprecation Warning at CMakeLists.txt:13 (cmake_minimum_required):
  Compatibility with CMake < 3.10 will be removed from a future version of
  CMake.

  Update the VERSION argument <min> value.  Or, use the <min>...<max> syntax
  to tell CMake that the project requires at least <min> but has been updated
  to work with policies introduced by <max> or earlier.


-- The C compiler identification is GNU 13.3.0
-- The CXX compiler identification is GNU 13.3.0
-- Detecting C compiler ABI info
-- Detecting C compiler ABI info - done
-- Check for working C compiler: /usr/bin/gcc-13 - skipped
-- Detecting C compile features
-- Detecting C compile features - done
-- Detecting CXX compiler ABI info
-- Detecting CXX compiler ABI info - done
-- Check for working CXX compiler: /usr/bin/g++-13 - skipped
-- Detecting CXX compile features
-- Detecting CXX compile features - done
-- Configuring done (0.3s)
-- Generating done (0.0s)
-- Build files have been written to: /scratch/luisr/mlir-aie/programming_examples/basic/block_datatypes/matrix_multiplication/whole_array/_build
cd _build &&  cmake --build . --config Release
gmake[1]: Entering directory '/scratch/luisr/mlir-aie/programming_examples/basic/block_datatypes/matrix_multiplication/whole_array/_build'
gmake[2]: Entering directory '/scratch/luisr/mlir-aie/programming_examples/basic/block_datatypes/matrix_multiplication/whole_array/_build'
gmake[3]: Entering directory '/scratch/luisr/mlir-aie/programming_examples/basic/block_datatypes/matrix_multiplication/whole_array/_build'
gmake[3]: Leaving directory '/scratch/luisr/mlir-aie/programming_examples/basic/block_datatypes/matrix_multiplication/whole_array/_build'
gmake[3]: Entering directory '/scratch/luisr/mlir-aie/programming_examples/basic/block_datatypes/matrix_multiplication/whole_array/_build'
[ 33%] Building CXX object CMakeFiles/whole_array.dir/bfp_test.cpp.o
[ 66%] Building CXX object CMakeFiles/whole_array.dir/scratch/luisr/mlir-aie/runtime_lib/test_lib/test_utils.cpp.o
[100%] Linking CXX executable whole_array
gmake[3]: Leaving directory '/scratch/luisr/mlir-aie/programming_examples/basic/block_datatypes/matrix_multiplication/whole_array/_build'
[100%] Built target whole_array
gmake[2]: Leaving directory '/scratch/luisr/mlir-aie/programming_examples/basic/block_datatypes/matrix_multiplication/whole_array/_build'
gmake[1]: Leaving directory '/scratch/luisr/mlir-aie/programming_examples/basic/block_datatypes/matrix_multiplication/whole_array/_build'
cp _build/whole_array whole_array.exe 
mkdir -p build
python3 /scratch/luisr/mlir-aie/programming_examples/basic/block_datatypes/matrix_multiplication/whole_array/whole_array.py --n-aie-cols 8 -m 64 -k 128 -n 64 -M 8192 -K 1024 -N 4096 > build/aie_8192x1024x4096_64x128x64.mlir
mkdir -p build
cd build && xchesscc_wrapper aie2p -I /proj/xbuilds/2024.2_INT_1113_1001/installs/all_platforms/Vitis/2024.2/aietools/include  -DDIM_M=64 -DDIM_K=128 -DDIM_N=64 -c /scratch/luisr/mlir-aie/programming_examples/basic/block_datatypes/matrix_multiplication/whole_array/../mm.cc -o mm_64x128x64.o
WARNING: Default location for XILINX_VIVADO_IP_OVERRIDE not found: /build/xfndry/IP_2024.2_INTEGRATION_VERIFIED/customer/vivado/data/ip
mkdir -p build
cd build && aiecc.py --alloc-scheme= --aie-generate-xclbin --no-compile-host --xclbin-name=final_8192x1024x4096_64x128x64.xclbin \
			 --dynamic-objFifos \
			--aie-generate-npu-insts --npu-insts-name=insts_8192x1024x4096_64x128x64.txt ../build/aie_8192x1024x4096_64x128x64.mlir

Generating: /scratch/luisr/mlir-aie/programming_examples/basic/block_datatypes/matrix_multiplication/whole_array/build/aie_8192x1024x4096_64x128x64.mlir.prj/aie_cdo_elfs.bin
Generating: /scratch/luisr/mlir-aie/programming_examples/basic/block_datatypes/matrix_multiplication/whole_array/build/aie_8192x1024x4096_64x128x64.mlir.prj/aie_cdo_init.bin
Generating: /scratch/luisr/mlir-aie/programming_examples/basic/block_datatypes/matrix_multiplication/whole_array/build/aie_8192x1024x4096_64x128x64.mlir.prj/aie_cdo_enable.bin
export XRT_HACK_UNSECURE_LOADING_XCLBIN=1 && \
 ./whole_array.exe -x build/final_8192x1024x4096_64x128x64.xclbin -i build/insts_8192x1024x4096_64x128x64.txt -k MLIR_AIE -M 8192 -K 1024 -N 4096 -w 64 -y 128 -z 64 --iters 40 --warmup 10 --verify 0

Avg NPU matmul time: 8976.78us.
Avg NPU gflops: 7655.25

Min NPU matmul time: 8537us.
Max NPU gflops: 8049.6

Max NPU matmul time: 10451us.
Min NPU gflops: 6575.4

Shuffle time: 55415us.

PASS!

rm -rf build _build whole_array.exe
rm -rf _build
mkdir -p _build
cd _build &&  cmake -E env CXXFLAGS="-std=c++23 -ggdb -DDTYPE_IN= -DDTYPE_OUT= -DDTYPE_ACC=" \
	cmake `echo /scratch/luisr/mlir-aie/programming_examples/basic/block_datatypes/matrix_multiplication/whole_array/..` -D CMAKE_C_COMPILER=gcc-13 -D CMAKE_CXX_COMPILER=g++-13 -DTARGET_NAME=whole_array -Dhostsrc=/scratch/luisr/mlir-aie/programming_examples/basic/block_datatypes/matrix_multiplication/whole_array/../bfp_test.cpp
CMake Deprecation Warning at CMakeLists.txt:13 (cmake_minimum_required):
  Compatibility with CMake < 3.10 will be removed from a future version of
  CMake.

  Update the VERSION argument <min> value.  Or, use the <min>...<max> syntax
  to tell CMake that the project requires at least <min> but has been updated
  to work with policies introduced by <max> or earlier.


-- The C compiler identification is GNU 13.3.0
-- The CXX compiler identification is GNU 13.3.0
-- Detecting C compiler ABI info
-- Detecting C compiler ABI info - done
-- Check for working C compiler: /usr/bin/gcc-13 - skipped
-- Detecting C compile features
-- Detecting C compile features - done
-- Detecting CXX compiler ABI info
-- Detecting CXX compiler ABI info - done
-- Check for working CXX compiler: /usr/bin/g++-13 - skipped
-- Detecting CXX compile features
-- Detecting CXX compile features - done
-- Configuring done (0.3s)
-- Generating done (0.0s)
-- Build files have been written to: /scratch/luisr/mlir-aie/programming_examples/basic/block_datatypes/matrix_multiplication/whole_array/_build
cd _build &&  cmake --build . --config Release
gmake[1]: Entering directory '/scratch/luisr/mlir-aie/programming_examples/basic/block_datatypes/matrix_multiplication/whole_array/_build'
gmake[2]: Entering directory '/scratch/luisr/mlir-aie/programming_examples/basic/block_datatypes/matrix_multiplication/whole_array/_build'
gmake[3]: Entering directory '/scratch/luisr/mlir-aie/programming_examples/basic/block_datatypes/matrix_multiplication/whole_array/_build'
gmake[3]: Leaving directory '/scratch/luisr/mlir-aie/programming_examples/basic/block_datatypes/matrix_multiplication/whole_array/_build'
gmake[3]: Entering directory '/scratch/luisr/mlir-aie/programming_examples/basic/block_datatypes/matrix_multiplication/whole_array/_build'
[ 33%] Building CXX object CMakeFiles/whole_array.dir/bfp_test.cpp.o
[ 66%] Building CXX object CMakeFiles/whole_array.dir/scratch/luisr/mlir-aie/runtime_lib/test_lib/test_utils.cpp.o
[100%] Linking CXX executable whole_array
gmake[3]: Leaving directory '/scratch/luisr/mlir-aie/programming_examples/basic/block_datatypes/matrix_multiplication/whole_array/_build'
[100%] Built target whole_array
gmake[2]: Leaving directory '/scratch/luisr/mlir-aie/programming_examples/basic/block_datatypes/matrix_multiplication/whole_array/_build'
gmake[1]: Leaving directory '/scratch/luisr/mlir-aie/programming_examples/basic/block_datatypes/matrix_multiplication/whole_array/_build'
cp _build/whole_array whole_array.exe 
mkdir -p build
python3 /scratch/luisr/mlir-aie/programming_examples/basic/block_datatypes/matrix_multiplication/whole_array/whole_array.py --n-aie-cols 8 -m 64 -k 128 -n 64 -M 8192 -K 1024 -N 8192 > build/aie_8192x1024x8192_64x128x64.mlir
mkdir -p build
cd build && xchesscc_wrapper aie2p -I /proj/xbuilds/2024.2_INT_1113_1001/installs/all_platforms/Vitis/2024.2/aietools/include  -DDIM_M=64 -DDIM_K=128 -DDIM_N=64 -c /scratch/luisr/mlir-aie/programming_examples/basic/block_datatypes/matrix_multiplication/whole_array/../mm.cc -o mm_64x128x64.o
WARNING: Default location for XILINX_VIVADO_IP_OVERRIDE not found: /build/xfndry/IP_2024.2_INTEGRATION_VERIFIED/customer/vivado/data/ip
mkdir -p build
cd build && aiecc.py --alloc-scheme= --aie-generate-xclbin --no-compile-host --xclbin-name=final_8192x1024x8192_64x128x64.xclbin \
			 --dynamic-objFifos \
			--aie-generate-npu-insts --npu-insts-name=insts_8192x1024x8192_64x128x64.txt ../build/aie_8192x1024x8192_64x128x64.mlir

Generating: /scratch/luisr/mlir-aie/programming_examples/basic/block_datatypes/matrix_multiplication/whole_array/build/aie_8192x1024x8192_64x128x64.mlir.prj/aie_cdo_elfs.bin
Generating: /scratch/luisr/mlir-aie/programming_examples/basic/block_datatypes/matrix_multiplication/whole_array/build/aie_8192x1024x8192_64x128x64.mlir.prj/aie_cdo_init.bin
Generating: /scratch/luisr/mlir-aie/programming_examples/basic/block_datatypes/matrix_multiplication/whole_array/build/aie_8192x1024x8192_64x128x64.mlir.prj/aie_cdo_enable.bin
export XRT_HACK_UNSECURE_LOADING_XCLBIN=1 && \
 ./whole_array.exe -x build/final_8192x1024x8192_64x128x64.xclbin -i build/insts_8192x1024x8192_64x128x64.txt -k MLIR_AIE -M 8192 -K 1024 -N 8192 -w 64 -y 128 -z 64 --iters 40 --warmup 10 --verify 0

Avg NPU matmul time: 17670.7us.
Avg NPU gflops: 7777.79

Min NPU matmul time: 16869us.
Max NPU gflops: 8147.43

Max NPU matmul time: 18662us.
Min NPU gflops: 7364.64

Shuffle time: 75797us.

PASS!

rm -rf build _build whole_array.exe
rm -rf _build
mkdir -p _build
cd _build &&  cmake -E env CXXFLAGS="-std=c++23 -ggdb -DDTYPE_IN= -DDTYPE_OUT= -DDTYPE_ACC=" \
	cmake `echo /scratch/luisr/mlir-aie/programming_examples/basic/block_datatypes/matrix_multiplication/whole_array/..` -D CMAKE_C_COMPILER=gcc-13 -D CMAKE_CXX_COMPILER=g++-13 -DTARGET_NAME=whole_array -Dhostsrc=/scratch/luisr/mlir-aie/programming_examples/basic/block_datatypes/matrix_multiplication/whole_array/../bfp_test.cpp
CMake Deprecation Warning at CMakeLists.txt:13 (cmake_minimum_required):
  Compatibility with CMake < 3.10 will be removed from a future version of
  CMake.

  Update the VERSION argument <min> value.  Or, use the <min>...<max> syntax
  to tell CMake that the project requires at least <min> but has been updated
  to work with policies introduced by <max> or earlier.


-- The C compiler identification is GNU 13.3.0
-- The CXX compiler identification is GNU 13.3.0
-- Detecting C compiler ABI info
-- Detecting C compiler ABI info - done
-- Check for working C compiler: /usr/bin/gcc-13 - skipped
-- Detecting C compile features
-- Detecting C compile features - done
-- Detecting CXX compiler ABI info
-- Detecting CXX compiler ABI info - done
-- Check for working CXX compiler: /usr/bin/g++-13 - skipped
-- Detecting CXX compile features
-- Detecting CXX compile features - done
-- Configuring done (0.3s)
-- Generating done (0.0s)
-- Build files have been written to: /scratch/luisr/mlir-aie/programming_examples/basic/block_datatypes/matrix_multiplication/whole_array/_build
cd _build &&  cmake --build . --config Release
gmake[1]: Entering directory '/scratch/luisr/mlir-aie/programming_examples/basic/block_datatypes/matrix_multiplication/whole_array/_build'
gmake[2]: Entering directory '/scratch/luisr/mlir-aie/programming_examples/basic/block_datatypes/matrix_multiplication/whole_array/_build'
gmake[3]: Entering directory '/scratch/luisr/mlir-aie/programming_examples/basic/block_datatypes/matrix_multiplication/whole_array/_build'
gmake[3]: Leaving directory '/scratch/luisr/mlir-aie/programming_examples/basic/block_datatypes/matrix_multiplication/whole_array/_build'
gmake[3]: Entering directory '/scratch/luisr/mlir-aie/programming_examples/basic/block_datatypes/matrix_multiplication/whole_array/_build'
[ 33%] Building CXX object CMakeFiles/whole_array.dir/bfp_test.cpp.o
[ 66%] Building CXX object CMakeFiles/whole_array.dir/scratch/luisr/mlir-aie/runtime_lib/test_lib/test_utils.cpp.o
[100%] Linking CXX executable whole_array
gmake[3]: Leaving directory '/scratch/luisr/mlir-aie/programming_examples/basic/block_datatypes/matrix_multiplication/whole_array/_build'
[100%] Built target whole_array
gmake[2]: Leaving directory '/scratch/luisr/mlir-aie/programming_examples/basic/block_datatypes/matrix_multiplication/whole_array/_build'
gmake[1]: Leaving directory '/scratch/luisr/mlir-aie/programming_examples/basic/block_datatypes/matrix_multiplication/whole_array/_build'
cp _build/whole_array whole_array.exe 
mkdir -p build
python3 /scratch/luisr/mlir-aie/programming_examples/basic/block_datatypes/matrix_multiplication/whole_array/whole_array.py --n-aie-cols 8 -m 64 -k 128 -n 64 -M 8192 -K 4096 -N 512 > build/aie_8192x4096x512_64x128x64.mlir
mkdir -p build
cd build && xchesscc_wrapper aie2p -I /proj/xbuilds/2024.2_INT_1113_1001/installs/all_platforms/Vitis/2024.2/aietools/include  -DDIM_M=64 -DDIM_K=128 -DDIM_N=64 -c /scratch/luisr/mlir-aie/programming_examples/basic/block_datatypes/matrix_multiplication/whole_array/../mm.cc -o mm_64x128x64.o
WARNING: Default location for XILINX_VIVADO_IP_OVERRIDE not found: /build/xfndry/IP_2024.2_INTEGRATION_VERIFIED/customer/vivado/data/ip
mkdir -p build
cd build && aiecc.py --alloc-scheme= --aie-generate-xclbin --no-compile-host --xclbin-name=final_8192x4096x512_64x128x64.xclbin \
			 --dynamic-objFifos \
			--aie-generate-npu-insts --npu-insts-name=insts_8192x4096x512_64x128x64.txt ../build/aie_8192x4096x512_64x128x64.mlir

Generating: /scratch/luisr/mlir-aie/programming_examples/basic/block_datatypes/matrix_multiplication/whole_array/build/aie_8192x4096x512_64x128x64.mlir.prj/aie_cdo_elfs.bin
Generating: /scratch/luisr/mlir-aie/programming_examples/basic/block_datatypes/matrix_multiplication/whole_array/build/aie_8192x4096x512_64x128x64.mlir.prj/aie_cdo_init.bin
Generating: /scratch/luisr/mlir-aie/programming_examples/basic/block_datatypes/matrix_multiplication/whole_array/build/aie_8192x4096x512_64x128x64.mlir.prj/aie_cdo_enable.bin
export XRT_HACK_UNSECURE_LOADING_XCLBIN=1 && \
 ./whole_array.exe -x build/final_8192x4096x512_64x128x64.xclbin -i build/insts_8192x4096x512_64x128x64.txt -k MLIR_AIE -M 8192 -K 4096 -N 512 -w 64 -y 128 -z 64 --iters 40 --warmup 10 --verify 0

Avg NPU matmul time: 4808.3us.
Avg NPU gflops: 7145.92

Min NPU matmul time: 4495us.
Max NPU gflops: 7643.99

Max NPU matmul time: 5566us.
Min NPU gflops: 6173.15

Shuffle time: 165177us.

PASS!

rm -rf build _build whole_array.exe
rm -rf _build
mkdir -p _build
cd _build &&  cmake -E env CXXFLAGS="-std=c++23 -ggdb -DDTYPE_IN= -DDTYPE_OUT= -DDTYPE_ACC=" \
	cmake `echo /scratch/luisr/mlir-aie/programming_examples/basic/block_datatypes/matrix_multiplication/whole_array/..` -D CMAKE_C_COMPILER=gcc-13 -D CMAKE_CXX_COMPILER=g++-13 -DTARGET_NAME=whole_array -Dhostsrc=/scratch/luisr/mlir-aie/programming_examples/basic/block_datatypes/matrix_multiplication/whole_array/../bfp_test.cpp
CMake Deprecation Warning at CMakeLists.txt:13 (cmake_minimum_required):
  Compatibility with CMake < 3.10 will be removed from a future version of
  CMake.

  Update the VERSION argument <min> value.  Or, use the <min>...<max> syntax
  to tell CMake that the project requires at least <min> but has been updated
  to work with policies introduced by <max> or earlier.


-- The C compiler identification is GNU 13.3.0
-- The CXX compiler identification is GNU 13.3.0
-- Detecting C compiler ABI info
-- Detecting C compiler ABI info - done
-- Check for working C compiler: /usr/bin/gcc-13 - skipped
-- Detecting C compile features
-- Detecting C compile features - done
-- Detecting CXX compiler ABI info
-- Detecting CXX compiler ABI info - done
-- Check for working CXX compiler: /usr/bin/g++-13 - skipped
-- Detecting CXX compile features
-- Detecting CXX compile features - done
-- Configuring done (0.3s)
-- Generating done (0.0s)
-- Build files have been written to: /scratch/luisr/mlir-aie/programming_examples/basic/block_datatypes/matrix_multiplication/whole_array/_build
cd _build &&  cmake --build . --config Release
gmake[1]: Entering directory '/scratch/luisr/mlir-aie/programming_examples/basic/block_datatypes/matrix_multiplication/whole_array/_build'
gmake[2]: Entering directory '/scratch/luisr/mlir-aie/programming_examples/basic/block_datatypes/matrix_multiplication/whole_array/_build'
gmake[3]: Entering directory '/scratch/luisr/mlir-aie/programming_examples/basic/block_datatypes/matrix_multiplication/whole_array/_build'
gmake[3]: Leaving directory '/scratch/luisr/mlir-aie/programming_examples/basic/block_datatypes/matrix_multiplication/whole_array/_build'
gmake[3]: Entering directory '/scratch/luisr/mlir-aie/programming_examples/basic/block_datatypes/matrix_multiplication/whole_array/_build'
[ 33%] Building CXX object CMakeFiles/whole_array.dir/bfp_test.cpp.o
[ 66%] Building CXX object CMakeFiles/whole_array.dir/scratch/luisr/mlir-aie/runtime_lib/test_lib/test_utils.cpp.o
[100%] Linking CXX executable whole_array
gmake[3]: Leaving directory '/scratch/luisr/mlir-aie/programming_examples/basic/block_datatypes/matrix_multiplication/whole_array/_build'
[100%] Built target whole_array
gmake[2]: Leaving directory '/scratch/luisr/mlir-aie/programming_examples/basic/block_datatypes/matrix_multiplication/whole_array/_build'
gmake[1]: Leaving directory '/scratch/luisr/mlir-aie/programming_examples/basic/block_datatypes/matrix_multiplication/whole_array/_build'
cp _build/whole_array whole_array.exe 
mkdir -p build
python3 /scratch/luisr/mlir-aie/programming_examples/basic/block_datatypes/matrix_multiplication/whole_array/whole_array.py --n-aie-cols 8 -m 64 -k 128 -n 64 -M 8192 -K 4096 -N 1024 > build/aie_8192x4096x1024_64x128x64.mlir
mkdir -p build
cd build && xchesscc_wrapper aie2p -I /proj/xbuilds/2024.2_INT_1113_1001/installs/all_platforms/Vitis/2024.2/aietools/include  -DDIM_M=64 -DDIM_K=128 -DDIM_N=64 -c /scratch/luisr/mlir-aie/programming_examples/basic/block_datatypes/matrix_multiplication/whole_array/../mm.cc -o mm_64x128x64.o
WARNING: Default location for XILINX_VIVADO_IP_OVERRIDE not found: /build/xfndry/IP_2024.2_INTEGRATION_VERIFIED/customer/vivado/data/ip
mkdir -p build
cd build && aiecc.py --alloc-scheme= --aie-generate-xclbin --no-compile-host --xclbin-name=final_8192x4096x1024_64x128x64.xclbin \
			 --dynamic-objFifos \
			--aie-generate-npu-insts --npu-insts-name=insts_8192x4096x1024_64x128x64.txt ../build/aie_8192x4096x1024_64x128x64.mlir

Generating: /scratch/luisr/mlir-aie/programming_examples/basic/block_datatypes/matrix_multiplication/whole_array/build/aie_8192x4096x1024_64x128x64.mlir.prj/aie_cdo_elfs.bin
Generating: /scratch/luisr/mlir-aie/programming_examples/basic/block_datatypes/matrix_multiplication/whole_array/build/aie_8192x4096x1024_64x128x64.mlir.prj/aie_cdo_init.bin
Generating: /scratch/luisr/mlir-aie/programming_examples/basic/block_datatypes/matrix_multiplication/whole_array/build/aie_8192x4096x1024_64x128x64.mlir.prj/aie_cdo_enable.bin
export XRT_HACK_UNSECURE_LOADING_XCLBIN=1 && \
 ./whole_array.exe -x build/final_8192x4096x1024_64x128x64.xclbin -i build/insts_8192x4096x1024_64x128x64.txt -k MLIR_AIE -M 8192 -K 4096 -N 1024 -w 64 -y 128 -z 64 --iters 40 --warmup 10 --verify 0

Avg NPU matmul time: 9057.15us.
Avg NPU gflops: 7587.32

Min NPU matmul time: 8639us.
Max NPU gflops: 7954.56

Max NPU matmul time: 10149us.
Min NPU gflops: 6771.06

Shuffle time: 177560us.

PASS!

rm -rf build _build whole_array.exe
rm -rf _build
mkdir -p _build
cd _build &&  cmake -E env CXXFLAGS="-std=c++23 -ggdb -DDTYPE_IN= -DDTYPE_OUT= -DDTYPE_ACC=" \
	cmake `echo /scratch/luisr/mlir-aie/programming_examples/basic/block_datatypes/matrix_multiplication/whole_array/..` -D CMAKE_C_COMPILER=gcc-13 -D CMAKE_CXX_COMPILER=g++-13 -DTARGET_NAME=whole_array -Dhostsrc=/scratch/luisr/mlir-aie/programming_examples/basic/block_datatypes/matrix_multiplication/whole_array/../bfp_test.cpp
CMake Deprecation Warning at CMakeLists.txt:13 (cmake_minimum_required):
  Compatibility with CMake < 3.10 will be removed from a future version of
  CMake.

  Update the VERSION argument <min> value.  Or, use the <min>...<max> syntax
  to tell CMake that the project requires at least <min> but has been updated
  to work with policies introduced by <max> or earlier.


-- The C compiler identification is GNU 13.3.0
-- The CXX compiler identification is GNU 13.3.0
-- Detecting C compiler ABI info
-- Detecting C compiler ABI info - done
-- Check for working C compiler: /usr/bin/gcc-13 - skipped
-- Detecting C compile features
-- Detecting C compile features - done
-- Detecting CXX compiler ABI info
-- Detecting CXX compiler ABI info - done
-- Check for working CXX compiler: /usr/bin/g++-13 - skipped
-- Detecting CXX compile features
-- Detecting CXX compile features - done
-- Configuring done (0.3s)
-- Generating done (0.0s)
-- Build files have been written to: /scratch/luisr/mlir-aie/programming_examples/basic/block_datatypes/matrix_multiplication/whole_array/_build
cd _build &&  cmake --build . --config Release
gmake[1]: Entering directory '/scratch/luisr/mlir-aie/programming_examples/basic/block_datatypes/matrix_multiplication/whole_array/_build'
gmake[2]: Entering directory '/scratch/luisr/mlir-aie/programming_examples/basic/block_datatypes/matrix_multiplication/whole_array/_build'
gmake[3]: Entering directory '/scratch/luisr/mlir-aie/programming_examples/basic/block_datatypes/matrix_multiplication/whole_array/_build'
gmake[3]: Leaving directory '/scratch/luisr/mlir-aie/programming_examples/basic/block_datatypes/matrix_multiplication/whole_array/_build'
gmake[3]: Entering directory '/scratch/luisr/mlir-aie/programming_examples/basic/block_datatypes/matrix_multiplication/whole_array/_build'
[ 33%] Building CXX object CMakeFiles/whole_array.dir/bfp_test.cpp.o
[ 66%] Building CXX object CMakeFiles/whole_array.dir/scratch/luisr/mlir-aie/runtime_lib/test_lib/test_utils.cpp.o
[100%] Linking CXX executable whole_array
gmake[3]: Leaving directory '/scratch/luisr/mlir-aie/programming_examples/basic/block_datatypes/matrix_multiplication/whole_array/_build'
[100%] Built target whole_array
gmake[2]: Leaving directory '/scratch/luisr/mlir-aie/programming_examples/basic/block_datatypes/matrix_multiplication/whole_array/_build'
gmake[1]: Leaving directory '/scratch/luisr/mlir-aie/programming_examples/basic/block_datatypes/matrix_multiplication/whole_array/_build'
cp _build/whole_array whole_array.exe 
mkdir -p build
python3 /scratch/luisr/mlir-aie/programming_examples/basic/block_datatypes/matrix_multiplication/whole_array/whole_array.py --n-aie-cols 8 -m 64 -k 128 -n 64 -M 8192 -K 4096 -N 4096 > build/aie_8192x4096x4096_64x128x64.mlir
mkdir -p build
cd build && xchesscc_wrapper aie2p -I /proj/xbuilds/2024.2_INT_1113_1001/installs/all_platforms/Vitis/2024.2/aietools/include  -DDIM_M=64 -DDIM_K=128 -DDIM_N=64 -c /scratch/luisr/mlir-aie/programming_examples/basic/block_datatypes/matrix_multiplication/whole_array/../mm.cc -o mm_64x128x64.o
WARNING: Default location for XILINX_VIVADO_IP_OVERRIDE not found: /build/xfndry/IP_2024.2_INTEGRATION_VERIFIED/customer/vivado/data/ip
mkdir -p build
cd build && aiecc.py --alloc-scheme= --aie-generate-xclbin --no-compile-host --xclbin-name=final_8192x4096x4096_64x128x64.xclbin \
			 --dynamic-objFifos \
			--aie-generate-npu-insts --npu-insts-name=insts_8192x4096x4096_64x128x64.txt ../build/aie_8192x4096x4096_64x128x64.mlir

Generating: /scratch/luisr/mlir-aie/programming_examples/basic/block_datatypes/matrix_multiplication/whole_array/build/aie_8192x4096x4096_64x128x64.mlir.prj/aie_cdo_elfs.bin
Generating: /scratch/luisr/mlir-aie/programming_examples/basic/block_datatypes/matrix_multiplication/whole_array/build/aie_8192x4096x4096_64x128x64.mlir.prj/aie_cdo_init.bin
Generating: /scratch/luisr/mlir-aie/programming_examples/basic/block_datatypes/matrix_multiplication/whole_array/build/aie_8192x4096x4096_64x128x64.mlir.prj/aie_cdo_enable.bin
export XRT_HACK_UNSECURE_LOADING_XCLBIN=1 && \
 ./whole_array.exe -x build/final_8192x4096x4096_64x128x64.xclbin -i build/insts_8192x4096x4096_64x128x64.txt -k MLIR_AIE -M 8192 -K 4096 -N 4096 -w 64 -y 128 -z 64 --iters 40 --warmup 10 --verify 0

Avg NPU matmul time: 33761.1us.
Avg NPU gflops: 8141.85

Min NPU matmul time: 33273us.
Max NPU gflops: 8261.29

Max NPU matmul time: 34281us.
Min NPU gflops: 8018.38

Shuffle time: 236110us.

PASS!

rm -rf build _build whole_array.exe
rm -rf _build
mkdir -p _build
cd _build &&  cmake -E env CXXFLAGS="-std=c++23 -ggdb -DDTYPE_IN= -DDTYPE_OUT= -DDTYPE_ACC=" \
	cmake `echo /scratch/luisr/mlir-aie/programming_examples/basic/block_datatypes/matrix_multiplication/whole_array/..` -D CMAKE_C_COMPILER=gcc-13 -D CMAKE_CXX_COMPILER=g++-13 -DTARGET_NAME=whole_array -Dhostsrc=/scratch/luisr/mlir-aie/programming_examples/basic/block_datatypes/matrix_multiplication/whole_array/../bfp_test.cpp
CMake Deprecation Warning at CMakeLists.txt:13 (cmake_minimum_required):
  Compatibility with CMake < 3.10 will be removed from a future version of
  CMake.

  Update the VERSION argument <min> value.  Or, use the <min>...<max> syntax
  to tell CMake that the project requires at least <min> but has been updated
  to work with policies introduced by <max> or earlier.


-- The C compiler identification is GNU 13.3.0
-- The CXX compiler identification is GNU 13.3.0
-- Detecting C compiler ABI info
-- Detecting C compiler ABI info - done
-- Check for working C compiler: /usr/bin/gcc-13 - skipped
-- Detecting C compile features
-- Detecting C compile features - done
-- Detecting CXX compiler ABI info
-- Detecting CXX compiler ABI info - done
-- Check for working CXX compiler: /usr/bin/g++-13 - skipped
-- Detecting CXX compile features
-- Detecting CXX compile features - done
-- Configuring done (0.2s)
-- Generating done (0.0s)
-- Build files have been written to: /scratch/luisr/mlir-aie/programming_examples/basic/block_datatypes/matrix_multiplication/whole_array/_build
cd _build &&  cmake --build . --config Release
gmake[1]: Entering directory '/scratch/luisr/mlir-aie/programming_examples/basic/block_datatypes/matrix_multiplication/whole_array/_build'
gmake[2]: Entering directory '/scratch/luisr/mlir-aie/programming_examples/basic/block_datatypes/matrix_multiplication/whole_array/_build'
gmake[3]: Entering directory '/scratch/luisr/mlir-aie/programming_examples/basic/block_datatypes/matrix_multiplication/whole_array/_build'
gmake[3]: Leaving directory '/scratch/luisr/mlir-aie/programming_examples/basic/block_datatypes/matrix_multiplication/whole_array/_build'
gmake[3]: Entering directory '/scratch/luisr/mlir-aie/programming_examples/basic/block_datatypes/matrix_multiplication/whole_array/_build'
[ 33%] Building CXX object CMakeFiles/whole_array.dir/bfp_test.cpp.o
[ 66%] Building CXX object CMakeFiles/whole_array.dir/scratch/luisr/mlir-aie/runtime_lib/test_lib/test_utils.cpp.o
[100%] Linking CXX executable whole_array
gmake[3]: Leaving directory '/scratch/luisr/mlir-aie/programming_examples/basic/block_datatypes/matrix_multiplication/whole_array/_build'
[100%] Built target whole_array
gmake[2]: Leaving directory '/scratch/luisr/mlir-aie/programming_examples/basic/block_datatypes/matrix_multiplication/whole_array/_build'
gmake[1]: Leaving directory '/scratch/luisr/mlir-aie/programming_examples/basic/block_datatypes/matrix_multiplication/whole_array/_build'
cp _build/whole_array whole_array.exe 
mkdir -p build
python3 /scratch/luisr/mlir-aie/programming_examples/basic/block_datatypes/matrix_multiplication/whole_array/whole_array.py --n-aie-cols 8 -m 64 -k 128 -n 64 -M 8192 -K 4096 -N 8192 > build/aie_8192x4096x8192_64x128x64.mlir
mkdir -p build
cd build && xchesscc_wrapper aie2p -I /proj/xbuilds/2024.2_INT_1113_1001/installs/all_platforms/Vitis/2024.2/aietools/include  -DDIM_M=64 -DDIM_K=128 -DDIM_N=64 -c /scratch/luisr/mlir-aie/programming_examples/basic/block_datatypes/matrix_multiplication/whole_array/../mm.cc -o mm_64x128x64.o
WARNING: Default location for XILINX_VIVADO_IP_OVERRIDE not found: /build/xfndry/IP_2024.2_INTEGRATION_VERIFIED/customer/vivado/data/ip
mkdir -p build
cd build && aiecc.py --alloc-scheme= --aie-generate-xclbin --no-compile-host --xclbin-name=final_8192x4096x8192_64x128x64.xclbin \
			 --dynamic-objFifos \
			--aie-generate-npu-insts --npu-insts-name=insts_8192x4096x8192_64x128x64.txt ../build/aie_8192x4096x8192_64x128x64.mlir

Generating: /scratch/luisr/mlir-aie/programming_examples/basic/block_datatypes/matrix_multiplication/whole_array/build/aie_8192x4096x8192_64x128x64.mlir.prj/aie_cdo_elfs.bin
Generating: /scratch/luisr/mlir-aie/programming_examples/basic/block_datatypes/matrix_multiplication/whole_array/build/aie_8192x4096x8192_64x128x64.mlir.prj/aie_cdo_init.bin
Generating: /scratch/luisr/mlir-aie/programming_examples/basic/block_datatypes/matrix_multiplication/whole_array/build/aie_8192x4096x8192_64x128x64.mlir.prj/aie_cdo_enable.bin
export XRT_HACK_UNSECURE_LOADING_XCLBIN=1 && \
 ./whole_array.exe -x build/final_8192x4096x8192_64x128x64.xclbin -i build/insts_8192x4096x8192_64x128x64.txt -k MLIR_AIE -M 8192 -K 4096 -N 8192 -w 64 -y 128 -z 64 --iters 40 --warmup 10 --verify 0

Avg NPU matmul time: 68251.7us.
Avg NPU gflops: 8054.83

Min NPU matmul time: 67572us.
Max NPU gflops: 8135.85

Max NPU matmul time: 69215us.
Min NPU gflops: 7942.73

Shuffle time: 307667us.

PASS!

rm -rf build _build whole_array.exe
rm -rf _build
mkdir -p _build
cd _build &&  cmake -E env CXXFLAGS="-std=c++23 -ggdb -DDTYPE_IN= -DDTYPE_OUT= -DDTYPE_ACC=" \
	cmake `echo /scratch/luisr/mlir-aie/programming_examples/basic/block_datatypes/matrix_multiplication/whole_array/..` -D CMAKE_C_COMPILER=gcc-13 -D CMAKE_CXX_COMPILER=g++-13 -DTARGET_NAME=whole_array -Dhostsrc=/scratch/luisr/mlir-aie/programming_examples/basic/block_datatypes/matrix_multiplication/whole_array/../bfp_test.cpp
CMake Deprecation Warning at CMakeLists.txt:13 (cmake_minimum_required):
  Compatibility with CMake < 3.10 will be removed from a future version of
  CMake.

  Update the VERSION argument <min> value.  Or, use the <min>...<max> syntax
  to tell CMake that the project requires at least <min> but has been updated
  to work with policies introduced by <max> or earlier.


-- The C compiler identification is GNU 13.3.0
-- The CXX compiler identification is GNU 13.3.0
-- Detecting C compiler ABI info
-- Detecting C compiler ABI info - done
-- Check for working C compiler: /usr/bin/gcc-13 - skipped
-- Detecting C compile features
-- Detecting C compile features - done
-- Detecting CXX compiler ABI info
-- Detecting CXX compiler ABI info - done
-- Check for working CXX compiler: /usr/bin/g++-13 - skipped
-- Detecting CXX compile features
-- Detecting CXX compile features - done
-- Configuring done (0.3s)
-- Generating done (0.0s)
-- Build files have been written to: /scratch/luisr/mlir-aie/programming_examples/basic/block_datatypes/matrix_multiplication/whole_array/_build
cd _build &&  cmake --build . --config Release
gmake[1]: Entering directory '/scratch/luisr/mlir-aie/programming_examples/basic/block_datatypes/matrix_multiplication/whole_array/_build'
gmake[2]: Entering directory '/scratch/luisr/mlir-aie/programming_examples/basic/block_datatypes/matrix_multiplication/whole_array/_build'
gmake[3]: Entering directory '/scratch/luisr/mlir-aie/programming_examples/basic/block_datatypes/matrix_multiplication/whole_array/_build'
gmake[3]: Leaving directory '/scratch/luisr/mlir-aie/programming_examples/basic/block_datatypes/matrix_multiplication/whole_array/_build'
gmake[3]: Entering directory '/scratch/luisr/mlir-aie/programming_examples/basic/block_datatypes/matrix_multiplication/whole_array/_build'
[ 33%] Building CXX object CMakeFiles/whole_array.dir/bfp_test.cpp.o
[ 66%] Building CXX object CMakeFiles/whole_array.dir/scratch/luisr/mlir-aie/runtime_lib/test_lib/test_utils.cpp.o
[100%] Linking CXX executable whole_array
gmake[3]: Leaving directory '/scratch/luisr/mlir-aie/programming_examples/basic/block_datatypes/matrix_multiplication/whole_array/_build'
[100%] Built target whole_array
gmake[2]: Leaving directory '/scratch/luisr/mlir-aie/programming_examples/basic/block_datatypes/matrix_multiplication/whole_array/_build'
gmake[1]: Leaving directory '/scratch/luisr/mlir-aie/programming_examples/basic/block_datatypes/matrix_multiplication/whole_array/_build'
cp _build/whole_array whole_array.exe 
mkdir -p build
python3 /scratch/luisr/mlir-aie/programming_examples/basic/block_datatypes/matrix_multiplication/whole_array/whole_array.py --n-aie-cols 8 -m 64 -k 128 -n 64 -M 8192 -K 6144 -N 512 > build/aie_8192x6144x512_64x128x64.mlir
mkdir -p build
cd build && xchesscc_wrapper aie2p -I /proj/xbuilds/2024.2_INT_1113_1001/installs/all_platforms/Vitis/2024.2/aietools/include  -DDIM_M=64 -DDIM_K=128 -DDIM_N=64 -c /scratch/luisr/mlir-aie/programming_examples/basic/block_datatypes/matrix_multiplication/whole_array/../mm.cc -o mm_64x128x64.o
WARNING: Default location for XILINX_VIVADO_IP_OVERRIDE not found: /build/xfndry/IP_2024.2_INTEGRATION_VERIFIED/customer/vivado/data/ip
mkdir -p build
cd build && aiecc.py --alloc-scheme= --aie-generate-xclbin --no-compile-host --xclbin-name=final_8192x6144x512_64x128x64.xclbin \
			 --dynamic-objFifos \
			--aie-generate-npu-insts --npu-insts-name=insts_8192x6144x512_64x128x64.txt ../build/aie_8192x6144x512_64x128x64.mlir

Generating: /scratch/luisr/mlir-aie/programming_examples/basic/block_datatypes/matrix_multiplication/whole_array/build/aie_8192x6144x512_64x128x64.mlir.prj/aie_cdo_elfs.bin
Generating: /scratch/luisr/mlir-aie/programming_examples/basic/block_datatypes/matrix_multiplication/whole_array/build/aie_8192x6144x512_64x128x64.mlir.prj/aie_cdo_init.bin
Generating: /scratch/luisr/mlir-aie/programming_examples/basic/block_datatypes/matrix_multiplication/whole_array/build/aie_8192x6144x512_64x128x64.mlir.prj/aie_cdo_enable.bin
export XRT_HACK_UNSECURE_LOADING_XCLBIN=1 && \
 ./whole_array.exe -x build/final_8192x6144x512_64x128x64.xclbin -i build/insts_8192x6144x512_64x128x64.txt -k MLIR_AIE -M 8192 -K 6144 -N 512 -w 64 -y 128 -z 64 --iters 40 --warmup 10 --verify 0

Avg NPU matmul time: 7493.58us.
Avg NPU gflops: 6877.84

Min NPU matmul time: 7160us.
Max NPU gflops: 7198.27

Max NPU matmul time: 8100us.
Min NPU gflops: 6362.91

Shuffle time: 248837us.

PASS!

rm -rf build _build whole_array.exe
rm -rf _build
mkdir -p _build
cd _build &&  cmake -E env CXXFLAGS="-std=c++23 -ggdb -DDTYPE_IN= -DDTYPE_OUT= -DDTYPE_ACC=" \
	cmake `echo /scratch/luisr/mlir-aie/programming_examples/basic/block_datatypes/matrix_multiplication/whole_array/..` -D CMAKE_C_COMPILER=gcc-13 -D CMAKE_CXX_COMPILER=g++-13 -DTARGET_NAME=whole_array -Dhostsrc=/scratch/luisr/mlir-aie/programming_examples/basic/block_datatypes/matrix_multiplication/whole_array/../bfp_test.cpp
CMake Deprecation Warning at CMakeLists.txt:13 (cmake_minimum_required):
  Compatibility with CMake < 3.10 will be removed from a future version of
  CMake.

  Update the VERSION argument <min> value.  Or, use the <min>...<max> syntax
  to tell CMake that the project requires at least <min> but has been updated
  to work with policies introduced by <max> or earlier.


-- The C compiler identification is GNU 13.3.0
-- The CXX compiler identification is GNU 13.3.0
-- Detecting C compiler ABI info
-- Detecting C compiler ABI info - done
-- Check for working C compiler: /usr/bin/gcc-13 - skipped
-- Detecting C compile features
-- Detecting C compile features - done
-- Detecting CXX compiler ABI info
-- Detecting CXX compiler ABI info - done
-- Check for working CXX compiler: /usr/bin/g++-13 - skipped
-- Detecting CXX compile features
-- Detecting CXX compile features - done
-- Configuring done (0.3s)
-- Generating done (0.0s)
-- Build files have been written to: /scratch/luisr/mlir-aie/programming_examples/basic/block_datatypes/matrix_multiplication/whole_array/_build
cd _build &&  cmake --build . --config Release
gmake[1]: Entering directory '/scratch/luisr/mlir-aie/programming_examples/basic/block_datatypes/matrix_multiplication/whole_array/_build'
gmake[2]: Entering directory '/scratch/luisr/mlir-aie/programming_examples/basic/block_datatypes/matrix_multiplication/whole_array/_build'
gmake[3]: Entering directory '/scratch/luisr/mlir-aie/programming_examples/basic/block_datatypes/matrix_multiplication/whole_array/_build'
gmake[3]: Leaving directory '/scratch/luisr/mlir-aie/programming_examples/basic/block_datatypes/matrix_multiplication/whole_array/_build'
gmake[3]: Entering directory '/scratch/luisr/mlir-aie/programming_examples/basic/block_datatypes/matrix_multiplication/whole_array/_build'
[ 33%] Building CXX object CMakeFiles/whole_array.dir/bfp_test.cpp.o
[ 66%] Building CXX object CMakeFiles/whole_array.dir/scratch/luisr/mlir-aie/runtime_lib/test_lib/test_utils.cpp.o
[100%] Linking CXX executable whole_array
gmake[3]: Leaving directory '/scratch/luisr/mlir-aie/programming_examples/basic/block_datatypes/matrix_multiplication/whole_array/_build'
[100%] Built target whole_array
gmake[2]: Leaving directory '/scratch/luisr/mlir-aie/programming_examples/basic/block_datatypes/matrix_multiplication/whole_array/_build'
gmake[1]: Leaving directory '/scratch/luisr/mlir-aie/programming_examples/basic/block_datatypes/matrix_multiplication/whole_array/_build'
cp _build/whole_array whole_array.exe 
mkdir -p build
python3 /scratch/luisr/mlir-aie/programming_examples/basic/block_datatypes/matrix_multiplication/whole_array/whole_array.py --n-aie-cols 8 -m 64 -k 128 -n 64 -M 8192 -K 6144 -N 1024 > build/aie_8192x6144x1024_64x128x64.mlir
mkdir -p build
cd build && xchesscc_wrapper aie2p -I /proj/xbuilds/2024.2_INT_1113_1001/installs/all_platforms/Vitis/2024.2/aietools/include  -DDIM_M=64 -DDIM_K=128 -DDIM_N=64 -c /scratch/luisr/mlir-aie/programming_examples/basic/block_datatypes/matrix_multiplication/whole_array/../mm.cc -o mm_64x128x64.o
WARNING: Default location for XILINX_VIVADO_IP_OVERRIDE not found: /build/xfndry/IP_2024.2_INTEGRATION_VERIFIED/customer/vivado/data/ip
mkdir -p build
cd build && aiecc.py --alloc-scheme= --aie-generate-xclbin --no-compile-host --xclbin-name=final_8192x6144x1024_64x128x64.xclbin \
			 --dynamic-objFifos \
			--aie-generate-npu-insts --npu-insts-name=insts_8192x6144x1024_64x128x64.txt ../build/aie_8192x6144x1024_64x128x64.mlir

Generating: /scratch/luisr/mlir-aie/programming_examples/basic/block_datatypes/matrix_multiplication/whole_array/build/aie_8192x6144x1024_64x128x64.mlir.prj/aie_cdo_elfs.bin
Generating: /scratch/luisr/mlir-aie/programming_examples/basic/block_datatypes/matrix_multiplication/whole_array/build/aie_8192x6144x1024_64x128x64.mlir.prj/aie_cdo_init.bin
Generating: /scratch/luisr/mlir-aie/programming_examples/basic/block_datatypes/matrix_multiplication/whole_array/build/aie_8192x6144x1024_64x128x64.mlir.prj/aie_cdo_enable.bin
export XRT_HACK_UNSECURE_LOADING_XCLBIN=1 && \
 ./whole_array.exe -x build/final_8192x6144x1024_64x128x64.xclbin -i build/insts_8192x6144x1024_64x128x64.txt -k MLIR_AIE -M 8192 -K 6144 -N 1024 -w 64 -y 128 -z 64 --iters 40 --warmup 10 --verify 0

Avg NPU matmul time: 14072.2us.
Avg NPU gflops: 7325.02

Min NPU matmul time: 13451us.
Max NPU gflops: 7663.31

Max NPU matmul time: 14444us.
Min NPU gflops: 7136.47

Shuffle time: 268807us.

PASS!

rm -rf build _build whole_array.exe
rm -rf _build
mkdir -p _build
cd _build &&  cmake -E env CXXFLAGS="-std=c++23 -ggdb -DDTYPE_IN= -DDTYPE_OUT= -DDTYPE_ACC=" \
	cmake `echo /scratch/luisr/mlir-aie/programming_examples/basic/block_datatypes/matrix_multiplication/whole_array/..` -D CMAKE_C_COMPILER=gcc-13 -D CMAKE_CXX_COMPILER=g++-13 -DTARGET_NAME=whole_array -Dhostsrc=/scratch/luisr/mlir-aie/programming_examples/basic/block_datatypes/matrix_multiplication/whole_array/../bfp_test.cpp
CMake Deprecation Warning at CMakeLists.txt:13 (cmake_minimum_required):
  Compatibility with CMake < 3.10 will be removed from a future version of
  CMake.

  Update the VERSION argument <min> value.  Or, use the <min>...<max> syntax
  to tell CMake that the project requires at least <min> but has been updated
  to work with policies introduced by <max> or earlier.


-- The C compiler identification is GNU 13.3.0
-- The CXX compiler identification is GNU 13.3.0
-- Detecting C compiler ABI info
-- Detecting C compiler ABI info - done
-- Check for working C compiler: /usr/bin/gcc-13 - skipped
-- Detecting C compile features
-- Detecting C compile features - done
-- Detecting CXX compiler ABI info
-- Detecting CXX compiler ABI info - done
-- Check for working CXX compiler: /usr/bin/g++-13 - skipped
-- Detecting CXX compile features
-- Detecting CXX compile features - done
-- Configuring done (0.2s)
-- Generating done (0.0s)
-- Build files have been written to: /scratch/luisr/mlir-aie/programming_examples/basic/block_datatypes/matrix_multiplication/whole_array/_build
cd _build &&  cmake --build . --config Release
gmake[1]: Entering directory '/scratch/luisr/mlir-aie/programming_examples/basic/block_datatypes/matrix_multiplication/whole_array/_build'
gmake[2]: Entering directory '/scratch/luisr/mlir-aie/programming_examples/basic/block_datatypes/matrix_multiplication/whole_array/_build'
gmake[3]: Entering directory '/scratch/luisr/mlir-aie/programming_examples/basic/block_datatypes/matrix_multiplication/whole_array/_build'
gmake[3]: Leaving directory '/scratch/luisr/mlir-aie/programming_examples/basic/block_datatypes/matrix_multiplication/whole_array/_build'
gmake[3]: Entering directory '/scratch/luisr/mlir-aie/programming_examples/basic/block_datatypes/matrix_multiplication/whole_array/_build'
[ 33%] Building CXX object CMakeFiles/whole_array.dir/bfp_test.cpp.o
[ 66%] Building CXX object CMakeFiles/whole_array.dir/scratch/luisr/mlir-aie/runtime_lib/test_lib/test_utils.cpp.o
[100%] Linking CXX executable whole_array
gmake[3]: Leaving directory '/scratch/luisr/mlir-aie/programming_examples/basic/block_datatypes/matrix_multiplication/whole_array/_build'
[100%] Built target whole_array
gmake[2]: Leaving directory '/scratch/luisr/mlir-aie/programming_examples/basic/block_datatypes/matrix_multiplication/whole_array/_build'
gmake[1]: Leaving directory '/scratch/luisr/mlir-aie/programming_examples/basic/block_datatypes/matrix_multiplication/whole_array/_build'
cp _build/whole_array whole_array.exe 
mkdir -p build
python3 /scratch/luisr/mlir-aie/programming_examples/basic/block_datatypes/matrix_multiplication/whole_array/whole_array.py --n-aie-cols 8 -m 64 -k 128 -n 64 -M 8192 -K 6144 -N 4096 > build/aie_8192x6144x4096_64x128x64.mlir
mkdir -p build
cd build && xchesscc_wrapper aie2p -I /proj/xbuilds/2024.2_INT_1113_1001/installs/all_platforms/Vitis/2024.2/aietools/include  -DDIM_M=64 -DDIM_K=128 -DDIM_N=64 -c /scratch/luisr/mlir-aie/programming_examples/basic/block_datatypes/matrix_multiplication/whole_array/../mm.cc -o mm_64x128x64.o
WARNING: Default location for XILINX_VIVADO_IP_OVERRIDE not found: /build/xfndry/IP_2024.2_INTEGRATION_VERIFIED/customer/vivado/data/ip
mkdir -p build
cd build && aiecc.py --alloc-scheme= --aie-generate-xclbin --no-compile-host --xclbin-name=final_8192x6144x4096_64x128x64.xclbin \
			 --dynamic-objFifos \
			--aie-generate-npu-insts --npu-insts-name=insts_8192x6144x4096_64x128x64.txt ../build/aie_8192x6144x4096_64x128x64.mlir

Generating: /scratch/luisr/mlir-aie/programming_examples/basic/block_datatypes/matrix_multiplication/whole_array/build/aie_8192x6144x4096_64x128x64.mlir.prj/aie_cdo_elfs.bin
Generating: /scratch/luisr/mlir-aie/programming_examples/basic/block_datatypes/matrix_multiplication/whole_array/build/aie_8192x6144x4096_64x128x64.mlir.prj/aie_cdo_init.bin
Generating: /scratch/luisr/mlir-aie/programming_examples/basic/block_datatypes/matrix_multiplication/whole_array/build/aie_8192x6144x4096_64x128x64.mlir.prj/aie_cdo_enable.bin
export XRT_HACK_UNSECURE_LOADING_XCLBIN=1 && \
 ./whole_array.exe -x build/final_8192x6144x4096_64x128x64.xclbin -i build/insts_8192x6144x4096_64x128x64.txt -k MLIR_AIE -M 8192 -K 6144 -N 4096 -w 64 -y 128 -z 64 --iters 40 --warmup 10 --verify 0

Avg NPU matmul time: 55238.3us.
Avg NPU gflops: 7464.33

Min NPU matmul time: 54232us.
Max NPU gflops: 7602.83

Max NPU matmul time: 56432us.
Min NPU gflops: 7306.44

Shuffle time: 377792us.

PASS!

rm -rf build _build whole_array.exe
rm -rf _build
mkdir -p _build
cd _build &&  cmake -E env CXXFLAGS="-std=c++23 -ggdb -DDTYPE_IN= -DDTYPE_OUT= -DDTYPE_ACC=" \
	cmake `echo /scratch/luisr/mlir-aie/programming_examples/basic/block_datatypes/matrix_multiplication/whole_array/..` -D CMAKE_C_COMPILER=gcc-13 -D CMAKE_CXX_COMPILER=g++-13 -DTARGET_NAME=whole_array -Dhostsrc=/scratch/luisr/mlir-aie/programming_examples/basic/block_datatypes/matrix_multiplication/whole_array/../bfp_test.cpp
CMake Deprecation Warning at CMakeLists.txt:13 (cmake_minimum_required):
  Compatibility with CMake < 3.10 will be removed from a future version of
  CMake.

  Update the VERSION argument <min> value.  Or, use the <min>...<max> syntax
  to tell CMake that the project requires at least <min> but has been updated
  to work with policies introduced by <max> or earlier.


-- The C compiler identification is GNU 13.3.0
-- The CXX compiler identification is GNU 13.3.0
-- Detecting C compiler ABI info
-- Detecting C compiler ABI info - done
-- Check for working C compiler: /usr/bin/gcc-13 - skipped
-- Detecting C compile features
-- Detecting C compile features - done
-- Detecting CXX compiler ABI info
-- Detecting CXX compiler ABI info - done
-- Check for working CXX compiler: /usr/bin/g++-13 - skipped
-- Detecting CXX compile features
-- Detecting CXX compile features - done
-- Configuring done (0.3s)
-- Generating done (0.0s)
-- Build files have been written to: /scratch/luisr/mlir-aie/programming_examples/basic/block_datatypes/matrix_multiplication/whole_array/_build
cd _build &&  cmake --build . --config Release
gmake[1]: Entering directory '/scratch/luisr/mlir-aie/programming_examples/basic/block_datatypes/matrix_multiplication/whole_array/_build'
gmake[2]: Entering directory '/scratch/luisr/mlir-aie/programming_examples/basic/block_datatypes/matrix_multiplication/whole_array/_build'
gmake[3]: Entering directory '/scratch/luisr/mlir-aie/programming_examples/basic/block_datatypes/matrix_multiplication/whole_array/_build'
gmake[3]: Leaving directory '/scratch/luisr/mlir-aie/programming_examples/basic/block_datatypes/matrix_multiplication/whole_array/_build'
gmake[3]: Entering directory '/scratch/luisr/mlir-aie/programming_examples/basic/block_datatypes/matrix_multiplication/whole_array/_build'
[ 33%] Building CXX object CMakeFiles/whole_array.dir/bfp_test.cpp.o
[ 66%] Building CXX object CMakeFiles/whole_array.dir/scratch/luisr/mlir-aie/runtime_lib/test_lib/test_utils.cpp.o
[100%] Linking CXX executable whole_array
gmake[3]: Leaving directory '/scratch/luisr/mlir-aie/programming_examples/basic/block_datatypes/matrix_multiplication/whole_array/_build'
[100%] Built target whole_array
gmake[2]: Leaving directory '/scratch/luisr/mlir-aie/programming_examples/basic/block_datatypes/matrix_multiplication/whole_array/_build'
gmake[1]: Leaving directory '/scratch/luisr/mlir-aie/programming_examples/basic/block_datatypes/matrix_multiplication/whole_array/_build'
cp _build/whole_array whole_array.exe 
mkdir -p build
python3 /scratch/luisr/mlir-aie/programming_examples/basic/block_datatypes/matrix_multiplication/whole_array/whole_array.py --n-aie-cols 8 -m 64 -k 128 -n 64 -M 8192 -K 6144 -N 8192 > build/aie_8192x6144x8192_64x128x64.mlir
mkdir -p build
cd build && xchesscc_wrapper aie2p -I /proj/xbuilds/2024.2_INT_1113_1001/installs/all_platforms/Vitis/2024.2/aietools/include  -DDIM_M=64 -DDIM_K=128 -DDIM_N=64 -c /scratch/luisr/mlir-aie/programming_examples/basic/block_datatypes/matrix_multiplication/whole_array/../mm.cc -o mm_64x128x64.o
WARNING: Default location for XILINX_VIVADO_IP_OVERRIDE not found: /build/xfndry/IP_2024.2_INTEGRATION_VERIFIED/customer/vivado/data/ip
mkdir -p build
cd build && aiecc.py --alloc-scheme= --aie-generate-xclbin --no-compile-host --xclbin-name=final_8192x6144x8192_64x128x64.xclbin \
			 --dynamic-objFifos \
			--aie-generate-npu-insts --npu-insts-name=insts_8192x6144x8192_64x128x64.txt ../build/aie_8192x6144x8192_64x128x64.mlir

Generating: /scratch/luisr/mlir-aie/programming_examples/basic/block_datatypes/matrix_multiplication/whole_array/build/aie_8192x6144x8192_64x128x64.mlir.prj/aie_cdo_elfs.bin
Generating: /scratch/luisr/mlir-aie/programming_examples/basic/block_datatypes/matrix_multiplication/whole_array/build/aie_8192x6144x8192_64x128x64.mlir.prj/aie_cdo_init.bin
Generating: /scratch/luisr/mlir-aie/programming_examples/basic/block_datatypes/matrix_multiplication/whole_array/build/aie_8192x6144x8192_64x128x64.mlir.prj/aie_cdo_enable.bin
export XRT_HACK_UNSECURE_LOADING_XCLBIN=1 && \
 ./whole_array.exe -x build/final_8192x6144x8192_64x128x64.xclbin -i build/insts_8192x6144x8192_64x128x64.txt -k MLIR_AIE -M 8192 -K 6144 -N 8192 -w 64 -y 128 -z 64 --iters 40 --warmup 10 --verify 0

Avg NPU matmul time: 114886us.
Avg NPU gflops: 7177.82

Min NPU matmul time: 114154us.
Max NPU gflops: 7223.87

Max NPU matmul time: 115664us.
Min NPU gflops: 7129.56

Shuffle time: 468725us.

PASS!

