XILINX_LOC=/proj/xbuilds/2024.2_INT_daily_latest/installs/lin64/Vitis/2024.2
SHELL=/bin/csh
MYXILINX_VER=2024.2
HISTCONTROL=ignoreboth:erasedups
TERM_PROGRAM_VERSION=3.4
GROUP=newhiredefaultgrp
MACHTYPE=x86_64
TMUX=/tmp/tmux-50093633/default,2175750,0
AIETOOLS_ROOT=/proj/xbuilds/2024.2_INT_daily_latest/installs/lin64/Vitis/2024.2/aietools
XILINX_XRT=/opt/xilinx/xrt
n_aie_cols=8
PWD=/scratch/luisr/mlir-aie/programming_examples/basic/matrix_multiplication/whole_array
LOGNAME=lromeror
NPU2=1
XDG_SESSION_TYPE=tty
MLIR_AIE_INSTALL_DIR=/scratch/luisr/mlir-aie/install
N=8192
M=8320
K=6144
n=64
m=64
k=64
HOME=/home/lromeror
LANG=en_US.UTF-8
PEANO_INSTALL_DIR=/scratch/luisr/mlir-aie/ironenv/lib/python3.12/site-packages/llvm-aie
VIRTUAL_ENV=/scratch/luisr/mlir-aie/ironenv
OSTYPE=linux
SSH_CONNECTION=172.21.39.59 54406 172.20.10.58 22
XDG_SESSION_CLASS=user
PYTHONPATH=/scratch/luisr/mlir-aie/install/python:/opt/xilinx/xrt/python:/scratch/luisr/mlir-aie/install/python:/opt/xilinx/xrt/python
TERM=tmux-256color
HOST=xcoradaie213
USER=lromeror
use_chess=1
TMUX_PANE=%0
emulate_bfloat16_mmul_with_bfp16=1
SHLVL=4
XDG_SESSION_ID=2023
VIRTUAL_ENV_PROMPT=(ironenv) 
LM_LICENSE_FILE=2100@aiengine
LD_LIBRARY_PATH=/scratch/luisr/mlir-aie/install/lib:/opt/xilinx/xrt/lib:/scratch/luisr/mlir-aie/install/lib:/opt/xilinx/xrt/lib
XDG_RUNTIME_DIR=/run/user/50093633
MYXILINX_BASE=/proj/xbuilds/2024.2_INT_daily_latest
dtype_out=bf16
SSH_CLIENT=172.21.39.59 54406 22
NLSPATH=/usr/share/locale/%L/LC_MESSAGES/%N.cat:/usr/share/locale/%l/LC_MESSAGES/%N.cat
VENDOR=unknown
PATH=/scratch/luisr/mlir-aie/install/bin:/scratch/luisr/mlir-aie/ironenv/bin:/opt/xilinx/xrt/bin:/scratch/luisr/mlir-aie/install/bin:/scratch/luisr/mlir-aie/ironenv/bin:/opt/xilinx/xrt/bin:/usr/local/sbin:/usr/local/bin:/usr/sbin:/usr/bin:/sbin:/bin:/usr/games:/usr/local/games:/snap/bin:/proj/xbuilds/2024.2_INT_daily_latest/installs/lin64/Vitis/2024.2/aietools/bin:/proj/xbuilds/2024.2_INT_daily_latest/installs/lin64/Vitis/2024.2/bin:/proj/xbuilds/2024.2_INT_daily_latest/installs/lin64/Vitis/2024.2/aietools/bin:/proj/xbuilds/2024.2_INT_daily_latest/installs/lin64/Vitis/2024.2/bin
dtype_in=bf16
DBUS_SESSION_BUS_ADDRESS=unix:path=/run/user/50093633/bus
opt_perf=0
SSH_TTY=/dev/pts/1
HOSTTYPE=x86_64-linux
REMOTEHOST=172.21.39.59
OLDPWD=/scratch/luisr/mlir-aie/programming_examples/basic/block_datatypes/matrix_multiplication/whole_array_mixed
runargs=--iters 40 --warmup 10 --verify 0
TERM_PROGRAM=tmux
_=/usr/bin/env
##===- Makefile -----------------------------------------------------------===##
# 
# This file licensed under the Apache License v2.0 with LLVM Exceptions.
# See https://llvm.org/LICENSE.txt for license information.
# SPDX-License-Identifier: Apache-2.0 WITH LLVM-exception
#
# Copyright (C) 2025, Advanced Micro Devices, Inc.
# 
##===----------------------------------------------------------------------===##
srcdir := $(shell dirname $(realpath $(firstword $(MAKEFILE_LIST))))
subdir=whole_array
targetname=whole_array


# M, K, N: final GEMM dimensions
M?=512
K?=512
N?=512

# m, k, n: single AIE core GEMM dimensions
m?=32
k?=32
n?=32

n_aie_cols?=4
b_col_maj?=0

kernels=mm_${m}x${k}x${n}
aieargs+=-m $m -k $k -n $n --n-aie-cols ${n_aie_cols} --b-col-maj ${b_col_maj}
runargs+=--b_col_maj ${b_col_maj}
target_suffix=${M}x${K}x${N}_${m}x${k}x${n}_${n_aie_cols}c
use_placed?=0
use_iron?=0

# set this flag to 1 for linear buffer allocation
# else, 0 for bank-aware
use_linear_buf_alloc?=1

ifeq (${use_linear_buf_alloc}, 1)
buffer_aloc_flag=basic-sequential
else
buffer_aloc_flag=bank-aware
endif

ifeq (${use_placed}, 1)
aie_py_src=${targetname}_placed.py
ifeq (${use_iron}, 1)
$(error Cannot specify both placed design and IRON)
endif
endif

ifeq (${use_iron}, 1)
aie_py_src=${targetname}_iron.py
endif

KERNEL_DEFINES=-D${dtype_in}_${dtype_out}_ONLY -DDIM_M=${m} -DDIM_K=${k} -DDIM_N=${n}
ifeq (${b_col_maj}, 1)
	KERNEL_DEFINES+=-DB_COL_MAJ
endif

include ${srcdir}/../makefile-common

build/mm_${m}x${k}x${n}.o: ${kernels_dir}/mm.cc
	mkdir -p ${@D}
	cd ${@D} && ${KERNEL_CC} ${KERNEL_CFLAGS} ${KERNEL_DEFINES} -c $< -o ${@F}
rm -rf tmpTrace parse*.json trace*json trace.txt
rm -rf build _build whole_array.exe
rm -rf _build
mkdir -p _build
cd _build &&  cmake -E env CXXFLAGS="-std=c++23 -ggdb -DDTYPE_IN=std::bfloat16_t -DDTYPE_OUT=std::bfloat16_t -DDTYPE_ACC=float" \
	cmake `echo /scratch/luisr/mlir-aie/programming_examples/basic/matrix_multiplication/whole_array/..` -D CMAKE_C_COMPILER=gcc-13 -D CMAKE_CXX_COMPILER=g++-13 -DTARGET_NAME=whole_array -Dsubdir=whole_array
-- The C compiler identification is GNU 13.3.0
-- The CXX compiler identification is GNU 13.3.0
-- Detecting C compiler ABI info
-- Detecting C compiler ABI info - done
-- Check for working C compiler: /usr/bin/gcc-13 - skipped
-- Detecting C compile features
-- Detecting C compile features - done
-- Detecting CXX compiler ABI info
-- Detecting CXX compiler ABI info - done
-- Check for working CXX compiler: /usr/bin/g++-13 - skipped
-- Detecting CXX compile features
-- Detecting CXX compile features - done
-- Configuring done (0.3s)
-- Generating done (0.0s)
-- Build files have been written to: /scratch/luisr/mlir-aie/programming_examples/basic/matrix_multiplication/whole_array/_build
cd _build &&  cmake --build . --config Release
gmake[1]: Entering directory '/scratch/luisr/mlir-aie/programming_examples/basic/matrix_multiplication/whole_array/_build'
gmake[2]: Entering directory '/scratch/luisr/mlir-aie/programming_examples/basic/matrix_multiplication/whole_array/_build'
gmake[3]: Entering directory '/scratch/luisr/mlir-aie/programming_examples/basic/matrix_multiplication/whole_array/_build'
gmake[3]: Leaving directory '/scratch/luisr/mlir-aie/programming_examples/basic/matrix_multiplication/whole_array/_build'
gmake[3]: Entering directory '/scratch/luisr/mlir-aie/programming_examples/basic/matrix_multiplication/whole_array/_build'
[ 33%] Building CXX object CMakeFiles/whole_array.dir/scratch/luisr/mlir-aie/runtime_lib/test_lib/test_utils.cpp.o
[ 66%] Building CXX object CMakeFiles/whole_array.dir/whole_array/test.cpp.o
[100%] Linking CXX executable whole_array
gmake[3]: Leaving directory '/scratch/luisr/mlir-aie/programming_examples/basic/matrix_multiplication/whole_array/_build'
[100%] Built target whole_array
gmake[2]: Leaving directory '/scratch/luisr/mlir-aie/programming_examples/basic/matrix_multiplication/whole_array/_build'
gmake[1]: Leaving directory '/scratch/luisr/mlir-aie/programming_examples/basic/matrix_multiplication/whole_array/_build'
cp _build/whole_array whole_array.exe 
mkdir -p build
python3 /scratch/luisr/mlir-aie/programming_examples/basic/matrix_multiplication/whole_array/whole_array.py -m 64 -k 64 -n 64 --n-aie-cols 8 --b-col-maj 0 --dev npu2 -M 512 -K 512 -N 512 --dtype_in bf16 --dtype_out bf16 --emulate-bf16-mmul-with-bfp16 true --trace_size 0 > build/aie_512x512x512_64x64x64_8c.mlir
mkdir -p build
cd build && xchesscc_wrapper aie2p -I /proj/xbuilds/2024.2_INT_1113_1001/installs/all_platforms/Vitis/2024.2/aietools/include  -Dbf16_bf16_ONLY -DDIM_M=64 -DDIM_K=64 -DDIM_N=64 -DAIE_API_EMULATE_BFLOAT16_MMUL_WITH_BFP16 -c /scratch/luisr/mlir-aie/programming_examples/basic/matrix_multiplication/whole_array/../../../../aie_kernels/aie2p/mm.cc -o mm_64x64x64.o
WARNING: Default location for XILINX_VIVADO_IP_OVERRIDE not found: /build/xfndry/IP_2024.2_INTEGRATION_VERIFIED/customer/vivado/data/ip
mkdir -p build
cd build && aiecc.py --alloc-scheme=basic-sequential --aie-generate-xclbin --no-compile-host --xclbin-name=final_512x512x512_64x64x64_8c.xclbin \
			 \
			--aie-generate-npu-insts --npu-insts-name=insts_512x512x512_64x64x64_8c.txt ../build/aie_512x512x512_64x64x64_8c.mlir

Generating: /scratch/luisr/mlir-aie/programming_examples/basic/matrix_multiplication/whole_array/build/aie_512x512x512_64x64x64_8c.mlir.prj/aie_cdo_elfs.bin
Generating: /scratch/luisr/mlir-aie/programming_examples/basic/matrix_multiplication/whole_array/build/aie_512x512x512_64x64x64_8c.mlir.prj/aie_cdo_init.bin
Generating: /scratch/luisr/mlir-aie/programming_examples/basic/matrix_multiplication/whole_array/build/aie_512x512x512_64x64x64_8c.mlir.prj/aie_cdo_enable.bin
export XRT_HACK_UNSECURE_LOADING_XCLBIN=1 && \
 ./whole_array.exe -x build/final_512x512x512_64x64x64_8c.xclbin -i build/insts_512x512x512_64x64x64_8c.txt -k MLIR_AIE -M 512 -K 512 -N 512 --iters 40 --warmup 10 --verify 0 --b_col_maj 0

Avg NPU matmul time: 153.475us.
Avg NPU gflops: 1749.05

Min NPU matmul time: 147us.
Max NPU gflops: 1826.09

Max NPU matmul time: 162us.
Min NPU gflops: 1657.01

PASS!

rm -rf tmpTrace parse*.json trace*json trace.txt
rm -rf build _build whole_array.exe
rm -rf _build
mkdir -p _build
cd _build &&  cmake -E env CXXFLAGS="-std=c++23 -ggdb -DDTYPE_IN=std::bfloat16_t -DDTYPE_OUT=std::bfloat16_t -DDTYPE_ACC=float" \
	cmake `echo /scratch/luisr/mlir-aie/programming_examples/basic/matrix_multiplication/whole_array/..` -D CMAKE_C_COMPILER=gcc-13 -D CMAKE_CXX_COMPILER=g++-13 -DTARGET_NAME=whole_array -Dsubdir=whole_array
-- The C compiler identification is GNU 13.3.0
-- The CXX compiler identification is GNU 13.3.0
-- Detecting C compiler ABI info
-- Detecting C compiler ABI info - done
-- Check for working C compiler: /usr/bin/gcc-13 - skipped
-- Detecting C compile features
-- Detecting C compile features - done
-- Detecting CXX compiler ABI info
-- Detecting CXX compiler ABI info - done
-- Check for working CXX compiler: /usr/bin/g++-13 - skipped
-- Detecting CXX compile features
-- Detecting CXX compile features - done
-- Configuring done (0.3s)
-- Generating done (0.0s)
-- Build files have been written to: /scratch/luisr/mlir-aie/programming_examples/basic/matrix_multiplication/whole_array/_build
cd _build &&  cmake --build . --config Release
gmake[1]: Entering directory '/scratch/luisr/mlir-aie/programming_examples/basic/matrix_multiplication/whole_array/_build'
gmake[2]: Entering directory '/scratch/luisr/mlir-aie/programming_examples/basic/matrix_multiplication/whole_array/_build'
gmake[3]: Entering directory '/scratch/luisr/mlir-aie/programming_examples/basic/matrix_multiplication/whole_array/_build'
gmake[3]: Leaving directory '/scratch/luisr/mlir-aie/programming_examples/basic/matrix_multiplication/whole_array/_build'
gmake[3]: Entering directory '/scratch/luisr/mlir-aie/programming_examples/basic/matrix_multiplication/whole_array/_build'
[ 33%] Building CXX object CMakeFiles/whole_array.dir/scratch/luisr/mlir-aie/runtime_lib/test_lib/test_utils.cpp.o
[ 66%] Building CXX object CMakeFiles/whole_array.dir/whole_array/test.cpp.o
[100%] Linking CXX executable whole_array
gmake[3]: Leaving directory '/scratch/luisr/mlir-aie/programming_examples/basic/matrix_multiplication/whole_array/_build'
[100%] Built target whole_array
gmake[2]: Leaving directory '/scratch/luisr/mlir-aie/programming_examples/basic/matrix_multiplication/whole_array/_build'
gmake[1]: Leaving directory '/scratch/luisr/mlir-aie/programming_examples/basic/matrix_multiplication/whole_array/_build'
cp _build/whole_array whole_array.exe 
mkdir -p build
python3 /scratch/luisr/mlir-aie/programming_examples/basic/matrix_multiplication/whole_array/whole_array.py -m 64 -k 64 -n 64 --n-aie-cols 8 --b-col-maj 0 --dev npu2 -M 512 -K 512 -N 1024 --dtype_in bf16 --dtype_out bf16 --emulate-bf16-mmul-with-bfp16 true --trace_size 0 > build/aie_512x512x1024_64x64x64_8c.mlir
mkdir -p build
cd build && xchesscc_wrapper aie2p -I /proj/xbuilds/2024.2_INT_1113_1001/installs/all_platforms/Vitis/2024.2/aietools/include  -Dbf16_bf16_ONLY -DDIM_M=64 -DDIM_K=64 -DDIM_N=64 -DAIE_API_EMULATE_BFLOAT16_MMUL_WITH_BFP16 -c /scratch/luisr/mlir-aie/programming_examples/basic/matrix_multiplication/whole_array/../../../../aie_kernels/aie2p/mm.cc -o mm_64x64x64.o
WARNING: Default location for XILINX_VIVADO_IP_OVERRIDE not found: /build/xfndry/IP_2024.2_INTEGRATION_VERIFIED/customer/vivado/data/ip
mkdir -p build
cd build && aiecc.py --alloc-scheme=basic-sequential --aie-generate-xclbin --no-compile-host --xclbin-name=final_512x512x1024_64x64x64_8c.xclbin \
			 \
			--aie-generate-npu-insts --npu-insts-name=insts_512x512x1024_64x64x64_8c.txt ../build/aie_512x512x1024_64x64x64_8c.mlir

Generating: /scratch/luisr/mlir-aie/programming_examples/basic/matrix_multiplication/whole_array/build/aie_512x512x1024_64x64x64_8c.mlir.prj/aie_cdo_elfs.bin
Generating: /scratch/luisr/mlir-aie/programming_examples/basic/matrix_multiplication/whole_array/build/aie_512x512x1024_64x64x64_8c.mlir.prj/aie_cdo_init.bin
Generating: /scratch/luisr/mlir-aie/programming_examples/basic/matrix_multiplication/whole_array/build/aie_512x512x1024_64x64x64_8c.mlir.prj/aie_cdo_enable.bin
export XRT_HACK_UNSECURE_LOADING_XCLBIN=1 && \
 ./whole_array.exe -x build/final_512x512x1024_64x64x64_8c.xclbin -i build/insts_512x512x1024_64x64x64_8c.txt -k MLIR_AIE -M 512 -K 512 -N 1024 --iters 40 --warmup 10 --verify 0 --b_col_maj 0

Avg NPU matmul time: 207.625us.
Avg NPU gflops: 2585.77

Min NPU matmul time: 199us.
Max NPU gflops: 2697.84

Max NPU matmul time: 210us.
Min NPU gflops: 2556.53

PASS!

rm -rf tmpTrace parse*.json trace*json trace.txt
rm -rf build _build whole_array.exe
rm -rf _build
mkdir -p _build
cd _build &&  cmake -E env CXXFLAGS="-std=c++23 -ggdb -DDTYPE_IN=std::bfloat16_t -DDTYPE_OUT=std::bfloat16_t -DDTYPE_ACC=float" \
	cmake `echo /scratch/luisr/mlir-aie/programming_examples/basic/matrix_multiplication/whole_array/..` -D CMAKE_C_COMPILER=gcc-13 -D CMAKE_CXX_COMPILER=g++-13 -DTARGET_NAME=whole_array -Dsubdir=whole_array
-- The C compiler identification is GNU 13.3.0
-- The CXX compiler identification is GNU 13.3.0
-- Detecting C compiler ABI info
-- Detecting C compiler ABI info - done
-- Check for working C compiler: /usr/bin/gcc-13 - skipped
-- Detecting C compile features
-- Detecting C compile features - done
-- Detecting CXX compiler ABI info
-- Detecting CXX compiler ABI info - done
-- Check for working CXX compiler: /usr/bin/g++-13 - skipped
-- Detecting CXX compile features
-- Detecting CXX compile features - done
-- Configuring done (0.3s)
-- Generating done (0.0s)
-- Build files have been written to: /scratch/luisr/mlir-aie/programming_examples/basic/matrix_multiplication/whole_array/_build
cd _build &&  cmake --build . --config Release
gmake[1]: Entering directory '/scratch/luisr/mlir-aie/programming_examples/basic/matrix_multiplication/whole_array/_build'
gmake[2]: Entering directory '/scratch/luisr/mlir-aie/programming_examples/basic/matrix_multiplication/whole_array/_build'
gmake[3]: Entering directory '/scratch/luisr/mlir-aie/programming_examples/basic/matrix_multiplication/whole_array/_build'
gmake[3]: Leaving directory '/scratch/luisr/mlir-aie/programming_examples/basic/matrix_multiplication/whole_array/_build'
gmake[3]: Entering directory '/scratch/luisr/mlir-aie/programming_examples/basic/matrix_multiplication/whole_array/_build'
[ 33%] Building CXX object CMakeFiles/whole_array.dir/scratch/luisr/mlir-aie/runtime_lib/test_lib/test_utils.cpp.o
[ 66%] Building CXX object CMakeFiles/whole_array.dir/whole_array/test.cpp.o
[100%] Linking CXX executable whole_array
gmake[3]: Leaving directory '/scratch/luisr/mlir-aie/programming_examples/basic/matrix_multiplication/whole_array/_build'
[100%] Built target whole_array
gmake[2]: Leaving directory '/scratch/luisr/mlir-aie/programming_examples/basic/matrix_multiplication/whole_array/_build'
gmake[1]: Leaving directory '/scratch/luisr/mlir-aie/programming_examples/basic/matrix_multiplication/whole_array/_build'
cp _build/whole_array whole_array.exe 
mkdir -p build
python3 /scratch/luisr/mlir-aie/programming_examples/basic/matrix_multiplication/whole_array/whole_array.py -m 64 -k 64 -n 64 --n-aie-cols 8 --b-col-maj 0 --dev npu2 -M 512 -K 512 -N 4096 --dtype_in bf16 --dtype_out bf16 --emulate-bf16-mmul-with-bfp16 true --trace_size 0 > build/aie_512x512x4096_64x64x64_8c.mlir
mkdir -p build
cd build && xchesscc_wrapper aie2p -I /proj/xbuilds/2024.2_INT_1113_1001/installs/all_platforms/Vitis/2024.2/aietools/include  -Dbf16_bf16_ONLY -DDIM_M=64 -DDIM_K=64 -DDIM_N=64 -DAIE_API_EMULATE_BFLOAT16_MMUL_WITH_BFP16 -c /scratch/luisr/mlir-aie/programming_examples/basic/matrix_multiplication/whole_array/../../../../aie_kernels/aie2p/mm.cc -o mm_64x64x64.o
WARNING: Default location for XILINX_VIVADO_IP_OVERRIDE not found: /build/xfndry/IP_2024.2_INTEGRATION_VERIFIED/customer/vivado/data/ip
mkdir -p build
cd build && aiecc.py --alloc-scheme=basic-sequential --aie-generate-xclbin --no-compile-host --xclbin-name=final_512x512x4096_64x64x64_8c.xclbin \
			 \
			--aie-generate-npu-insts --npu-insts-name=insts_512x512x4096_64x64x64_8c.txt ../build/aie_512x512x4096_64x64x64_8c.mlir

Generating: /scratch/luisr/mlir-aie/programming_examples/basic/matrix_multiplication/whole_array/build/aie_512x512x4096_64x64x64_8c.mlir.prj/aie_cdo_elfs.bin
Generating: /scratch/luisr/mlir-aie/programming_examples/basic/matrix_multiplication/whole_array/build/aie_512x512x4096_64x64x64_8c.mlir.prj/aie_cdo_init.bin
Generating: /scratch/luisr/mlir-aie/programming_examples/basic/matrix_multiplication/whole_array/build/aie_512x512x4096_64x64x64_8c.mlir.prj/aie_cdo_enable.bin
export XRT_HACK_UNSECURE_LOADING_XCLBIN=1 && \
 ./whole_array.exe -x build/final_512x512x4096_64x64x64_8c.xclbin -i build/insts_512x512x4096_64x64x64_8c.txt -k MLIR_AIE -M 512 -K 512 -N 4096 --iters 40 --warmup 10 --verify 0 --b_col_maj 0

Avg NPU matmul time: 590.45us.
Avg NPU gflops: 3637.03

Min NPU matmul time: 562us.
Max NPU gflops: 3821.15

Max NPU matmul time: 637us.
Min NPU gflops: 3371.25

PASS!

rm -rf tmpTrace parse*.json trace*json trace.txt
rm -rf build _build whole_array.exe
rm -rf _build
mkdir -p _build
cd _build &&  cmake -E env CXXFLAGS="-std=c++23 -ggdb -DDTYPE_IN=std::bfloat16_t -DDTYPE_OUT=std::bfloat16_t -DDTYPE_ACC=float" \
	cmake `echo /scratch/luisr/mlir-aie/programming_examples/basic/matrix_multiplication/whole_array/..` -D CMAKE_C_COMPILER=gcc-13 -D CMAKE_CXX_COMPILER=g++-13 -DTARGET_NAME=whole_array -Dsubdir=whole_array
-- The C compiler identification is GNU 13.3.0
-- The CXX compiler identification is GNU 13.3.0
-- Detecting C compiler ABI info
-- Detecting C compiler ABI info - done
-- Check for working C compiler: /usr/bin/gcc-13 - skipped
-- Detecting C compile features
-- Detecting C compile features - done
-- Detecting CXX compiler ABI info
-- Detecting CXX compiler ABI info - done
-- Check for working CXX compiler: /usr/bin/g++-13 - skipped
-- Detecting CXX compile features
-- Detecting CXX compile features - done
-- Configuring done (0.3s)
-- Generating done (0.0s)
-- Build files have been written to: /scratch/luisr/mlir-aie/programming_examples/basic/matrix_multiplication/whole_array/_build
cd _build &&  cmake --build . --config Release
gmake[1]: Entering directory '/scratch/luisr/mlir-aie/programming_examples/basic/matrix_multiplication/whole_array/_build'
gmake[2]: Entering directory '/scratch/luisr/mlir-aie/programming_examples/basic/matrix_multiplication/whole_array/_build'
gmake[3]: Entering directory '/scratch/luisr/mlir-aie/programming_examples/basic/matrix_multiplication/whole_array/_build'
gmake[3]: Leaving directory '/scratch/luisr/mlir-aie/programming_examples/basic/matrix_multiplication/whole_array/_build'
gmake[3]: Entering directory '/scratch/luisr/mlir-aie/programming_examples/basic/matrix_multiplication/whole_array/_build'
[ 33%] Building CXX object CMakeFiles/whole_array.dir/scratch/luisr/mlir-aie/runtime_lib/test_lib/test_utils.cpp.o
[ 66%] Building CXX object CMakeFiles/whole_array.dir/whole_array/test.cpp.o
[100%] Linking CXX executable whole_array
gmake[3]: Leaving directory '/scratch/luisr/mlir-aie/programming_examples/basic/matrix_multiplication/whole_array/_build'
[100%] Built target whole_array
gmake[2]: Leaving directory '/scratch/luisr/mlir-aie/programming_examples/basic/matrix_multiplication/whole_array/_build'
gmake[1]: Leaving directory '/scratch/luisr/mlir-aie/programming_examples/basic/matrix_multiplication/whole_array/_build'
cp _build/whole_array whole_array.exe 
mkdir -p build
python3 /scratch/luisr/mlir-aie/programming_examples/basic/matrix_multiplication/whole_array/whole_array.py -m 64 -k 64 -n 64 --n-aie-cols 8 --b-col-maj 0 --dev npu2 -M 512 -K 512 -N 8192 --dtype_in bf16 --dtype_out bf16 --emulate-bf16-mmul-with-bfp16 true --trace_size 0 > build/aie_512x512x8192_64x64x64_8c.mlir
mkdir -p build
cd build && xchesscc_wrapper aie2p -I /proj/xbuilds/2024.2_INT_1113_1001/installs/all_platforms/Vitis/2024.2/aietools/include  -Dbf16_bf16_ONLY -DDIM_M=64 -DDIM_K=64 -DDIM_N=64 -DAIE_API_EMULATE_BFLOAT16_MMUL_WITH_BFP16 -c /scratch/luisr/mlir-aie/programming_examples/basic/matrix_multiplication/whole_array/../../../../aie_kernels/aie2p/mm.cc -o mm_64x64x64.o
WARNING: Default location for XILINX_VIVADO_IP_OVERRIDE not found: /build/xfndry/IP_2024.2_INTEGRATION_VERIFIED/customer/vivado/data/ip
mkdir -p build
cd build && aiecc.py --alloc-scheme=basic-sequential --aie-generate-xclbin --no-compile-host --xclbin-name=final_512x512x8192_64x64x64_8c.xclbin \
			 \
			--aie-generate-npu-insts --npu-insts-name=insts_512x512x8192_64x64x64_8c.txt ../build/aie_512x512x8192_64x64x64_8c.mlir

Generating: /scratch/luisr/mlir-aie/programming_examples/basic/matrix_multiplication/whole_array/build/aie_512x512x8192_64x64x64_8c.mlir.prj/aie_cdo_elfs.bin
Generating: /scratch/luisr/mlir-aie/programming_examples/basic/matrix_multiplication/whole_array/build/aie_512x512x8192_64x64x64_8c.mlir.prj/aie_cdo_init.bin
Generating: /scratch/luisr/mlir-aie/programming_examples/basic/matrix_multiplication/whole_array/build/aie_512x512x8192_64x64x64_8c.mlir.prj/aie_cdo_enable.bin
export XRT_HACK_UNSECURE_LOADING_XCLBIN=1 && \
 ./whole_array.exe -x build/final_512x512x8192_64x64x64_8c.xclbin -i build/insts_512x512x8192_64x64x64_8c.txt -k MLIR_AIE -M 512 -K 512 -N 8192 --iters 40 --warmup 10 --verify 0 --b_col_maj 0

Avg NPU matmul time: 1208.3us.
Avg NPU gflops: 3554.55

Min NPU matmul time: 1074us.
Max NPU gflops: 3999.04

Max NPU matmul time: 1610us.
Min NPU gflops: 2667.68

PASS!

rm -rf tmpTrace parse*.json trace*json trace.txt
rm -rf build _build whole_array.exe
rm -rf _build
mkdir -p _build
cd _build &&  cmake -E env CXXFLAGS="-std=c++23 -ggdb -DDTYPE_IN=std::bfloat16_t -DDTYPE_OUT=std::bfloat16_t -DDTYPE_ACC=float" \
	cmake `echo /scratch/luisr/mlir-aie/programming_examples/basic/matrix_multiplication/whole_array/..` -D CMAKE_C_COMPILER=gcc-13 -D CMAKE_CXX_COMPILER=g++-13 -DTARGET_NAME=whole_array -Dsubdir=whole_array
-- The C compiler identification is GNU 13.3.0
-- The CXX compiler identification is GNU 13.3.0
-- Detecting C compiler ABI info
-- Detecting C compiler ABI info - done
-- Check for working C compiler: /usr/bin/gcc-13 - skipped
-- Detecting C compile features
-- Detecting C compile features - done
-- Detecting CXX compiler ABI info
-- Detecting CXX compiler ABI info - done
-- Check for working CXX compiler: /usr/bin/g++-13 - skipped
-- Detecting CXX compile features
-- Detecting CXX compile features - done
-- Configuring done (0.2s)
-- Generating done (0.0s)
-- Build files have been written to: /scratch/luisr/mlir-aie/programming_examples/basic/matrix_multiplication/whole_array/_build
cd _build &&  cmake --build . --config Release
gmake[1]: Entering directory '/scratch/luisr/mlir-aie/programming_examples/basic/matrix_multiplication/whole_array/_build'
gmake[2]: Entering directory '/scratch/luisr/mlir-aie/programming_examples/basic/matrix_multiplication/whole_array/_build'
gmake[3]: Entering directory '/scratch/luisr/mlir-aie/programming_examples/basic/matrix_multiplication/whole_array/_build'
gmake[3]: Leaving directory '/scratch/luisr/mlir-aie/programming_examples/basic/matrix_multiplication/whole_array/_build'
gmake[3]: Entering directory '/scratch/luisr/mlir-aie/programming_examples/basic/matrix_multiplication/whole_array/_build'
[ 33%] Building CXX object CMakeFiles/whole_array.dir/scratch/luisr/mlir-aie/runtime_lib/test_lib/test_utils.cpp.o
[ 66%] Building CXX object CMakeFiles/whole_array.dir/whole_array/test.cpp.o
[100%] Linking CXX executable whole_array
gmake[3]: Leaving directory '/scratch/luisr/mlir-aie/programming_examples/basic/matrix_multiplication/whole_array/_build'
[100%] Built target whole_array
gmake[2]: Leaving directory '/scratch/luisr/mlir-aie/programming_examples/basic/matrix_multiplication/whole_array/_build'
gmake[1]: Leaving directory '/scratch/luisr/mlir-aie/programming_examples/basic/matrix_multiplication/whole_array/_build'
cp _build/whole_array whole_array.exe 
mkdir -p build
python3 /scratch/luisr/mlir-aie/programming_examples/basic/matrix_multiplication/whole_array/whole_array.py -m 64 -k 64 -n 64 --n-aie-cols 8 --b-col-maj 0 --dev npu2 -M 512 -K 1024 -N 512 --dtype_in bf16 --dtype_out bf16 --emulate-bf16-mmul-with-bfp16 true --trace_size 0 > build/aie_512x1024x512_64x64x64_8c.mlir
mkdir -p build
cd build && xchesscc_wrapper aie2p -I /proj/xbuilds/2024.2_INT_1113_1001/installs/all_platforms/Vitis/2024.2/aietools/include  -Dbf16_bf16_ONLY -DDIM_M=64 -DDIM_K=64 -DDIM_N=64 -DAIE_API_EMULATE_BFLOAT16_MMUL_WITH_BFP16 -c /scratch/luisr/mlir-aie/programming_examples/basic/matrix_multiplication/whole_array/../../../../aie_kernels/aie2p/mm.cc -o mm_64x64x64.o
WARNING: Default location for XILINX_VIVADO_IP_OVERRIDE not found: /build/xfndry/IP_2024.2_INTEGRATION_VERIFIED/customer/vivado/data/ip
mkdir -p build
cd build && aiecc.py --alloc-scheme=basic-sequential --aie-generate-xclbin --no-compile-host --xclbin-name=final_512x1024x512_64x64x64_8c.xclbin \
			 \
			--aie-generate-npu-insts --npu-insts-name=insts_512x1024x512_64x64x64_8c.txt ../build/aie_512x1024x512_64x64x64_8c.mlir

Generating: /scratch/luisr/mlir-aie/programming_examples/basic/matrix_multiplication/whole_array/build/aie_512x1024x512_64x64x64_8c.mlir.prj/aie_cdo_elfs.bin
rm -rf tmpTrace parse*.json trace*json trace.txt
rm -rf build _build whole_array.exe
rm -rf _build
mkdir -p _build
cd _build &&  cmake -E env CXXFLAGS="-std=c++23 -ggdb -DDTYPE_IN=std::bfloat16_t -DDTYPE_OUT=std::bfloat16_t -DDTYPE_ACC=float" \
	cmake `echo /scratch/luisr/mlir-aie/programming_examples/basic/matrix_multiplication/whole_array/..` -D CMAKE_C_COMPILER=gcc-13 -D CMAKE_CXX_COMPILER=g++-13 -DTARGET_NAME=whole_array -Dsubdir=whole_array
-- The C compiler identification is GNU 13.3.0
-- The CXX compiler identification is GNU 13.3.0
-- Detecting C compiler ABI info
-- Detecting C compiler ABI info - done
-- Check for working C compiler: /usr/bin/gcc-13 - skipped
-- Detecting C compile features
-- Detecting C compile features - done
-- Detecting CXX compiler ABI info
-- Detecting CXX compiler ABI info - done
-- Check for working CXX compiler: /usr/bin/g++-13 - skipped
-- Detecting CXX compile features
-- Detecting CXX compile features - done
-- Configuring done (0.3s)
-- Generating done (0.0s)
-- Build files have been written to: /scratch/luisr/mlir-aie/programming_examples/basic/matrix_multiplication/whole_array/_build
cd _build &&  cmake --build . --config Release
gmake[1]: Entering directory '/scratch/luisr/mlir-aie/programming_examples/basic/matrix_multiplication/whole_array/_build'
gmake[2]: Entering directory '/scratch/luisr/mlir-aie/programming_examples/basic/matrix_multiplication/whole_array/_build'
gmake[3]: Entering directory '/scratch/luisr/mlir-aie/programming_examples/basic/matrix_multiplication/whole_array/_build'
gmake[3]: Leaving directory '/scratch/luisr/mlir-aie/programming_examples/basic/matrix_multiplication/whole_array/_build'
gmake[3]: Entering directory '/scratch/luisr/mlir-aie/programming_examples/basic/matrix_multiplication/whole_array/_build'
[ 33%] Building CXX object CMakeFiles/whole_array.dir/scratch/luisr/mlir-aie/runtime_lib/test_lib/test_utils.cpp.o
[ 66%] Building CXX object CMakeFiles/whole_array.dir/whole_array/test.cpp.o
[100%] Linking CXX executable whole_array
gmake[3]: Leaving directory '/scratch/luisr/mlir-aie/programming_examples/basic/matrix_multiplication/whole_array/_build'
[100%] Built target whole_array
gmake[2]: Leaving directory '/scratch/luisr/mlir-aie/programming_examples/basic/matrix_multiplication/whole_array/_build'
gmake[1]: Leaving directory '/scratch/luisr/mlir-aie/programming_examples/basic/matrix_multiplication/whole_array/_build'
cp _build/whole_array whole_array.exe 
mkdir -p build
python3 /scratch/luisr/mlir-aie/programming_examples/basic/matrix_multiplication/whole_array/whole_array.py -m 64 -k 64 -n 64 --n-aie-cols 8 --b-col-maj 0 --dev npu2 -M 512 -K 1024 -N 1024 --dtype_in bf16 --dtype_out bf16 --emulate-bf16-mmul-with-bfp16 true --trace_size 0 > build/aie_512x1024x1024_64x64x64_8c.mlir
mkdir -p build
cd build && xchesscc_wrapper aie2p -I /proj/xbuilds/2024.2_INT_1113_1001/installs/all_platforms/Vitis/2024.2/aietools/include  -Dbf16_bf16_ONLY -DDIM_M=64 -DDIM_K=64 -DDIM_N=64 -DAIE_API_EMULATE_BFLOAT16_MMUL_WITH_BFP16 -c /scratch/luisr/mlir-aie/programming_examples/basic/matrix_multiplication/whole_array/../../../../aie_kernels/aie2p/mm.cc -o mm_64x64x64.o
WARNING: Default location for XILINX_VIVADO_IP_OVERRIDE not found: /build/xfndry/IP_2024.2_INTEGRATION_VERIFIED/customer/vivado/data/ip
mkdir -p build
cd build && aiecc.py --alloc-scheme=basic-sequential --aie-generate-xclbin --no-compile-host --xclbin-name=final_512x1024x1024_64x64x64_8c.xclbin \
			 \
			--aie-generate-npu-insts --npu-insts-name=insts_512x1024x1024_64x64x64_8c.txt ../build/aie_512x1024x1024_64x64x64_8c.mlir

Generating: /scratch/luisr/mlir-aie/programming_examples/basic/matrix_multiplication/whole_array/build/aie_512x1024x1024_64x64x64_8c.mlir.prj/aie_cdo_elfs.bin
Generating: /scratch/luisr/mlir-aie/programming_examples/basic/matrix_multiplication/whole_array/build/aie_512x1024x1024_64x64x64_8c.mlir.prj/aie_cdo_init.bin
Generating: /scratch/luisr/mlir-aie/programming_examples/basic/matrix_multiplication/whole_array/build/aie_512x1024x1024_64x64x64_8c.mlir.prj/aie_cdo_enable.bin
export XRT_HACK_UNSECURE_LOADING_XCLBIN=1 && \
 ./whole_array.exe -x build/final_512x1024x1024_64x64x64_8c.xclbin -i build/insts_512x1024x1024_64x64x64_8c.txt -k MLIR_AIE -M 512 -K 1024 -N 1024 --iters 40 --warmup 10 --verify 0 --b_col_maj 0

Avg NPU matmul time: 315.4us.
Avg NPU gflops: 3404.38

Min NPU matmul time: 305us.
Max NPU gflops: 3520.47

Max NPU matmul time: 320us.
Min NPU gflops: 3355.44

PASS!

rm -rf tmpTrace parse*.json trace*json trace.txt
rm -rf build _build whole_array.exe
rm -rf _build
mkdir -p _build
cd _build &&  cmake -E env CXXFLAGS="-std=c++23 -ggdb -DDTYPE_IN=std::bfloat16_t -DDTYPE_OUT=std::bfloat16_t -DDTYPE_ACC=float" \
	cmake `echo /scratch/luisr/mlir-aie/programming_examples/basic/matrix_multiplication/whole_array/..` -D CMAKE_C_COMPILER=gcc-13 -D CMAKE_CXX_COMPILER=g++-13 -DTARGET_NAME=whole_array -Dsubdir=whole_array
-- The C compiler identification is GNU 13.3.0
-- The CXX compiler identification is GNU 13.3.0
-- Detecting C compiler ABI info
-- Detecting C compiler ABI info - done
-- Check for working C compiler: /usr/bin/gcc-13 - skipped
-- Detecting C compile features
-- Detecting C compile features - done
-- Detecting CXX compiler ABI info
-- Detecting CXX compiler ABI info - done
-- Check for working CXX compiler: /usr/bin/g++-13 - skipped
-- Detecting CXX compile features
-- Detecting CXX compile features - done
-- Configuring done (0.3s)
-- Generating done (0.0s)
-- Build files have been written to: /scratch/luisr/mlir-aie/programming_examples/basic/matrix_multiplication/whole_array/_build
cd _build &&  cmake --build . --config Release
gmake[1]: Entering directory '/scratch/luisr/mlir-aie/programming_examples/basic/matrix_multiplication/whole_array/_build'
gmake[2]: Entering directory '/scratch/luisr/mlir-aie/programming_examples/basic/matrix_multiplication/whole_array/_build'
gmake[3]: Entering directory '/scratch/luisr/mlir-aie/programming_examples/basic/matrix_multiplication/whole_array/_build'
gmake[3]: Leaving directory '/scratch/luisr/mlir-aie/programming_examples/basic/matrix_multiplication/whole_array/_build'
gmake[3]: Entering directory '/scratch/luisr/mlir-aie/programming_examples/basic/matrix_multiplication/whole_array/_build'
[ 33%] Building CXX object CMakeFiles/whole_array.dir/scratch/luisr/mlir-aie/runtime_lib/test_lib/test_utils.cpp.o
[ 66%] Building CXX object CMakeFiles/whole_array.dir/whole_array/test.cpp.o
[100%] Linking CXX executable whole_array
gmake[3]: Leaving directory '/scratch/luisr/mlir-aie/programming_examples/basic/matrix_multiplication/whole_array/_build'
[100%] Built target whole_array
gmake[2]: Leaving directory '/scratch/luisr/mlir-aie/programming_examples/basic/matrix_multiplication/whole_array/_build'
gmake[1]: Leaving directory '/scratch/luisr/mlir-aie/programming_examples/basic/matrix_multiplication/whole_array/_build'
cp _build/whole_array whole_array.exe 
mkdir -p build
python3 /scratch/luisr/mlir-aie/programming_examples/basic/matrix_multiplication/whole_array/whole_array.py -m 64 -k 64 -n 64 --n-aie-cols 8 --b-col-maj 0 --dev npu2 -M 512 -K 1024 -N 4096 --dtype_in bf16 --dtype_out bf16 --emulate-bf16-mmul-with-bfp16 true --trace_size 0 > build/aie_512x1024x4096_64x64x64_8c.mlir
mkdir -p build
cd build && xchesscc_wrapper aie2p -I /proj/xbuilds/2024.2_INT_1113_1001/installs/all_platforms/Vitis/2024.2/aietools/include  -Dbf16_bf16_ONLY -DDIM_M=64 -DDIM_K=64 -DDIM_N=64 -DAIE_API_EMULATE_BFLOAT16_MMUL_WITH_BFP16 -c /scratch/luisr/mlir-aie/programming_examples/basic/matrix_multiplication/whole_array/../../../../aie_kernels/aie2p/mm.cc -o mm_64x64x64.o
WARNING: Default location for XILINX_VIVADO_IP_OVERRIDE not found: /build/xfndry/IP_2024.2_INTEGRATION_VERIFIED/customer/vivado/data/ip
mkdir -p build
cd build && aiecc.py --alloc-scheme=basic-sequential --aie-generate-xclbin --no-compile-host --xclbin-name=final_512x1024x4096_64x64x64_8c.xclbin \
			 \
			--aie-generate-npu-insts --npu-insts-name=insts_512x1024x4096_64x64x64_8c.txt ../build/aie_512x1024x4096_64x64x64_8c.mlir

Generating: /scratch/luisr/mlir-aie/programming_examples/basic/matrix_multiplication/whole_array/build/aie_512x1024x4096_64x64x64_8c.mlir.prj/aie_cdo_elfs.bin
Generating: /scratch/luisr/mlir-aie/programming_examples/basic/matrix_multiplication/whole_array/build/aie_512x1024x4096_64x64x64_8c.mlir.prj/aie_cdo_init.bin
Generating: /scratch/luisr/mlir-aie/programming_examples/basic/matrix_multiplication/whole_array/build/aie_512x1024x4096_64x64x64_8c.mlir.prj/aie_cdo_enable.bin
export XRT_HACK_UNSECURE_LOADING_XCLBIN=1 && \
 ./whole_array.exe -x build/final_512x1024x4096_64x64x64_8c.xclbin -i build/insts_512x1024x4096_64x64x64_8c.txt -k MLIR_AIE -M 512 -K 1024 -N 4096 --iters 40 --warmup 10 --verify 0 --b_col_maj 0

Avg NPU matmul time: 1057.03us.
Avg NPU gflops: 4063.26

Min NPU matmul time: 1040us.
Max NPU gflops: 4129.78

Max NPU matmul time: 1107us.
Min NPU gflops: 3879.83

PASS!

rm -rf tmpTrace parse*.json trace*json trace.txt
rm -rf build _build whole_array.exe
rm -rf _build
mkdir -p _build
cd _build &&  cmake -E env CXXFLAGS="-std=c++23 -ggdb -DDTYPE_IN=std::bfloat16_t -DDTYPE_OUT=std::bfloat16_t -DDTYPE_ACC=float" \
	cmake `echo /scratch/luisr/mlir-aie/programming_examples/basic/matrix_multiplication/whole_array/..` -D CMAKE_C_COMPILER=gcc-13 -D CMAKE_CXX_COMPILER=g++-13 -DTARGET_NAME=whole_array -Dsubdir=whole_array
-- The C compiler identification is GNU 13.3.0
-- The CXX compiler identification is GNU 13.3.0
-- Detecting C compiler ABI info
-- Detecting C compiler ABI info - done
-- Check for working C compiler: /usr/bin/gcc-13 - skipped
-- Detecting C compile features
-- Detecting C compile features - done
-- Detecting CXX compiler ABI info
-- Detecting CXX compiler ABI info - done
-- Check for working CXX compiler: /usr/bin/g++-13 - skipped
-- Detecting CXX compile features
-- Detecting CXX compile features - done
-- Configuring done (0.3s)
-- Generating done (0.0s)
-- Build files have been written to: /scratch/luisr/mlir-aie/programming_examples/basic/matrix_multiplication/whole_array/_build
cd _build &&  cmake --build . --config Release
gmake[1]: Entering directory '/scratch/luisr/mlir-aie/programming_examples/basic/matrix_multiplication/whole_array/_build'
gmake[2]: Entering directory '/scratch/luisr/mlir-aie/programming_examples/basic/matrix_multiplication/whole_array/_build'
gmake[3]: Entering directory '/scratch/luisr/mlir-aie/programming_examples/basic/matrix_multiplication/whole_array/_build'
gmake[3]: Leaving directory '/scratch/luisr/mlir-aie/programming_examples/basic/matrix_multiplication/whole_array/_build'
gmake[3]: Entering directory '/scratch/luisr/mlir-aie/programming_examples/basic/matrix_multiplication/whole_array/_build'
[ 33%] Building CXX object CMakeFiles/whole_array.dir/scratch/luisr/mlir-aie/runtime_lib/test_lib/test_utils.cpp.o
[ 66%] Building CXX object CMakeFiles/whole_array.dir/whole_array/test.cpp.o
[100%] Linking CXX executable whole_array
gmake[3]: Leaving directory '/scratch/luisr/mlir-aie/programming_examples/basic/matrix_multiplication/whole_array/_build'
[100%] Built target whole_array
gmake[2]: Leaving directory '/scratch/luisr/mlir-aie/programming_examples/basic/matrix_multiplication/whole_array/_build'
gmake[1]: Leaving directory '/scratch/luisr/mlir-aie/programming_examples/basic/matrix_multiplication/whole_array/_build'
cp _build/whole_array whole_array.exe 
mkdir -p build
python3 /scratch/luisr/mlir-aie/programming_examples/basic/matrix_multiplication/whole_array/whole_array.py -m 64 -k 64 -n 64 --n-aie-cols 8 --b-col-maj 0 --dev npu2 -M 512 -K 1024 -N 8192 --dtype_in bf16 --dtype_out bf16 --emulate-bf16-mmul-with-bfp16 true --trace_size 0 > build/aie_512x1024x8192_64x64x64_8c.mlir
mkdir -p build
cd build && xchesscc_wrapper aie2p -I /proj/xbuilds/2024.2_INT_1113_1001/installs/all_platforms/Vitis/2024.2/aietools/include  -Dbf16_bf16_ONLY -DDIM_M=64 -DDIM_K=64 -DDIM_N=64 -DAIE_API_EMULATE_BFLOAT16_MMUL_WITH_BFP16 -c /scratch/luisr/mlir-aie/programming_examples/basic/matrix_multiplication/whole_array/../../../../aie_kernels/aie2p/mm.cc -o mm_64x64x64.o
WARNING: Default location for XILINX_VIVADO_IP_OVERRIDE not found: /build/xfndry/IP_2024.2_INTEGRATION_VERIFIED/customer/vivado/data/ip
mkdir -p build
cd build && aiecc.py --alloc-scheme=basic-sequential --aie-generate-xclbin --no-compile-host --xclbin-name=final_512x1024x8192_64x64x64_8c.xclbin \
			 \
			--aie-generate-npu-insts --npu-insts-name=insts_512x1024x8192_64x64x64_8c.txt ../build/aie_512x1024x8192_64x64x64_8c.mlir

Generating: /scratch/luisr/mlir-aie/programming_examples/basic/matrix_multiplication/whole_array/build/aie_512x1024x8192_64x64x64_8c.mlir.prj/aie_cdo_elfs.bin
Generating: /scratch/luisr/mlir-aie/programming_examples/basic/matrix_multiplication/whole_array/build/aie_512x1024x8192_64x64x64_8c.mlir.prj/aie_cdo_init.bin
Generating: /scratch/luisr/mlir-aie/programming_examples/basic/matrix_multiplication/whole_array/build/aie_512x1024x8192_64x64x64_8c.mlir.prj/aie_cdo_enable.bin
export XRT_HACK_UNSECURE_LOADING_XCLBIN=1 && \
 ./whole_array.exe -x build/final_512x1024x8192_64x64x64_8c.xclbin -i build/insts_512x1024x8192_64x64x64_8c.txt -k MLIR_AIE -M 512 -K 1024 -N 8192 --iters 40 --warmup 10 --verify 0 --b_col_maj 0

Avg NPU matmul time: 2207.48us.
Avg NPU gflops: 3891.29

Min NPU matmul time: 2140us.
Max NPU gflops: 4013.99

Max NPU matmul time: 2270us.
Min NPU gflops: 3784.11

PASS!

rm -rf tmpTrace parse*.json trace*json trace.txt
rm -rf build _build whole_array.exe
rm -rf _build
mkdir -p _build
cd _build &&  cmake -E env CXXFLAGS="-std=c++23 -ggdb -DDTYPE_IN=std::bfloat16_t -DDTYPE_OUT=std::bfloat16_t -DDTYPE_ACC=float" \
	cmake `echo /scratch/luisr/mlir-aie/programming_examples/basic/matrix_multiplication/whole_array/..` -D CMAKE_C_COMPILER=gcc-13 -D CMAKE_CXX_COMPILER=g++-13 -DTARGET_NAME=whole_array -Dsubdir=whole_array
-- The C compiler identification is GNU 13.3.0
-- The CXX compiler identification is GNU 13.3.0
-- Detecting C compiler ABI info
-- Detecting C compiler ABI info - done
-- Check for working C compiler: /usr/bin/gcc-13 - skipped
-- Detecting C compile features
-- Detecting C compile features - done
-- Detecting CXX compiler ABI info
-- Detecting CXX compiler ABI info - done
-- Check for working CXX compiler: /usr/bin/g++-13 - skipped
-- Detecting CXX compile features
-- Detecting CXX compile features - done
-- Configuring done (0.3s)
-- Generating done (0.0s)
-- Build files have been written to: /scratch/luisr/mlir-aie/programming_examples/basic/matrix_multiplication/whole_array/_build
cd _build &&  cmake --build . --config Release
gmake[1]: Entering directory '/scratch/luisr/mlir-aie/programming_examples/basic/matrix_multiplication/whole_array/_build'
gmake[2]: Entering directory '/scratch/luisr/mlir-aie/programming_examples/basic/matrix_multiplication/whole_array/_build'
gmake[3]: Entering directory '/scratch/luisr/mlir-aie/programming_examples/basic/matrix_multiplication/whole_array/_build'
gmake[3]: Leaving directory '/scratch/luisr/mlir-aie/programming_examples/basic/matrix_multiplication/whole_array/_build'
gmake[3]: Entering directory '/scratch/luisr/mlir-aie/programming_examples/basic/matrix_multiplication/whole_array/_build'
[ 33%] Building CXX object CMakeFiles/whole_array.dir/scratch/luisr/mlir-aie/runtime_lib/test_lib/test_utils.cpp.o
[ 66%] Building CXX object CMakeFiles/whole_array.dir/whole_array/test.cpp.o
[100%] Linking CXX executable whole_array
gmake[3]: Leaving directory '/scratch/luisr/mlir-aie/programming_examples/basic/matrix_multiplication/whole_array/_build'
[100%] Built target whole_array
gmake[2]: Leaving directory '/scratch/luisr/mlir-aie/programming_examples/basic/matrix_multiplication/whole_array/_build'
gmake[1]: Leaving directory '/scratch/luisr/mlir-aie/programming_examples/basic/matrix_multiplication/whole_array/_build'
cp _build/whole_array whole_array.exe 
mkdir -p build
python3 /scratch/luisr/mlir-aie/programming_examples/basic/matrix_multiplication/whole_array/whole_array.py -m 64 -k 64 -n 64 --n-aie-cols 8 --b-col-maj 0 --dev npu2 -M 512 -K 4096 -N 512 --dtype_in bf16 --dtype_out bf16 --emulate-bf16-mmul-with-bfp16 true --trace_size 0 > build/aie_512x4096x512_64x64x64_8c.mlir
mkdir -p build
cd build && xchesscc_wrapper aie2p -I /proj/xbuilds/2024.2_INT_1113_1001/installs/all_platforms/Vitis/2024.2/aietools/include  -Dbf16_bf16_ONLY -DDIM_M=64 -DDIM_K=64 -DDIM_N=64 -DAIE_API_EMULATE_BFLOAT16_MMUL_WITH_BFP16 -c /scratch/luisr/mlir-aie/programming_examples/basic/matrix_multiplication/whole_array/../../../../aie_kernels/aie2p/mm.cc -o mm_64x64x64.o
WARNING: Default location for XILINX_VIVADO_IP_OVERRIDE not found: /build/xfndry/IP_2024.2_INTEGRATION_VERIFIED/customer/vivado/data/ip
mkdir -p build
cd build && aiecc.py --alloc-scheme=basic-sequential --aie-generate-xclbin --no-compile-host --xclbin-name=final_512x4096x512_64x64x64_8c.xclbin \
			 \
			--aie-generate-npu-insts --npu-insts-name=insts_512x4096x512_64x64x64_8c.txt ../build/aie_512x4096x512_64x64x64_8c.mlir

Generating: /scratch/luisr/mlir-aie/programming_examples/basic/matrix_multiplication/whole_array/build/aie_512x4096x512_64x64x64_8c.mlir.prj/aie_cdo_elfs.bin
Generating: /scratch/luisr/mlir-aie/programming_examples/basic/matrix_multiplication/whole_array/build/aie_512x4096x512_64x64x64_8c.mlir.prj/aie_cdo_init.bin
Generating: /scratch/luisr/mlir-aie/programming_examples/basic/matrix_multiplication/whole_array/build/aie_512x4096x512_64x64x64_8c.mlir.prj/aie_cdo_enable.bin
export XRT_HACK_UNSECURE_LOADING_XCLBIN=1 && \
 ./whole_array.exe -x build/final_512x4096x512_64x64x64_8c.xclbin -i build/insts_512x4096x512_64x64x64_8c.txt -k MLIR_AIE -M 512 -K 4096 -N 512 --iters 40 --warmup 10 --verify 0 --b_col_maj 0

Avg NPU matmul time: 541.4us.
Avg NPU gflops: 3966.54

Min NPU matmul time: 527us.
Max NPU gflops: 4074.92

Max NPU matmul time: 555us.
Min NPU gflops: 3869.34

PASS!

rm -rf tmpTrace parse*.json trace*json trace.txt
rm -rf build _build whole_array.exe
rm -rf _build
mkdir -p _build
cd _build &&  cmake -E env CXXFLAGS="-std=c++23 -ggdb -DDTYPE_IN=std::bfloat16_t -DDTYPE_OUT=std::bfloat16_t -DDTYPE_ACC=float" \
	cmake `echo /scratch/luisr/mlir-aie/programming_examples/basic/matrix_multiplication/whole_array/..` -D CMAKE_C_COMPILER=gcc-13 -D CMAKE_CXX_COMPILER=g++-13 -DTARGET_NAME=whole_array -Dsubdir=whole_array
-- The C compiler identification is GNU 13.3.0
-- The CXX compiler identification is GNU 13.3.0
-- Detecting C compiler ABI info
-- Detecting C compiler ABI info - done
-- Check for working C compiler: /usr/bin/gcc-13 - skipped
-- Detecting C compile features
-- Detecting C compile features - done
-- Detecting CXX compiler ABI info
-- Detecting CXX compiler ABI info - done
-- Check for working CXX compiler: /usr/bin/g++-13 - skipped
-- Detecting CXX compile features
-- Detecting CXX compile features - done
-- Configuring done (0.3s)
-- Generating done (0.0s)
-- Build files have been written to: /scratch/luisr/mlir-aie/programming_examples/basic/matrix_multiplication/whole_array/_build
cd _build &&  cmake --build . --config Release
gmake[1]: Entering directory '/scratch/luisr/mlir-aie/programming_examples/basic/matrix_multiplication/whole_array/_build'
gmake[2]: Entering directory '/scratch/luisr/mlir-aie/programming_examples/basic/matrix_multiplication/whole_array/_build'
gmake[3]: Entering directory '/scratch/luisr/mlir-aie/programming_examples/basic/matrix_multiplication/whole_array/_build'
gmake[3]: Leaving directory '/scratch/luisr/mlir-aie/programming_examples/basic/matrix_multiplication/whole_array/_build'
gmake[3]: Entering directory '/scratch/luisr/mlir-aie/programming_examples/basic/matrix_multiplication/whole_array/_build'
[ 33%] Building CXX object CMakeFiles/whole_array.dir/scratch/luisr/mlir-aie/runtime_lib/test_lib/test_utils.cpp.o
[ 66%] Building CXX object CMakeFiles/whole_array.dir/whole_array/test.cpp.o
[100%] Linking CXX executable whole_array
gmake[3]: Leaving directory '/scratch/luisr/mlir-aie/programming_examples/basic/matrix_multiplication/whole_array/_build'
[100%] Built target whole_array
gmake[2]: Leaving directory '/scratch/luisr/mlir-aie/programming_examples/basic/matrix_multiplication/whole_array/_build'
gmake[1]: Leaving directory '/scratch/luisr/mlir-aie/programming_examples/basic/matrix_multiplication/whole_array/_build'
cp _build/whole_array whole_array.exe 
mkdir -p build
python3 /scratch/luisr/mlir-aie/programming_examples/basic/matrix_multiplication/whole_array/whole_array.py -m 64 -k 64 -n 64 --n-aie-cols 8 --b-col-maj 0 --dev npu2 -M 512 -K 4096 -N 1024 --dtype_in bf16 --dtype_out bf16 --emulate-bf16-mmul-with-bfp16 true --trace_size 0 > build/aie_512x4096x1024_64x64x64_8c.mlir
mkdir -p build
cd build && xchesscc_wrapper aie2p -I /proj/xbuilds/2024.2_INT_1113_1001/installs/all_platforms/Vitis/2024.2/aietools/include  -Dbf16_bf16_ONLY -DDIM_M=64 -DDIM_K=64 -DDIM_N=64 -DAIE_API_EMULATE_BFLOAT16_MMUL_WITH_BFP16 -c /scratch/luisr/mlir-aie/programming_examples/basic/matrix_multiplication/whole_array/../../../../aie_kernels/aie2p/mm.cc -o mm_64x64x64.o
WARNING: Default location for XILINX_VIVADO_IP_OVERRIDE not found: /build/xfndry/IP_2024.2_INTEGRATION_VERIFIED/customer/vivado/data/ip
mkdir -p build
cd build && aiecc.py --alloc-scheme=basic-sequential --aie-generate-xclbin --no-compile-host --xclbin-name=final_512x4096x1024_64x64x64_8c.xclbin \
			 \
			--aie-generate-npu-insts --npu-insts-name=insts_512x4096x1024_64x64x64_8c.txt ../build/aie_512x4096x1024_64x64x64_8c.mlir

Generating: /scratch/luisr/mlir-aie/programming_examples/basic/matrix_multiplication/whole_array/build/aie_512x4096x1024_64x64x64_8c.mlir.prj/aie_cdo_elfs.bin
Generating: /scratch/luisr/mlir-aie/programming_examples/basic/matrix_multiplication/whole_array/build/aie_512x4096x1024_64x64x64_8c.mlir.prj/aie_cdo_init.bin
Generating: /scratch/luisr/mlir-aie/programming_examples/basic/matrix_multiplication/whole_array/build/aie_512x4096x1024_64x64x64_8c.mlir.prj/aie_cdo_enable.bin
export XRT_HACK_UNSECURE_LOADING_XCLBIN=1 && \
 ./whole_array.exe -x build/final_512x4096x1024_64x64x64_8c.xclbin -i build/insts_512x4096x1024_64x64x64_8c.txt -k MLIR_AIE -M 512 -K 4096 -N 1024 --iters 40 --warmup 10 --verify 0 --b_col_maj 0

Avg NPU matmul time: 994.125us.
Avg NPU gflops: 4320.35

Min NPU matmul time: 981us.
Max NPU gflops: 4378.15

Max NPU matmul time: 1016us.
Min NPU gflops: 4227.33

PASS!

rm -rf tmpTrace parse*.json trace*json trace.txt
rm -rf build _build whole_array.exe
rm -rf _build
mkdir -p _build
cd _build &&  cmake -E env CXXFLAGS="-std=c++23 -ggdb -DDTYPE_IN=std::bfloat16_t -DDTYPE_OUT=std::bfloat16_t -DDTYPE_ACC=float" \
	cmake `echo /scratch/luisr/mlir-aie/programming_examples/basic/matrix_multiplication/whole_array/..` -D CMAKE_C_COMPILER=gcc-13 -D CMAKE_CXX_COMPILER=g++-13 -DTARGET_NAME=whole_array -Dsubdir=whole_array
-- The C compiler identification is GNU 13.3.0
-- The CXX compiler identification is GNU 13.3.0
-- Detecting C compiler ABI info
-- Detecting C compiler ABI info - done
-- Check for working C compiler: /usr/bin/gcc-13 - skipped
-- Detecting C compile features
-- Detecting C compile features - done
-- Detecting CXX compiler ABI info
-- Detecting CXX compiler ABI info - done
-- Check for working CXX compiler: /usr/bin/g++-13 - skipped
-- Detecting CXX compile features
-- Detecting CXX compile features - done
-- Configuring done (0.3s)
-- Generating done (0.0s)
-- Build files have been written to: /scratch/luisr/mlir-aie/programming_examples/basic/matrix_multiplication/whole_array/_build
cd _build &&  cmake --build . --config Release
gmake[1]: Entering directory '/scratch/luisr/mlir-aie/programming_examples/basic/matrix_multiplication/whole_array/_build'
gmake[2]: Entering directory '/scratch/luisr/mlir-aie/programming_examples/basic/matrix_multiplication/whole_array/_build'
gmake[3]: Entering directory '/scratch/luisr/mlir-aie/programming_examples/basic/matrix_multiplication/whole_array/_build'
gmake[3]: Leaving directory '/scratch/luisr/mlir-aie/programming_examples/basic/matrix_multiplication/whole_array/_build'
gmake[3]: Entering directory '/scratch/luisr/mlir-aie/programming_examples/basic/matrix_multiplication/whole_array/_build'
[ 33%] Building CXX object CMakeFiles/whole_array.dir/scratch/luisr/mlir-aie/runtime_lib/test_lib/test_utils.cpp.o
[ 66%] Building CXX object CMakeFiles/whole_array.dir/whole_array/test.cpp.o
[100%] Linking CXX executable whole_array
gmake[3]: Leaving directory '/scratch/luisr/mlir-aie/programming_examples/basic/matrix_multiplication/whole_array/_build'
[100%] Built target whole_array
gmake[2]: Leaving directory '/scratch/luisr/mlir-aie/programming_examples/basic/matrix_multiplication/whole_array/_build'
gmake[1]: Leaving directory '/scratch/luisr/mlir-aie/programming_examples/basic/matrix_multiplication/whole_array/_build'
cp _build/whole_array whole_array.exe 
mkdir -p build
python3 /scratch/luisr/mlir-aie/programming_examples/basic/matrix_multiplication/whole_array/whole_array.py -m 64 -k 64 -n 64 --n-aie-cols 8 --b-col-maj 0 --dev npu2 -M 512 -K 4096 -N 4096 --dtype_in bf16 --dtype_out bf16 --emulate-bf16-mmul-with-bfp16 true --trace_size 0 > build/aie_512x4096x4096_64x64x64_8c.mlir
mkdir -p build
cd build && xchesscc_wrapper aie2p -I /proj/xbuilds/2024.2_INT_1113_1001/installs/all_platforms/Vitis/2024.2/aietools/include  -Dbf16_bf16_ONLY -DDIM_M=64 -DDIM_K=64 -DDIM_N=64 -DAIE_API_EMULATE_BFLOAT16_MMUL_WITH_BFP16 -c /scratch/luisr/mlir-aie/programming_examples/basic/matrix_multiplication/whole_array/../../../../aie_kernels/aie2p/mm.cc -o mm_64x64x64.o
WARNING: Default location for XILINX_VIVADO_IP_OVERRIDE not found: /build/xfndry/IP_2024.2_INTEGRATION_VERIFIED/customer/vivado/data/ip
mkdir -p build
cd build && aiecc.py --alloc-scheme=basic-sequential --aie-generate-xclbin --no-compile-host --xclbin-name=final_512x4096x4096_64x64x64_8c.xclbin \
			 \
			--aie-generate-npu-insts --npu-insts-name=insts_512x4096x4096_64x64x64_8c.txt ../build/aie_512x4096x4096_64x64x64_8c.mlir

Generating: /scratch/luisr/mlir-aie/programming_examples/basic/matrix_multiplication/whole_array/build/aie_512x4096x4096_64x64x64_8c.mlir.prj/aie_cdo_elfs.bin
Generating: /scratch/luisr/mlir-aie/programming_examples/basic/matrix_multiplication/whole_array/build/aie_512x4096x4096_64x64x64_8c.mlir.prj/aie_cdo_init.bin
Generating: /scratch/luisr/mlir-aie/programming_examples/basic/matrix_multiplication/whole_array/build/aie_512x4096x4096_64x64x64_8c.mlir.prj/aie_cdo_enable.bin
export XRT_HACK_UNSECURE_LOADING_XCLBIN=1 && \
 ./whole_array.exe -x build/final_512x4096x4096_64x64x64_8c.xclbin -i build/insts_512x4096x4096_64x64x64_8c.txt -k MLIR_AIE -M 512 -K 4096 -N 4096 --iters 40 --warmup 10 --verify 0 --b_col_maj 0

Avg NPU matmul time: 3927.57us.
Avg NPU gflops: 4374.17

Min NPU matmul time: 3834us.
Max NPU gflops: 4480.93

Max NPU matmul time: 4071us.
Min NPU gflops: 4220.06

PASS!

rm -rf tmpTrace parse*.json trace*json trace.txt
rm -rf build _build whole_array.exe
rm -rf _build
mkdir -p _build
cd _build &&  cmake -E env CXXFLAGS="-std=c++23 -ggdb -DDTYPE_IN=std::bfloat16_t -DDTYPE_OUT=std::bfloat16_t -DDTYPE_ACC=float" \
	cmake `echo /scratch/luisr/mlir-aie/programming_examples/basic/matrix_multiplication/whole_array/..` -D CMAKE_C_COMPILER=gcc-13 -D CMAKE_CXX_COMPILER=g++-13 -DTARGET_NAME=whole_array -Dsubdir=whole_array
-- The C compiler identification is GNU 13.3.0
-- The CXX compiler identification is GNU 13.3.0
-- Detecting C compiler ABI info
-- Detecting C compiler ABI info - done
-- Check for working C compiler: /usr/bin/gcc-13 - skipped
-- Detecting C compile features
-- Detecting C compile features - done
-- Detecting CXX compiler ABI info
-- Detecting CXX compiler ABI info - done
-- Check for working CXX compiler: /usr/bin/g++-13 - skipped
-- Detecting CXX compile features
-- Detecting CXX compile features - done
-- Configuring done (0.3s)
-- Generating done (0.0s)
-- Build files have been written to: /scratch/luisr/mlir-aie/programming_examples/basic/matrix_multiplication/whole_array/_build
cd _build &&  cmake --build . --config Release
gmake[1]: Entering directory '/scratch/luisr/mlir-aie/programming_examples/basic/matrix_multiplication/whole_array/_build'
gmake[2]: Entering directory '/scratch/luisr/mlir-aie/programming_examples/basic/matrix_multiplication/whole_array/_build'
gmake[3]: Entering directory '/scratch/luisr/mlir-aie/programming_examples/basic/matrix_multiplication/whole_array/_build'
gmake[3]: Leaving directory '/scratch/luisr/mlir-aie/programming_examples/basic/matrix_multiplication/whole_array/_build'
gmake[3]: Entering directory '/scratch/luisr/mlir-aie/programming_examples/basic/matrix_multiplication/whole_array/_build'
[ 33%] Building CXX object CMakeFiles/whole_array.dir/scratch/luisr/mlir-aie/runtime_lib/test_lib/test_utils.cpp.o
[ 66%] Building CXX object CMakeFiles/whole_array.dir/whole_array/test.cpp.o
[100%] Linking CXX executable whole_array
gmake[3]: Leaving directory '/scratch/luisr/mlir-aie/programming_examples/basic/matrix_multiplication/whole_array/_build'
[100%] Built target whole_array
gmake[2]: Leaving directory '/scratch/luisr/mlir-aie/programming_examples/basic/matrix_multiplication/whole_array/_build'
gmake[1]: Leaving directory '/scratch/luisr/mlir-aie/programming_examples/basic/matrix_multiplication/whole_array/_build'
cp _build/whole_array whole_array.exe 
mkdir -p build
python3 /scratch/luisr/mlir-aie/programming_examples/basic/matrix_multiplication/whole_array/whole_array.py -m 64 -k 64 -n 64 --n-aie-cols 8 --b-col-maj 0 --dev npu2 -M 512 -K 4096 -N 8192 --dtype_in bf16 --dtype_out bf16 --emulate-bf16-mmul-with-bfp16 true --trace_size 0 > build/aie_512x4096x8192_64x64x64_8c.mlir
mkdir -p build
cd build && xchesscc_wrapper aie2p -I /proj/xbuilds/2024.2_INT_1113_1001/installs/all_platforms/Vitis/2024.2/aietools/include  -Dbf16_bf16_ONLY -DDIM_M=64 -DDIM_K=64 -DDIM_N=64 -DAIE_API_EMULATE_BFLOAT16_MMUL_WITH_BFP16 -c /scratch/luisr/mlir-aie/programming_examples/basic/matrix_multiplication/whole_array/../../../../aie_kernels/aie2p/mm.cc -o mm_64x64x64.o
WARNING: Default location for XILINX_VIVADO_IP_OVERRIDE not found: /build/xfndry/IP_2024.2_INTEGRATION_VERIFIED/customer/vivado/data/ip
mkdir -p build
cd build && aiecc.py --alloc-scheme=basic-sequential --aie-generate-xclbin --no-compile-host --xclbin-name=final_512x4096x8192_64x64x64_8c.xclbin \
			 \
			--aie-generate-npu-insts --npu-insts-name=insts_512x4096x8192_64x64x64_8c.txt ../build/aie_512x4096x8192_64x64x64_8c.mlir

Generating: /scratch/luisr/mlir-aie/programming_examples/basic/matrix_multiplication/whole_array/build/aie_512x4096x8192_64x64x64_8c.mlir.prj/aie_cdo_elfs.bin
Generating: /scratch/luisr/mlir-aie/programming_examples/basic/matrix_multiplication/whole_array/build/aie_512x4096x8192_64x64x64_8c.mlir.prj/aie_cdo_init.bin
Generating: /scratch/luisr/mlir-aie/programming_examples/basic/matrix_multiplication/whole_array/build/aie_512x4096x8192_64x64x64_8c.mlir.prj/aie_cdo_enable.bin
export XRT_HACK_UNSECURE_LOADING_XCLBIN=1 && \
 ./whole_array.exe -x build/final_512x4096x8192_64x64x64_8c.xclbin -i build/insts_512x4096x8192_64x64x64_8c.txt -k MLIR_AIE -M 512 -K 4096 -N 8192 --iters 40 --warmup 10 --verify 0 --b_col_maj 0

Avg NPU matmul time: 9389.35us.
Avg NPU gflops: 3659.44

Min NPU matmul time: 8468us.
Max NPU gflops: 4057.6

Max NPU matmul time: 10504us.
Min NPU gflops: 3271.11

PASS!

rm -rf tmpTrace parse*.json trace*json trace.txt
rm -rf build _build whole_array.exe
rm -rf _build
mkdir -p _build
cd _build &&  cmake -E env CXXFLAGS="-std=c++23 -ggdb -DDTYPE_IN=std::bfloat16_t -DDTYPE_OUT=std::bfloat16_t -DDTYPE_ACC=float" \
	cmake `echo /scratch/luisr/mlir-aie/programming_examples/basic/matrix_multiplication/whole_array/..` -D CMAKE_C_COMPILER=gcc-13 -D CMAKE_CXX_COMPILER=g++-13 -DTARGET_NAME=whole_array -Dsubdir=whole_array
-- The C compiler identification is GNU 13.3.0
-- The CXX compiler identification is GNU 13.3.0
-- Detecting C compiler ABI info
-- Detecting C compiler ABI info - done
-- Check for working C compiler: /usr/bin/gcc-13 - skipped
-- Detecting C compile features
-- Detecting C compile features - done
-- Detecting CXX compiler ABI info
-- Detecting CXX compiler ABI info - done
-- Check for working CXX compiler: /usr/bin/g++-13 - skipped
-- Detecting CXX compile features
-- Detecting CXX compile features - done
-- Configuring done (0.3s)
-- Generating done (0.0s)
-- Build files have been written to: /scratch/luisr/mlir-aie/programming_examples/basic/matrix_multiplication/whole_array/_build
cd _build &&  cmake --build . --config Release
gmake[1]: Entering directory '/scratch/luisr/mlir-aie/programming_examples/basic/matrix_multiplication/whole_array/_build'
gmake[2]: Entering directory '/scratch/luisr/mlir-aie/programming_examples/basic/matrix_multiplication/whole_array/_build'
gmake[3]: Entering directory '/scratch/luisr/mlir-aie/programming_examples/basic/matrix_multiplication/whole_array/_build'
gmake[3]: Leaving directory '/scratch/luisr/mlir-aie/programming_examples/basic/matrix_multiplication/whole_array/_build'
gmake[3]: Entering directory '/scratch/luisr/mlir-aie/programming_examples/basic/matrix_multiplication/whole_array/_build'
[ 33%] Building CXX object CMakeFiles/whole_array.dir/scratch/luisr/mlir-aie/runtime_lib/test_lib/test_utils.cpp.o
[ 66%] Building CXX object CMakeFiles/whole_array.dir/whole_array/test.cpp.o
[100%] Linking CXX executable whole_array
gmake[3]: Leaving directory '/scratch/luisr/mlir-aie/programming_examples/basic/matrix_multiplication/whole_array/_build'
[100%] Built target whole_array
gmake[2]: Leaving directory '/scratch/luisr/mlir-aie/programming_examples/basic/matrix_multiplication/whole_array/_build'
gmake[1]: Leaving directory '/scratch/luisr/mlir-aie/programming_examples/basic/matrix_multiplication/whole_array/_build'
cp _build/whole_array whole_array.exe 
mkdir -p build
python3 /scratch/luisr/mlir-aie/programming_examples/basic/matrix_multiplication/whole_array/whole_array.py -m 64 -k 64 -n 64 --n-aie-cols 8 --b-col-maj 0 --dev npu2 -M 512 -K 6144 -N 512 --dtype_in bf16 --dtype_out bf16 --emulate-bf16-mmul-with-bfp16 true --trace_size 0 > build/aie_512x6144x512_64x64x64_8c.mlir
mkdir -p build
cd build && xchesscc_wrapper aie2p -I /proj/xbuilds/2024.2_INT_1113_1001/installs/all_platforms/Vitis/2024.2/aietools/include  -Dbf16_bf16_ONLY -DDIM_M=64 -DDIM_K=64 -DDIM_N=64 -DAIE_API_EMULATE_BFLOAT16_MMUL_WITH_BFP16 -c /scratch/luisr/mlir-aie/programming_examples/basic/matrix_multiplication/whole_array/../../../../aie_kernels/aie2p/mm.cc -o mm_64x64x64.o
WARNING: Default location for XILINX_VIVADO_IP_OVERRIDE not found: /build/xfndry/IP_2024.2_INTEGRATION_VERIFIED/customer/vivado/data/ip
mkdir -p build
cd build && aiecc.py --alloc-scheme=basic-sequential --aie-generate-xclbin --no-compile-host --xclbin-name=final_512x6144x512_64x64x64_8c.xclbin \
			 \
			--aie-generate-npu-insts --npu-insts-name=insts_512x6144x512_64x64x64_8c.txt ../build/aie_512x6144x512_64x64x64_8c.mlir

Generating: /scratch/luisr/mlir-aie/programming_examples/basic/matrix_multiplication/whole_array/build/aie_512x6144x512_64x64x64_8c.mlir.prj/aie_cdo_elfs.bin
Generating: /scratch/luisr/mlir-aie/programming_examples/basic/matrix_multiplication/whole_array/build/aie_512x6144x512_64x64x64_8c.mlir.prj/aie_cdo_init.bin
Generating: /scratch/luisr/mlir-aie/programming_examples/basic/matrix_multiplication/whole_array/build/aie_512x6144x512_64x64x64_8c.mlir.prj/aie_cdo_enable.bin
export XRT_HACK_UNSECURE_LOADING_XCLBIN=1 && \
 ./whole_array.exe -x build/final_512x6144x512_64x64x64_8c.xclbin -i build/insts_512x6144x512_64x64x64_8c.txt -k MLIR_AIE -M 512 -K 6144 -N 512 --iters 40 --warmup 10 --verify 0 --b_col_maj 0

Avg NPU matmul time: 767.425us.
Avg NPU gflops: 4197.45

Min NPU matmul time: 762us.
Max NPU gflops: 4227.33

Max NPU matmul time: 775us.
Min NPU gflops: 4156.42

PASS!

rm -rf tmpTrace parse*.json trace*json trace.txt
rm -rf build _build whole_array.exe
rm -rf _build
mkdir -p _build
cd _build &&  cmake -E env CXXFLAGS="-std=c++23 -ggdb -DDTYPE_IN=std::bfloat16_t -DDTYPE_OUT=std::bfloat16_t -DDTYPE_ACC=float" \
	cmake `echo /scratch/luisr/mlir-aie/programming_examples/basic/matrix_multiplication/whole_array/..` -D CMAKE_C_COMPILER=gcc-13 -D CMAKE_CXX_COMPILER=g++-13 -DTARGET_NAME=whole_array -Dsubdir=whole_array
-- The C compiler identification is GNU 13.3.0
-- The CXX compiler identification is GNU 13.3.0
-- Detecting C compiler ABI info
-- Detecting C compiler ABI info - done
-- Check for working C compiler: /usr/bin/gcc-13 - skipped
-- Detecting C compile features
-- Detecting C compile features - done
-- Detecting CXX compiler ABI info
-- Detecting CXX compiler ABI info - done
-- Check for working CXX compiler: /usr/bin/g++-13 - skipped
-- Detecting CXX compile features
-- Detecting CXX compile features - done
-- Configuring done (0.3s)
-- Generating done (0.0s)
-- Build files have been written to: /scratch/luisr/mlir-aie/programming_examples/basic/matrix_multiplication/whole_array/_build
cd _build &&  cmake --build . --config Release
gmake[1]: Entering directory '/scratch/luisr/mlir-aie/programming_examples/basic/matrix_multiplication/whole_array/_build'
gmake[2]: Entering directory '/scratch/luisr/mlir-aie/programming_examples/basic/matrix_multiplication/whole_array/_build'
gmake[3]: Entering directory '/scratch/luisr/mlir-aie/programming_examples/basic/matrix_multiplication/whole_array/_build'
gmake[3]: Leaving directory '/scratch/luisr/mlir-aie/programming_examples/basic/matrix_multiplication/whole_array/_build'
gmake[3]: Entering directory '/scratch/luisr/mlir-aie/programming_examples/basic/matrix_multiplication/whole_array/_build'
[ 33%] Building CXX object CMakeFiles/whole_array.dir/scratch/luisr/mlir-aie/runtime_lib/test_lib/test_utils.cpp.o
[ 66%] Building CXX object CMakeFiles/whole_array.dir/whole_array/test.cpp.o
[100%] Linking CXX executable whole_array
gmake[3]: Leaving directory '/scratch/luisr/mlir-aie/programming_examples/basic/matrix_multiplication/whole_array/_build'
[100%] Built target whole_array
gmake[2]: Leaving directory '/scratch/luisr/mlir-aie/programming_examples/basic/matrix_multiplication/whole_array/_build'
gmake[1]: Leaving directory '/scratch/luisr/mlir-aie/programming_examples/basic/matrix_multiplication/whole_array/_build'
cp _build/whole_array whole_array.exe 
mkdir -p build
python3 /scratch/luisr/mlir-aie/programming_examples/basic/matrix_multiplication/whole_array/whole_array.py -m 64 -k 64 -n 64 --n-aie-cols 8 --b-col-maj 0 --dev npu2 -M 512 -K 6144 -N 1024 --dtype_in bf16 --dtype_out bf16 --emulate-bf16-mmul-with-bfp16 true --trace_size 0 > build/aie_512x6144x1024_64x64x64_8c.mlir
mkdir -p build
cd build && xchesscc_wrapper aie2p -I /proj/xbuilds/2024.2_INT_1113_1001/installs/all_platforms/Vitis/2024.2/aietools/include  -Dbf16_bf16_ONLY -DDIM_M=64 -DDIM_K=64 -DDIM_N=64 -DAIE_API_EMULATE_BFLOAT16_MMUL_WITH_BFP16 -c /scratch/luisr/mlir-aie/programming_examples/basic/matrix_multiplication/whole_array/../../../../aie_kernels/aie2p/mm.cc -o mm_64x64x64.o
WARNING: Default location for XILINX_VIVADO_IP_OVERRIDE not found: /build/xfndry/IP_2024.2_INTEGRATION_VERIFIED/customer/vivado/data/ip
mkdir -p build
cd build && aiecc.py --alloc-scheme=basic-sequential --aie-generate-xclbin --no-compile-host --xclbin-name=final_512x6144x1024_64x64x64_8c.xclbin \
			 \
			--aie-generate-npu-insts --npu-insts-name=insts_512x6144x1024_64x64x64_8c.txt ../build/aie_512x6144x1024_64x64x64_8c.mlir

Generating: /scratch/luisr/mlir-aie/programming_examples/basic/matrix_multiplication/whole_array/build/aie_512x6144x1024_64x64x64_8c.mlir.prj/aie_cdo_elfs.bin
Generating: /scratch/luisr/mlir-aie/programming_examples/basic/matrix_multiplication/whole_array/build/aie_512x6144x1024_64x64x64_8c.mlir.prj/aie_cdo_init.bin
Generating: /scratch/luisr/mlir-aie/programming_examples/basic/matrix_multiplication/whole_array/build/aie_512x6144x1024_64x64x64_8c.mlir.prj/aie_cdo_enable.bin
export XRT_HACK_UNSECURE_LOADING_XCLBIN=1 && \
 ./whole_array.exe -x build/final_512x6144x1024_64x64x64_8c.xclbin -i build/insts_512x6144x1024_64x64x64_8c.txt -k MLIR_AIE -M 512 -K 6144 -N 1024 --iters 40 --warmup 10 --verify 0 --b_col_maj 0

Avg NPU matmul time: 1774.07us.
Avg NPU gflops: 3631.44

Min NPU matmul time: 1420us.
Max NPU gflops: 4536.94

Max NPU matmul time: 2326us.
Min NPU gflops: 2769.76

PASS!

rm -rf tmpTrace parse*.json trace*json trace.txt
rm -rf build _build whole_array.exe
rm -rf _build
mkdir -p _build
cd _build &&  cmake -E env CXXFLAGS="-std=c++23 -ggdb -DDTYPE_IN=std::bfloat16_t -DDTYPE_OUT=std::bfloat16_t -DDTYPE_ACC=float" \
	cmake `echo /scratch/luisr/mlir-aie/programming_examples/basic/matrix_multiplication/whole_array/..` -D CMAKE_C_COMPILER=gcc-13 -D CMAKE_CXX_COMPILER=g++-13 -DTARGET_NAME=whole_array -Dsubdir=whole_array
-- The C compiler identification is GNU 13.3.0
-- The CXX compiler identification is GNU 13.3.0
-- Detecting C compiler ABI info
-- Detecting C compiler ABI info - done
-- Check for working C compiler: /usr/bin/gcc-13 - skipped
-- Detecting C compile features
-- Detecting C compile features - done
-- Detecting CXX compiler ABI info
-- Detecting CXX compiler ABI info - done
-- Check for working CXX compiler: /usr/bin/g++-13 - skipped
-- Detecting CXX compile features
-- Detecting CXX compile features - done
-- Configuring done (0.3s)
-- Generating done (0.0s)
-- Build files have been written to: /scratch/luisr/mlir-aie/programming_examples/basic/matrix_multiplication/whole_array/_build
cd _build &&  cmake --build . --config Release
gmake[1]: Entering directory '/scratch/luisr/mlir-aie/programming_examples/basic/matrix_multiplication/whole_array/_build'
gmake[2]: Entering directory '/scratch/luisr/mlir-aie/programming_examples/basic/matrix_multiplication/whole_array/_build'
gmake[3]: Entering directory '/scratch/luisr/mlir-aie/programming_examples/basic/matrix_multiplication/whole_array/_build'
gmake[3]: Leaving directory '/scratch/luisr/mlir-aie/programming_examples/basic/matrix_multiplication/whole_array/_build'
gmake[3]: Entering directory '/scratch/luisr/mlir-aie/programming_examples/basic/matrix_multiplication/whole_array/_build'
[ 33%] Building CXX object CMakeFiles/whole_array.dir/scratch/luisr/mlir-aie/runtime_lib/test_lib/test_utils.cpp.o
[ 66%] Building CXX object CMakeFiles/whole_array.dir/whole_array/test.cpp.o
[100%] Linking CXX executable whole_array
gmake[3]: Leaving directory '/scratch/luisr/mlir-aie/programming_examples/basic/matrix_multiplication/whole_array/_build'
[100%] Built target whole_array
gmake[2]: Leaving directory '/scratch/luisr/mlir-aie/programming_examples/basic/matrix_multiplication/whole_array/_build'
gmake[1]: Leaving directory '/scratch/luisr/mlir-aie/programming_examples/basic/matrix_multiplication/whole_array/_build'
cp _build/whole_array whole_array.exe 
mkdir -p build
python3 /scratch/luisr/mlir-aie/programming_examples/basic/matrix_multiplication/whole_array/whole_array.py -m 64 -k 64 -n 64 --n-aie-cols 8 --b-col-maj 0 --dev npu2 -M 512 -K 6144 -N 4096 --dtype_in bf16 --dtype_out bf16 --emulate-bf16-mmul-with-bfp16 true --trace_size 0 > build/aie_512x6144x4096_64x64x64_8c.mlir
mkdir -p build
cd build && xchesscc_wrapper aie2p -I /proj/xbuilds/2024.2_INT_1113_1001/installs/all_platforms/Vitis/2024.2/aietools/include  -Dbf16_bf16_ONLY -DDIM_M=64 -DDIM_K=64 -DDIM_N=64 -DAIE_API_EMULATE_BFLOAT16_MMUL_WITH_BFP16 -c /scratch/luisr/mlir-aie/programming_examples/basic/matrix_multiplication/whole_array/../../../../aie_kernels/aie2p/mm.cc -o mm_64x64x64.o
WARNING: Default location for XILINX_VIVADO_IP_OVERRIDE not found: /build/xfndry/IP_2024.2_INTEGRATION_VERIFIED/customer/vivado/data/ip
mkdir -p build
cd build && aiecc.py --alloc-scheme=basic-sequential --aie-generate-xclbin --no-compile-host --xclbin-name=final_512x6144x4096_64x64x64_8c.xclbin \
			 \
			--aie-generate-npu-insts --npu-insts-name=insts_512x6144x4096_64x64x64_8c.txt ../build/aie_512x6144x4096_64x64x64_8c.mlir

Generating: /scratch/luisr/mlir-aie/programming_examples/basic/matrix_multiplication/whole_array/build/aie_512x6144x4096_64x64x64_8c.mlir.prj/aie_cdo_elfs.bin
Generating: /scratch/luisr/mlir-aie/programming_examples/basic/matrix_multiplication/whole_array/build/aie_512x6144x4096_64x64x64_8c.mlir.prj/aie_cdo_init.bin
Generating: /scratch/luisr/mlir-aie/programming_examples/basic/matrix_multiplication/whole_array/build/aie_512x6144x4096_64x64x64_8c.mlir.prj/aie_cdo_enable.bin
export XRT_HACK_UNSECURE_LOADING_XCLBIN=1 && \
 ./whole_array.exe -x build/final_512x6144x4096_64x64x64_8c.xclbin -i build/insts_512x6144x4096_64x64x64_8c.txt -k MLIR_AIE -M 512 -K 6144 -N 4096 --iters 40 --warmup 10 --verify 0 --b_col_maj 0

Avg NPU matmul time: 6348.67us.
Avg NPU gflops: 4059.08

Min NPU matmul time: 5912us.
Max NPU gflops: 4358.9

Max NPU matmul time: 7132us.
Min NPU gflops: 3613.26

PASS!

rm -rf tmpTrace parse*.json trace*json trace.txt
rm -rf build _build whole_array.exe
rm -rf _build
mkdir -p _build
cd _build &&  cmake -E env CXXFLAGS="-std=c++23 -ggdb -DDTYPE_IN=std::bfloat16_t -DDTYPE_OUT=std::bfloat16_t -DDTYPE_ACC=float" \
	cmake `echo /scratch/luisr/mlir-aie/programming_examples/basic/matrix_multiplication/whole_array/..` -D CMAKE_C_COMPILER=gcc-13 -D CMAKE_CXX_COMPILER=g++-13 -DTARGET_NAME=whole_array -Dsubdir=whole_array
-- The C compiler identification is GNU 13.3.0
-- The CXX compiler identification is GNU 13.3.0
-- Detecting C compiler ABI info
-- Detecting C compiler ABI info - done
-- Check for working C compiler: /usr/bin/gcc-13 - skipped
-- Detecting C compile features
-- Detecting C compile features - done
-- Detecting CXX compiler ABI info
-- Detecting CXX compiler ABI info - done
-- Check for working CXX compiler: /usr/bin/g++-13 - skipped
-- Detecting CXX compile features
-- Detecting CXX compile features - done
-- Configuring done (0.3s)
-- Generating done (0.0s)
-- Build files have been written to: /scratch/luisr/mlir-aie/programming_examples/basic/matrix_multiplication/whole_array/_build
cd _build &&  cmake --build . --config Release
gmake[1]: Entering directory '/scratch/luisr/mlir-aie/programming_examples/basic/matrix_multiplication/whole_array/_build'
gmake[2]: Entering directory '/scratch/luisr/mlir-aie/programming_examples/basic/matrix_multiplication/whole_array/_build'
gmake[3]: Entering directory '/scratch/luisr/mlir-aie/programming_examples/basic/matrix_multiplication/whole_array/_build'
gmake[3]: Leaving directory '/scratch/luisr/mlir-aie/programming_examples/basic/matrix_multiplication/whole_array/_build'
gmake[3]: Entering directory '/scratch/luisr/mlir-aie/programming_examples/basic/matrix_multiplication/whole_array/_build'
[ 33%] Building CXX object CMakeFiles/whole_array.dir/scratch/luisr/mlir-aie/runtime_lib/test_lib/test_utils.cpp.o
[ 66%] Building CXX object CMakeFiles/whole_array.dir/whole_array/test.cpp.o
[100%] Linking CXX executable whole_array
gmake[3]: Leaving directory '/scratch/luisr/mlir-aie/programming_examples/basic/matrix_multiplication/whole_array/_build'
[100%] Built target whole_array
gmake[2]: Leaving directory '/scratch/luisr/mlir-aie/programming_examples/basic/matrix_multiplication/whole_array/_build'
gmake[1]: Leaving directory '/scratch/luisr/mlir-aie/programming_examples/basic/matrix_multiplication/whole_array/_build'
cp _build/whole_array whole_array.exe 
mkdir -p build
python3 /scratch/luisr/mlir-aie/programming_examples/basic/matrix_multiplication/whole_array/whole_array.py -m 64 -k 64 -n 64 --n-aie-cols 8 --b-col-maj 0 --dev npu2 -M 512 -K 6144 -N 8192 --dtype_in bf16 --dtype_out bf16 --emulate-bf16-mmul-with-bfp16 true --trace_size 0 > build/aie_512x6144x8192_64x64x64_8c.mlir
mkdir -p build
cd build && xchesscc_wrapper aie2p -I /proj/xbuilds/2024.2_INT_1113_1001/installs/all_platforms/Vitis/2024.2/aietools/include  -Dbf16_bf16_ONLY -DDIM_M=64 -DDIM_K=64 -DDIM_N=64 -DAIE_API_EMULATE_BFLOAT16_MMUL_WITH_BFP16 -c /scratch/luisr/mlir-aie/programming_examples/basic/matrix_multiplication/whole_array/../../../../aie_kernels/aie2p/mm.cc -o mm_64x64x64.o
WARNING: Default location for XILINX_VIVADO_IP_OVERRIDE not found: /build/xfndry/IP_2024.2_INTEGRATION_VERIFIED/customer/vivado/data/ip
mkdir -p build
cd build && aiecc.py --alloc-scheme=basic-sequential --aie-generate-xclbin --no-compile-host --xclbin-name=final_512x6144x8192_64x64x64_8c.xclbin \
			 \
			--aie-generate-npu-insts --npu-insts-name=insts_512x6144x8192_64x64x64_8c.txt ../build/aie_512x6144x8192_64x64x64_8c.mlir

Generating: /scratch/luisr/mlir-aie/programming_examples/basic/matrix_multiplication/whole_array/build/aie_512x6144x8192_64x64x64_8c.mlir.prj/aie_cdo_elfs.bin
Generating: /scratch/luisr/mlir-aie/programming_examples/basic/matrix_multiplication/whole_array/build/aie_512x6144x8192_64x64x64_8c.mlir.prj/aie_cdo_init.bin
Generating: /scratch/luisr/mlir-aie/programming_examples/basic/matrix_multiplication/whole_array/build/aie_512x6144x8192_64x64x64_8c.mlir.prj/aie_cdo_enable.bin
export XRT_HACK_UNSECURE_LOADING_XCLBIN=1 && \
 ./whole_array.exe -x build/final_512x6144x8192_64x64x64_8c.xclbin -i build/insts_512x6144x8192_64x64x64_8c.txt -k MLIR_AIE -M 512 -K 6144 -N 8192 --iters 40 --warmup 10 --verify 0 --b_col_maj 0

Avg NPU matmul time: 14657.2us.
Avg NPU gflops: 3516.32

Min NPU matmul time: 12897us.
Max NPU gflops: 3996.25

Max NPU matmul time: 16216us.
Min NPU gflops: 3178.32

PASS!

rm -rf tmpTrace parse*.json trace*json trace.txt
rm -rf build _build whole_array.exe
rm -rf _build
mkdir -p _build
cd _build &&  cmake -E env CXXFLAGS="-std=c++23 -ggdb -DDTYPE_IN=std::bfloat16_t -DDTYPE_OUT=std::bfloat16_t -DDTYPE_ACC=float" \
	cmake `echo /scratch/luisr/mlir-aie/programming_examples/basic/matrix_multiplication/whole_array/..` -D CMAKE_C_COMPILER=gcc-13 -D CMAKE_CXX_COMPILER=g++-13 -DTARGET_NAME=whole_array -Dsubdir=whole_array
-- The C compiler identification is GNU 13.3.0
-- The CXX compiler identification is GNU 13.3.0
-- Detecting C compiler ABI info
-- Detecting C compiler ABI info - done
-- Check for working C compiler: /usr/bin/gcc-13 - skipped
-- Detecting C compile features
-- Detecting C compile features - done
-- Detecting CXX compiler ABI info
-- Detecting CXX compiler ABI info - done
-- Check for working CXX compiler: /usr/bin/g++-13 - skipped
-- Detecting CXX compile features
-- Detecting CXX compile features - done
-- Configuring done (0.3s)
-- Generating done (0.0s)
-- Build files have been written to: /scratch/luisr/mlir-aie/programming_examples/basic/matrix_multiplication/whole_array/_build
cd _build &&  cmake --build . --config Release
gmake[1]: Entering directory '/scratch/luisr/mlir-aie/programming_examples/basic/matrix_multiplication/whole_array/_build'
gmake[2]: Entering directory '/scratch/luisr/mlir-aie/programming_examples/basic/matrix_multiplication/whole_array/_build'
gmake[3]: Entering directory '/scratch/luisr/mlir-aie/programming_examples/basic/matrix_multiplication/whole_array/_build'
gmake[3]: Leaving directory '/scratch/luisr/mlir-aie/programming_examples/basic/matrix_multiplication/whole_array/_build'
gmake[3]: Entering directory '/scratch/luisr/mlir-aie/programming_examples/basic/matrix_multiplication/whole_array/_build'
[ 33%] Building CXX object CMakeFiles/whole_array.dir/scratch/luisr/mlir-aie/runtime_lib/test_lib/test_utils.cpp.o
[ 66%] Building CXX object CMakeFiles/whole_array.dir/whole_array/test.cpp.o
[100%] Linking CXX executable whole_array
gmake[3]: Leaving directory '/scratch/luisr/mlir-aie/programming_examples/basic/matrix_multiplication/whole_array/_build'
[100%] Built target whole_array
gmake[2]: Leaving directory '/scratch/luisr/mlir-aie/programming_examples/basic/matrix_multiplication/whole_array/_build'
gmake[1]: Leaving directory '/scratch/luisr/mlir-aie/programming_examples/basic/matrix_multiplication/whole_array/_build'
cp _build/whole_array whole_array.exe 
mkdir -p build
python3 /scratch/luisr/mlir-aie/programming_examples/basic/matrix_multiplication/whole_array/whole_array.py -m 64 -k 64 -n 64 --n-aie-cols 8 --b-col-maj 0 --dev npu2 -M 1024 -K 512 -N 512 --dtype_in bf16 --dtype_out bf16 --emulate-bf16-mmul-with-bfp16 true --trace_size 0 > build/aie_1024x512x512_64x64x64_8c.mlir
mkdir -p build
cd build && xchesscc_wrapper aie2p -I /proj/xbuilds/2024.2_INT_1113_1001/installs/all_platforms/Vitis/2024.2/aietools/include  -Dbf16_bf16_ONLY -DDIM_M=64 -DDIM_K=64 -DDIM_N=64 -DAIE_API_EMULATE_BFLOAT16_MMUL_WITH_BFP16 -c /scratch/luisr/mlir-aie/programming_examples/basic/matrix_multiplication/whole_array/../../../../aie_kernels/aie2p/mm.cc -o mm_64x64x64.o
WARNING: Default location for XILINX_VIVADO_IP_OVERRIDE not found: /build/xfndry/IP_2024.2_INTEGRATION_VERIFIED/customer/vivado/data/ip
mkdir -p build
cd build && aiecc.py --alloc-scheme=basic-sequential --aie-generate-xclbin --no-compile-host --xclbin-name=final_1024x512x512_64x64x64_8c.xclbin \
			 \
			--aie-generate-npu-insts --npu-insts-name=insts_1024x512x512_64x64x64_8c.txt ../build/aie_1024x512x512_64x64x64_8c.mlir

Generating: /scratch/luisr/mlir-aie/programming_examples/basic/matrix_multiplication/whole_array/build/aie_1024x512x512_64x64x64_8c.mlir.prj/aie_cdo_elfs.bin
Generating: /scratch/luisr/mlir-aie/programming_examples/basic/matrix_multiplication/whole_array/build/aie_1024x512x512_64x64x64_8c.mlir.prj/aie_cdo_init.bin
Generating: /scratch/luisr/mlir-aie/programming_examples/basic/matrix_multiplication/whole_array/build/aie_1024x512x512_64x64x64_8c.mlir.prj/aie_cdo_enable.bin
export XRT_HACK_UNSECURE_LOADING_XCLBIN=1 && \
 ./whole_array.exe -x build/final_1024x512x512_64x64x64_8c.xclbin -i build/insts_1024x512x512_64x64x64_8c.txt -k MLIR_AIE -M 1024 -K 512 -N 512 --iters 40 --warmup 10 --verify 0 --b_col_maj 0

Avg NPU matmul time: 208.7us.
Avg NPU gflops: 2572.45

Min NPU matmul time: 199us.
Max NPU gflops: 2697.84

Max NPU matmul time: 218us.
Min NPU gflops: 2462.71

PASS!

rm -rf tmpTrace parse*.json trace*json trace.txt
rm -rf build _build whole_array.exe
rm -rf _build
mkdir -p _build
cd _build &&  cmake -E env CXXFLAGS="-std=c++23 -ggdb -DDTYPE_IN=std::bfloat16_t -DDTYPE_OUT=std::bfloat16_t -DDTYPE_ACC=float" \
	cmake `echo /scratch/luisr/mlir-aie/programming_examples/basic/matrix_multiplication/whole_array/..` -D CMAKE_C_COMPILER=gcc-13 -D CMAKE_CXX_COMPILER=g++-13 -DTARGET_NAME=whole_array -Dsubdir=whole_array
-- The C compiler identification is GNU 13.3.0
-- The CXX compiler identification is GNU 13.3.0
-- Detecting C compiler ABI info
-- Detecting C compiler ABI info - done
-- Check for working C compiler: /usr/bin/gcc-13 - skipped
-- Detecting C compile features
-- Detecting C compile features - done
-- Detecting CXX compiler ABI info
-- Detecting CXX compiler ABI info - done
-- Check for working CXX compiler: /usr/bin/g++-13 - skipped
-- Detecting CXX compile features
-- Detecting CXX compile features - done
-- Configuring done (0.2s)
-- Generating done (0.0s)
-- Build files have been written to: /scratch/luisr/mlir-aie/programming_examples/basic/matrix_multiplication/whole_array/_build
cd _build &&  cmake --build . --config Release
gmake[1]: Entering directory '/scratch/luisr/mlir-aie/programming_examples/basic/matrix_multiplication/whole_array/_build'
gmake[2]: Entering directory '/scratch/luisr/mlir-aie/programming_examples/basic/matrix_multiplication/whole_array/_build'
gmake[3]: Entering directory '/scratch/luisr/mlir-aie/programming_examples/basic/matrix_multiplication/whole_array/_build'
gmake[3]: Leaving directory '/scratch/luisr/mlir-aie/programming_examples/basic/matrix_multiplication/whole_array/_build'
gmake[3]: Entering directory '/scratch/luisr/mlir-aie/programming_examples/basic/matrix_multiplication/whole_array/_build'
[ 33%] Building CXX object CMakeFiles/whole_array.dir/scratch/luisr/mlir-aie/runtime_lib/test_lib/test_utils.cpp.o
[ 66%] Building CXX object CMakeFiles/whole_array.dir/whole_array/test.cpp.o
[100%] Linking CXX executable whole_array
gmake[3]: Leaving directory '/scratch/luisr/mlir-aie/programming_examples/basic/matrix_multiplication/whole_array/_build'
[100%] Built target whole_array
gmake[2]: Leaving directory '/scratch/luisr/mlir-aie/programming_examples/basic/matrix_multiplication/whole_array/_build'
gmake[1]: Leaving directory '/scratch/luisr/mlir-aie/programming_examples/basic/matrix_multiplication/whole_array/_build'
cp _build/whole_array whole_array.exe 
mkdir -p build
python3 /scratch/luisr/mlir-aie/programming_examples/basic/matrix_multiplication/whole_array/whole_array.py -m 64 -k 64 -n 64 --n-aie-cols 8 --b-col-maj 0 --dev npu2 -M 1024 -K 512 -N 1024 --dtype_in bf16 --dtype_out bf16 --emulate-bf16-mmul-with-bfp16 true --trace_size 0 > build/aie_1024x512x1024_64x64x64_8c.mlir
mkdir -p build
cd build && xchesscc_wrapper aie2p -I /proj/xbuilds/2024.2_INT_1113_1001/installs/all_platforms/Vitis/2024.2/aietools/include  -Dbf16_bf16_ONLY -DDIM_M=64 -DDIM_K=64 -DDIM_N=64 -DAIE_API_EMULATE_BFLOAT16_MMUL_WITH_BFP16 -c /scratch/luisr/mlir-aie/programming_examples/basic/matrix_multiplication/whole_array/../../../../aie_kernels/aie2p/mm.cc -o mm_64x64x64.o
WARNING: Default location for XILINX_VIVADO_IP_OVERRIDE not found: /build/xfndry/IP_2024.2_INTEGRATION_VERIFIED/customer/vivado/data/ip
mkdir -p build
cd build && aiecc.py --alloc-scheme=basic-sequential --aie-generate-xclbin --no-compile-host --xclbin-name=final_1024x512x1024_64x64x64_8c.xclbin \
			 \
			--aie-generate-npu-insts --npu-insts-name=insts_1024x512x1024_64x64x64_8c.txt ../build/aie_1024x512x1024_64x64x64_8c.mlir

Generating: /scratch/luisr/mlir-aie/programming_examples/basic/matrix_multiplication/whole_array/build/aie_1024x512x1024_64x64x64_8c.mlir.prj/aie_cdo_elfs.bin
Generating: /scratch/luisr/mlir-aie/programming_examples/basic/matrix_multiplication/whole_array/build/aie_1024x512x1024_64x64x64_8c.mlir.prj/aie_cdo_init.bin
Generating: /scratch/luisr/mlir-aie/programming_examples/basic/matrix_multiplication/whole_array/build/aie_1024x512x1024_64x64x64_8c.mlir.prj/aie_cdo_enable.bin
export XRT_HACK_UNSECURE_LOADING_XCLBIN=1 && \
 ./whole_array.exe -x build/final_1024x512x1024_64x64x64_8c.xclbin -i build/insts_1024x512x1024_64x64x64_8c.txt -k MLIR_AIE -M 1024 -K 512 -N 1024 --iters 40 --warmup 10 --verify 0 --b_col_maj 0

Avg NPU matmul time: 340.275us.
Avg NPU gflops: 3155.51

Min NPU matmul time: 305us.
Max NPU gflops: 3520.47

Max NPU matmul time: 386us.
Min NPU gflops: 2781.71

PASS!

rm -rf tmpTrace parse*.json trace*json trace.txt
rm -rf build _build whole_array.exe
rm -rf _build
mkdir -p _build
cd _build &&  cmake -E env CXXFLAGS="-std=c++23 -ggdb -DDTYPE_IN=std::bfloat16_t -DDTYPE_OUT=std::bfloat16_t -DDTYPE_ACC=float" \
	cmake `echo /scratch/luisr/mlir-aie/programming_examples/basic/matrix_multiplication/whole_array/..` -D CMAKE_C_COMPILER=gcc-13 -D CMAKE_CXX_COMPILER=g++-13 -DTARGET_NAME=whole_array -Dsubdir=whole_array
-- The C compiler identification is GNU 13.3.0
-- The CXX compiler identification is GNU 13.3.0
-- Detecting C compiler ABI info
-- Detecting C compiler ABI info - done
-- Check for working C compiler: /usr/bin/gcc-13 - skipped
-- Detecting C compile features
-- Detecting C compile features - done
-- Detecting CXX compiler ABI info
-- Detecting CXX compiler ABI info - done
-- Check for working CXX compiler: /usr/bin/g++-13 - skipped
-- Detecting CXX compile features
-- Detecting CXX compile features - done
-- Configuring done (0.3s)
-- Generating done (0.0s)
-- Build files have been written to: /scratch/luisr/mlir-aie/programming_examples/basic/matrix_multiplication/whole_array/_build
cd _build &&  cmake --build . --config Release
gmake[1]: Entering directory '/scratch/luisr/mlir-aie/programming_examples/basic/matrix_multiplication/whole_array/_build'
gmake[2]: Entering directory '/scratch/luisr/mlir-aie/programming_examples/basic/matrix_multiplication/whole_array/_build'
gmake[3]: Entering directory '/scratch/luisr/mlir-aie/programming_examples/basic/matrix_multiplication/whole_array/_build'
gmake[3]: Leaving directory '/scratch/luisr/mlir-aie/programming_examples/basic/matrix_multiplication/whole_array/_build'
gmake[3]: Entering directory '/scratch/luisr/mlir-aie/programming_examples/basic/matrix_multiplication/whole_array/_build'
[ 33%] Building CXX object CMakeFiles/whole_array.dir/scratch/luisr/mlir-aie/runtime_lib/test_lib/test_utils.cpp.o
[ 66%] Building CXX object CMakeFiles/whole_array.dir/whole_array/test.cpp.o
[100%] Linking CXX executable whole_array
gmake[3]: Leaving directory '/scratch/luisr/mlir-aie/programming_examples/basic/matrix_multiplication/whole_array/_build'
[100%] Built target whole_array
gmake[2]: Leaving directory '/scratch/luisr/mlir-aie/programming_examples/basic/matrix_multiplication/whole_array/_build'
gmake[1]: Leaving directory '/scratch/luisr/mlir-aie/programming_examples/basic/matrix_multiplication/whole_array/_build'
cp _build/whole_array whole_array.exe 
mkdir -p build
python3 /scratch/luisr/mlir-aie/programming_examples/basic/matrix_multiplication/whole_array/whole_array.py -m 64 -k 64 -n 64 --n-aie-cols 8 --b-col-maj 0 --dev npu2 -M 1024 -K 512 -N 4096 --dtype_in bf16 --dtype_out bf16 --emulate-bf16-mmul-with-bfp16 true --trace_size 0 > build/aie_1024x512x4096_64x64x64_8c.mlir
mkdir -p build
cd build && xchesscc_wrapper aie2p -I /proj/xbuilds/2024.2_INT_1113_1001/installs/all_platforms/Vitis/2024.2/aietools/include  -Dbf16_bf16_ONLY -DDIM_M=64 -DDIM_K=64 -DDIM_N=64 -DAIE_API_EMULATE_BFLOAT16_MMUL_WITH_BFP16 -c /scratch/luisr/mlir-aie/programming_examples/basic/matrix_multiplication/whole_array/../../../../aie_kernels/aie2p/mm.cc -o mm_64x64x64.o
WARNING: Default location for XILINX_VIVADO_IP_OVERRIDE not found: /build/xfndry/IP_2024.2_INTEGRATION_VERIFIED/customer/vivado/data/ip
mkdir -p build
cd build && aiecc.py --alloc-scheme=basic-sequential --aie-generate-xclbin --no-compile-host --xclbin-name=final_1024x512x4096_64x64x64_8c.xclbin \
			 \
			--aie-generate-npu-insts --npu-insts-name=insts_1024x512x4096_64x64x64_8c.txt ../build/aie_1024x512x4096_64x64x64_8c.mlir

Generating: /scratch/luisr/mlir-aie/programming_examples/basic/matrix_multiplication/whole_array/build/aie_1024x512x4096_64x64x64_8c.mlir.prj/aie_cdo_elfs.bin
Generating: /scratch/luisr/mlir-aie/programming_examples/basic/matrix_multiplication/whole_array/build/aie_1024x512x4096_64x64x64_8c.mlir.prj/aie_cdo_init.bin
Generating: /scratch/luisr/mlir-aie/programming_examples/basic/matrix_multiplication/whole_array/build/aie_1024x512x4096_64x64x64_8c.mlir.prj/aie_cdo_enable.bin
export XRT_HACK_UNSECURE_LOADING_XCLBIN=1 && \
 ./whole_array.exe -x build/final_1024x512x4096_64x64x64_8c.xclbin -i build/insts_1024x512x4096_64x64x64_8c.txt -k MLIR_AIE -M 1024 -K 512 -N 4096 --iters 40 --warmup 10 --verify 0 --b_col_maj 0

Avg NPU matmul time: 1046.8us.
Avg NPU gflops: 4102.95

Min NPU matmul time: 1029us.
Max NPU gflops: 4173.92

Max NPU matmul time: 1065us.
Min NPU gflops: 4032.83

PASS!

rm -rf tmpTrace parse*.json trace*json trace.txt
rm -rf build _build whole_array.exe
rm -rf _build
mkdir -p _build
cd _build &&  cmake -E env CXXFLAGS="-std=c++23 -ggdb -DDTYPE_IN=std::bfloat16_t -DDTYPE_OUT=std::bfloat16_t -DDTYPE_ACC=float" \
	cmake `echo /scratch/luisr/mlir-aie/programming_examples/basic/matrix_multiplication/whole_array/..` -D CMAKE_C_COMPILER=gcc-13 -D CMAKE_CXX_COMPILER=g++-13 -DTARGET_NAME=whole_array -Dsubdir=whole_array
-- The C compiler identification is GNU 13.3.0
-- The CXX compiler identification is GNU 13.3.0
-- Detecting C compiler ABI info
-- Detecting C compiler ABI info - done
-- Check for working C compiler: /usr/bin/gcc-13 - skipped
-- Detecting C compile features
-- Detecting C compile features - done
-- Detecting CXX compiler ABI info
-- Detecting CXX compiler ABI info - done
-- Check for working CXX compiler: /usr/bin/g++-13 - skipped
-- Detecting CXX compile features
-- Detecting CXX compile features - done
-- Configuring done (0.3s)
-- Generating done (0.0s)
-- Build files have been written to: /scratch/luisr/mlir-aie/programming_examples/basic/matrix_multiplication/whole_array/_build
cd _build &&  cmake --build . --config Release
gmake[1]: Entering directory '/scratch/luisr/mlir-aie/programming_examples/basic/matrix_multiplication/whole_array/_build'
gmake[2]: Entering directory '/scratch/luisr/mlir-aie/programming_examples/basic/matrix_multiplication/whole_array/_build'
gmake[3]: Entering directory '/scratch/luisr/mlir-aie/programming_examples/basic/matrix_multiplication/whole_array/_build'
gmake[3]: Leaving directory '/scratch/luisr/mlir-aie/programming_examples/basic/matrix_multiplication/whole_array/_build'
gmake[3]: Entering directory '/scratch/luisr/mlir-aie/programming_examples/basic/matrix_multiplication/whole_array/_build'
[ 33%] Building CXX object CMakeFiles/whole_array.dir/scratch/luisr/mlir-aie/runtime_lib/test_lib/test_utils.cpp.o
[ 66%] Building CXX object CMakeFiles/whole_array.dir/whole_array/test.cpp.o
[100%] Linking CXX executable whole_array
gmake[3]: Leaving directory '/scratch/luisr/mlir-aie/programming_examples/basic/matrix_multiplication/whole_array/_build'
[100%] Built target whole_array
gmake[2]: Leaving directory '/scratch/luisr/mlir-aie/programming_examples/basic/matrix_multiplication/whole_array/_build'
gmake[1]: Leaving directory '/scratch/luisr/mlir-aie/programming_examples/basic/matrix_multiplication/whole_array/_build'
cp _build/whole_array whole_array.exe 
mkdir -p build
python3 /scratch/luisr/mlir-aie/programming_examples/basic/matrix_multiplication/whole_array/whole_array.py -m 64 -k 64 -n 64 --n-aie-cols 8 --b-col-maj 0 --dev npu2 -M 1024 -K 512 -N 8192 --dtype_in bf16 --dtype_out bf16 --emulate-bf16-mmul-with-bfp16 true --trace_size 0 > build/aie_1024x512x8192_64x64x64_8c.mlir
mkdir -p build
cd build && xchesscc_wrapper aie2p -I /proj/xbuilds/2024.2_INT_1113_1001/installs/all_platforms/Vitis/2024.2/aietools/include  -Dbf16_bf16_ONLY -DDIM_M=64 -DDIM_K=64 -DDIM_N=64 -DAIE_API_EMULATE_BFLOAT16_MMUL_WITH_BFP16 -c /scratch/luisr/mlir-aie/programming_examples/basic/matrix_multiplication/whole_array/../../../../aie_kernels/aie2p/mm.cc -o mm_64x64x64.o
WARNING: Default location for XILINX_VIVADO_IP_OVERRIDE not found: /build/xfndry/IP_2024.2_INTEGRATION_VERIFIED/customer/vivado/data/ip
mkdir -p build
cd build && aiecc.py --alloc-scheme=basic-sequential --aie-generate-xclbin --no-compile-host --xclbin-name=final_1024x512x8192_64x64x64_8c.xclbin \
			 \
			--aie-generate-npu-insts --npu-insts-name=insts_1024x512x8192_64x64x64_8c.txt ../build/aie_1024x512x8192_64x64x64_8c.mlir

Generating: /scratch/luisr/mlir-aie/programming_examples/basic/matrix_multiplication/whole_array/build/aie_1024x512x8192_64x64x64_8c.mlir.prj/aie_cdo_elfs.bin
Generating: /scratch/luisr/mlir-aie/programming_examples/basic/matrix_multiplication/whole_array/build/aie_1024x512x8192_64x64x64_8c.mlir.prj/aie_cdo_init.bin
Generating: /scratch/luisr/mlir-aie/programming_examples/basic/matrix_multiplication/whole_array/build/aie_1024x512x8192_64x64x64_8c.mlir.prj/aie_cdo_enable.bin
export XRT_HACK_UNSECURE_LOADING_XCLBIN=1 && \
 ./whole_array.exe -x build/final_1024x512x8192_64x64x64_8c.xclbin -i build/insts_1024x512x8192_64x64x64_8c.txt -k MLIR_AIE -M 1024 -K 512 -N 8192 --iters 40 --warmup 10 --verify 0 --b_col_maj 0

Avg NPU matmul time: 2103.38us.
Avg NPU gflops: 4083.88

Min NPU matmul time: 2056us.
Max NPU gflops: 4177.98

Max NPU matmul time: 2153us.
Min NPU gflops: 3989.75

PASS!

rm -rf tmpTrace parse*.json trace*json trace.txt
rm -rf build _build whole_array.exe
rm -rf _build
mkdir -p _build
cd _build &&  cmake -E env CXXFLAGS="-std=c++23 -ggdb -DDTYPE_IN=std::bfloat16_t -DDTYPE_OUT=std::bfloat16_t -DDTYPE_ACC=float" \
	cmake `echo /scratch/luisr/mlir-aie/programming_examples/basic/matrix_multiplication/whole_array/..` -D CMAKE_C_COMPILER=gcc-13 -D CMAKE_CXX_COMPILER=g++-13 -DTARGET_NAME=whole_array -Dsubdir=whole_array
-- The C compiler identification is GNU 13.3.0
-- The CXX compiler identification is GNU 13.3.0
-- Detecting C compiler ABI info
-- Detecting C compiler ABI info - done
-- Check for working C compiler: /usr/bin/gcc-13 - skipped
-- Detecting C compile features
-- Detecting C compile features - done
-- Detecting CXX compiler ABI info
-- Detecting CXX compiler ABI info - done
-- Check for working CXX compiler: /usr/bin/g++-13 - skipped
-- Detecting CXX compile features
-- Detecting CXX compile features - done
-- Configuring done (0.2s)
-- Generating done (0.0s)
-- Build files have been written to: /scratch/luisr/mlir-aie/programming_examples/basic/matrix_multiplication/whole_array/_build
cd _build &&  cmake --build . --config Release
gmake[1]: Entering directory '/scratch/luisr/mlir-aie/programming_examples/basic/matrix_multiplication/whole_array/_build'
gmake[2]: Entering directory '/scratch/luisr/mlir-aie/programming_examples/basic/matrix_multiplication/whole_array/_build'
gmake[3]: Entering directory '/scratch/luisr/mlir-aie/programming_examples/basic/matrix_multiplication/whole_array/_build'
gmake[3]: Leaving directory '/scratch/luisr/mlir-aie/programming_examples/basic/matrix_multiplication/whole_array/_build'
gmake[3]: Entering directory '/scratch/luisr/mlir-aie/programming_examples/basic/matrix_multiplication/whole_array/_build'
[ 33%] Building CXX object CMakeFiles/whole_array.dir/scratch/luisr/mlir-aie/runtime_lib/test_lib/test_utils.cpp.o
[ 66%] Building CXX object CMakeFiles/whole_array.dir/whole_array/test.cpp.o
[100%] Linking CXX executable whole_array
gmake[3]: Leaving directory '/scratch/luisr/mlir-aie/programming_examples/basic/matrix_multiplication/whole_array/_build'
[100%] Built target whole_array
gmake[2]: Leaving directory '/scratch/luisr/mlir-aie/programming_examples/basic/matrix_multiplication/whole_array/_build'
gmake[1]: Leaving directory '/scratch/luisr/mlir-aie/programming_examples/basic/matrix_multiplication/whole_array/_build'
cp _build/whole_array whole_array.exe 
mkdir -p build
python3 /scratch/luisr/mlir-aie/programming_examples/basic/matrix_multiplication/whole_array/whole_array.py -m 64 -k 64 -n 64 --n-aie-cols 8 --b-col-maj 0 --dev npu2 -M 1024 -K 1024 -N 512 --dtype_in bf16 --dtype_out bf16 --emulate-bf16-mmul-with-bfp16 true --trace_size 0 > build/aie_1024x1024x512_64x64x64_8c.mlir
mkdir -p build
cd build && xchesscc_wrapper aie2p -I /proj/xbuilds/2024.2_INT_1113_1001/installs/all_platforms/Vitis/2024.2/aietools/include  -Dbf16_bf16_ONLY -DDIM_M=64 -DDIM_K=64 -DDIM_N=64 -DAIE_API_EMULATE_BFLOAT16_MMUL_WITH_BFP16 -c /scratch/luisr/mlir-aie/programming_examples/basic/matrix_multiplication/whole_array/../../../../aie_kernels/aie2p/mm.cc -o mm_64x64x64.o
WARNING: Default location for XILINX_VIVADO_IP_OVERRIDE not found: /build/xfndry/IP_2024.2_INTEGRATION_VERIFIED/customer/vivado/data/ip
mkdir -p build
cd build && aiecc.py --alloc-scheme=basic-sequential --aie-generate-xclbin --no-compile-host --xclbin-name=final_1024x1024x512_64x64x64_8c.xclbin \
			 \
			--aie-generate-npu-insts --npu-insts-name=insts_1024x1024x512_64x64x64_8c.txt ../build/aie_1024x1024x512_64x64x64_8c.mlir

Generating: /scratch/luisr/mlir-aie/programming_examples/basic/matrix_multiplication/whole_array/build/aie_1024x1024x512_64x64x64_8c.mlir.prj/aie_cdo_elfs.bin
Generating: /scratch/luisr/mlir-aie/programming_examples/basic/matrix_multiplication/whole_array/build/aie_1024x1024x512_64x64x64_8c.mlir.prj/aie_cdo_init.bin
Generating: /scratch/luisr/mlir-aie/programming_examples/basic/matrix_multiplication/whole_array/build/aie_1024x1024x512_64x64x64_8c.mlir.prj/aie_cdo_enable.bin
export XRT_HACK_UNSECURE_LOADING_XCLBIN=1 && \
 ./whole_array.exe -x build/final_1024x1024x512_64x64x64_8c.xclbin -i build/insts_1024x1024x512_64x64x64_8c.txt -k MLIR_AIE -M 1024 -K 1024 -N 512 --iters 40 --warmup 10 --verify 0 --b_col_maj 0

Avg NPU matmul time: 317.3us.
Avg NPU gflops: 3384

Min NPU matmul time: 309us.
Max NPU gflops: 3474.89

Max NPU matmul time: 334us.
Min NPU gflops: 3214.8

PASS!

rm -rf tmpTrace parse*.json trace*json trace.txt
rm -rf build _build whole_array.exe
rm -rf _build
mkdir -p _build
cd _build &&  cmake -E env CXXFLAGS="-std=c++23 -ggdb -DDTYPE_IN=std::bfloat16_t -DDTYPE_OUT=std::bfloat16_t -DDTYPE_ACC=float" \
	cmake `echo /scratch/luisr/mlir-aie/programming_examples/basic/matrix_multiplication/whole_array/..` -D CMAKE_C_COMPILER=gcc-13 -D CMAKE_CXX_COMPILER=g++-13 -DTARGET_NAME=whole_array -Dsubdir=whole_array
-- The C compiler identification is GNU 13.3.0
-- The CXX compiler identification is GNU 13.3.0
-- Detecting C compiler ABI info
-- Detecting C compiler ABI info - done
-- Check for working C compiler: /usr/bin/gcc-13 - skipped
-- Detecting C compile features
-- Detecting C compile features - done
-- Detecting CXX compiler ABI info
-- Detecting CXX compiler ABI info - done
-- Check for working CXX compiler: /usr/bin/g++-13 - skipped
-- Detecting CXX compile features
-- Detecting CXX compile features - done
-- Configuring done (0.3s)
-- Generating done (0.0s)
-- Build files have been written to: /scratch/luisr/mlir-aie/programming_examples/basic/matrix_multiplication/whole_array/_build
cd _build &&  cmake --build . --config Release
gmake[1]: Entering directory '/scratch/luisr/mlir-aie/programming_examples/basic/matrix_multiplication/whole_array/_build'
gmake[2]: Entering directory '/scratch/luisr/mlir-aie/programming_examples/basic/matrix_multiplication/whole_array/_build'
gmake[3]: Entering directory '/scratch/luisr/mlir-aie/programming_examples/basic/matrix_multiplication/whole_array/_build'
gmake[3]: Leaving directory '/scratch/luisr/mlir-aie/programming_examples/basic/matrix_multiplication/whole_array/_build'
gmake[3]: Entering directory '/scratch/luisr/mlir-aie/programming_examples/basic/matrix_multiplication/whole_array/_build'
[ 33%] Building CXX object CMakeFiles/whole_array.dir/scratch/luisr/mlir-aie/runtime_lib/test_lib/test_utils.cpp.o
[ 66%] Building CXX object CMakeFiles/whole_array.dir/whole_array/test.cpp.o
[100%] Linking CXX executable whole_array
gmake[3]: Leaving directory '/scratch/luisr/mlir-aie/programming_examples/basic/matrix_multiplication/whole_array/_build'
[100%] Built target whole_array
gmake[2]: Leaving directory '/scratch/luisr/mlir-aie/programming_examples/basic/matrix_multiplication/whole_array/_build'
gmake[1]: Leaving directory '/scratch/luisr/mlir-aie/programming_examples/basic/matrix_multiplication/whole_array/_build'
cp _build/whole_array whole_array.exe 
mkdir -p build
python3 /scratch/luisr/mlir-aie/programming_examples/basic/matrix_multiplication/whole_array/whole_array.py -m 64 -k 64 -n 64 --n-aie-cols 8 --b-col-maj 0 --dev npu2 -M 1024 -K 1024 -N 1024 --dtype_in bf16 --dtype_out bf16 --emulate-bf16-mmul-with-bfp16 true --trace_size 0 > build/aie_1024x1024x1024_64x64x64_8c.mlir
mkdir -p build
cd build && xchesscc_wrapper aie2p -I /proj/xbuilds/2024.2_INT_1113_1001/installs/all_platforms/Vitis/2024.2/aietools/include  -Dbf16_bf16_ONLY -DDIM_M=64 -DDIM_K=64 -DDIM_N=64 -DAIE_API_EMULATE_BFLOAT16_MMUL_WITH_BFP16 -c /scratch/luisr/mlir-aie/programming_examples/basic/matrix_multiplication/whole_array/../../../../aie_kernels/aie2p/mm.cc -o mm_64x64x64.o
WARNING: Default location for XILINX_VIVADO_IP_OVERRIDE not found: /build/xfndry/IP_2024.2_INTEGRATION_VERIFIED/customer/vivado/data/ip
mkdir -p build
cd build && aiecc.py --alloc-scheme=basic-sequential --aie-generate-xclbin --no-compile-host --xclbin-name=final_1024x1024x1024_64x64x64_8c.xclbin \
			 \
			--aie-generate-npu-insts --npu-insts-name=insts_1024x1024x1024_64x64x64_8c.txt ../build/aie_1024x1024x1024_64x64x64_8c.mlir

Generating: /scratch/luisr/mlir-aie/programming_examples/basic/matrix_multiplication/whole_array/build/aie_1024x1024x1024_64x64x64_8c.mlir.prj/aie_cdo_elfs.bin
Generating: /scratch/luisr/mlir-aie/programming_examples/basic/matrix_multiplication/whole_array/build/aie_1024x1024x1024_64x64x64_8c.mlir.prj/aie_cdo_init.bin
Generating: /scratch/luisr/mlir-aie/programming_examples/basic/matrix_multiplication/whole_array/build/aie_1024x1024x1024_64x64x64_8c.mlir.prj/aie_cdo_enable.bin
export XRT_HACK_UNSECURE_LOADING_XCLBIN=1 && \
 ./whole_array.exe -x build/final_1024x1024x1024_64x64x64_8c.xclbin -i build/insts_1024x1024x1024_64x64x64_8c.txt -k MLIR_AIE -M 1024 -K 1024 -N 1024 --iters 40 --warmup 10 --verify 0 --b_col_maj 0

Avg NPU matmul time: 543.2us.
Avg NPU gflops: 3953.39

Min NPU matmul time: 524us.
Max NPU gflops: 4098.25

Max NPU matmul time: 564us.
Min NPU gflops: 3807.6

PASS!

rm -rf tmpTrace parse*.json trace*json trace.txt
rm -rf build _build whole_array.exe
rm -rf _build
mkdir -p _build
cd _build &&  cmake -E env CXXFLAGS="-std=c++23 -ggdb -DDTYPE_IN=std::bfloat16_t -DDTYPE_OUT=std::bfloat16_t -DDTYPE_ACC=float" \
	cmake `echo /scratch/luisr/mlir-aie/programming_examples/basic/matrix_multiplication/whole_array/..` -D CMAKE_C_COMPILER=gcc-13 -D CMAKE_CXX_COMPILER=g++-13 -DTARGET_NAME=whole_array -Dsubdir=whole_array
-- The C compiler identification is GNU 13.3.0
-- The CXX compiler identification is GNU 13.3.0
-- Detecting C compiler ABI info
-- Detecting C compiler ABI info - done
-- Check for working C compiler: /usr/bin/gcc-13 - skipped
-- Detecting C compile features
-- Detecting C compile features - done
-- Detecting CXX compiler ABI info
-- Detecting CXX compiler ABI info - done
-- Check for working CXX compiler: /usr/bin/g++-13 - skipped
-- Detecting CXX compile features
-- Detecting CXX compile features - done
-- Configuring done (0.3s)
-- Generating done (0.0s)
-- Build files have been written to: /scratch/luisr/mlir-aie/programming_examples/basic/matrix_multiplication/whole_array/_build
cd _build &&  cmake --build . --config Release
gmake[1]: Entering directory '/scratch/luisr/mlir-aie/programming_examples/basic/matrix_multiplication/whole_array/_build'
gmake[2]: Entering directory '/scratch/luisr/mlir-aie/programming_examples/basic/matrix_multiplication/whole_array/_build'
gmake[3]: Entering directory '/scratch/luisr/mlir-aie/programming_examples/basic/matrix_multiplication/whole_array/_build'
gmake[3]: Leaving directory '/scratch/luisr/mlir-aie/programming_examples/basic/matrix_multiplication/whole_array/_build'
gmake[3]: Entering directory '/scratch/luisr/mlir-aie/programming_examples/basic/matrix_multiplication/whole_array/_build'
[ 33%] Building CXX object CMakeFiles/whole_array.dir/scratch/luisr/mlir-aie/runtime_lib/test_lib/test_utils.cpp.o
[ 66%] Building CXX object CMakeFiles/whole_array.dir/whole_array/test.cpp.o
[100%] Linking CXX executable whole_array
gmake[3]: Leaving directory '/scratch/luisr/mlir-aie/programming_examples/basic/matrix_multiplication/whole_array/_build'
[100%] Built target whole_array
gmake[2]: Leaving directory '/scratch/luisr/mlir-aie/programming_examples/basic/matrix_multiplication/whole_array/_build'
gmake[1]: Leaving directory '/scratch/luisr/mlir-aie/programming_examples/basic/matrix_multiplication/whole_array/_build'
cp _build/whole_array whole_array.exe 
mkdir -p build
python3 /scratch/luisr/mlir-aie/programming_examples/basic/matrix_multiplication/whole_array/whole_array.py -m 64 -k 64 -n 64 --n-aie-cols 8 --b-col-maj 0 --dev npu2 -M 1024 -K 1024 -N 4096 --dtype_in bf16 --dtype_out bf16 --emulate-bf16-mmul-with-bfp16 true --trace_size 0 > build/aie_1024x1024x4096_64x64x64_8c.mlir
mkdir -p build
cd build && xchesscc_wrapper aie2p -I /proj/xbuilds/2024.2_INT_1113_1001/installs/all_platforms/Vitis/2024.2/aietools/include  -Dbf16_bf16_ONLY -DDIM_M=64 -DDIM_K=64 -DDIM_N=64 -DAIE_API_EMULATE_BFLOAT16_MMUL_WITH_BFP16 -c /scratch/luisr/mlir-aie/programming_examples/basic/matrix_multiplication/whole_array/../../../../aie_kernels/aie2p/mm.cc -o mm_64x64x64.o
WARNING: Default location for XILINX_VIVADO_IP_OVERRIDE not found: /build/xfndry/IP_2024.2_INTEGRATION_VERIFIED/customer/vivado/data/ip
mkdir -p build
cd build && aiecc.py --alloc-scheme=basic-sequential --aie-generate-xclbin --no-compile-host --xclbin-name=final_1024x1024x4096_64x64x64_8c.xclbin \
			 \
			--aie-generate-npu-insts --npu-insts-name=insts_1024x1024x4096_64x64x64_8c.txt ../build/aie_1024x1024x4096_64x64x64_8c.mlir

Generating: /scratch/luisr/mlir-aie/programming_examples/basic/matrix_multiplication/whole_array/build/aie_1024x1024x4096_64x64x64_8c.mlir.prj/aie_cdo_elfs.bin
Generating: /scratch/luisr/mlir-aie/programming_examples/basic/matrix_multiplication/whole_array/build/aie_1024x1024x4096_64x64x64_8c.mlir.prj/aie_cdo_init.bin
Generating: /scratch/luisr/mlir-aie/programming_examples/basic/matrix_multiplication/whole_array/build/aie_1024x1024x4096_64x64x64_8c.mlir.prj/aie_cdo_enable.bin
export XRT_HACK_UNSECURE_LOADING_XCLBIN=1 && \
 ./whole_array.exe -x build/final_1024x1024x4096_64x64x64_8c.xclbin -i build/insts_1024x1024x4096_64x64x64_8c.txt -k MLIR_AIE -M 1024 -K 1024 -N 4096 --iters 40 --warmup 10 --verify 0 --b_col_maj 0

Avg NPU matmul time: 2308.77us.
Avg NPU gflops: 3720.56

Min NPU matmul time: 2023us.
Max NPU gflops: 4246.14

Max NPU matmul time: 2512us.
Min NPU gflops: 3419.56

PASS!

rm -rf tmpTrace parse*.json trace*json trace.txt
rm -rf build _build whole_array.exe
rm -rf _build
mkdir -p _build
cd _build &&  cmake -E env CXXFLAGS="-std=c++23 -ggdb -DDTYPE_IN=std::bfloat16_t -DDTYPE_OUT=std::bfloat16_t -DDTYPE_ACC=float" \
	cmake `echo /scratch/luisr/mlir-aie/programming_examples/basic/matrix_multiplication/whole_array/..` -D CMAKE_C_COMPILER=gcc-13 -D CMAKE_CXX_COMPILER=g++-13 -DTARGET_NAME=whole_array -Dsubdir=whole_array
-- The C compiler identification is GNU 13.3.0
-- The CXX compiler identification is GNU 13.3.0
-- Detecting C compiler ABI info
-- Detecting C compiler ABI info - done
-- Check for working C compiler: /usr/bin/gcc-13 - skipped
-- Detecting C compile features
-- Detecting C compile features - done
-- Detecting CXX compiler ABI info
-- Detecting CXX compiler ABI info - done
-- Check for working CXX compiler: /usr/bin/g++-13 - skipped
-- Detecting CXX compile features
-- Detecting CXX compile features - done
-- Configuring done (0.3s)
-- Generating done (0.0s)
-- Build files have been written to: /scratch/luisr/mlir-aie/programming_examples/basic/matrix_multiplication/whole_array/_build
cd _build &&  cmake --build . --config Release
gmake[1]: Entering directory '/scratch/luisr/mlir-aie/programming_examples/basic/matrix_multiplication/whole_array/_build'
gmake[2]: Entering directory '/scratch/luisr/mlir-aie/programming_examples/basic/matrix_multiplication/whole_array/_build'
gmake[3]: Entering directory '/scratch/luisr/mlir-aie/programming_examples/basic/matrix_multiplication/whole_array/_build'
gmake[3]: Leaving directory '/scratch/luisr/mlir-aie/programming_examples/basic/matrix_multiplication/whole_array/_build'
gmake[3]: Entering directory '/scratch/luisr/mlir-aie/programming_examples/basic/matrix_multiplication/whole_array/_build'
[ 33%] Building CXX object CMakeFiles/whole_array.dir/scratch/luisr/mlir-aie/runtime_lib/test_lib/test_utils.cpp.o
[ 66%] Building CXX object CMakeFiles/whole_array.dir/whole_array/test.cpp.o
[100%] Linking CXX executable whole_array
gmake[3]: Leaving directory '/scratch/luisr/mlir-aie/programming_examples/basic/matrix_multiplication/whole_array/_build'
[100%] Built target whole_array
gmake[2]: Leaving directory '/scratch/luisr/mlir-aie/programming_examples/basic/matrix_multiplication/whole_array/_build'
gmake[1]: Leaving directory '/scratch/luisr/mlir-aie/programming_examples/basic/matrix_multiplication/whole_array/_build'
cp _build/whole_array whole_array.exe 
mkdir -p build
python3 /scratch/luisr/mlir-aie/programming_examples/basic/matrix_multiplication/whole_array/whole_array.py -m 64 -k 64 -n 64 --n-aie-cols 8 --b-col-maj 0 --dev npu2 -M 1024 -K 1024 -N 8192 --dtype_in bf16 --dtype_out bf16 --emulate-bf16-mmul-with-bfp16 true --trace_size 0 > build/aie_1024x1024x8192_64x64x64_8c.mlir
mkdir -p build
cd build && xchesscc_wrapper aie2p -I /proj/xbuilds/2024.2_INT_1113_1001/installs/all_platforms/Vitis/2024.2/aietools/include  -Dbf16_bf16_ONLY -DDIM_M=64 -DDIM_K=64 -DDIM_N=64 -DAIE_API_EMULATE_BFLOAT16_MMUL_WITH_BFP16 -c /scratch/luisr/mlir-aie/programming_examples/basic/matrix_multiplication/whole_array/../../../../aie_kernels/aie2p/mm.cc -o mm_64x64x64.o
WARNING: Default location for XILINX_VIVADO_IP_OVERRIDE not found: /build/xfndry/IP_2024.2_INTEGRATION_VERIFIED/customer/vivado/data/ip
mkdir -p build
cd build && aiecc.py --alloc-scheme=basic-sequential --aie-generate-xclbin --no-compile-host --xclbin-name=final_1024x1024x8192_64x64x64_8c.xclbin \
			 \
			--aie-generate-npu-insts --npu-insts-name=insts_1024x1024x8192_64x64x64_8c.txt ../build/aie_1024x1024x8192_64x64x64_8c.mlir

Generating: /scratch/luisr/mlir-aie/programming_examples/basic/matrix_multiplication/whole_array/build/aie_1024x1024x8192_64x64x64_8c.mlir.prj/aie_cdo_elfs.bin
Generating: /scratch/luisr/mlir-aie/programming_examples/basic/matrix_multiplication/whole_array/build/aie_1024x1024x8192_64x64x64_8c.mlir.prj/aie_cdo_init.bin
Generating: /scratch/luisr/mlir-aie/programming_examples/basic/matrix_multiplication/whole_array/build/aie_1024x1024x8192_64x64x64_8c.mlir.prj/aie_cdo_enable.bin
export XRT_HACK_UNSECURE_LOADING_XCLBIN=1 && \
 ./whole_array.exe -x build/final_1024x1024x8192_64x64x64_8c.xclbin -i build/insts_1024x1024x8192_64x64x64_8c.txt -k MLIR_AIE -M 1024 -K 1024 -N 8192 --iters 40 --warmup 10 --verify 0 --b_col_maj 0

Avg NPU matmul time: 4533.45us.
Avg NPU gflops: 3789.58

Min NPU matmul time: 3955us.
Max NPU gflops: 4343.84

Max NPU matmul time: 5292us.
Min NPU gflops: 3246.39

PASS!

rm -rf tmpTrace parse*.json trace*json trace.txt
rm -rf build _build whole_array.exe
rm -rf _build
mkdir -p _build
cd _build &&  cmake -E env CXXFLAGS="-std=c++23 -ggdb -DDTYPE_IN=std::bfloat16_t -DDTYPE_OUT=std::bfloat16_t -DDTYPE_ACC=float" \
	cmake `echo /scratch/luisr/mlir-aie/programming_examples/basic/matrix_multiplication/whole_array/..` -D CMAKE_C_COMPILER=gcc-13 -D CMAKE_CXX_COMPILER=g++-13 -DTARGET_NAME=whole_array -Dsubdir=whole_array
-- The C compiler identification is GNU 13.3.0
-- The CXX compiler identification is GNU 13.3.0
-- Detecting C compiler ABI info
-- Detecting C compiler ABI info - done
-- Check for working C compiler: /usr/bin/gcc-13 - skipped
-- Detecting C compile features
-- Detecting C compile features - done
-- Detecting CXX compiler ABI info
-- Detecting CXX compiler ABI info - done
-- Check for working CXX compiler: /usr/bin/g++-13 - skipped
-- Detecting CXX compile features
-- Detecting CXX compile features - done
-- Configuring done (0.3s)
-- Generating done (0.0s)
-- Build files have been written to: /scratch/luisr/mlir-aie/programming_examples/basic/matrix_multiplication/whole_array/_build
cd _build &&  cmake --build . --config Release
gmake[1]: Entering directory '/scratch/luisr/mlir-aie/programming_examples/basic/matrix_multiplication/whole_array/_build'
gmake[2]: Entering directory '/scratch/luisr/mlir-aie/programming_examples/basic/matrix_multiplication/whole_array/_build'
gmake[3]: Entering directory '/scratch/luisr/mlir-aie/programming_examples/basic/matrix_multiplication/whole_array/_build'
gmake[3]: Leaving directory '/scratch/luisr/mlir-aie/programming_examples/basic/matrix_multiplication/whole_array/_build'
gmake[3]: Entering directory '/scratch/luisr/mlir-aie/programming_examples/basic/matrix_multiplication/whole_array/_build'
[ 33%] Building CXX object CMakeFiles/whole_array.dir/scratch/luisr/mlir-aie/runtime_lib/test_lib/test_utils.cpp.o
[ 66%] Building CXX object CMakeFiles/whole_array.dir/whole_array/test.cpp.o
[100%] Linking CXX executable whole_array
gmake[3]: Leaving directory '/scratch/luisr/mlir-aie/programming_examples/basic/matrix_multiplication/whole_array/_build'
[100%] Built target whole_array
gmake[2]: Leaving directory '/scratch/luisr/mlir-aie/programming_examples/basic/matrix_multiplication/whole_array/_build'
gmake[1]: Leaving directory '/scratch/luisr/mlir-aie/programming_examples/basic/matrix_multiplication/whole_array/_build'
cp _build/whole_array whole_array.exe 
mkdir -p build
python3 /scratch/luisr/mlir-aie/programming_examples/basic/matrix_multiplication/whole_array/whole_array.py -m 64 -k 64 -n 64 --n-aie-cols 8 --b-col-maj 0 --dev npu2 -M 1024 -K 4096 -N 512 --dtype_in bf16 --dtype_out bf16 --emulate-bf16-mmul-with-bfp16 true --trace_size 0 > build/aie_1024x4096x512_64x64x64_8c.mlir
mkdir -p build
cd build && xchesscc_wrapper aie2p -I /proj/xbuilds/2024.2_INT_1113_1001/installs/all_platforms/Vitis/2024.2/aietools/include  -Dbf16_bf16_ONLY -DDIM_M=64 -DDIM_K=64 -DDIM_N=64 -DAIE_API_EMULATE_BFLOAT16_MMUL_WITH_BFP16 -c /scratch/luisr/mlir-aie/programming_examples/basic/matrix_multiplication/whole_array/../../../../aie_kernels/aie2p/mm.cc -o mm_64x64x64.o
WARNING: Default location for XILINX_VIVADO_IP_OVERRIDE not found: /build/xfndry/IP_2024.2_INTEGRATION_VERIFIED/customer/vivado/data/ip
mkdir -p build
cd build && aiecc.py --alloc-scheme=basic-sequential --aie-generate-xclbin --no-compile-host --xclbin-name=final_1024x4096x512_64x64x64_8c.xclbin \
			 \
			--aie-generate-npu-insts --npu-insts-name=insts_1024x4096x512_64x64x64_8c.txt ../build/aie_1024x4096x512_64x64x64_8c.mlir

Generating: /scratch/luisr/mlir-aie/programming_examples/basic/matrix_multiplication/whole_array/build/aie_1024x4096x512_64x64x64_8c.mlir.prj/aie_cdo_elfs.bin
Generating: /scratch/luisr/mlir-aie/programming_examples/basic/matrix_multiplication/whole_array/build/aie_1024x4096x512_64x64x64_8c.mlir.prj/aie_cdo_init.bin
Generating: /scratch/luisr/mlir-aie/programming_examples/basic/matrix_multiplication/whole_array/build/aie_1024x4096x512_64x64x64_8c.mlir.prj/aie_cdo_enable.bin
export XRT_HACK_UNSECURE_LOADING_XCLBIN=1 && \
 ./whole_array.exe -x build/final_1024x4096x512_64x64x64_8c.xclbin -i build/insts_1024x4096x512_64x64x64_8c.txt -k MLIR_AIE -M 1024 -K 4096 -N 512 --iters 40 --warmup 10 --verify 0 --b_col_maj 0

Avg NPU matmul time: 1078.82us.
Avg NPU gflops: 3981.15

Min NPU matmul time: 988us.
Max NPU gflops: 4347.13

Max NPU matmul time: 1415us.
Min NPU gflops: 3035.31

PASS!

rm -rf tmpTrace parse*.json trace*json trace.txt
rm -rf build _build whole_array.exe
rm -rf _build
mkdir -p _build
cd _build &&  cmake -E env CXXFLAGS="-std=c++23 -ggdb -DDTYPE_IN=std::bfloat16_t -DDTYPE_OUT=std::bfloat16_t -DDTYPE_ACC=float" \
	cmake `echo /scratch/luisr/mlir-aie/programming_examples/basic/matrix_multiplication/whole_array/..` -D CMAKE_C_COMPILER=gcc-13 -D CMAKE_CXX_COMPILER=g++-13 -DTARGET_NAME=whole_array -Dsubdir=whole_array
-- The C compiler identification is GNU 13.3.0
-- The CXX compiler identification is GNU 13.3.0
-- Detecting C compiler ABI info
-- Detecting C compiler ABI info - done
-- Check for working C compiler: /usr/bin/gcc-13 - skipped
-- Detecting C compile features
-- Detecting C compile features - done
-- Detecting CXX compiler ABI info
-- Detecting CXX compiler ABI info - done
-- Check for working CXX compiler: /usr/bin/g++-13 - skipped
-- Detecting CXX compile features
-- Detecting CXX compile features - done
-- Configuring done (0.2s)
-- Generating done (0.0s)
-- Build files have been written to: /scratch/luisr/mlir-aie/programming_examples/basic/matrix_multiplication/whole_array/_build
cd _build &&  cmake --build . --config Release
gmake[1]: Entering directory '/scratch/luisr/mlir-aie/programming_examples/basic/matrix_multiplication/whole_array/_build'
gmake[2]: Entering directory '/scratch/luisr/mlir-aie/programming_examples/basic/matrix_multiplication/whole_array/_build'
gmake[3]: Entering directory '/scratch/luisr/mlir-aie/programming_examples/basic/matrix_multiplication/whole_array/_build'
gmake[3]: Leaving directory '/scratch/luisr/mlir-aie/programming_examples/basic/matrix_multiplication/whole_array/_build'
gmake[3]: Entering directory '/scratch/luisr/mlir-aie/programming_examples/basic/matrix_multiplication/whole_array/_build'
[ 33%] Building CXX object CMakeFiles/whole_array.dir/scratch/luisr/mlir-aie/runtime_lib/test_lib/test_utils.cpp.o
[ 66%] Building CXX object CMakeFiles/whole_array.dir/whole_array/test.cpp.o
[100%] Linking CXX executable whole_array
gmake[3]: Leaving directory '/scratch/luisr/mlir-aie/programming_examples/basic/matrix_multiplication/whole_array/_build'
[100%] Built target whole_array
gmake[2]: Leaving directory '/scratch/luisr/mlir-aie/programming_examples/basic/matrix_multiplication/whole_array/_build'
gmake[1]: Leaving directory '/scratch/luisr/mlir-aie/programming_examples/basic/matrix_multiplication/whole_array/_build'
cp _build/whole_array whole_array.exe 
mkdir -p build
python3 /scratch/luisr/mlir-aie/programming_examples/basic/matrix_multiplication/whole_array/whole_array.py -m 64 -k 64 -n 64 --n-aie-cols 8 --b-col-maj 0 --dev npu2 -M 1024 -K 4096 -N 1024 --dtype_in bf16 --dtype_out bf16 --emulate-bf16-mmul-with-bfp16 true --trace_size 0 > build/aie_1024x4096x1024_64x64x64_8c.mlir
mkdir -p build
cd build && xchesscc_wrapper aie2p -I /proj/xbuilds/2024.2_INT_1113_1001/installs/all_platforms/Vitis/2024.2/aietools/include  -Dbf16_bf16_ONLY -DDIM_M=64 -DDIM_K=64 -DDIM_N=64 -DAIE_API_EMULATE_BFLOAT16_MMUL_WITH_BFP16 -c /scratch/luisr/mlir-aie/programming_examples/basic/matrix_multiplication/whole_array/../../../../aie_kernels/aie2p/mm.cc -o mm_64x64x64.o
WARNING: Default location for XILINX_VIVADO_IP_OVERRIDE not found: /build/xfndry/IP_2024.2_INTEGRATION_VERIFIED/customer/vivado/data/ip
mkdir -p build
cd build && aiecc.py --alloc-scheme=basic-sequential --aie-generate-xclbin --no-compile-host --xclbin-name=final_1024x4096x1024_64x64x64_8c.xclbin \
			 \
			--aie-generate-npu-insts --npu-insts-name=insts_1024x4096x1024_64x64x64_8c.txt ../build/aie_1024x4096x1024_64x64x64_8c.mlir

Generating: /scratch/luisr/mlir-aie/programming_examples/basic/matrix_multiplication/whole_array/build/aie_1024x4096x1024_64x64x64_8c.mlir.prj/aie_cdo_elfs.bin
Generating: /scratch/luisr/mlir-aie/programming_examples/basic/matrix_multiplication/whole_array/build/aie_1024x4096x1024_64x64x64_8c.mlir.prj/aie_cdo_init.bin
Generating: /scratch/luisr/mlir-aie/programming_examples/basic/matrix_multiplication/whole_array/build/aie_1024x4096x1024_64x64x64_8c.mlir.prj/aie_cdo_enable.bin
export XRT_HACK_UNSECURE_LOADING_XCLBIN=1 && \
 ./whole_array.exe -x build/final_1024x4096x1024_64x64x64_8c.xclbin -i build/insts_1024x4096x1024_64x64x64_8c.txt -k MLIR_AIE -M 1024 -K 4096 -N 1024 --iters 40 --warmup 10 --verify 0 --b_col_maj 0

Avg NPU matmul time: 2202.18us.
Avg NPU gflops: 3900.66

Min NPU matmul time: 2058us.
Max NPU gflops: 4173.92

Max NPU matmul time: 2629us.
Min NPU gflops: 3267.38

PASS!

rm -rf tmpTrace parse*.json trace*json trace.txt
rm -rf build _build whole_array.exe
rm -rf _build
mkdir -p _build
cd _build &&  cmake -E env CXXFLAGS="-std=c++23 -ggdb -DDTYPE_IN=std::bfloat16_t -DDTYPE_OUT=std::bfloat16_t -DDTYPE_ACC=float" \
	cmake `echo /scratch/luisr/mlir-aie/programming_examples/basic/matrix_multiplication/whole_array/..` -D CMAKE_C_COMPILER=gcc-13 -D CMAKE_CXX_COMPILER=g++-13 -DTARGET_NAME=whole_array -Dsubdir=whole_array
-- The C compiler identification is GNU 13.3.0
-- The CXX compiler identification is GNU 13.3.0
-- Detecting C compiler ABI info
-- Detecting C compiler ABI info - done
-- Check for working C compiler: /usr/bin/gcc-13 - skipped
-- Detecting C compile features
-- Detecting C compile features - done
-- Detecting CXX compiler ABI info
-- Detecting CXX compiler ABI info - done
-- Check for working CXX compiler: /usr/bin/g++-13 - skipped
-- Detecting CXX compile features
-- Detecting CXX compile features - done
-- Configuring done (0.2s)
-- Generating done (0.0s)
-- Build files have been written to: /scratch/luisr/mlir-aie/programming_examples/basic/matrix_multiplication/whole_array/_build
cd _build &&  cmake --build . --config Release
gmake[1]: Entering directory '/scratch/luisr/mlir-aie/programming_examples/basic/matrix_multiplication/whole_array/_build'
gmake[2]: Entering directory '/scratch/luisr/mlir-aie/programming_examples/basic/matrix_multiplication/whole_array/_build'
gmake[3]: Entering directory '/scratch/luisr/mlir-aie/programming_examples/basic/matrix_multiplication/whole_array/_build'
gmake[3]: Leaving directory '/scratch/luisr/mlir-aie/programming_examples/basic/matrix_multiplication/whole_array/_build'
gmake[3]: Entering directory '/scratch/luisr/mlir-aie/programming_examples/basic/matrix_multiplication/whole_array/_build'
[ 33%] Building CXX object CMakeFiles/whole_array.dir/scratch/luisr/mlir-aie/runtime_lib/test_lib/test_utils.cpp.o
[ 66%] Building CXX object CMakeFiles/whole_array.dir/whole_array/test.cpp.o
[100%] Linking CXX executable whole_array
gmake[3]: Leaving directory '/scratch/luisr/mlir-aie/programming_examples/basic/matrix_multiplication/whole_array/_build'
[100%] Built target whole_array
gmake[2]: Leaving directory '/scratch/luisr/mlir-aie/programming_examples/basic/matrix_multiplication/whole_array/_build'
gmake[1]: Leaving directory '/scratch/luisr/mlir-aie/programming_examples/basic/matrix_multiplication/whole_array/_build'
cp _build/whole_array whole_array.exe 
mkdir -p build
python3 /scratch/luisr/mlir-aie/programming_examples/basic/matrix_multiplication/whole_array/whole_array.py -m 64 -k 64 -n 64 --n-aie-cols 8 --b-col-maj 0 --dev npu2 -M 1024 -K 4096 -N 4096 --dtype_in bf16 --dtype_out bf16 --emulate-bf16-mmul-with-bfp16 true --trace_size 0 > build/aie_1024x4096x4096_64x64x64_8c.mlir
mkdir -p build
cd build && xchesscc_wrapper aie2p -I /proj/xbuilds/2024.2_INT_1113_1001/installs/all_platforms/Vitis/2024.2/aietools/include  -Dbf16_bf16_ONLY -DDIM_M=64 -DDIM_K=64 -DDIM_N=64 -DAIE_API_EMULATE_BFLOAT16_MMUL_WITH_BFP16 -c /scratch/luisr/mlir-aie/programming_examples/basic/matrix_multiplication/whole_array/../../../../aie_kernels/aie2p/mm.cc -o mm_64x64x64.o
WARNING: Default location for XILINX_VIVADO_IP_OVERRIDE not found: /build/xfndry/IP_2024.2_INTEGRATION_VERIFIED/customer/vivado/data/ip
mkdir -p build
cd build && aiecc.py --alloc-scheme=basic-sequential --aie-generate-xclbin --no-compile-host --xclbin-name=final_1024x4096x4096_64x64x64_8c.xclbin \
			 \
			--aie-generate-npu-insts --npu-insts-name=insts_1024x4096x4096_64x64x64_8c.txt ../build/aie_1024x4096x4096_64x64x64_8c.mlir

Generating: /scratch/luisr/mlir-aie/programming_examples/basic/matrix_multiplication/whole_array/build/aie_1024x4096x4096_64x64x64_8c.mlir.prj/aie_cdo_elfs.bin
Generating: /scratch/luisr/mlir-aie/programming_examples/basic/matrix_multiplication/whole_array/build/aie_1024x4096x4096_64x64x64_8c.mlir.prj/aie_cdo_init.bin
Generating: /scratch/luisr/mlir-aie/programming_examples/basic/matrix_multiplication/whole_array/build/aie_1024x4096x4096_64x64x64_8c.mlir.prj/aie_cdo_enable.bin
export XRT_HACK_UNSECURE_LOADING_XCLBIN=1 && \
 ./whole_array.exe -x build/final_1024x4096x4096_64x64x64_8c.xclbin -i build/insts_1024x4096x4096_64x64x64_8c.txt -k MLIR_AIE -M 1024 -K 4096 -N 4096 --iters 40 --warmup 10 --verify 0 --b_col_maj 0

Avg NPU matmul time: 7814.08us.
Avg NPU gflops: 4397.16

Min NPU matmul time: 7388us.
Max NPU gflops: 4650.75

Max NPU matmul time: 8176us.
Min NPU gflops: 4202.51

PASS!

rm -rf tmpTrace parse*.json trace*json trace.txt
rm -rf build _build whole_array.exe
rm -rf _build
mkdir -p _build
cd _build &&  cmake -E env CXXFLAGS="-std=c++23 -ggdb -DDTYPE_IN=std::bfloat16_t -DDTYPE_OUT=std::bfloat16_t -DDTYPE_ACC=float" \
	cmake `echo /scratch/luisr/mlir-aie/programming_examples/basic/matrix_multiplication/whole_array/..` -D CMAKE_C_COMPILER=gcc-13 -D CMAKE_CXX_COMPILER=g++-13 -DTARGET_NAME=whole_array -Dsubdir=whole_array
-- The C compiler identification is GNU 13.3.0
-- The CXX compiler identification is GNU 13.3.0
-- Detecting C compiler ABI info
-- Detecting C compiler ABI info - done
-- Check for working C compiler: /usr/bin/gcc-13 - skipped
-- Detecting C compile features
-- Detecting C compile features - done
-- Detecting CXX compiler ABI info
-- Detecting CXX compiler ABI info - done
-- Check for working CXX compiler: /usr/bin/g++-13 - skipped
-- Detecting CXX compile features
-- Detecting CXX compile features - done
-- Configuring done (0.3s)
-- Generating done (0.0s)
-- Build files have been written to: /scratch/luisr/mlir-aie/programming_examples/basic/matrix_multiplication/whole_array/_build
cd _build &&  cmake --build . --config Release
gmake[1]: Entering directory '/scratch/luisr/mlir-aie/programming_examples/basic/matrix_multiplication/whole_array/_build'
gmake[2]: Entering directory '/scratch/luisr/mlir-aie/programming_examples/basic/matrix_multiplication/whole_array/_build'
gmake[3]: Entering directory '/scratch/luisr/mlir-aie/programming_examples/basic/matrix_multiplication/whole_array/_build'
gmake[3]: Leaving directory '/scratch/luisr/mlir-aie/programming_examples/basic/matrix_multiplication/whole_array/_build'
gmake[3]: Entering directory '/scratch/luisr/mlir-aie/programming_examples/basic/matrix_multiplication/whole_array/_build'
[ 33%] Building CXX object CMakeFiles/whole_array.dir/scratch/luisr/mlir-aie/runtime_lib/test_lib/test_utils.cpp.o
[ 66%] Building CXX object CMakeFiles/whole_array.dir/whole_array/test.cpp.o
[100%] Linking CXX executable whole_array
gmake[3]: Leaving directory '/scratch/luisr/mlir-aie/programming_examples/basic/matrix_multiplication/whole_array/_build'
[100%] Built target whole_array
gmake[2]: Leaving directory '/scratch/luisr/mlir-aie/programming_examples/basic/matrix_multiplication/whole_array/_build'
gmake[1]: Leaving directory '/scratch/luisr/mlir-aie/programming_examples/basic/matrix_multiplication/whole_array/_build'
cp _build/whole_array whole_array.exe 
mkdir -p build
python3 /scratch/luisr/mlir-aie/programming_examples/basic/matrix_multiplication/whole_array/whole_array.py -m 64 -k 64 -n 64 --n-aie-cols 8 --b-col-maj 0 --dev npu2 -M 1024 -K 4096 -N 8192 --dtype_in bf16 --dtype_out bf16 --emulate-bf16-mmul-with-bfp16 true --trace_size 0 > build/aie_1024x4096x8192_64x64x64_8c.mlir
mkdir -p build
cd build && xchesscc_wrapper aie2p -I /proj/xbuilds/2024.2_INT_1113_1001/installs/all_platforms/Vitis/2024.2/aietools/include  -Dbf16_bf16_ONLY -DDIM_M=64 -DDIM_K=64 -DDIM_N=64 -DAIE_API_EMULATE_BFLOAT16_MMUL_WITH_BFP16 -c /scratch/luisr/mlir-aie/programming_examples/basic/matrix_multiplication/whole_array/../../../../aie_kernels/aie2p/mm.cc -o mm_64x64x64.o
WARNING: Default location for XILINX_VIVADO_IP_OVERRIDE not found: /build/xfndry/IP_2024.2_INTEGRATION_VERIFIED/customer/vivado/data/ip
mkdir -p build
cd build && aiecc.py --alloc-scheme=basic-sequential --aie-generate-xclbin --no-compile-host --xclbin-name=final_1024x4096x8192_64x64x64_8c.xclbin \
			 \
			--aie-generate-npu-insts --npu-insts-name=insts_1024x4096x8192_64x64x64_8c.txt ../build/aie_1024x4096x8192_64x64x64_8c.mlir

Generating: /scratch/luisr/mlir-aie/programming_examples/basic/matrix_multiplication/whole_array/build/aie_1024x4096x8192_64x64x64_8c.mlir.prj/aie_cdo_elfs.bin
Generating: /scratch/luisr/mlir-aie/programming_examples/basic/matrix_multiplication/whole_array/build/aie_1024x4096x8192_64x64x64_8c.mlir.prj/aie_cdo_init.bin
Generating: /scratch/luisr/mlir-aie/programming_examples/basic/matrix_multiplication/whole_array/build/aie_1024x4096x8192_64x64x64_8c.mlir.prj/aie_cdo_enable.bin
export XRT_HACK_UNSECURE_LOADING_XCLBIN=1 && \
 ./whole_array.exe -x build/final_1024x4096x8192_64x64x64_8c.xclbin -i build/insts_1024x4096x8192_64x64x64_8c.txt -k MLIR_AIE -M 1024 -K 4096 -N 8192 --iters 40 --warmup 10 --verify 0 --b_col_maj 0

Avg NPU matmul time: 18361.2us.
Avg NPU gflops: 3742.65

Min NPU matmul time: 16532us.
Max NPU gflops: 4156.76

Max NPU matmul time: 20827us.
Min NPU gflops: 3299.54

PASS!

rm -rf tmpTrace parse*.json trace*json trace.txt
rm -rf build _build whole_array.exe
rm -rf _build
mkdir -p _build
cd _build &&  cmake -E env CXXFLAGS="-std=c++23 -ggdb -DDTYPE_IN=std::bfloat16_t -DDTYPE_OUT=std::bfloat16_t -DDTYPE_ACC=float" \
	cmake `echo /scratch/luisr/mlir-aie/programming_examples/basic/matrix_multiplication/whole_array/..` -D CMAKE_C_COMPILER=gcc-13 -D CMAKE_CXX_COMPILER=g++-13 -DTARGET_NAME=whole_array -Dsubdir=whole_array
-- The C compiler identification is GNU 13.3.0
-- The CXX compiler identification is GNU 13.3.0
-- Detecting C compiler ABI info
-- Detecting C compiler ABI info - done
-- Check for working C compiler: /usr/bin/gcc-13 - skipped
-- Detecting C compile features
-- Detecting C compile features - done
-- Detecting CXX compiler ABI info
-- Detecting CXX compiler ABI info - done
-- Check for working CXX compiler: /usr/bin/g++-13 - skipped
-- Detecting CXX compile features
-- Detecting CXX compile features - done
-- Configuring done (0.2s)
-- Generating done (0.0s)
-- Build files have been written to: /scratch/luisr/mlir-aie/programming_examples/basic/matrix_multiplication/whole_array/_build
cd _build &&  cmake --build . --config Release
gmake[1]: Entering directory '/scratch/luisr/mlir-aie/programming_examples/basic/matrix_multiplication/whole_array/_build'
gmake[2]: Entering directory '/scratch/luisr/mlir-aie/programming_examples/basic/matrix_multiplication/whole_array/_build'
gmake[3]: Entering directory '/scratch/luisr/mlir-aie/programming_examples/basic/matrix_multiplication/whole_array/_build'
gmake[3]: Leaving directory '/scratch/luisr/mlir-aie/programming_examples/basic/matrix_multiplication/whole_array/_build'
gmake[3]: Entering directory '/scratch/luisr/mlir-aie/programming_examples/basic/matrix_multiplication/whole_array/_build'
[ 33%] Building CXX object CMakeFiles/whole_array.dir/scratch/luisr/mlir-aie/runtime_lib/test_lib/test_utils.cpp.o
[ 66%] Building CXX object CMakeFiles/whole_array.dir/whole_array/test.cpp.o
[100%] Linking CXX executable whole_array
gmake[3]: Leaving directory '/scratch/luisr/mlir-aie/programming_examples/basic/matrix_multiplication/whole_array/_build'
[100%] Built target whole_array
gmake[2]: Leaving directory '/scratch/luisr/mlir-aie/programming_examples/basic/matrix_multiplication/whole_array/_build'
gmake[1]: Leaving directory '/scratch/luisr/mlir-aie/programming_examples/basic/matrix_multiplication/whole_array/_build'
cp _build/whole_array whole_array.exe 
mkdir -p build
python3 /scratch/luisr/mlir-aie/programming_examples/basic/matrix_multiplication/whole_array/whole_array.py -m 64 -k 64 -n 64 --n-aie-cols 8 --b-col-maj 0 --dev npu2 -M 1024 -K 6144 -N 512 --dtype_in bf16 --dtype_out bf16 --emulate-bf16-mmul-with-bfp16 true --trace_size 0 > build/aie_1024x6144x512_64x64x64_8c.mlir
mkdir -p build
cd build && xchesscc_wrapper aie2p -I /proj/xbuilds/2024.2_INT_1113_1001/installs/all_platforms/Vitis/2024.2/aietools/include  -Dbf16_bf16_ONLY -DDIM_M=64 -DDIM_K=64 -DDIM_N=64 -DAIE_API_EMULATE_BFLOAT16_MMUL_WITH_BFP16 -c /scratch/luisr/mlir-aie/programming_examples/basic/matrix_multiplication/whole_array/../../../../aie_kernels/aie2p/mm.cc -o mm_64x64x64.o
WARNING: Default location for XILINX_VIVADO_IP_OVERRIDE not found: /build/xfndry/IP_2024.2_INTEGRATION_VERIFIED/customer/vivado/data/ip
mkdir -p build
cd build && aiecc.py --alloc-scheme=basic-sequential --aie-generate-xclbin --no-compile-host --xclbin-name=final_1024x6144x512_64x64x64_8c.xclbin \
			 \
			--aie-generate-npu-insts --npu-insts-name=insts_1024x6144x512_64x64x64_8c.txt ../build/aie_1024x6144x512_64x64x64_8c.mlir

Generating: /scratch/luisr/mlir-aie/programming_examples/basic/matrix_multiplication/whole_array/build/aie_1024x6144x512_64x64x64_8c.mlir.prj/aie_cdo_elfs.bin
Generating: /scratch/luisr/mlir-aie/programming_examples/basic/matrix_multiplication/whole_array/build/aie_1024x6144x512_64x64x64_8c.mlir.prj/aie_cdo_init.bin
Generating: /scratch/luisr/mlir-aie/programming_examples/basic/matrix_multiplication/whole_array/build/aie_1024x6144x512_64x64x64_8c.mlir.prj/aie_cdo_enable.bin
export XRT_HACK_UNSECURE_LOADING_XCLBIN=1 && \
 ./whole_array.exe -x build/final_1024x6144x512_64x64x64_8c.xclbin -i build/insts_1024x6144x512_64x64x64_8c.txt -k MLIR_AIE -M 1024 -K 6144 -N 512 --iters 40 --warmup 10 --verify 0 --b_col_maj 0

Avg NPU matmul time: 1516.62us.
Avg NPU gflops: 4247.89

Min NPU matmul time: 1397us.
Max NPU gflops: 4611.63

Max NPU matmul time: 2020us.
Min NPU gflops: 3189.33

PASS!

rm -rf tmpTrace parse*.json trace*json trace.txt
rm -rf build _build whole_array.exe
rm -rf _build
mkdir -p _build
cd _build &&  cmake -E env CXXFLAGS="-std=c++23 -ggdb -DDTYPE_IN=std::bfloat16_t -DDTYPE_OUT=std::bfloat16_t -DDTYPE_ACC=float" \
	cmake `echo /scratch/luisr/mlir-aie/programming_examples/basic/matrix_multiplication/whole_array/..` -D CMAKE_C_COMPILER=gcc-13 -D CMAKE_CXX_COMPILER=g++-13 -DTARGET_NAME=whole_array -Dsubdir=whole_array
-- The C compiler identification is GNU 13.3.0
-- The CXX compiler identification is GNU 13.3.0
-- Detecting C compiler ABI info
-- Detecting C compiler ABI info - done
-- Check for working C compiler: /usr/bin/gcc-13 - skipped
-- Detecting C compile features
-- Detecting C compile features - done
-- Detecting CXX compiler ABI info
-- Detecting CXX compiler ABI info - done
-- Check for working CXX compiler: /usr/bin/g++-13 - skipped
-- Detecting CXX compile features
-- Detecting CXX compile features - done
-- Configuring done (0.3s)
-- Generating done (0.0s)
-- Build files have been written to: /scratch/luisr/mlir-aie/programming_examples/basic/matrix_multiplication/whole_array/_build
cd _build &&  cmake --build . --config Release
gmake[1]: Entering directory '/scratch/luisr/mlir-aie/programming_examples/basic/matrix_multiplication/whole_array/_build'
gmake[2]: Entering directory '/scratch/luisr/mlir-aie/programming_examples/basic/matrix_multiplication/whole_array/_build'
gmake[3]: Entering directory '/scratch/luisr/mlir-aie/programming_examples/basic/matrix_multiplication/whole_array/_build'
gmake[3]: Leaving directory '/scratch/luisr/mlir-aie/programming_examples/basic/matrix_multiplication/whole_array/_build'
gmake[3]: Entering directory '/scratch/luisr/mlir-aie/programming_examples/basic/matrix_multiplication/whole_array/_build'
[ 33%] Building CXX object CMakeFiles/whole_array.dir/scratch/luisr/mlir-aie/runtime_lib/test_lib/test_utils.cpp.o
[ 66%] Building CXX object CMakeFiles/whole_array.dir/whole_array/test.cpp.o
[100%] Linking CXX executable whole_array
gmake[3]: Leaving directory '/scratch/luisr/mlir-aie/programming_examples/basic/matrix_multiplication/whole_array/_build'
[100%] Built target whole_array
gmake[2]: Leaving directory '/scratch/luisr/mlir-aie/programming_examples/basic/matrix_multiplication/whole_array/_build'
gmake[1]: Leaving directory '/scratch/luisr/mlir-aie/programming_examples/basic/matrix_multiplication/whole_array/_build'
cp _build/whole_array whole_array.exe 
mkdir -p build
python3 /scratch/luisr/mlir-aie/programming_examples/basic/matrix_multiplication/whole_array/whole_array.py -m 64 -k 64 -n 64 --n-aie-cols 8 --b-col-maj 0 --dev npu2 -M 1024 -K 6144 -N 1024 --dtype_in bf16 --dtype_out bf16 --emulate-bf16-mmul-with-bfp16 true --trace_size 0 > build/aie_1024x6144x1024_64x64x64_8c.mlir
mkdir -p build
cd build && xchesscc_wrapper aie2p -I /proj/xbuilds/2024.2_INT_1113_1001/installs/all_platforms/Vitis/2024.2/aietools/include  -Dbf16_bf16_ONLY -DDIM_M=64 -DDIM_K=64 -DDIM_N=64 -DAIE_API_EMULATE_BFLOAT16_MMUL_WITH_BFP16 -c /scratch/luisr/mlir-aie/programming_examples/basic/matrix_multiplication/whole_array/../../../../aie_kernels/aie2p/mm.cc -o mm_64x64x64.o
WARNING: Default location for XILINX_VIVADO_IP_OVERRIDE not found: /build/xfndry/IP_2024.2_INTEGRATION_VERIFIED/customer/vivado/data/ip
mkdir -p build
cd build && aiecc.py --alloc-scheme=basic-sequential --aie-generate-xclbin --no-compile-host --xclbin-name=final_1024x6144x1024_64x64x64_8c.xclbin \
			 \
			--aie-generate-npu-insts --npu-insts-name=insts_1024x6144x1024_64x64x64_8c.txt ../build/aie_1024x6144x1024_64x64x64_8c.mlir

Generating: /scratch/luisr/mlir-aie/programming_examples/basic/matrix_multiplication/whole_array/build/aie_1024x6144x1024_64x64x64_8c.mlir.prj/aie_cdo_elfs.bin
Generating: /scratch/luisr/mlir-aie/programming_examples/basic/matrix_multiplication/whole_array/build/aie_1024x6144x1024_64x64x64_8c.mlir.prj/aie_cdo_init.bin
Generating: /scratch/luisr/mlir-aie/programming_examples/basic/matrix_multiplication/whole_array/build/aie_1024x6144x1024_64x64x64_8c.mlir.prj/aie_cdo_enable.bin
export XRT_HACK_UNSECURE_LOADING_XCLBIN=1 && \
 ./whole_array.exe -x build/final_1024x6144x1024_64x64x64_8c.xclbin -i build/insts_1024x6144x1024_64x64x64_8c.txt -k MLIR_AIE -M 1024 -K 6144 -N 1024 --iters 40 --warmup 10 --verify 0 --b_col_maj 0

Avg NPU matmul time: 2758.52us.
Avg NPU gflops: 4670.94

Min NPU matmul time: 2728us.
Max NPU gflops: 4723.2

Max NPU matmul time: 3105us.
Min NPU gflops: 4149.73

PASS!

rm -rf tmpTrace parse*.json trace*json trace.txt
rm -rf build _build whole_array.exe
rm -rf _build
mkdir -p _build
cd _build &&  cmake -E env CXXFLAGS="-std=c++23 -ggdb -DDTYPE_IN=std::bfloat16_t -DDTYPE_OUT=std::bfloat16_t -DDTYPE_ACC=float" \
	cmake `echo /scratch/luisr/mlir-aie/programming_examples/basic/matrix_multiplication/whole_array/..` -D CMAKE_C_COMPILER=gcc-13 -D CMAKE_CXX_COMPILER=g++-13 -DTARGET_NAME=whole_array -Dsubdir=whole_array
-- The C compiler identification is GNU 13.3.0
-- The CXX compiler identification is GNU 13.3.0
-- Detecting C compiler ABI info
-- Detecting C compiler ABI info - done
-- Check for working C compiler: /usr/bin/gcc-13 - skipped
-- Detecting C compile features
-- Detecting C compile features - done
-- Detecting CXX compiler ABI info
-- Detecting CXX compiler ABI info - done
-- Check for working CXX compiler: /usr/bin/g++-13 - skipped
-- Detecting CXX compile features
-- Detecting CXX compile features - done
-- Configuring done (0.3s)
-- Generating done (0.0s)
-- Build files have been written to: /scratch/luisr/mlir-aie/programming_examples/basic/matrix_multiplication/whole_array/_build
cd _build &&  cmake --build . --config Release
gmake[1]: Entering directory '/scratch/luisr/mlir-aie/programming_examples/basic/matrix_multiplication/whole_array/_build'
gmake[2]: Entering directory '/scratch/luisr/mlir-aie/programming_examples/basic/matrix_multiplication/whole_array/_build'
gmake[3]: Entering directory '/scratch/luisr/mlir-aie/programming_examples/basic/matrix_multiplication/whole_array/_build'
gmake[3]: Leaving directory '/scratch/luisr/mlir-aie/programming_examples/basic/matrix_multiplication/whole_array/_build'
gmake[3]: Entering directory '/scratch/luisr/mlir-aie/programming_examples/basic/matrix_multiplication/whole_array/_build'
[ 33%] Building CXX object CMakeFiles/whole_array.dir/scratch/luisr/mlir-aie/runtime_lib/test_lib/test_utils.cpp.o
[ 66%] Building CXX object CMakeFiles/whole_array.dir/whole_array/test.cpp.o
[100%] Linking CXX executable whole_array
gmake[3]: Leaving directory '/scratch/luisr/mlir-aie/programming_examples/basic/matrix_multiplication/whole_array/_build'
[100%] Built target whole_array
gmake[2]: Leaving directory '/scratch/luisr/mlir-aie/programming_examples/basic/matrix_multiplication/whole_array/_build'
gmake[1]: Leaving directory '/scratch/luisr/mlir-aie/programming_examples/basic/matrix_multiplication/whole_array/_build'
cp _build/whole_array whole_array.exe 
mkdir -p build
python3 /scratch/luisr/mlir-aie/programming_examples/basic/matrix_multiplication/whole_array/whole_array.py -m 64 -k 64 -n 64 --n-aie-cols 8 --b-col-maj 0 --dev npu2 -M 1024 -K 6144 -N 4096 --dtype_in bf16 --dtype_out bf16 --emulate-bf16-mmul-with-bfp16 true --trace_size 0 > build/aie_1024x6144x4096_64x64x64_8c.mlir
mkdir -p build
cd build && xchesscc_wrapper aie2p -I /proj/xbuilds/2024.2_INT_1113_1001/installs/all_platforms/Vitis/2024.2/aietools/include  -Dbf16_bf16_ONLY -DDIM_M=64 -DDIM_K=64 -DDIM_N=64 -DAIE_API_EMULATE_BFLOAT16_MMUL_WITH_BFP16 -c /scratch/luisr/mlir-aie/programming_examples/basic/matrix_multiplication/whole_array/../../../../aie_kernels/aie2p/mm.cc -o mm_64x64x64.o
WARNING: Default location for XILINX_VIVADO_IP_OVERRIDE not found: /build/xfndry/IP_2024.2_INTEGRATION_VERIFIED/customer/vivado/data/ip
mkdir -p build
cd build && aiecc.py --alloc-scheme=basic-sequential --aie-generate-xclbin --no-compile-host --xclbin-name=final_1024x6144x4096_64x64x64_8c.xclbin \
			 \
			--aie-generate-npu-insts --npu-insts-name=insts_1024x6144x4096_64x64x64_8c.txt ../build/aie_1024x6144x4096_64x64x64_8c.mlir

Generating: /scratch/luisr/mlir-aie/programming_examples/basic/matrix_multiplication/whole_array/build/aie_1024x6144x4096_64x64x64_8c.mlir.prj/aie_cdo_elfs.bin
Generating: /scratch/luisr/mlir-aie/programming_examples/basic/matrix_multiplication/whole_array/build/aie_1024x6144x4096_64x64x64_8c.mlir.prj/aie_cdo_init.bin
Generating: /scratch/luisr/mlir-aie/programming_examples/basic/matrix_multiplication/whole_array/build/aie_1024x6144x4096_64x64x64_8c.mlir.prj/aie_cdo_enable.bin
export XRT_HACK_UNSECURE_LOADING_XCLBIN=1 && \
 ./whole_array.exe -x build/final_1024x6144x4096_64x64x64_8c.xclbin -i build/insts_1024x6144x4096_64x64x64_8c.txt -k MLIR_AIE -M 1024 -K 6144 -N 4096 --iters 40 --warmup 10 --verify 0 --b_col_maj 0

Avg NPU matmul time: 12185us.
Avg NPU gflops: 4229.76

Min NPU matmul time: 11605us.
Max NPU gflops: 4441.16

Max NPU matmul time: 12837us.
Min NPU gflops: 4014.93

PASS!

rm -rf tmpTrace parse*.json trace*json trace.txt
rm -rf build _build whole_array.exe
rm -rf _build
mkdir -p _build
cd _build &&  cmake -E env CXXFLAGS="-std=c++23 -ggdb -DDTYPE_IN=std::bfloat16_t -DDTYPE_OUT=std::bfloat16_t -DDTYPE_ACC=float" \
	cmake `echo /scratch/luisr/mlir-aie/programming_examples/basic/matrix_multiplication/whole_array/..` -D CMAKE_C_COMPILER=gcc-13 -D CMAKE_CXX_COMPILER=g++-13 -DTARGET_NAME=whole_array -Dsubdir=whole_array
-- The C compiler identification is GNU 13.3.0
-- The CXX compiler identification is GNU 13.3.0
-- Detecting C compiler ABI info
-- Detecting C compiler ABI info - done
-- Check for working C compiler: /usr/bin/gcc-13 - skipped
-- Detecting C compile features
-- Detecting C compile features - done
-- Detecting CXX compiler ABI info
-- Detecting CXX compiler ABI info - done
-- Check for working CXX compiler: /usr/bin/g++-13 - skipped
-- Detecting CXX compile features
-- Detecting CXX compile features - done
-- Configuring done (0.3s)
-- Generating done (0.0s)
-- Build files have been written to: /scratch/luisr/mlir-aie/programming_examples/basic/matrix_multiplication/whole_array/_build
cd _build &&  cmake --build . --config Release
gmake[1]: Entering directory '/scratch/luisr/mlir-aie/programming_examples/basic/matrix_multiplication/whole_array/_build'
gmake[2]: Entering directory '/scratch/luisr/mlir-aie/programming_examples/basic/matrix_multiplication/whole_array/_build'
gmake[3]: Entering directory '/scratch/luisr/mlir-aie/programming_examples/basic/matrix_multiplication/whole_array/_build'
gmake[3]: Leaving directory '/scratch/luisr/mlir-aie/programming_examples/basic/matrix_multiplication/whole_array/_build'
gmake[3]: Entering directory '/scratch/luisr/mlir-aie/programming_examples/basic/matrix_multiplication/whole_array/_build'
[ 33%] Building CXX object CMakeFiles/whole_array.dir/scratch/luisr/mlir-aie/runtime_lib/test_lib/test_utils.cpp.o
[ 66%] Building CXX object CMakeFiles/whole_array.dir/whole_array/test.cpp.o
[100%] Linking CXX executable whole_array
gmake[3]: Leaving directory '/scratch/luisr/mlir-aie/programming_examples/basic/matrix_multiplication/whole_array/_build'
[100%] Built target whole_array
gmake[2]: Leaving directory '/scratch/luisr/mlir-aie/programming_examples/basic/matrix_multiplication/whole_array/_build'
gmake[1]: Leaving directory '/scratch/luisr/mlir-aie/programming_examples/basic/matrix_multiplication/whole_array/_build'
cp _build/whole_array whole_array.exe 
mkdir -p build
python3 /scratch/luisr/mlir-aie/programming_examples/basic/matrix_multiplication/whole_array/whole_array.py -m 64 -k 64 -n 64 --n-aie-cols 8 --b-col-maj 0 --dev npu2 -M 1024 -K 6144 -N 8192 --dtype_in bf16 --dtype_out bf16 --emulate-bf16-mmul-with-bfp16 true --trace_size 0 > build/aie_1024x6144x8192_64x64x64_8c.mlir
mkdir -p build
cd build && xchesscc_wrapper aie2p -I /proj/xbuilds/2024.2_INT_1113_1001/installs/all_platforms/Vitis/2024.2/aietools/include  -Dbf16_bf16_ONLY -DDIM_M=64 -DDIM_K=64 -DDIM_N=64 -DAIE_API_EMULATE_BFLOAT16_MMUL_WITH_BFP16 -c /scratch/luisr/mlir-aie/programming_examples/basic/matrix_multiplication/whole_array/../../../../aie_kernels/aie2p/mm.cc -o mm_64x64x64.o
WARNING: Default location for XILINX_VIVADO_IP_OVERRIDE not found: /build/xfndry/IP_2024.2_INTEGRATION_VERIFIED/customer/vivado/data/ip
mkdir -p build
cd build && aiecc.py --alloc-scheme=basic-sequential --aie-generate-xclbin --no-compile-host --xclbin-name=final_1024x6144x8192_64x64x64_8c.xclbin \
			 \
			--aie-generate-npu-insts --npu-insts-name=insts_1024x6144x8192_64x64x64_8c.txt ../build/aie_1024x6144x8192_64x64x64_8c.mlir

Generating: /scratch/luisr/mlir-aie/programming_examples/basic/matrix_multiplication/whole_array/build/aie_1024x6144x8192_64x64x64_8c.mlir.prj/aie_cdo_elfs.bin
Generating: /scratch/luisr/mlir-aie/programming_examples/basic/matrix_multiplication/whole_array/build/aie_1024x6144x8192_64x64x64_8c.mlir.prj/aie_cdo_init.bin
Generating: /scratch/luisr/mlir-aie/programming_examples/basic/matrix_multiplication/whole_array/build/aie_1024x6144x8192_64x64x64_8c.mlir.prj/aie_cdo_enable.bin
export XRT_HACK_UNSECURE_LOADING_XCLBIN=1 && \
 ./whole_array.exe -x build/final_1024x6144x8192_64x64x64_8c.xclbin -i build/insts_1024x6144x8192_64x64x64_8c.txt -k MLIR_AIE -M 1024 -K 6144 -N 8192 --iters 40 --warmup 10 --verify 0 --b_col_maj 0

Avg NPU matmul time: 28102us.
Avg NPU gflops: 3668.04

Min NPU matmul time: 25147us.
Max NPU gflops: 4099.07

Max NPU matmul time: 31818us.
Min NPU gflops: 3239.65

PASS!

rm -rf tmpTrace parse*.json trace*json trace.txt
rm -rf build _build whole_array.exe
rm -rf _build
mkdir -p _build
cd _build &&  cmake -E env CXXFLAGS="-std=c++23 -ggdb -DDTYPE_IN=std::bfloat16_t -DDTYPE_OUT=std::bfloat16_t -DDTYPE_ACC=float" \
	cmake `echo /scratch/luisr/mlir-aie/programming_examples/basic/matrix_multiplication/whole_array/..` -D CMAKE_C_COMPILER=gcc-13 -D CMAKE_CXX_COMPILER=g++-13 -DTARGET_NAME=whole_array -Dsubdir=whole_array
-- The C compiler identification is GNU 13.3.0
-- The CXX compiler identification is GNU 13.3.0
-- Detecting C compiler ABI info
-- Detecting C compiler ABI info - done
-- Check for working C compiler: /usr/bin/gcc-13 - skipped
-- Detecting C compile features
-- Detecting C compile features - done
-- Detecting CXX compiler ABI info
-- Detecting CXX compiler ABI info - done
-- Check for working CXX compiler: /usr/bin/g++-13 - skipped
-- Detecting CXX compile features
-- Detecting CXX compile features - done
-- Configuring done (0.3s)
-- Generating done (0.0s)
-- Build files have been written to: /scratch/luisr/mlir-aie/programming_examples/basic/matrix_multiplication/whole_array/_build
cd _build &&  cmake --build . --config Release
gmake[1]: Entering directory '/scratch/luisr/mlir-aie/programming_examples/basic/matrix_multiplication/whole_array/_build'
gmake[2]: Entering directory '/scratch/luisr/mlir-aie/programming_examples/basic/matrix_multiplication/whole_array/_build'
gmake[3]: Entering directory '/scratch/luisr/mlir-aie/programming_examples/basic/matrix_multiplication/whole_array/_build'
gmake[3]: Leaving directory '/scratch/luisr/mlir-aie/programming_examples/basic/matrix_multiplication/whole_array/_build'
gmake[3]: Entering directory '/scratch/luisr/mlir-aie/programming_examples/basic/matrix_multiplication/whole_array/_build'
[ 33%] Building CXX object CMakeFiles/whole_array.dir/scratch/luisr/mlir-aie/runtime_lib/test_lib/test_utils.cpp.o
[ 66%] Building CXX object CMakeFiles/whole_array.dir/whole_array/test.cpp.o
[100%] Linking CXX executable whole_array
gmake[3]: Leaving directory '/scratch/luisr/mlir-aie/programming_examples/basic/matrix_multiplication/whole_array/_build'
[100%] Built target whole_array
gmake[2]: Leaving directory '/scratch/luisr/mlir-aie/programming_examples/basic/matrix_multiplication/whole_array/_build'
gmake[1]: Leaving directory '/scratch/luisr/mlir-aie/programming_examples/basic/matrix_multiplication/whole_array/_build'
cp _build/whole_array whole_array.exe 
mkdir -p build
python3 /scratch/luisr/mlir-aie/programming_examples/basic/matrix_multiplication/whole_array/whole_array.py -m 64 -k 64 -n 64 --n-aie-cols 8 --b-col-maj 0 --dev npu2 -M 4096 -K 512 -N 512 --dtype_in bf16 --dtype_out bf16 --emulate-bf16-mmul-with-bfp16 true --trace_size 0 > build/aie_4096x512x512_64x64x64_8c.mlir
mkdir -p build
cd build && xchesscc_wrapper aie2p -I /proj/xbuilds/2024.2_INT_1113_1001/installs/all_platforms/Vitis/2024.2/aietools/include  -Dbf16_bf16_ONLY -DDIM_M=64 -DDIM_K=64 -DDIM_N=64 -DAIE_API_EMULATE_BFLOAT16_MMUL_WITH_BFP16 -c /scratch/luisr/mlir-aie/programming_examples/basic/matrix_multiplication/whole_array/../../../../aie_kernels/aie2p/mm.cc -o mm_64x64x64.o
WARNING: Default location for XILINX_VIVADO_IP_OVERRIDE not found: /build/xfndry/IP_2024.2_INTEGRATION_VERIFIED/customer/vivado/data/ip
mkdir -p build
cd build && aiecc.py --alloc-scheme=basic-sequential --aie-generate-xclbin --no-compile-host --xclbin-name=final_4096x512x512_64x64x64_8c.xclbin \
			 \
			--aie-generate-npu-insts --npu-insts-name=insts_4096x512x512_64x64x64_8c.txt ../build/aie_4096x512x512_64x64x64_8c.mlir

Generating: /scratch/luisr/mlir-aie/programming_examples/basic/matrix_multiplication/whole_array/build/aie_4096x512x512_64x64x64_8c.mlir.prj/aie_cdo_elfs.bin
Generating: /scratch/luisr/mlir-aie/programming_examples/basic/matrix_multiplication/whole_array/build/aie_4096x512x512_64x64x64_8c.mlir.prj/aie_cdo_init.bin
Generating: /scratch/luisr/mlir-aie/programming_examples/basic/matrix_multiplication/whole_array/build/aie_4096x512x512_64x64x64_8c.mlir.prj/aie_cdo_enable.bin
export XRT_HACK_UNSECURE_LOADING_XCLBIN=1 && \
 ./whole_array.exe -x build/final_4096x512x512_64x64x64_8c.xclbin -i build/insts_4096x512x512_64x64x64_8c.txt -k MLIR_AIE -M 4096 -K 512 -N 512 --iters 40 --warmup 10 --verify 0 --b_col_maj 0

Avg NPU matmul time: 544.8us.
Avg NPU gflops: 3941.78

Min NPU matmul time: 532us.
Max NPU gflops: 4036.62

Max NPU matmul time: 557us.
Min NPU gflops: 3855.45

PASS!

rm -rf tmpTrace parse*.json trace*json trace.txt
rm -rf build _build whole_array.exe
rm -rf _build
mkdir -p _build
cd _build &&  cmake -E env CXXFLAGS="-std=c++23 -ggdb -DDTYPE_IN=std::bfloat16_t -DDTYPE_OUT=std::bfloat16_t -DDTYPE_ACC=float" \
	cmake `echo /scratch/luisr/mlir-aie/programming_examples/basic/matrix_multiplication/whole_array/..` -D CMAKE_C_COMPILER=gcc-13 -D CMAKE_CXX_COMPILER=g++-13 -DTARGET_NAME=whole_array -Dsubdir=whole_array
-- The C compiler identification is GNU 13.3.0
-- The CXX compiler identification is GNU 13.3.0
-- Detecting C compiler ABI info
-- Detecting C compiler ABI info - done
-- Check for working C compiler: /usr/bin/gcc-13 - skipped
-- Detecting C compile features
-- Detecting C compile features - done
-- Detecting CXX compiler ABI info
-- Detecting CXX compiler ABI info - done
-- Check for working CXX compiler: /usr/bin/g++-13 - skipped
-- Detecting CXX compile features
-- Detecting CXX compile features - done
-- Configuring done (0.2s)
-- Generating done (0.0s)
-- Build files have been written to: /scratch/luisr/mlir-aie/programming_examples/basic/matrix_multiplication/whole_array/_build
cd _build &&  cmake --build . --config Release
gmake[1]: Entering directory '/scratch/luisr/mlir-aie/programming_examples/basic/matrix_multiplication/whole_array/_build'
gmake[2]: Entering directory '/scratch/luisr/mlir-aie/programming_examples/basic/matrix_multiplication/whole_array/_build'
gmake[3]: Entering directory '/scratch/luisr/mlir-aie/programming_examples/basic/matrix_multiplication/whole_array/_build'
gmake[3]: Leaving directory '/scratch/luisr/mlir-aie/programming_examples/basic/matrix_multiplication/whole_array/_build'
gmake[3]: Entering directory '/scratch/luisr/mlir-aie/programming_examples/basic/matrix_multiplication/whole_array/_build'
[ 33%] Building CXX object CMakeFiles/whole_array.dir/scratch/luisr/mlir-aie/runtime_lib/test_lib/test_utils.cpp.o
[ 66%] Building CXX object CMakeFiles/whole_array.dir/whole_array/test.cpp.o
[100%] Linking CXX executable whole_array
gmake[3]: Leaving directory '/scratch/luisr/mlir-aie/programming_examples/basic/matrix_multiplication/whole_array/_build'
[100%] Built target whole_array
gmake[2]: Leaving directory '/scratch/luisr/mlir-aie/programming_examples/basic/matrix_multiplication/whole_array/_build'
gmake[1]: Leaving directory '/scratch/luisr/mlir-aie/programming_examples/basic/matrix_multiplication/whole_array/_build'
cp _build/whole_array whole_array.exe 
mkdir -p build
python3 /scratch/luisr/mlir-aie/programming_examples/basic/matrix_multiplication/whole_array/whole_array.py -m 64 -k 64 -n 64 --n-aie-cols 8 --b-col-maj 0 --dev npu2 -M 4096 -K 512 -N 1024 --dtype_in bf16 --dtype_out bf16 --emulate-bf16-mmul-with-bfp16 true --trace_size 0 > build/aie_4096x512x1024_64x64x64_8c.mlir
mkdir -p build
cd build && xchesscc_wrapper aie2p -I /proj/xbuilds/2024.2_INT_1113_1001/installs/all_platforms/Vitis/2024.2/aietools/include  -Dbf16_bf16_ONLY -DDIM_M=64 -DDIM_K=64 -DDIM_N=64 -DAIE_API_EMULATE_BFLOAT16_MMUL_WITH_BFP16 -c /scratch/luisr/mlir-aie/programming_examples/basic/matrix_multiplication/whole_array/../../../../aie_kernels/aie2p/mm.cc -o mm_64x64x64.o
WARNING: Default location for XILINX_VIVADO_IP_OVERRIDE not found: /build/xfndry/IP_2024.2_INTEGRATION_VERIFIED/customer/vivado/data/ip
mkdir -p build
cd build && aiecc.py --alloc-scheme=basic-sequential --aie-generate-xclbin --no-compile-host --xclbin-name=final_4096x512x1024_64x64x64_8c.xclbin \
			 \
			--aie-generate-npu-insts --npu-insts-name=insts_4096x512x1024_64x64x64_8c.txt ../build/aie_4096x512x1024_64x64x64_8c.mlir

Generating: /scratch/luisr/mlir-aie/programming_examples/basic/matrix_multiplication/whole_array/build/aie_4096x512x1024_64x64x64_8c.mlir.prj/aie_cdo_elfs.bin
Generating: /scratch/luisr/mlir-aie/programming_examples/basic/matrix_multiplication/whole_array/build/aie_4096x512x1024_64x64x64_8c.mlir.prj/aie_cdo_init.bin
Generating: /scratch/luisr/mlir-aie/programming_examples/basic/matrix_multiplication/whole_array/build/aie_4096x512x1024_64x64x64_8c.mlir.prj/aie_cdo_enable.bin
export XRT_HACK_UNSECURE_LOADING_XCLBIN=1 && \
 ./whole_array.exe -x build/final_4096x512x1024_64x64x64_8c.xclbin -i build/insts_4096x512x1024_64x64x64_8c.txt -k MLIR_AIE -M 4096 -K 512 -N 1024 --iters 40 --warmup 10 --verify 0 --b_col_maj 0

Avg NPU matmul time: 1048.5us.
Avg NPU gflops: 4096.3

Min NPU matmul time: 998us.
Max NPU gflops: 4303.57

Max NPU matmul time: 1308us.
Min NPU gflops: 3283.61

PASS!

rm -rf tmpTrace parse*.json trace*json trace.txt
rm -rf build _build whole_array.exe
rm -rf _build
mkdir -p _build
cd _build &&  cmake -E env CXXFLAGS="-std=c++23 -ggdb -DDTYPE_IN=std::bfloat16_t -DDTYPE_OUT=std::bfloat16_t -DDTYPE_ACC=float" \
	cmake `echo /scratch/luisr/mlir-aie/programming_examples/basic/matrix_multiplication/whole_array/..` -D CMAKE_C_COMPILER=gcc-13 -D CMAKE_CXX_COMPILER=g++-13 -DTARGET_NAME=whole_array -Dsubdir=whole_array
-- The C compiler identification is GNU 13.3.0
-- The CXX compiler identification is GNU 13.3.0
-- Detecting C compiler ABI info
-- Detecting C compiler ABI info - done
-- Check for working C compiler: /usr/bin/gcc-13 - skipped
-- Detecting C compile features
-- Detecting C compile features - done
-- Detecting CXX compiler ABI info
-- Detecting CXX compiler ABI info - done
-- Check for working CXX compiler: /usr/bin/g++-13 - skipped
-- Detecting CXX compile features
-- Detecting CXX compile features - done
-- Configuring done (0.3s)
-- Generating done (0.0s)
-- Build files have been written to: /scratch/luisr/mlir-aie/programming_examples/basic/matrix_multiplication/whole_array/_build
cd _build &&  cmake --build . --config Release
gmake[1]: Entering directory '/scratch/luisr/mlir-aie/programming_examples/basic/matrix_multiplication/whole_array/_build'
gmake[2]: Entering directory '/scratch/luisr/mlir-aie/programming_examples/basic/matrix_multiplication/whole_array/_build'
gmake[3]: Entering directory '/scratch/luisr/mlir-aie/programming_examples/basic/matrix_multiplication/whole_array/_build'
gmake[3]: Leaving directory '/scratch/luisr/mlir-aie/programming_examples/basic/matrix_multiplication/whole_array/_build'
gmake[3]: Entering directory '/scratch/luisr/mlir-aie/programming_examples/basic/matrix_multiplication/whole_array/_build'
[ 33%] Building CXX object CMakeFiles/whole_array.dir/scratch/luisr/mlir-aie/runtime_lib/test_lib/test_utils.cpp.o
[ 66%] Building CXX object CMakeFiles/whole_array.dir/whole_array/test.cpp.o
[100%] Linking CXX executable whole_array
gmake[3]: Leaving directory '/scratch/luisr/mlir-aie/programming_examples/basic/matrix_multiplication/whole_array/_build'
[100%] Built target whole_array
gmake[2]: Leaving directory '/scratch/luisr/mlir-aie/programming_examples/basic/matrix_multiplication/whole_array/_build'
gmake[1]: Leaving directory '/scratch/luisr/mlir-aie/programming_examples/basic/matrix_multiplication/whole_array/_build'
cp _build/whole_array whole_array.exe 
mkdir -p build
python3 /scratch/luisr/mlir-aie/programming_examples/basic/matrix_multiplication/whole_array/whole_array.py -m 64 -k 64 -n 64 --n-aie-cols 8 --b-col-maj 0 --dev npu2 -M 4096 -K 512 -N 4096 --dtype_in bf16 --dtype_out bf16 --emulate-bf16-mmul-with-bfp16 true --trace_size 0 > build/aie_4096x512x4096_64x64x64_8c.mlir
mkdir -p build
cd build && xchesscc_wrapper aie2p -I /proj/xbuilds/2024.2_INT_1113_1001/installs/all_platforms/Vitis/2024.2/aietools/include  -Dbf16_bf16_ONLY -DDIM_M=64 -DDIM_K=64 -DDIM_N=64 -DAIE_API_EMULATE_BFLOAT16_MMUL_WITH_BFP16 -c /scratch/luisr/mlir-aie/programming_examples/basic/matrix_multiplication/whole_array/../../../../aie_kernels/aie2p/mm.cc -o mm_64x64x64.o
WARNING: Default location for XILINX_VIVADO_IP_OVERRIDE not found: /build/xfndry/IP_2024.2_INTEGRATION_VERIFIED/customer/vivado/data/ip
mkdir -p build
cd build && aiecc.py --alloc-scheme=basic-sequential --aie-generate-xclbin --no-compile-host --xclbin-name=final_4096x512x4096_64x64x64_8c.xclbin \
			 \
			--aie-generate-npu-insts --npu-insts-name=insts_4096x512x4096_64x64x64_8c.txt ../build/aie_4096x512x4096_64x64x64_8c.mlir

Generating: /scratch/luisr/mlir-aie/programming_examples/basic/matrix_multiplication/whole_array/build/aie_4096x512x4096_64x64x64_8c.mlir.prj/aie_cdo_elfs.bin
Generating: /scratch/luisr/mlir-aie/programming_examples/basic/matrix_multiplication/whole_array/build/aie_4096x512x4096_64x64x64_8c.mlir.prj/aie_cdo_init.bin
Generating: /scratch/luisr/mlir-aie/programming_examples/basic/matrix_multiplication/whole_array/build/aie_4096x512x4096_64x64x64_8c.mlir.prj/aie_cdo_enable.bin
export XRT_HACK_UNSECURE_LOADING_XCLBIN=1 && \
 ./whole_array.exe -x build/final_4096x512x4096_64x64x64_8c.xclbin -i build/insts_4096x512x4096_64x64x64_8c.txt -k MLIR_AIE -M 4096 -K 512 -N 4096 --iters 40 --warmup 10 --verify 0 --b_col_maj 0

Avg NPU matmul time: 4231.5us.
Avg NPU gflops: 4060

Min NPU matmul time: 3808us.
Max NPU gflops: 4511.52

Max NPU matmul time: 5452us.
Min NPU gflops: 3151.11

PASS!

rm -rf tmpTrace parse*.json trace*json trace.txt
rm -rf build _build whole_array.exe
rm -rf _build
mkdir -p _build
cd _build &&  cmake -E env CXXFLAGS="-std=c++23 -ggdb -DDTYPE_IN=std::bfloat16_t -DDTYPE_OUT=std::bfloat16_t -DDTYPE_ACC=float" \
	cmake `echo /scratch/luisr/mlir-aie/programming_examples/basic/matrix_multiplication/whole_array/..` -D CMAKE_C_COMPILER=gcc-13 -D CMAKE_CXX_COMPILER=g++-13 -DTARGET_NAME=whole_array -Dsubdir=whole_array
-- The C compiler identification is GNU 13.3.0
-- The CXX compiler identification is GNU 13.3.0
-- Detecting C compiler ABI info
-- Detecting C compiler ABI info - done
-- Check for working C compiler: /usr/bin/gcc-13 - skipped
-- Detecting C compile features
-- Detecting C compile features - done
-- Detecting CXX compiler ABI info
-- Detecting CXX compiler ABI info - done
-- Check for working CXX compiler: /usr/bin/g++-13 - skipped
-- Detecting CXX compile features
-- Detecting CXX compile features - done
-- Configuring done (0.3s)
-- Generating done (0.0s)
-- Build files have been written to: /scratch/luisr/mlir-aie/programming_examples/basic/matrix_multiplication/whole_array/_build
cd _build &&  cmake --build . --config Release
gmake[1]: Entering directory '/scratch/luisr/mlir-aie/programming_examples/basic/matrix_multiplication/whole_array/_build'
gmake[2]: Entering directory '/scratch/luisr/mlir-aie/programming_examples/basic/matrix_multiplication/whole_array/_build'
gmake[3]: Entering directory '/scratch/luisr/mlir-aie/programming_examples/basic/matrix_multiplication/whole_array/_build'
gmake[3]: Leaving directory '/scratch/luisr/mlir-aie/programming_examples/basic/matrix_multiplication/whole_array/_build'
gmake[3]: Entering directory '/scratch/luisr/mlir-aie/programming_examples/basic/matrix_multiplication/whole_array/_build'
[ 33%] Building CXX object CMakeFiles/whole_array.dir/scratch/luisr/mlir-aie/runtime_lib/test_lib/test_utils.cpp.o
[ 66%] Building CXX object CMakeFiles/whole_array.dir/whole_array/test.cpp.o
[100%] Linking CXX executable whole_array
gmake[3]: Leaving directory '/scratch/luisr/mlir-aie/programming_examples/basic/matrix_multiplication/whole_array/_build'
[100%] Built target whole_array
gmake[2]: Leaving directory '/scratch/luisr/mlir-aie/programming_examples/basic/matrix_multiplication/whole_array/_build'
gmake[1]: Leaving directory '/scratch/luisr/mlir-aie/programming_examples/basic/matrix_multiplication/whole_array/_build'
cp _build/whole_array whole_array.exe 
mkdir -p build
python3 /scratch/luisr/mlir-aie/programming_examples/basic/matrix_multiplication/whole_array/whole_array.py -m 64 -k 64 -n 64 --n-aie-cols 8 --b-col-maj 0 --dev npu2 -M 4096 -K 512 -N 8192 --dtype_in bf16 --dtype_out bf16 --emulate-bf16-mmul-with-bfp16 true --trace_size 0 > build/aie_4096x512x8192_64x64x64_8c.mlir
mkdir -p build
cd build && xchesscc_wrapper aie2p -I /proj/xbuilds/2024.2_INT_1113_1001/installs/all_platforms/Vitis/2024.2/aietools/include  -Dbf16_bf16_ONLY -DDIM_M=64 -DDIM_K=64 -DDIM_N=64 -DAIE_API_EMULATE_BFLOAT16_MMUL_WITH_BFP16 -c /scratch/luisr/mlir-aie/programming_examples/basic/matrix_multiplication/whole_array/../../../../aie_kernels/aie2p/mm.cc -o mm_64x64x64.o
WARNING: Default location for XILINX_VIVADO_IP_OVERRIDE not found: /build/xfndry/IP_2024.2_INTEGRATION_VERIFIED/customer/vivado/data/ip
mkdir -p build
cd build && aiecc.py --alloc-scheme=basic-sequential --aie-generate-xclbin --no-compile-host --xclbin-name=final_4096x512x8192_64x64x64_8c.xclbin \
			 \
			--aie-generate-npu-insts --npu-insts-name=insts_4096x512x8192_64x64x64_8c.txt ../build/aie_4096x512x8192_64x64x64_8c.mlir

Generating: /scratch/luisr/mlir-aie/programming_examples/basic/matrix_multiplication/whole_array/build/aie_4096x512x8192_64x64x64_8c.mlir.prj/aie_cdo_elfs.bin
Generating: /scratch/luisr/mlir-aie/programming_examples/basic/matrix_multiplication/whole_array/build/aie_4096x512x8192_64x64x64_8c.mlir.prj/aie_cdo_init.bin
Generating: /scratch/luisr/mlir-aie/programming_examples/basic/matrix_multiplication/whole_array/build/aie_4096x512x8192_64x64x64_8c.mlir.prj/aie_cdo_enable.bin
export XRT_HACK_UNSECURE_LOADING_XCLBIN=1 && \
 ./whole_array.exe -x build/final_4096x512x8192_64x64x64_8c.xclbin -i build/insts_4096x512x8192_64x64x64_8c.txt -k MLIR_AIE -M 4096 -K 512 -N 8192 --iters 40 --warmup 10 --verify 0 --b_col_maj 0

Avg NPU matmul time: 8445.88us.
Avg NPU gflops: 4068.23

Min NPU matmul time: 7958us.
Max NPU gflops: 4317.63

Max NPU matmul time: 9913us.
Min NPU gflops: 3466.13

PASS!

rm -rf tmpTrace parse*.json trace*json trace.txt
rm -rf build _build whole_array.exe
rm -rf _build
mkdir -p _build
cd _build &&  cmake -E env CXXFLAGS="-std=c++23 -ggdb -DDTYPE_IN=std::bfloat16_t -DDTYPE_OUT=std::bfloat16_t -DDTYPE_ACC=float" \
	cmake `echo /scratch/luisr/mlir-aie/programming_examples/basic/matrix_multiplication/whole_array/..` -D CMAKE_C_COMPILER=gcc-13 -D CMAKE_CXX_COMPILER=g++-13 -DTARGET_NAME=whole_array -Dsubdir=whole_array
-- The C compiler identification is GNU 13.3.0
-- The CXX compiler identification is GNU 13.3.0
-- Detecting C compiler ABI info
-- Detecting C compiler ABI info - done
-- Check for working C compiler: /usr/bin/gcc-13 - skipped
-- Detecting C compile features
-- Detecting C compile features - done
-- Detecting CXX compiler ABI info
-- Detecting CXX compiler ABI info - done
-- Check for working CXX compiler: /usr/bin/g++-13 - skipped
-- Detecting CXX compile features
-- Detecting CXX compile features - done
-- Configuring done (0.3s)
-- Generating done (0.0s)
-- Build files have been written to: /scratch/luisr/mlir-aie/programming_examples/basic/matrix_multiplication/whole_array/_build
cd _build &&  cmake --build . --config Release
gmake[1]: Entering directory '/scratch/luisr/mlir-aie/programming_examples/basic/matrix_multiplication/whole_array/_build'
gmake[2]: Entering directory '/scratch/luisr/mlir-aie/programming_examples/basic/matrix_multiplication/whole_array/_build'
gmake[3]: Entering directory '/scratch/luisr/mlir-aie/programming_examples/basic/matrix_multiplication/whole_array/_build'
gmake[3]: Leaving directory '/scratch/luisr/mlir-aie/programming_examples/basic/matrix_multiplication/whole_array/_build'
gmake[3]: Entering directory '/scratch/luisr/mlir-aie/programming_examples/basic/matrix_multiplication/whole_array/_build'
[ 33%] Building CXX object CMakeFiles/whole_array.dir/scratch/luisr/mlir-aie/runtime_lib/test_lib/test_utils.cpp.o
[ 66%] Building CXX object CMakeFiles/whole_array.dir/whole_array/test.cpp.o
[100%] Linking CXX executable whole_array
gmake[3]: Leaving directory '/scratch/luisr/mlir-aie/programming_examples/basic/matrix_multiplication/whole_array/_build'
[100%] Built target whole_array
gmake[2]: Leaving directory '/scratch/luisr/mlir-aie/programming_examples/basic/matrix_multiplication/whole_array/_build'
gmake[1]: Leaving directory '/scratch/luisr/mlir-aie/programming_examples/basic/matrix_multiplication/whole_array/_build'
cp _build/whole_array whole_array.exe 
mkdir -p build
python3 /scratch/luisr/mlir-aie/programming_examples/basic/matrix_multiplication/whole_array/whole_array.py -m 64 -k 64 -n 64 --n-aie-cols 8 --b-col-maj 0 --dev npu2 -M 4096 -K 1024 -N 512 --dtype_in bf16 --dtype_out bf16 --emulate-bf16-mmul-with-bfp16 true --trace_size 0 > build/aie_4096x1024x512_64x64x64_8c.mlir
mkdir -p build
cd build && xchesscc_wrapper aie2p -I /proj/xbuilds/2024.2_INT_1113_1001/installs/all_platforms/Vitis/2024.2/aietools/include  -Dbf16_bf16_ONLY -DDIM_M=64 -DDIM_K=64 -DDIM_N=64 -DAIE_API_EMULATE_BFLOAT16_MMUL_WITH_BFP16 -c /scratch/luisr/mlir-aie/programming_examples/basic/matrix_multiplication/whole_array/../../../../aie_kernels/aie2p/mm.cc -o mm_64x64x64.o
WARNING: Default location for XILINX_VIVADO_IP_OVERRIDE not found: /build/xfndry/IP_2024.2_INTEGRATION_VERIFIED/customer/vivado/data/ip
mkdir -p build
cd build && aiecc.py --alloc-scheme=basic-sequential --aie-generate-xclbin --no-compile-host --xclbin-name=final_4096x1024x512_64x64x64_8c.xclbin \
			 \
			--aie-generate-npu-insts --npu-insts-name=insts_4096x1024x512_64x64x64_8c.txt ../build/aie_4096x1024x512_64x64x64_8c.mlir

Generating: /scratch/luisr/mlir-aie/programming_examples/basic/matrix_multiplication/whole_array/build/aie_4096x1024x512_64x64x64_8c.mlir.prj/aie_cdo_elfs.bin
Generating: /scratch/luisr/mlir-aie/programming_examples/basic/matrix_multiplication/whole_array/build/aie_4096x1024x512_64x64x64_8c.mlir.prj/aie_cdo_init.bin
Generating: /scratch/luisr/mlir-aie/programming_examples/basic/matrix_multiplication/whole_array/build/aie_4096x1024x512_64x64x64_8c.mlir.prj/aie_cdo_enable.bin
export XRT_HACK_UNSECURE_LOADING_XCLBIN=1 && \
 ./whole_array.exe -x build/final_4096x1024x512_64x64x64_8c.xclbin -i build/insts_4096x1024x512_64x64x64_8c.txt -k MLIR_AIE -M 4096 -K 1024 -N 512 --iters 40 --warmup 10 --verify 0 --b_col_maj 0

Avg NPU matmul time: 1418.15us.
Avg NPU gflops: 3028.57

Min NPU matmul time: 1295us.
Max NPU gflops: 3316.58

Max NPU matmul time: 1656us.
Min NPU gflops: 2593.58

PASS!

rm -rf tmpTrace parse*.json trace*json trace.txt
rm -rf build _build whole_array.exe
rm -rf _build
mkdir -p _build
cd _build &&  cmake -E env CXXFLAGS="-std=c++23 -ggdb -DDTYPE_IN=std::bfloat16_t -DDTYPE_OUT=std::bfloat16_t -DDTYPE_ACC=float" \
	cmake `echo /scratch/luisr/mlir-aie/programming_examples/basic/matrix_multiplication/whole_array/..` -D CMAKE_C_COMPILER=gcc-13 -D CMAKE_CXX_COMPILER=g++-13 -DTARGET_NAME=whole_array -Dsubdir=whole_array
-- The C compiler identification is GNU 13.3.0
-- The CXX compiler identification is GNU 13.3.0
-- Detecting C compiler ABI info
-- Detecting C compiler ABI info - done
-- Check for working C compiler: /usr/bin/gcc-13 - skipped
-- Detecting C compile features
-- Detecting C compile features - done
-- Detecting CXX compiler ABI info
-- Detecting CXX compiler ABI info - done
-- Check for working CXX compiler: /usr/bin/g++-13 - skipped
-- Detecting CXX compile features
-- Detecting CXX compile features - done
-- Configuring done (0.3s)
-- Generating done (0.0s)
-- Build files have been written to: /scratch/luisr/mlir-aie/programming_examples/basic/matrix_multiplication/whole_array/_build
cd _build &&  cmake --build . --config Release
gmake[1]: Entering directory '/scratch/luisr/mlir-aie/programming_examples/basic/matrix_multiplication/whole_array/_build'
gmake[2]: Entering directory '/scratch/luisr/mlir-aie/programming_examples/basic/matrix_multiplication/whole_array/_build'
gmake[3]: Entering directory '/scratch/luisr/mlir-aie/programming_examples/basic/matrix_multiplication/whole_array/_build'
gmake[3]: Leaving directory '/scratch/luisr/mlir-aie/programming_examples/basic/matrix_multiplication/whole_array/_build'
gmake[3]: Entering directory '/scratch/luisr/mlir-aie/programming_examples/basic/matrix_multiplication/whole_array/_build'
[ 33%] Building CXX object CMakeFiles/whole_array.dir/scratch/luisr/mlir-aie/runtime_lib/test_lib/test_utils.cpp.o
[ 66%] Building CXX object CMakeFiles/whole_array.dir/whole_array/test.cpp.o
[100%] Linking CXX executable whole_array
gmake[3]: Leaving directory '/scratch/luisr/mlir-aie/programming_examples/basic/matrix_multiplication/whole_array/_build'
[100%] Built target whole_array
gmake[2]: Leaving directory '/scratch/luisr/mlir-aie/programming_examples/basic/matrix_multiplication/whole_array/_build'
gmake[1]: Leaving directory '/scratch/luisr/mlir-aie/programming_examples/basic/matrix_multiplication/whole_array/_build'
cp _build/whole_array whole_array.exe 
mkdir -p build
python3 /scratch/luisr/mlir-aie/programming_examples/basic/matrix_multiplication/whole_array/whole_array.py -m 64 -k 64 -n 64 --n-aie-cols 8 --b-col-maj 0 --dev npu2 -M 4096 -K 1024 -N 1024 --dtype_in bf16 --dtype_out bf16 --emulate-bf16-mmul-with-bfp16 true --trace_size 0 > build/aie_4096x1024x1024_64x64x64_8c.mlir
mkdir -p build
cd build && xchesscc_wrapper aie2p -I /proj/xbuilds/2024.2_INT_1113_1001/installs/all_platforms/Vitis/2024.2/aietools/include  -Dbf16_bf16_ONLY -DDIM_M=64 -DDIM_K=64 -DDIM_N=64 -DAIE_API_EMULATE_BFLOAT16_MMUL_WITH_BFP16 -c /scratch/luisr/mlir-aie/programming_examples/basic/matrix_multiplication/whole_array/../../../../aie_kernels/aie2p/mm.cc -o mm_64x64x64.o
WARNING: Default location for XILINX_VIVADO_IP_OVERRIDE not found: /build/xfndry/IP_2024.2_INTEGRATION_VERIFIED/customer/vivado/data/ip
mkdir -p build
cd build && aiecc.py --alloc-scheme=basic-sequential --aie-generate-xclbin --no-compile-host --xclbin-name=final_4096x1024x1024_64x64x64_8c.xclbin \
			 \
			--aie-generate-npu-insts --npu-insts-name=insts_4096x1024x1024_64x64x64_8c.txt ../build/aie_4096x1024x1024_64x64x64_8c.mlir

Generating: /scratch/luisr/mlir-aie/programming_examples/basic/matrix_multiplication/whole_array/build/aie_4096x1024x1024_64x64x64_8c.mlir.prj/aie_cdo_elfs.bin
Generating: /scratch/luisr/mlir-aie/programming_examples/basic/matrix_multiplication/whole_array/build/aie_4096x1024x1024_64x64x64_8c.mlir.prj/aie_cdo_init.bin
Generating: /scratch/luisr/mlir-aie/programming_examples/basic/matrix_multiplication/whole_array/build/aie_4096x1024x1024_64x64x64_8c.mlir.prj/aie_cdo_enable.bin
export XRT_HACK_UNSECURE_LOADING_XCLBIN=1 && \
 ./whole_array.exe -x build/final_4096x1024x1024_64x64x64_8c.xclbin -i build/insts_4096x1024x1024_64x64x64_8c.txt -k MLIR_AIE -M 4096 -K 1024 -N 1024 --iters 40 --warmup 10 --verify 0 --b_col_maj 0

Avg NPU matmul time: 2233.7us.
Avg NPU gflops: 3845.61

Min NPU matmul time: 1989us.
Max NPU gflops: 4318.72

Max NPU matmul time: 2561us.
Min NPU gflops: 3354.13

PASS!

rm -rf tmpTrace parse*.json trace*json trace.txt
rm -rf build _build whole_array.exe
rm -rf _build
mkdir -p _build
cd _build &&  cmake -E env CXXFLAGS="-std=c++23 -ggdb -DDTYPE_IN=std::bfloat16_t -DDTYPE_OUT=std::bfloat16_t -DDTYPE_ACC=float" \
	cmake `echo /scratch/luisr/mlir-aie/programming_examples/basic/matrix_multiplication/whole_array/..` -D CMAKE_C_COMPILER=gcc-13 -D CMAKE_CXX_COMPILER=g++-13 -DTARGET_NAME=whole_array -Dsubdir=whole_array
-- The C compiler identification is GNU 13.3.0
-- The CXX compiler identification is GNU 13.3.0
-- Detecting C compiler ABI info
-- Detecting C compiler ABI info - done
-- Check for working C compiler: /usr/bin/gcc-13 - skipped
-- Detecting C compile features
-- Detecting C compile features - done
-- Detecting CXX compiler ABI info
-- Detecting CXX compiler ABI info - done
-- Check for working CXX compiler: /usr/bin/g++-13 - skipped
-- Detecting CXX compile features
-- Detecting CXX compile features - done
-- Configuring done (0.3s)
-- Generating done (0.0s)
-- Build files have been written to: /scratch/luisr/mlir-aie/programming_examples/basic/matrix_multiplication/whole_array/_build
cd _build &&  cmake --build . --config Release
gmake[1]: Entering directory '/scratch/luisr/mlir-aie/programming_examples/basic/matrix_multiplication/whole_array/_build'
gmake[2]: Entering directory '/scratch/luisr/mlir-aie/programming_examples/basic/matrix_multiplication/whole_array/_build'
gmake[3]: Entering directory '/scratch/luisr/mlir-aie/programming_examples/basic/matrix_multiplication/whole_array/_build'
gmake[3]: Leaving directory '/scratch/luisr/mlir-aie/programming_examples/basic/matrix_multiplication/whole_array/_build'
gmake[3]: Entering directory '/scratch/luisr/mlir-aie/programming_examples/basic/matrix_multiplication/whole_array/_build'
[ 33%] Building CXX object CMakeFiles/whole_array.dir/scratch/luisr/mlir-aie/runtime_lib/test_lib/test_utils.cpp.o
[ 66%] Building CXX object CMakeFiles/whole_array.dir/whole_array/test.cpp.o
[100%] Linking CXX executable whole_array
gmake[3]: Leaving directory '/scratch/luisr/mlir-aie/programming_examples/basic/matrix_multiplication/whole_array/_build'
[100%] Built target whole_array
gmake[2]: Leaving directory '/scratch/luisr/mlir-aie/programming_examples/basic/matrix_multiplication/whole_array/_build'
gmake[1]: Leaving directory '/scratch/luisr/mlir-aie/programming_examples/basic/matrix_multiplication/whole_array/_build'
cp _build/whole_array whole_array.exe 
mkdir -p build
python3 /scratch/luisr/mlir-aie/programming_examples/basic/matrix_multiplication/whole_array/whole_array.py -m 64 -k 64 -n 64 --n-aie-cols 8 --b-col-maj 0 --dev npu2 -M 4096 -K 1024 -N 4096 --dtype_in bf16 --dtype_out bf16 --emulate-bf16-mmul-with-bfp16 true --trace_size 0 > build/aie_4096x1024x4096_64x64x64_8c.mlir
mkdir -p build
cd build && xchesscc_wrapper aie2p -I /proj/xbuilds/2024.2_INT_1113_1001/installs/all_platforms/Vitis/2024.2/aietools/include  -Dbf16_bf16_ONLY -DDIM_M=64 -DDIM_K=64 -DDIM_N=64 -DAIE_API_EMULATE_BFLOAT16_MMUL_WITH_BFP16 -c /scratch/luisr/mlir-aie/programming_examples/basic/matrix_multiplication/whole_array/../../../../aie_kernels/aie2p/mm.cc -o mm_64x64x64.o
WARNING: Default location for XILINX_VIVADO_IP_OVERRIDE not found: /build/xfndry/IP_2024.2_INTEGRATION_VERIFIED/customer/vivado/data/ip
mkdir -p build
cd build && aiecc.py --alloc-scheme=basic-sequential --aie-generate-xclbin --no-compile-host --xclbin-name=final_4096x1024x4096_64x64x64_8c.xclbin \
			 \
			--aie-generate-npu-insts --npu-insts-name=insts_4096x1024x4096_64x64x64_8c.txt ../build/aie_4096x1024x4096_64x64x64_8c.mlir

Generating: /scratch/luisr/mlir-aie/programming_examples/basic/matrix_multiplication/whole_array/build/aie_4096x1024x4096_64x64x64_8c.mlir.prj/aie_cdo_elfs.bin
Generating: /scratch/luisr/mlir-aie/programming_examples/basic/matrix_multiplication/whole_array/build/aie_4096x1024x4096_64x64x64_8c.mlir.prj/aie_cdo_init.bin
Generating: /scratch/luisr/mlir-aie/programming_examples/basic/matrix_multiplication/whole_array/build/aie_4096x1024x4096_64x64x64_8c.mlir.prj/aie_cdo_enable.bin
export XRT_HACK_UNSECURE_LOADING_XCLBIN=1 && \
 ./whole_array.exe -x build/final_4096x1024x4096_64x64x64_8c.xclbin -i build/insts_4096x1024x4096_64x64x64_8c.txt -k MLIR_AIE -M 4096 -K 1024 -N 4096 --iters 40 --warmup 10 --verify 0 --b_col_maj 0

Avg NPU matmul time: 7539.4us.
Avg NPU gflops: 4557.36

Min NPU matmul time: 7381us.
Max NPU gflops: 4655.16

Max NPU matmul time: 8139us.
Min NPU gflops: 4221.62

PASS!

rm -rf tmpTrace parse*.json trace*json trace.txt
rm -rf build _build whole_array.exe
rm -rf _build
mkdir -p _build
cd _build &&  cmake -E env CXXFLAGS="-std=c++23 -ggdb -DDTYPE_IN=std::bfloat16_t -DDTYPE_OUT=std::bfloat16_t -DDTYPE_ACC=float" \
	cmake `echo /scratch/luisr/mlir-aie/programming_examples/basic/matrix_multiplication/whole_array/..` -D CMAKE_C_COMPILER=gcc-13 -D CMAKE_CXX_COMPILER=g++-13 -DTARGET_NAME=whole_array -Dsubdir=whole_array
-- The C compiler identification is GNU 13.3.0
-- The CXX compiler identification is GNU 13.3.0
-- Detecting C compiler ABI info
-- Detecting C compiler ABI info - done
-- Check for working C compiler: /usr/bin/gcc-13 - skipped
-- Detecting C compile features
-- Detecting C compile features - done
-- Detecting CXX compiler ABI info
-- Detecting CXX compiler ABI info - done
-- Check for working CXX compiler: /usr/bin/g++-13 - skipped
-- Detecting CXX compile features
-- Detecting CXX compile features - done
-- Configuring done (0.3s)
-- Generating done (0.0s)
-- Build files have been written to: /scratch/luisr/mlir-aie/programming_examples/basic/matrix_multiplication/whole_array/_build
cd _build &&  cmake --build . --config Release
gmake[1]: Entering directory '/scratch/luisr/mlir-aie/programming_examples/basic/matrix_multiplication/whole_array/_build'
gmake[2]: Entering directory '/scratch/luisr/mlir-aie/programming_examples/basic/matrix_multiplication/whole_array/_build'
gmake[3]: Entering directory '/scratch/luisr/mlir-aie/programming_examples/basic/matrix_multiplication/whole_array/_build'
gmake[3]: Leaving directory '/scratch/luisr/mlir-aie/programming_examples/basic/matrix_multiplication/whole_array/_build'
gmake[3]: Entering directory '/scratch/luisr/mlir-aie/programming_examples/basic/matrix_multiplication/whole_array/_build'
[ 33%] Building CXX object CMakeFiles/whole_array.dir/scratch/luisr/mlir-aie/runtime_lib/test_lib/test_utils.cpp.o
[ 66%] Building CXX object CMakeFiles/whole_array.dir/whole_array/test.cpp.o
[100%] Linking CXX executable whole_array
gmake[3]: Leaving directory '/scratch/luisr/mlir-aie/programming_examples/basic/matrix_multiplication/whole_array/_build'
[100%] Built target whole_array
gmake[2]: Leaving directory '/scratch/luisr/mlir-aie/programming_examples/basic/matrix_multiplication/whole_array/_build'
gmake[1]: Leaving directory '/scratch/luisr/mlir-aie/programming_examples/basic/matrix_multiplication/whole_array/_build'
cp _build/whole_array whole_array.exe 
mkdir -p build
python3 /scratch/luisr/mlir-aie/programming_examples/basic/matrix_multiplication/whole_array/whole_array.py -m 64 -k 64 -n 64 --n-aie-cols 8 --b-col-maj 0 --dev npu2 -M 4096 -K 1024 -N 8192 --dtype_in bf16 --dtype_out bf16 --emulate-bf16-mmul-with-bfp16 true --trace_size 0 > build/aie_4096x1024x8192_64x64x64_8c.mlir
mkdir -p build
cd build && xchesscc_wrapper aie2p -I /proj/xbuilds/2024.2_INT_1113_1001/installs/all_platforms/Vitis/2024.2/aietools/include  -Dbf16_bf16_ONLY -DDIM_M=64 -DDIM_K=64 -DDIM_N=64 -DAIE_API_EMULATE_BFLOAT16_MMUL_WITH_BFP16 -c /scratch/luisr/mlir-aie/programming_examples/basic/matrix_multiplication/whole_array/../../../../aie_kernels/aie2p/mm.cc -o mm_64x64x64.o
WARNING: Default location for XILINX_VIVADO_IP_OVERRIDE not found: /build/xfndry/IP_2024.2_INTEGRATION_VERIFIED/customer/vivado/data/ip
mkdir -p build
cd build && aiecc.py --alloc-scheme=basic-sequential --aie-generate-xclbin --no-compile-host --xclbin-name=final_4096x1024x8192_64x64x64_8c.xclbin \
			 \
			--aie-generate-npu-insts --npu-insts-name=insts_4096x1024x8192_64x64x64_8c.txt ../build/aie_4096x1024x8192_64x64x64_8c.mlir

Generating: /scratch/luisr/mlir-aie/programming_examples/basic/matrix_multiplication/whole_array/build/aie_4096x1024x8192_64x64x64_8c.mlir.prj/aie_cdo_elfs.bin
Generating: /scratch/luisr/mlir-aie/programming_examples/basic/matrix_multiplication/whole_array/build/aie_4096x1024x8192_64x64x64_8c.mlir.prj/aie_cdo_init.bin
Generating: /scratch/luisr/mlir-aie/programming_examples/basic/matrix_multiplication/whole_array/build/aie_4096x1024x8192_64x64x64_8c.mlir.prj/aie_cdo_enable.bin
export XRT_HACK_UNSECURE_LOADING_XCLBIN=1 && \
 ./whole_array.exe -x build/final_4096x1024x8192_64x64x64_8c.xclbin -i build/insts_4096x1024x8192_64x64x64_8c.txt -k MLIR_AIE -M 4096 -K 1024 -N 8192 --iters 40 --warmup 10 --verify 0 --b_col_maj 0

Avg NPU matmul time: 16829.5us.
Avg NPU gflops: 4083.27

Min NPU matmul time: 15930us.
Max NPU gflops: 4313.84

Max NPU matmul time: 17436us.
Min NPU gflops: 3941.24

PASS!

rm -rf tmpTrace parse*.json trace*json trace.txt
rm -rf build _build whole_array.exe
rm -rf _build
mkdir -p _build
cd _build &&  cmake -E env CXXFLAGS="-std=c++23 -ggdb -DDTYPE_IN=std::bfloat16_t -DDTYPE_OUT=std::bfloat16_t -DDTYPE_ACC=float" \
	cmake `echo /scratch/luisr/mlir-aie/programming_examples/basic/matrix_multiplication/whole_array/..` -D CMAKE_C_COMPILER=gcc-13 -D CMAKE_CXX_COMPILER=g++-13 -DTARGET_NAME=whole_array -Dsubdir=whole_array
-- The C compiler identification is GNU 13.3.0
-- The CXX compiler identification is GNU 13.3.0
-- Detecting C compiler ABI info
-- Detecting C compiler ABI info - done
-- Check for working C compiler: /usr/bin/gcc-13 - skipped
-- Detecting C compile features
-- Detecting C compile features - done
-- Detecting CXX compiler ABI info
-- Detecting CXX compiler ABI info - done
-- Check for working CXX compiler: /usr/bin/g++-13 - skipped
-- Detecting CXX compile features
-- Detecting CXX compile features - done
-- Configuring done (0.3s)
-- Generating done (0.0s)
-- Build files have been written to: /scratch/luisr/mlir-aie/programming_examples/basic/matrix_multiplication/whole_array/_build
cd _build &&  cmake --build . --config Release
gmake[1]: Entering directory '/scratch/luisr/mlir-aie/programming_examples/basic/matrix_multiplication/whole_array/_build'
gmake[2]: Entering directory '/scratch/luisr/mlir-aie/programming_examples/basic/matrix_multiplication/whole_array/_build'
gmake[3]: Entering directory '/scratch/luisr/mlir-aie/programming_examples/basic/matrix_multiplication/whole_array/_build'
gmake[3]: Leaving directory '/scratch/luisr/mlir-aie/programming_examples/basic/matrix_multiplication/whole_array/_build'
gmake[3]: Entering directory '/scratch/luisr/mlir-aie/programming_examples/basic/matrix_multiplication/whole_array/_build'
[ 33%] Building CXX object CMakeFiles/whole_array.dir/scratch/luisr/mlir-aie/runtime_lib/test_lib/test_utils.cpp.o
[ 66%] Building CXX object CMakeFiles/whole_array.dir/whole_array/test.cpp.o
[100%] Linking CXX executable whole_array
gmake[3]: Leaving directory '/scratch/luisr/mlir-aie/programming_examples/basic/matrix_multiplication/whole_array/_build'
[100%] Built target whole_array
gmake[2]: Leaving directory '/scratch/luisr/mlir-aie/programming_examples/basic/matrix_multiplication/whole_array/_build'
gmake[1]: Leaving directory '/scratch/luisr/mlir-aie/programming_examples/basic/matrix_multiplication/whole_array/_build'
cp _build/whole_array whole_array.exe 
mkdir -p build
python3 /scratch/luisr/mlir-aie/programming_examples/basic/matrix_multiplication/whole_array/whole_array.py -m 64 -k 64 -n 64 --n-aie-cols 8 --b-col-maj 0 --dev npu2 -M 4096 -K 4096 -N 512 --dtype_in bf16 --dtype_out bf16 --emulate-bf16-mmul-with-bfp16 true --trace_size 0 > build/aie_4096x4096x512_64x64x64_8c.mlir
mkdir -p build
cd build && xchesscc_wrapper aie2p -I /proj/xbuilds/2024.2_INT_1113_1001/installs/all_platforms/Vitis/2024.2/aietools/include  -Dbf16_bf16_ONLY -DDIM_M=64 -DDIM_K=64 -DDIM_N=64 -DAIE_API_EMULATE_BFLOAT16_MMUL_WITH_BFP16 -c /scratch/luisr/mlir-aie/programming_examples/basic/matrix_multiplication/whole_array/../../../../aie_kernels/aie2p/mm.cc -o mm_64x64x64.o
WARNING: Default location for XILINX_VIVADO_IP_OVERRIDE not found: /build/xfndry/IP_2024.2_INTEGRATION_VERIFIED/customer/vivado/data/ip
mkdir -p build
cd build && aiecc.py --alloc-scheme=basic-sequential --aie-generate-xclbin --no-compile-host --xclbin-name=final_4096x4096x512_64x64x64_8c.xclbin \
			 \
			--aie-generate-npu-insts --npu-insts-name=insts_4096x4096x512_64x64x64_8c.txt ../build/aie_4096x4096x512_64x64x64_8c.mlir

Generating: /scratch/luisr/mlir-aie/programming_examples/basic/matrix_multiplication/whole_array/build/aie_4096x4096x512_64x64x64_8c.mlir.prj/aie_cdo_elfs.bin
Generating: /scratch/luisr/mlir-aie/programming_examples/basic/matrix_multiplication/whole_array/build/aie_4096x4096x512_64x64x64_8c.mlir.prj/aie_cdo_init.bin
Generating: /scratch/luisr/mlir-aie/programming_examples/basic/matrix_multiplication/whole_array/build/aie_4096x4096x512_64x64x64_8c.mlir.prj/aie_cdo_enable.bin
export XRT_HACK_UNSECURE_LOADING_XCLBIN=1 && \
 ./whole_array.exe -x build/final_4096x4096x512_64x64x64_8c.xclbin -i build/insts_4096x4096x512_64x64x64_8c.txt -k MLIR_AIE -M 4096 -K 4096 -N 512 --iters 40 --warmup 10 --verify 0 --b_col_maj 0

Avg NPU matmul time: 3949.4us.
Avg NPU gflops: 4349.99

Min NPU matmul time: 3684us.
Max NPU gflops: 4663.37

Max NPU matmul time: 4225us.
Min NPU gflops: 4066.24

PASS!

rm -rf tmpTrace parse*.json trace*json trace.txt
rm -rf build _build whole_array.exe
rm -rf _build
mkdir -p _build
cd _build &&  cmake -E env CXXFLAGS="-std=c++23 -ggdb -DDTYPE_IN=std::bfloat16_t -DDTYPE_OUT=std::bfloat16_t -DDTYPE_ACC=float" \
	cmake `echo /scratch/luisr/mlir-aie/programming_examples/basic/matrix_multiplication/whole_array/..` -D CMAKE_C_COMPILER=gcc-13 -D CMAKE_CXX_COMPILER=g++-13 -DTARGET_NAME=whole_array -Dsubdir=whole_array
-- The C compiler identification is GNU 13.3.0
-- The CXX compiler identification is GNU 13.3.0
-- Detecting C compiler ABI info
-- Detecting C compiler ABI info - done
-- Check for working C compiler: /usr/bin/gcc-13 - skipped
-- Detecting C compile features
-- Detecting C compile features - done
-- Detecting CXX compiler ABI info
-- Detecting CXX compiler ABI info - done
-- Check for working CXX compiler: /usr/bin/g++-13 - skipped
-- Detecting CXX compile features
-- Detecting CXX compile features - done
-- Configuring done (0.3s)
-- Generating done (0.0s)
-- Build files have been written to: /scratch/luisr/mlir-aie/programming_examples/basic/matrix_multiplication/whole_array/_build
cd _build &&  cmake --build . --config Release
gmake[1]: Entering directory '/scratch/luisr/mlir-aie/programming_examples/basic/matrix_multiplication/whole_array/_build'
gmake[2]: Entering directory '/scratch/luisr/mlir-aie/programming_examples/basic/matrix_multiplication/whole_array/_build'
gmake[3]: Entering directory '/scratch/luisr/mlir-aie/programming_examples/basic/matrix_multiplication/whole_array/_build'
gmake[3]: Leaving directory '/scratch/luisr/mlir-aie/programming_examples/basic/matrix_multiplication/whole_array/_build'
gmake[3]: Entering directory '/scratch/luisr/mlir-aie/programming_examples/basic/matrix_multiplication/whole_array/_build'
[ 33%] Building CXX object CMakeFiles/whole_array.dir/scratch/luisr/mlir-aie/runtime_lib/test_lib/test_utils.cpp.o
[ 66%] Building CXX object CMakeFiles/whole_array.dir/whole_array/test.cpp.o
[100%] Linking CXX executable whole_array
gmake[3]: Leaving directory '/scratch/luisr/mlir-aie/programming_examples/basic/matrix_multiplication/whole_array/_build'
[100%] Built target whole_array
gmake[2]: Leaving directory '/scratch/luisr/mlir-aie/programming_examples/basic/matrix_multiplication/whole_array/_build'
gmake[1]: Leaving directory '/scratch/luisr/mlir-aie/programming_examples/basic/matrix_multiplication/whole_array/_build'
cp _build/whole_array whole_array.exe 
mkdir -p build
python3 /scratch/luisr/mlir-aie/programming_examples/basic/matrix_multiplication/whole_array/whole_array.py -m 64 -k 64 -n 64 --n-aie-cols 8 --b-col-maj 0 --dev npu2 -M 4096 -K 4096 -N 1024 --dtype_in bf16 --dtype_out bf16 --emulate-bf16-mmul-with-bfp16 true --trace_size 0 > build/aie_4096x4096x1024_64x64x64_8c.mlir
mkdir -p build
cd build && xchesscc_wrapper aie2p -I /proj/xbuilds/2024.2_INT_1113_1001/installs/all_platforms/Vitis/2024.2/aietools/include  -Dbf16_bf16_ONLY -DDIM_M=64 -DDIM_K=64 -DDIM_N=64 -DAIE_API_EMULATE_BFLOAT16_MMUL_WITH_BFP16 -c /scratch/luisr/mlir-aie/programming_examples/basic/matrix_multiplication/whole_array/../../../../aie_kernels/aie2p/mm.cc -o mm_64x64x64.o
WARNING: Default location for XILINX_VIVADO_IP_OVERRIDE not found: /build/xfndry/IP_2024.2_INTEGRATION_VERIFIED/customer/vivado/data/ip
mkdir -p build
cd build && aiecc.py --alloc-scheme=basic-sequential --aie-generate-xclbin --no-compile-host --xclbin-name=final_4096x4096x1024_64x64x64_8c.xclbin \
			 \
			--aie-generate-npu-insts --npu-insts-name=insts_4096x4096x1024_64x64x64_8c.txt ../build/aie_4096x4096x1024_64x64x64_8c.mlir

Generating: /scratch/luisr/mlir-aie/programming_examples/basic/matrix_multiplication/whole_array/build/aie_4096x4096x1024_64x64x64_8c.mlir.prj/aie_cdo_elfs.bin
Generating: /scratch/luisr/mlir-aie/programming_examples/basic/matrix_multiplication/whole_array/build/aie_4096x4096x1024_64x64x64_8c.mlir.prj/aie_cdo_init.bin
Generating: /scratch/luisr/mlir-aie/programming_examples/basic/matrix_multiplication/whole_array/build/aie_4096x4096x1024_64x64x64_8c.mlir.prj/aie_cdo_enable.bin
export XRT_HACK_UNSECURE_LOADING_XCLBIN=1 && \
 ./whole_array.exe -x build/final_4096x4096x1024_64x64x64_8c.xclbin -i build/insts_4096x4096x1024_64x64x64_8c.txt -k MLIR_AIE -M 4096 -K 4096 -N 1024 --iters 40 --warmup 10 --verify 0 --b_col_maj 0

Avg NPU matmul time: 7576.3us.
Avg NPU gflops: 4535.16

Min NPU matmul time: 7268us.
Max NPU gflops: 4727.54

Max NPU matmul time: 7834us.
Min NPU gflops: 4385.98

PASS!

rm -rf tmpTrace parse*.json trace*json trace.txt
rm -rf build _build whole_array.exe
rm -rf _build
mkdir -p _build
cd _build &&  cmake -E env CXXFLAGS="-std=c++23 -ggdb -DDTYPE_IN=std::bfloat16_t -DDTYPE_OUT=std::bfloat16_t -DDTYPE_ACC=float" \
	cmake `echo /scratch/luisr/mlir-aie/programming_examples/basic/matrix_multiplication/whole_array/..` -D CMAKE_C_COMPILER=gcc-13 -D CMAKE_CXX_COMPILER=g++-13 -DTARGET_NAME=whole_array -Dsubdir=whole_array
-- The C compiler identification is GNU 13.3.0
-- The CXX compiler identification is GNU 13.3.0
-- Detecting C compiler ABI info
-- Detecting C compiler ABI info - done
-- Check for working C compiler: /usr/bin/gcc-13 - skipped
-- Detecting C compile features
-- Detecting C compile features - done
-- Detecting CXX compiler ABI info
-- Detecting CXX compiler ABI info - done
-- Check for working CXX compiler: /usr/bin/g++-13 - skipped
-- Detecting CXX compile features
-- Detecting CXX compile features - done
-- Configuring done (0.3s)
-- Generating done (0.0s)
-- Build files have been written to: /scratch/luisr/mlir-aie/programming_examples/basic/matrix_multiplication/whole_array/_build
cd _build &&  cmake --build . --config Release
gmake[1]: Entering directory '/scratch/luisr/mlir-aie/programming_examples/basic/matrix_multiplication/whole_array/_build'
gmake[2]: Entering directory '/scratch/luisr/mlir-aie/programming_examples/basic/matrix_multiplication/whole_array/_build'
gmake[3]: Entering directory '/scratch/luisr/mlir-aie/programming_examples/basic/matrix_multiplication/whole_array/_build'
gmake[3]: Leaving directory '/scratch/luisr/mlir-aie/programming_examples/basic/matrix_multiplication/whole_array/_build'
gmake[3]: Entering directory '/scratch/luisr/mlir-aie/programming_examples/basic/matrix_multiplication/whole_array/_build'
[ 33%] Building CXX object CMakeFiles/whole_array.dir/scratch/luisr/mlir-aie/runtime_lib/test_lib/test_utils.cpp.o
[ 66%] Building CXX object CMakeFiles/whole_array.dir/whole_array/test.cpp.o
[100%] Linking CXX executable whole_array
gmake[3]: Leaving directory '/scratch/luisr/mlir-aie/programming_examples/basic/matrix_multiplication/whole_array/_build'
[100%] Built target whole_array
gmake[2]: Leaving directory '/scratch/luisr/mlir-aie/programming_examples/basic/matrix_multiplication/whole_array/_build'
gmake[1]: Leaving directory '/scratch/luisr/mlir-aie/programming_examples/basic/matrix_multiplication/whole_array/_build'
cp _build/whole_array whole_array.exe 
mkdir -p build
python3 /scratch/luisr/mlir-aie/programming_examples/basic/matrix_multiplication/whole_array/whole_array.py -m 64 -k 64 -n 64 --n-aie-cols 8 --b-col-maj 0 --dev npu2 -M 4096 -K 4096 -N 4096 --dtype_in bf16 --dtype_out bf16 --emulate-bf16-mmul-with-bfp16 true --trace_size 0 > build/aie_4096x4096x4096_64x64x64_8c.mlir
mkdir -p build
cd build && xchesscc_wrapper aie2p -I /proj/xbuilds/2024.2_INT_1113_1001/installs/all_platforms/Vitis/2024.2/aietools/include  -Dbf16_bf16_ONLY -DDIM_M=64 -DDIM_K=64 -DDIM_N=64 -DAIE_API_EMULATE_BFLOAT16_MMUL_WITH_BFP16 -c /scratch/luisr/mlir-aie/programming_examples/basic/matrix_multiplication/whole_array/../../../../aie_kernels/aie2p/mm.cc -o mm_64x64x64.o
WARNING: Default location for XILINX_VIVADO_IP_OVERRIDE not found: /build/xfndry/IP_2024.2_INTEGRATION_VERIFIED/customer/vivado/data/ip
mkdir -p build
cd build && aiecc.py --alloc-scheme=basic-sequential --aie-generate-xclbin --no-compile-host --xclbin-name=final_4096x4096x4096_64x64x64_8c.xclbin \
			 \
			--aie-generate-npu-insts --npu-insts-name=insts_4096x4096x4096_64x64x64_8c.txt ../build/aie_4096x4096x4096_64x64x64_8c.mlir

Generating: /scratch/luisr/mlir-aie/programming_examples/basic/matrix_multiplication/whole_array/build/aie_4096x4096x4096_64x64x64_8c.mlir.prj/aie_cdo_elfs.bin
Generating: /scratch/luisr/mlir-aie/programming_examples/basic/matrix_multiplication/whole_array/build/aie_4096x4096x4096_64x64x64_8c.mlir.prj/aie_cdo_init.bin
Generating: /scratch/luisr/mlir-aie/programming_examples/basic/matrix_multiplication/whole_array/build/aie_4096x4096x4096_64x64x64_8c.mlir.prj/aie_cdo_enable.bin
export XRT_HACK_UNSECURE_LOADING_XCLBIN=1 && \
 ./whole_array.exe -x build/final_4096x4096x4096_64x64x64_8c.xclbin -i build/insts_4096x4096x4096_64x64x64_8c.txt -k MLIR_AIE -M 4096 -K 4096 -N 4096 --iters 40 --warmup 10 --verify 0 --b_col_maj 0

Avg NPU matmul time: 30502.1us.
Avg NPU gflops: 4505.89

Min NPU matmul time: 29563us.
Max NPU gflops: 4649.02

Max NPU matmul time: 31523us.
Min NPU gflops: 4359.96

PASS!

rm -rf tmpTrace parse*.json trace*json trace.txt
rm -rf build _build whole_array.exe
rm -rf _build
mkdir -p _build
cd _build &&  cmake -E env CXXFLAGS="-std=c++23 -ggdb -DDTYPE_IN=std::bfloat16_t -DDTYPE_OUT=std::bfloat16_t -DDTYPE_ACC=float" \
	cmake `echo /scratch/luisr/mlir-aie/programming_examples/basic/matrix_multiplication/whole_array/..` -D CMAKE_C_COMPILER=gcc-13 -D CMAKE_CXX_COMPILER=g++-13 -DTARGET_NAME=whole_array -Dsubdir=whole_array
-- The C compiler identification is GNU 13.3.0
-- The CXX compiler identification is GNU 13.3.0
-- Detecting C compiler ABI info
-- Detecting C compiler ABI info - done
-- Check for working C compiler: /usr/bin/gcc-13 - skipped
-- Detecting C compile features
-- Detecting C compile features - done
-- Detecting CXX compiler ABI info
-- Detecting CXX compiler ABI info - done
-- Check for working CXX compiler: /usr/bin/g++-13 - skipped
-- Detecting CXX compile features
-- Detecting CXX compile features - done
-- Configuring done (0.3s)
-- Generating done (0.0s)
-- Build files have been written to: /scratch/luisr/mlir-aie/programming_examples/basic/matrix_multiplication/whole_array/_build
cd _build &&  cmake --build . --config Release
gmake[1]: Entering directory '/scratch/luisr/mlir-aie/programming_examples/basic/matrix_multiplication/whole_array/_build'
gmake[2]: Entering directory '/scratch/luisr/mlir-aie/programming_examples/basic/matrix_multiplication/whole_array/_build'
gmake[3]: Entering directory '/scratch/luisr/mlir-aie/programming_examples/basic/matrix_multiplication/whole_array/_build'
gmake[3]: Leaving directory '/scratch/luisr/mlir-aie/programming_examples/basic/matrix_multiplication/whole_array/_build'
gmake[3]: Entering directory '/scratch/luisr/mlir-aie/programming_examples/basic/matrix_multiplication/whole_array/_build'
[ 33%] Building CXX object CMakeFiles/whole_array.dir/scratch/luisr/mlir-aie/runtime_lib/test_lib/test_utils.cpp.o
[ 66%] Building CXX object CMakeFiles/whole_array.dir/whole_array/test.cpp.o
[100%] Linking CXX executable whole_array
gmake[3]: Leaving directory '/scratch/luisr/mlir-aie/programming_examples/basic/matrix_multiplication/whole_array/_build'
[100%] Built target whole_array
gmake[2]: Leaving directory '/scratch/luisr/mlir-aie/programming_examples/basic/matrix_multiplication/whole_array/_build'
gmake[1]: Leaving directory '/scratch/luisr/mlir-aie/programming_examples/basic/matrix_multiplication/whole_array/_build'
cp _build/whole_array whole_array.exe 
mkdir -p build
python3 /scratch/luisr/mlir-aie/programming_examples/basic/matrix_multiplication/whole_array/whole_array.py -m 64 -k 64 -n 64 --n-aie-cols 8 --b-col-maj 0 --dev npu2 -M 4096 -K 4096 -N 8192 --dtype_in bf16 --dtype_out bf16 --emulate-bf16-mmul-with-bfp16 true --trace_size 0 > build/aie_4096x4096x8192_64x64x64_8c.mlir
mkdir -p build
cd build && xchesscc_wrapper aie2p -I /proj/xbuilds/2024.2_INT_1113_1001/installs/all_platforms/Vitis/2024.2/aietools/include  -Dbf16_bf16_ONLY -DDIM_M=64 -DDIM_K=64 -DDIM_N=64 -DAIE_API_EMULATE_BFLOAT16_MMUL_WITH_BFP16 -c /scratch/luisr/mlir-aie/programming_examples/basic/matrix_multiplication/whole_array/../../../../aie_kernels/aie2p/mm.cc -o mm_64x64x64.o
WARNING: Default location for XILINX_VIVADO_IP_OVERRIDE not found: /build/xfndry/IP_2024.2_INTEGRATION_VERIFIED/customer/vivado/data/ip
mkdir -p build
cd build && aiecc.py --alloc-scheme=basic-sequential --aie-generate-xclbin --no-compile-host --xclbin-name=final_4096x4096x8192_64x64x64_8c.xclbin \
			 \
			--aie-generate-npu-insts --npu-insts-name=insts_4096x4096x8192_64x64x64_8c.txt ../build/aie_4096x4096x8192_64x64x64_8c.mlir

Generating: /scratch/luisr/mlir-aie/programming_examples/basic/matrix_multiplication/whole_array/build/aie_4096x4096x8192_64x64x64_8c.mlir.prj/aie_cdo_elfs.bin
Generating: /scratch/luisr/mlir-aie/programming_examples/basic/matrix_multiplication/whole_array/build/aie_4096x4096x8192_64x64x64_8c.mlir.prj/aie_cdo_init.bin
Generating: /scratch/luisr/mlir-aie/programming_examples/basic/matrix_multiplication/whole_array/build/aie_4096x4096x8192_64x64x64_8c.mlir.prj/aie_cdo_enable.bin
export XRT_HACK_UNSECURE_LOADING_XCLBIN=1 && \
 ./whole_array.exe -x build/final_4096x4096x8192_64x64x64_8c.xclbin -i build/insts_4096x4096x8192_64x64x64_8c.txt -k MLIR_AIE -M 4096 -K 4096 -N 8192 --iters 40 --warmup 10 --verify 0 --b_col_maj 0

Avg NPU matmul time: 70467.3us.
Avg NPU gflops: 3900.79

Min NPU matmul time: 63126us.
Max NPU gflops: 4354.43

Max NPU matmul time: 80364us.
Min NPU gflops: 3420.41

PASS!

rm -rf tmpTrace parse*.json trace*json trace.txt
rm -rf build _build whole_array.exe
rm -rf _build
mkdir -p _build
cd _build &&  cmake -E env CXXFLAGS="-std=c++23 -ggdb -DDTYPE_IN=std::bfloat16_t -DDTYPE_OUT=std::bfloat16_t -DDTYPE_ACC=float" \
	cmake `echo /scratch/luisr/mlir-aie/programming_examples/basic/matrix_multiplication/whole_array/..` -D CMAKE_C_COMPILER=gcc-13 -D CMAKE_CXX_COMPILER=g++-13 -DTARGET_NAME=whole_array -Dsubdir=whole_array
-- The C compiler identification is GNU 13.3.0
-- The CXX compiler identification is GNU 13.3.0
-- Detecting C compiler ABI info
-- Detecting C compiler ABI info - done
-- Check for working C compiler: /usr/bin/gcc-13 - skipped
-- Detecting C compile features
-- Detecting C compile features - done
-- Detecting CXX compiler ABI info
-- Detecting CXX compiler ABI info - done
-- Check for working CXX compiler: /usr/bin/g++-13 - skipped
-- Detecting CXX compile features
-- Detecting CXX compile features - done
-- Configuring done (0.3s)
-- Generating done (0.0s)
-- Build files have been written to: /scratch/luisr/mlir-aie/programming_examples/basic/matrix_multiplication/whole_array/_build
cd _build &&  cmake --build . --config Release
gmake[1]: Entering directory '/scratch/luisr/mlir-aie/programming_examples/basic/matrix_multiplication/whole_array/_build'
gmake[2]: Entering directory '/scratch/luisr/mlir-aie/programming_examples/basic/matrix_multiplication/whole_array/_build'
gmake[3]: Entering directory '/scratch/luisr/mlir-aie/programming_examples/basic/matrix_multiplication/whole_array/_build'
gmake[3]: Leaving directory '/scratch/luisr/mlir-aie/programming_examples/basic/matrix_multiplication/whole_array/_build'
gmake[3]: Entering directory '/scratch/luisr/mlir-aie/programming_examples/basic/matrix_multiplication/whole_array/_build'
[ 33%] Building CXX object CMakeFiles/whole_array.dir/scratch/luisr/mlir-aie/runtime_lib/test_lib/test_utils.cpp.o
[ 66%] Building CXX object CMakeFiles/whole_array.dir/whole_array/test.cpp.o
[100%] Linking CXX executable whole_array
gmake[3]: Leaving directory '/scratch/luisr/mlir-aie/programming_examples/basic/matrix_multiplication/whole_array/_build'
[100%] Built target whole_array
gmake[2]: Leaving directory '/scratch/luisr/mlir-aie/programming_examples/basic/matrix_multiplication/whole_array/_build'
gmake[1]: Leaving directory '/scratch/luisr/mlir-aie/programming_examples/basic/matrix_multiplication/whole_array/_build'
cp _build/whole_array whole_array.exe 
mkdir -p build
python3 /scratch/luisr/mlir-aie/programming_examples/basic/matrix_multiplication/whole_array/whole_array.py -m 64 -k 64 -n 64 --n-aie-cols 8 --b-col-maj 0 --dev npu2 -M 4096 -K 6144 -N 512 --dtype_in bf16 --dtype_out bf16 --emulate-bf16-mmul-with-bfp16 true --trace_size 0 > build/aie_4096x6144x512_64x64x64_8c.mlir
mkdir -p build
cd build && xchesscc_wrapper aie2p -I /proj/xbuilds/2024.2_INT_1113_1001/installs/all_platforms/Vitis/2024.2/aietools/include  -Dbf16_bf16_ONLY -DDIM_M=64 -DDIM_K=64 -DDIM_N=64 -DAIE_API_EMULATE_BFLOAT16_MMUL_WITH_BFP16 -c /scratch/luisr/mlir-aie/programming_examples/basic/matrix_multiplication/whole_array/../../../../aie_kernels/aie2p/mm.cc -o mm_64x64x64.o
WARNING: Default location for XILINX_VIVADO_IP_OVERRIDE not found: /build/xfndry/IP_2024.2_INTEGRATION_VERIFIED/customer/vivado/data/ip
mkdir -p build
cd build && aiecc.py --alloc-scheme=basic-sequential --aie-generate-xclbin --no-compile-host --xclbin-name=final_4096x6144x512_64x64x64_8c.xclbin \
			 \
			--aie-generate-npu-insts --npu-insts-name=insts_4096x6144x512_64x64x64_8c.txt ../build/aie_4096x6144x512_64x64x64_8c.mlir

Generating: /scratch/luisr/mlir-aie/programming_examples/basic/matrix_multiplication/whole_array/build/aie_4096x6144x512_64x64x64_8c.mlir.prj/aie_cdo_elfs.bin
Generating: /scratch/luisr/mlir-aie/programming_examples/basic/matrix_multiplication/whole_array/build/aie_4096x6144x512_64x64x64_8c.mlir.prj/aie_cdo_init.bin
Generating: /scratch/luisr/mlir-aie/programming_examples/basic/matrix_multiplication/whole_array/build/aie_4096x6144x512_64x64x64_8c.mlir.prj/aie_cdo_enable.bin
export XRT_HACK_UNSECURE_LOADING_XCLBIN=1 && \
 ./whole_array.exe -x build/final_4096x6144x512_64x64x64_8c.xclbin -i build/insts_4096x6144x512_64x64x64_8c.txt -k MLIR_AIE -M 4096 -K 6144 -N 512 --iters 40 --warmup 10 --verify 0 --b_col_maj 0

Avg NPU matmul time: 5713.23us.
Avg NPU gflops: 4510.55

Min NPU matmul time: 5473us.
Max NPU gflops: 4708.53

Max NPU matmul time: 6130us.
Min NPU gflops: 4203.88

PASS!

rm -rf tmpTrace parse*.json trace*json trace.txt
rm -rf build _build whole_array.exe
rm -rf _build
mkdir -p _build
cd _build &&  cmake -E env CXXFLAGS="-std=c++23 -ggdb -DDTYPE_IN=std::bfloat16_t -DDTYPE_OUT=std::bfloat16_t -DDTYPE_ACC=float" \
	cmake `echo /scratch/luisr/mlir-aie/programming_examples/basic/matrix_multiplication/whole_array/..` -D CMAKE_C_COMPILER=gcc-13 -D CMAKE_CXX_COMPILER=g++-13 -DTARGET_NAME=whole_array -Dsubdir=whole_array
-- The C compiler identification is GNU 13.3.0
-- The CXX compiler identification is GNU 13.3.0
-- Detecting C compiler ABI info
-- Detecting C compiler ABI info - done
-- Check for working C compiler: /usr/bin/gcc-13 - skipped
-- Detecting C compile features
-- Detecting C compile features - done
-- Detecting CXX compiler ABI info
-- Detecting CXX compiler ABI info - done
-- Check for working CXX compiler: /usr/bin/g++-13 - skipped
-- Detecting CXX compile features
-- Detecting CXX compile features - done
-- Configuring done (0.3s)
-- Generating done (0.0s)
-- Build files have been written to: /scratch/luisr/mlir-aie/programming_examples/basic/matrix_multiplication/whole_array/_build
cd _build &&  cmake --build . --config Release
gmake[1]: Entering directory '/scratch/luisr/mlir-aie/programming_examples/basic/matrix_multiplication/whole_array/_build'
gmake[2]: Entering directory '/scratch/luisr/mlir-aie/programming_examples/basic/matrix_multiplication/whole_array/_build'
gmake[3]: Entering directory '/scratch/luisr/mlir-aie/programming_examples/basic/matrix_multiplication/whole_array/_build'
gmake[3]: Leaving directory '/scratch/luisr/mlir-aie/programming_examples/basic/matrix_multiplication/whole_array/_build'
gmake[3]: Entering directory '/scratch/luisr/mlir-aie/programming_examples/basic/matrix_multiplication/whole_array/_build'
[ 33%] Building CXX object CMakeFiles/whole_array.dir/scratch/luisr/mlir-aie/runtime_lib/test_lib/test_utils.cpp.o
[ 66%] Building CXX object CMakeFiles/whole_array.dir/whole_array/test.cpp.o
[100%] Linking CXX executable whole_array
gmake[3]: Leaving directory '/scratch/luisr/mlir-aie/programming_examples/basic/matrix_multiplication/whole_array/_build'
[100%] Built target whole_array
gmake[2]: Leaving directory '/scratch/luisr/mlir-aie/programming_examples/basic/matrix_multiplication/whole_array/_build'
gmake[1]: Leaving directory '/scratch/luisr/mlir-aie/programming_examples/basic/matrix_multiplication/whole_array/_build'
cp _build/whole_array whole_array.exe 
mkdir -p build
python3 /scratch/luisr/mlir-aie/programming_examples/basic/matrix_multiplication/whole_array/whole_array.py -m 64 -k 64 -n 64 --n-aie-cols 8 --b-col-maj 0 --dev npu2 -M 4096 -K 6144 -N 1024 --dtype_in bf16 --dtype_out bf16 --emulate-bf16-mmul-with-bfp16 true --trace_size 0 > build/aie_4096x6144x1024_64x64x64_8c.mlir
mkdir -p build
cd build && xchesscc_wrapper aie2p -I /proj/xbuilds/2024.2_INT_1113_1001/installs/all_platforms/Vitis/2024.2/aietools/include  -Dbf16_bf16_ONLY -DDIM_M=64 -DDIM_K=64 -DDIM_N=64 -DAIE_API_EMULATE_BFLOAT16_MMUL_WITH_BFP16 -c /scratch/luisr/mlir-aie/programming_examples/basic/matrix_multiplication/whole_array/../../../../aie_kernels/aie2p/mm.cc -o mm_64x64x64.o
WARNING: Default location for XILINX_VIVADO_IP_OVERRIDE not found: /build/xfndry/IP_2024.2_INTEGRATION_VERIFIED/customer/vivado/data/ip
mkdir -p build
cd build && aiecc.py --alloc-scheme=basic-sequential --aie-generate-xclbin --no-compile-host --xclbin-name=final_4096x6144x1024_64x64x64_8c.xclbin \
			 \
			--aie-generate-npu-insts --npu-insts-name=insts_4096x6144x1024_64x64x64_8c.txt ../build/aie_4096x6144x1024_64x64x64_8c.mlir

Generating: /scratch/luisr/mlir-aie/programming_examples/basic/matrix_multiplication/whole_array/build/aie_4096x6144x1024_64x64x64_8c.mlir.prj/aie_cdo_elfs.bin
Generating: /scratch/luisr/mlir-aie/programming_examples/basic/matrix_multiplication/whole_array/build/aie_4096x6144x1024_64x64x64_8c.mlir.prj/aie_cdo_init.bin
Generating: /scratch/luisr/mlir-aie/programming_examples/basic/matrix_multiplication/whole_array/build/aie_4096x6144x1024_64x64x64_8c.mlir.prj/aie_cdo_enable.bin
export XRT_HACK_UNSECURE_LOADING_XCLBIN=1 && \
 ./whole_array.exe -x build/final_4096x6144x1024_64x64x64_8c.xclbin -i build/insts_4096x6144x1024_64x64x64_8c.txt -k MLIR_AIE -M 4096 -K 6144 -N 1024 --iters 40 --warmup 10 --verify 0 --b_col_maj 0

Avg NPU matmul time: 11516.9us.
Avg NPU gflops: 4475.14

Min NPU matmul time: 10884us.
Max NPU gflops: 4735.36

Max NPU matmul time: 11996us.
Min NPU gflops: 4296.4

PASS!

rm -rf tmpTrace parse*.json trace*json trace.txt
rm -rf build _build whole_array.exe
rm -rf _build
mkdir -p _build
cd _build &&  cmake -E env CXXFLAGS="-std=c++23 -ggdb -DDTYPE_IN=std::bfloat16_t -DDTYPE_OUT=std::bfloat16_t -DDTYPE_ACC=float" \
	cmake `echo /scratch/luisr/mlir-aie/programming_examples/basic/matrix_multiplication/whole_array/..` -D CMAKE_C_COMPILER=gcc-13 -D CMAKE_CXX_COMPILER=g++-13 -DTARGET_NAME=whole_array -Dsubdir=whole_array
-- The C compiler identification is GNU 13.3.0
-- The CXX compiler identification is GNU 13.3.0
-- Detecting C compiler ABI info
-- Detecting C compiler ABI info - done
-- Check for working C compiler: /usr/bin/gcc-13 - skipped
-- Detecting C compile features
-- Detecting C compile features - done
-- Detecting CXX compiler ABI info
-- Detecting CXX compiler ABI info - done
-- Check for working CXX compiler: /usr/bin/g++-13 - skipped
-- Detecting CXX compile features
-- Detecting CXX compile features - done
-- Configuring done (0.3s)
-- Generating done (0.0s)
-- Build files have been written to: /scratch/luisr/mlir-aie/programming_examples/basic/matrix_multiplication/whole_array/_build
cd _build &&  cmake --build . --config Release
gmake[1]: Entering directory '/scratch/luisr/mlir-aie/programming_examples/basic/matrix_multiplication/whole_array/_build'
gmake[2]: Entering directory '/scratch/luisr/mlir-aie/programming_examples/basic/matrix_multiplication/whole_array/_build'
gmake[3]: Entering directory '/scratch/luisr/mlir-aie/programming_examples/basic/matrix_multiplication/whole_array/_build'
gmake[3]: Leaving directory '/scratch/luisr/mlir-aie/programming_examples/basic/matrix_multiplication/whole_array/_build'
gmake[3]: Entering directory '/scratch/luisr/mlir-aie/programming_examples/basic/matrix_multiplication/whole_array/_build'
[ 33%] Building CXX object CMakeFiles/whole_array.dir/scratch/luisr/mlir-aie/runtime_lib/test_lib/test_utils.cpp.o
[ 66%] Building CXX object CMakeFiles/whole_array.dir/whole_array/test.cpp.o
[100%] Linking CXX executable whole_array
gmake[3]: Leaving directory '/scratch/luisr/mlir-aie/programming_examples/basic/matrix_multiplication/whole_array/_build'
[100%] Built target whole_array
gmake[2]: Leaving directory '/scratch/luisr/mlir-aie/programming_examples/basic/matrix_multiplication/whole_array/_build'
gmake[1]: Leaving directory '/scratch/luisr/mlir-aie/programming_examples/basic/matrix_multiplication/whole_array/_build'
cp _build/whole_array whole_array.exe 
mkdir -p build
python3 /scratch/luisr/mlir-aie/programming_examples/basic/matrix_multiplication/whole_array/whole_array.py -m 64 -k 64 -n 64 --n-aie-cols 8 --b-col-maj 0 --dev npu2 -M 4096 -K 6144 -N 4096 --dtype_in bf16 --dtype_out bf16 --emulate-bf16-mmul-with-bfp16 true --trace_size 0 > build/aie_4096x6144x4096_64x64x64_8c.mlir
mkdir -p build
cd build && xchesscc_wrapper aie2p -I /proj/xbuilds/2024.2_INT_1113_1001/installs/all_platforms/Vitis/2024.2/aietools/include  -Dbf16_bf16_ONLY -DDIM_M=64 -DDIM_K=64 -DDIM_N=64 -DAIE_API_EMULATE_BFLOAT16_MMUL_WITH_BFP16 -c /scratch/luisr/mlir-aie/programming_examples/basic/matrix_multiplication/whole_array/../../../../aie_kernels/aie2p/mm.cc -o mm_64x64x64.o
WARNING: Default location for XILINX_VIVADO_IP_OVERRIDE not found: /build/xfndry/IP_2024.2_INTEGRATION_VERIFIED/customer/vivado/data/ip
mkdir -p build
cd build && aiecc.py --alloc-scheme=basic-sequential --aie-generate-xclbin --no-compile-host --xclbin-name=final_4096x6144x4096_64x64x64_8c.xclbin \
			 \
			--aie-generate-npu-insts --npu-insts-name=insts_4096x6144x4096_64x64x64_8c.txt ../build/aie_4096x6144x4096_64x64x64_8c.mlir

Generating: /scratch/luisr/mlir-aie/programming_examples/basic/matrix_multiplication/whole_array/build/aie_4096x6144x4096_64x64x64_8c.mlir.prj/aie_cdo_elfs.bin
Generating: /scratch/luisr/mlir-aie/programming_examples/basic/matrix_multiplication/whole_array/build/aie_4096x6144x4096_64x64x64_8c.mlir.prj/aie_cdo_init.bin
Generating: /scratch/luisr/mlir-aie/programming_examples/basic/matrix_multiplication/whole_array/build/aie_4096x6144x4096_64x64x64_8c.mlir.prj/aie_cdo_enable.bin
export XRT_HACK_UNSECURE_LOADING_XCLBIN=1 && \
 ./whole_array.exe -x build/final_4096x6144x4096_64x64x64_8c.xclbin -i build/insts_4096x6144x4096_64x64x64_8c.txt -k MLIR_AIE -M 4096 -K 6144 -N 4096 --iters 40 --warmup 10 --verify 0 --b_col_maj 0

Avg NPU matmul time: 47031.1us.
Avg NPU gflops: 4383.45

Min NPU matmul time: 45508us.
Max NPU gflops: 4530.16

Max NPU matmul time: 50794us.
Min NPU gflops: 4058.72

PASS!

rm -rf tmpTrace parse*.json trace*json trace.txt
rm -rf build _build whole_array.exe
rm -rf _build
mkdir -p _build
cd _build &&  cmake -E env CXXFLAGS="-std=c++23 -ggdb -DDTYPE_IN=std::bfloat16_t -DDTYPE_OUT=std::bfloat16_t -DDTYPE_ACC=float" \
	cmake `echo /scratch/luisr/mlir-aie/programming_examples/basic/matrix_multiplication/whole_array/..` -D CMAKE_C_COMPILER=gcc-13 -D CMAKE_CXX_COMPILER=g++-13 -DTARGET_NAME=whole_array -Dsubdir=whole_array
-- The C compiler identification is GNU 13.3.0
-- The CXX compiler identification is GNU 13.3.0
-- Detecting C compiler ABI info
-- Detecting C compiler ABI info - done
-- Check for working C compiler: /usr/bin/gcc-13 - skipped
-- Detecting C compile features
-- Detecting C compile features - done
-- Detecting CXX compiler ABI info
-- Detecting CXX compiler ABI info - done
-- Check for working CXX compiler: /usr/bin/g++-13 - skipped
-- Detecting CXX compile features
-- Detecting CXX compile features - done
-- Configuring done (0.3s)
-- Generating done (0.0s)
-- Build files have been written to: /scratch/luisr/mlir-aie/programming_examples/basic/matrix_multiplication/whole_array/_build
cd _build &&  cmake --build . --config Release
gmake[1]: Entering directory '/scratch/luisr/mlir-aie/programming_examples/basic/matrix_multiplication/whole_array/_build'
gmake[2]: Entering directory '/scratch/luisr/mlir-aie/programming_examples/basic/matrix_multiplication/whole_array/_build'
gmake[3]: Entering directory '/scratch/luisr/mlir-aie/programming_examples/basic/matrix_multiplication/whole_array/_build'
gmake[3]: Leaving directory '/scratch/luisr/mlir-aie/programming_examples/basic/matrix_multiplication/whole_array/_build'
gmake[3]: Entering directory '/scratch/luisr/mlir-aie/programming_examples/basic/matrix_multiplication/whole_array/_build'
[ 33%] Building CXX object CMakeFiles/whole_array.dir/scratch/luisr/mlir-aie/runtime_lib/test_lib/test_utils.cpp.o
[ 66%] Building CXX object CMakeFiles/whole_array.dir/whole_array/test.cpp.o
[100%] Linking CXX executable whole_array
gmake[3]: Leaving directory '/scratch/luisr/mlir-aie/programming_examples/basic/matrix_multiplication/whole_array/_build'
[100%] Built target whole_array
gmake[2]: Leaving directory '/scratch/luisr/mlir-aie/programming_examples/basic/matrix_multiplication/whole_array/_build'
gmake[1]: Leaving directory '/scratch/luisr/mlir-aie/programming_examples/basic/matrix_multiplication/whole_array/_build'
cp _build/whole_array whole_array.exe 
mkdir -p build
python3 /scratch/luisr/mlir-aie/programming_examples/basic/matrix_multiplication/whole_array/whole_array.py -m 64 -k 64 -n 64 --n-aie-cols 8 --b-col-maj 0 --dev npu2 -M 4096 -K 6144 -N 8192 --dtype_in bf16 --dtype_out bf16 --emulate-bf16-mmul-with-bfp16 true --trace_size 0 > build/aie_4096x6144x8192_64x64x64_8c.mlir
mkdir -p build
cd build && xchesscc_wrapper aie2p -I /proj/xbuilds/2024.2_INT_1113_1001/installs/all_platforms/Vitis/2024.2/aietools/include  -Dbf16_bf16_ONLY -DDIM_M=64 -DDIM_K=64 -DDIM_N=64 -DAIE_API_EMULATE_BFLOAT16_MMUL_WITH_BFP16 -c /scratch/luisr/mlir-aie/programming_examples/basic/matrix_multiplication/whole_array/../../../../aie_kernels/aie2p/mm.cc -o mm_64x64x64.o
WARNING: Default location for XILINX_VIVADO_IP_OVERRIDE not found: /build/xfndry/IP_2024.2_INTEGRATION_VERIFIED/customer/vivado/data/ip
mkdir -p build
cd build && aiecc.py --alloc-scheme=basic-sequential --aie-generate-xclbin --no-compile-host --xclbin-name=final_4096x6144x8192_64x64x64_8c.xclbin \
			 \
			--aie-generate-npu-insts --npu-insts-name=insts_4096x6144x8192_64x64x64_8c.txt ../build/aie_4096x6144x8192_64x64x64_8c.mlir

Generating: /scratch/luisr/mlir-aie/programming_examples/basic/matrix_multiplication/whole_array/build/aie_4096x6144x8192_64x64x64_8c.mlir.prj/aie_cdo_elfs.bin
Generating: /scratch/luisr/mlir-aie/programming_examples/basic/matrix_multiplication/whole_array/build/aie_4096x6144x8192_64x64x64_8c.mlir.prj/aie_cdo_init.bin
Generating: /scratch/luisr/mlir-aie/programming_examples/basic/matrix_multiplication/whole_array/build/aie_4096x6144x8192_64x64x64_8c.mlir.prj/aie_cdo_enable.bin
export XRT_HACK_UNSECURE_LOADING_XCLBIN=1 && \
 ./whole_array.exe -x build/final_4096x6144x8192_64x64x64_8c.xclbin -i build/insts_4096x6144x8192_64x64x64_8c.txt -k MLIR_AIE -M 4096 -K 6144 -N 8192 --iters 40 --warmup 10 --verify 0 --b_col_maj 0

Avg NPU matmul time: 113030us.
Avg NPU gflops: 3647.86

Min NPU matmul time: 96544us.
Max NPU gflops: 4270.77

Max NPU matmul time: 181983us.
Min NPU gflops: 2265.69

PASS!

rm -rf tmpTrace parse*.json trace*json trace.txt
rm -rf build _build whole_array.exe
rm -rf _build
mkdir -p _build
cd _build &&  cmake -E env CXXFLAGS="-std=c++23 -ggdb -DDTYPE_IN=std::bfloat16_t -DDTYPE_OUT=std::bfloat16_t -DDTYPE_ACC=float" \
	cmake `echo /scratch/luisr/mlir-aie/programming_examples/basic/matrix_multiplication/whole_array/..` -D CMAKE_C_COMPILER=gcc-13 -D CMAKE_CXX_COMPILER=g++-13 -DTARGET_NAME=whole_array -Dsubdir=whole_array
-- The C compiler identification is GNU 13.3.0
-- The CXX compiler identification is GNU 13.3.0
-- Detecting C compiler ABI info
-- Detecting C compiler ABI info - done
-- Check for working C compiler: /usr/bin/gcc-13 - skipped
-- Detecting C compile features
-- Detecting C compile features - done
-- Detecting CXX compiler ABI info
-- Detecting CXX compiler ABI info - done
-- Check for working CXX compiler: /usr/bin/g++-13 - skipped
-- Detecting CXX compile features
-- Detecting CXX compile features - done
-- Configuring done (0.3s)
-- Generating done (0.0s)
-- Build files have been written to: /scratch/luisr/mlir-aie/programming_examples/basic/matrix_multiplication/whole_array/_build
cd _build &&  cmake --build . --config Release
gmake[1]: Entering directory '/scratch/luisr/mlir-aie/programming_examples/basic/matrix_multiplication/whole_array/_build'
gmake[2]: Entering directory '/scratch/luisr/mlir-aie/programming_examples/basic/matrix_multiplication/whole_array/_build'
gmake[3]: Entering directory '/scratch/luisr/mlir-aie/programming_examples/basic/matrix_multiplication/whole_array/_build'
gmake[3]: Leaving directory '/scratch/luisr/mlir-aie/programming_examples/basic/matrix_multiplication/whole_array/_build'
gmake[3]: Entering directory '/scratch/luisr/mlir-aie/programming_examples/basic/matrix_multiplication/whole_array/_build'
[ 33%] Building CXX object CMakeFiles/whole_array.dir/scratch/luisr/mlir-aie/runtime_lib/test_lib/test_utils.cpp.o
[ 66%] Building CXX object CMakeFiles/whole_array.dir/whole_array/test.cpp.o
[100%] Linking CXX executable whole_array
gmake[3]: Leaving directory '/scratch/luisr/mlir-aie/programming_examples/basic/matrix_multiplication/whole_array/_build'
[100%] Built target whole_array
gmake[2]: Leaving directory '/scratch/luisr/mlir-aie/programming_examples/basic/matrix_multiplication/whole_array/_build'
gmake[1]: Leaving directory '/scratch/luisr/mlir-aie/programming_examples/basic/matrix_multiplication/whole_array/_build'
cp _build/whole_array whole_array.exe 
mkdir -p build
python3 /scratch/luisr/mlir-aie/programming_examples/basic/matrix_multiplication/whole_array/whole_array.py -m 64 -k 64 -n 64 --n-aie-cols 8 --b-col-maj 0 --dev npu2 -M 8192 -K 512 -N 512 --dtype_in bf16 --dtype_out bf16 --emulate-bf16-mmul-with-bfp16 true --trace_size 0 > build/aie_8192x512x512_64x64x64_8c.mlir
mkdir -p build
cd build && xchesscc_wrapper aie2p -I /proj/xbuilds/2024.2_INT_1113_1001/installs/all_platforms/Vitis/2024.2/aietools/include  -Dbf16_bf16_ONLY -DDIM_M=64 -DDIM_K=64 -DDIM_N=64 -DAIE_API_EMULATE_BFLOAT16_MMUL_WITH_BFP16 -c /scratch/luisr/mlir-aie/programming_examples/basic/matrix_multiplication/whole_array/../../../../aie_kernels/aie2p/mm.cc -o mm_64x64x64.o
WARNING: Default location for XILINX_VIVADO_IP_OVERRIDE not found: /build/xfndry/IP_2024.2_INTEGRATION_VERIFIED/customer/vivado/data/ip
mkdir -p build
cd build && aiecc.py --alloc-scheme=basic-sequential --aie-generate-xclbin --no-compile-host --xclbin-name=final_8192x512x512_64x64x64_8c.xclbin \
			 \
			--aie-generate-npu-insts --npu-insts-name=insts_8192x512x512_64x64x64_8c.txt ../build/aie_8192x512x512_64x64x64_8c.mlir

Generating: /scratch/luisr/mlir-aie/programming_examples/basic/matrix_multiplication/whole_array/build/aie_8192x512x512_64x64x64_8c.mlir.prj/aie_cdo_elfs.bin
Generating: /scratch/luisr/mlir-aie/programming_examples/basic/matrix_multiplication/whole_array/build/aie_8192x512x512_64x64x64_8c.mlir.prj/aie_cdo_init.bin
Generating: /scratch/luisr/mlir-aie/programming_examples/basic/matrix_multiplication/whole_array/build/aie_8192x512x512_64x64x64_8c.mlir.prj/aie_cdo_enable.bin
export XRT_HACK_UNSECURE_LOADING_XCLBIN=1 && \
 ./whole_array.exe -x build/final_8192x512x512_64x64x64_8c.xclbin -i build/insts_8192x512x512_64x64x64_8c.txt -k MLIR_AIE -M 8192 -K 512 -N 512 --iters 40 --warmup 10 --verify 0 --b_col_maj 0

Avg NPU matmul time: 1004.05us.
Avg NPU gflops: 4277.64

Min NPU matmul time: 990us.
Max NPU gflops: 4338.35

Max NPU matmul time: 1014us.
Min NPU gflops: 4235.67

PASS!

rm -rf tmpTrace parse*.json trace*json trace.txt
rm -rf build _build whole_array.exe
rm -rf _build
mkdir -p _build
cd _build &&  cmake -E env CXXFLAGS="-std=c++23 -ggdb -DDTYPE_IN=std::bfloat16_t -DDTYPE_OUT=std::bfloat16_t -DDTYPE_ACC=float" \
	cmake `echo /scratch/luisr/mlir-aie/programming_examples/basic/matrix_multiplication/whole_array/..` -D CMAKE_C_COMPILER=gcc-13 -D CMAKE_CXX_COMPILER=g++-13 -DTARGET_NAME=whole_array -Dsubdir=whole_array
-- The C compiler identification is GNU 13.3.0
-- The CXX compiler identification is GNU 13.3.0
-- Detecting C compiler ABI info
-- Detecting C compiler ABI info - done
-- Check for working C compiler: /usr/bin/gcc-13 - skipped
-- Detecting C compile features
-- Detecting C compile features - done
-- Detecting CXX compiler ABI info
-- Detecting CXX compiler ABI info - done
-- Check for working CXX compiler: /usr/bin/g++-13 - skipped
-- Detecting CXX compile features
-- Detecting CXX compile features - done
-- Configuring done (0.3s)
-- Generating done (0.0s)
-- Build files have been written to: /scratch/luisr/mlir-aie/programming_examples/basic/matrix_multiplication/whole_array/_build
cd _build &&  cmake --build . --config Release
gmake[1]: Entering directory '/scratch/luisr/mlir-aie/programming_examples/basic/matrix_multiplication/whole_array/_build'
gmake[2]: Entering directory '/scratch/luisr/mlir-aie/programming_examples/basic/matrix_multiplication/whole_array/_build'
gmake[3]: Entering directory '/scratch/luisr/mlir-aie/programming_examples/basic/matrix_multiplication/whole_array/_build'
gmake[3]: Leaving directory '/scratch/luisr/mlir-aie/programming_examples/basic/matrix_multiplication/whole_array/_build'
gmake[3]: Entering directory '/scratch/luisr/mlir-aie/programming_examples/basic/matrix_multiplication/whole_array/_build'
[ 33%] Building CXX object CMakeFiles/whole_array.dir/scratch/luisr/mlir-aie/runtime_lib/test_lib/test_utils.cpp.o
[ 66%] Building CXX object CMakeFiles/whole_array.dir/whole_array/test.cpp.o
[100%] Linking CXX executable whole_array
gmake[3]: Leaving directory '/scratch/luisr/mlir-aie/programming_examples/basic/matrix_multiplication/whole_array/_build'
[100%] Built target whole_array
gmake[2]: Leaving directory '/scratch/luisr/mlir-aie/programming_examples/basic/matrix_multiplication/whole_array/_build'
gmake[1]: Leaving directory '/scratch/luisr/mlir-aie/programming_examples/basic/matrix_multiplication/whole_array/_build'
cp _build/whole_array whole_array.exe 
mkdir -p build
python3 /scratch/luisr/mlir-aie/programming_examples/basic/matrix_multiplication/whole_array/whole_array.py -m 64 -k 64 -n 64 --n-aie-cols 8 --b-col-maj 0 --dev npu2 -M 8192 -K 512 -N 1024 --dtype_in bf16 --dtype_out bf16 --emulate-bf16-mmul-with-bfp16 true --trace_size 0 > build/aie_8192x512x1024_64x64x64_8c.mlir
mkdir -p build
cd build && xchesscc_wrapper aie2p -I /proj/xbuilds/2024.2_INT_1113_1001/installs/all_platforms/Vitis/2024.2/aietools/include  -Dbf16_bf16_ONLY -DDIM_M=64 -DDIM_K=64 -DDIM_N=64 -DAIE_API_EMULATE_BFLOAT16_MMUL_WITH_BFP16 -c /scratch/luisr/mlir-aie/programming_examples/basic/matrix_multiplication/whole_array/../../../../aie_kernels/aie2p/mm.cc -o mm_64x64x64.o
WARNING: Default location for XILINX_VIVADO_IP_OVERRIDE not found: /build/xfndry/IP_2024.2_INTEGRATION_VERIFIED/customer/vivado/data/ip
mkdir -p build
cd build && aiecc.py --alloc-scheme=basic-sequential --aie-generate-xclbin --no-compile-host --xclbin-name=final_8192x512x1024_64x64x64_8c.xclbin \
			 \
			--aie-generate-npu-insts --npu-insts-name=insts_8192x512x1024_64x64x64_8c.txt ../build/aie_8192x512x1024_64x64x64_8c.mlir

Generating: /scratch/luisr/mlir-aie/programming_examples/basic/matrix_multiplication/whole_array/build/aie_8192x512x1024_64x64x64_8c.mlir.prj/aie_cdo_elfs.bin
Generating: /scratch/luisr/mlir-aie/programming_examples/basic/matrix_multiplication/whole_array/build/aie_8192x512x1024_64x64x64_8c.mlir.prj/aie_cdo_init.bin
Generating: /scratch/luisr/mlir-aie/programming_examples/basic/matrix_multiplication/whole_array/build/aie_8192x512x1024_64x64x64_8c.mlir.prj/aie_cdo_enable.bin
export XRT_HACK_UNSECURE_LOADING_XCLBIN=1 && \
 ./whole_array.exe -x build/final_8192x512x1024_64x64x64_8c.xclbin -i build/insts_8192x512x1024_64x64x64_8c.txt -k MLIR_AIE -M 8192 -K 512 -N 1024 --iters 40 --warmup 10 --verify 0 --b_col_maj 0

Avg NPU matmul time: 1889.85us.
Avg NPU gflops: 4545.3

Min NPU matmul time: 1875us.
Max NPU gflops: 4581.3

Max NPU matmul time: 1904us.
Min NPU gflops: 4511.52

PASS!

rm -rf tmpTrace parse*.json trace*json trace.txt
rm -rf build _build whole_array.exe
rm -rf _build
mkdir -p _build
cd _build &&  cmake -E env CXXFLAGS="-std=c++23 -ggdb -DDTYPE_IN=std::bfloat16_t -DDTYPE_OUT=std::bfloat16_t -DDTYPE_ACC=float" \
	cmake `echo /scratch/luisr/mlir-aie/programming_examples/basic/matrix_multiplication/whole_array/..` -D CMAKE_C_COMPILER=gcc-13 -D CMAKE_CXX_COMPILER=g++-13 -DTARGET_NAME=whole_array -Dsubdir=whole_array
-- The C compiler identification is GNU 13.3.0
-- The CXX compiler identification is GNU 13.3.0
-- Detecting C compiler ABI info
-- Detecting C compiler ABI info - done
-- Check for working C compiler: /usr/bin/gcc-13 - skipped
-- Detecting C compile features
-- Detecting C compile features - done
-- Detecting CXX compiler ABI info
-- Detecting CXX compiler ABI info - done
-- Check for working CXX compiler: /usr/bin/g++-13 - skipped
-- Detecting CXX compile features
-- Detecting CXX compile features - done
-- Configuring done (0.3s)
-- Generating done (0.0s)
-- Build files have been written to: /scratch/luisr/mlir-aie/programming_examples/basic/matrix_multiplication/whole_array/_build
cd _build &&  cmake --build . --config Release
gmake[1]: Entering directory '/scratch/luisr/mlir-aie/programming_examples/basic/matrix_multiplication/whole_array/_build'
gmake[2]: Entering directory '/scratch/luisr/mlir-aie/programming_examples/basic/matrix_multiplication/whole_array/_build'
gmake[3]: Entering directory '/scratch/luisr/mlir-aie/programming_examples/basic/matrix_multiplication/whole_array/_build'
gmake[3]: Leaving directory '/scratch/luisr/mlir-aie/programming_examples/basic/matrix_multiplication/whole_array/_build'
gmake[3]: Entering directory '/scratch/luisr/mlir-aie/programming_examples/basic/matrix_multiplication/whole_array/_build'
[ 33%] Building CXX object CMakeFiles/whole_array.dir/scratch/luisr/mlir-aie/runtime_lib/test_lib/test_utils.cpp.o
[ 66%] Building CXX object CMakeFiles/whole_array.dir/whole_array/test.cpp.o
[100%] Linking CXX executable whole_array
gmake[3]: Leaving directory '/scratch/luisr/mlir-aie/programming_examples/basic/matrix_multiplication/whole_array/_build'
[100%] Built target whole_array
gmake[2]: Leaving directory '/scratch/luisr/mlir-aie/programming_examples/basic/matrix_multiplication/whole_array/_build'
gmake[1]: Leaving directory '/scratch/luisr/mlir-aie/programming_examples/basic/matrix_multiplication/whole_array/_build'
cp _build/whole_array whole_array.exe 
mkdir -p build
python3 /scratch/luisr/mlir-aie/programming_examples/basic/matrix_multiplication/whole_array/whole_array.py -m 64 -k 64 -n 64 --n-aie-cols 8 --b-col-maj 0 --dev npu2 -M 8192 -K 512 -N 4096 --dtype_in bf16 --dtype_out bf16 --emulate-bf16-mmul-with-bfp16 true --trace_size 0 > build/aie_8192x512x4096_64x64x64_8c.mlir
mkdir -p build
cd build && xchesscc_wrapper aie2p -I /proj/xbuilds/2024.2_INT_1113_1001/installs/all_platforms/Vitis/2024.2/aietools/include  -Dbf16_bf16_ONLY -DDIM_M=64 -DDIM_K=64 -DDIM_N=64 -DAIE_API_EMULATE_BFLOAT16_MMUL_WITH_BFP16 -c /scratch/luisr/mlir-aie/programming_examples/basic/matrix_multiplication/whole_array/../../../../aie_kernels/aie2p/mm.cc -o mm_64x64x64.o
WARNING: Default location for XILINX_VIVADO_IP_OVERRIDE not found: /build/xfndry/IP_2024.2_INTEGRATION_VERIFIED/customer/vivado/data/ip
mkdir -p build
cd build && aiecc.py --alloc-scheme=basic-sequential --aie-generate-xclbin --no-compile-host --xclbin-name=final_8192x512x4096_64x64x64_8c.xclbin \
			 \
			--aie-generate-npu-insts --npu-insts-name=insts_8192x512x4096_64x64x64_8c.txt ../build/aie_8192x512x4096_64x64x64_8c.mlir

Generating: /scratch/luisr/mlir-aie/programming_examples/basic/matrix_multiplication/whole_array/build/aie_8192x512x4096_64x64x64_8c.mlir.prj/aie_cdo_elfs.bin
Generating: /scratch/luisr/mlir-aie/programming_examples/basic/matrix_multiplication/whole_array/build/aie_8192x512x4096_64x64x64_8c.mlir.prj/aie_cdo_init.bin
Generating: /scratch/luisr/mlir-aie/programming_examples/basic/matrix_multiplication/whole_array/build/aie_8192x512x4096_64x64x64_8c.mlir.prj/aie_cdo_enable.bin
export XRT_HACK_UNSECURE_LOADING_XCLBIN=1 && \
 ./whole_array.exe -x build/final_8192x512x4096_64x64x64_8c.xclbin -i build/insts_8192x512x4096_64x64x64_8c.txt -k MLIR_AIE -M 8192 -K 512 -N 4096 --iters 40 --warmup 10 --verify 0 --b_col_maj 0

Avg NPU matmul time: 7766.1us.
Avg NPU gflops: 4424.32

Min NPU matmul time: 7444us.
Max NPU gflops: 4615.76

Max NPU matmul time: 8183us.
Min NPU gflops: 4198.92

PASS!

rm -rf tmpTrace parse*.json trace*json trace.txt
rm -rf build _build whole_array.exe
rm -rf _build
mkdir -p _build
cd _build &&  cmake -E env CXXFLAGS="-std=c++23 -ggdb -DDTYPE_IN=std::bfloat16_t -DDTYPE_OUT=std::bfloat16_t -DDTYPE_ACC=float" \
	cmake `echo /scratch/luisr/mlir-aie/programming_examples/basic/matrix_multiplication/whole_array/..` -D CMAKE_C_COMPILER=gcc-13 -D CMAKE_CXX_COMPILER=g++-13 -DTARGET_NAME=whole_array -Dsubdir=whole_array
-- The C compiler identification is GNU 13.3.0
-- The CXX compiler identification is GNU 13.3.0
-- Detecting C compiler ABI info
-- Detecting C compiler ABI info - done
-- Check for working C compiler: /usr/bin/gcc-13 - skipped
-- Detecting C compile features
-- Detecting C compile features - done
-- Detecting CXX compiler ABI info
-- Detecting CXX compiler ABI info - done
-- Check for working CXX compiler: /usr/bin/g++-13 - skipped
-- Detecting CXX compile features
-- Detecting CXX compile features - done
-- Configuring done (0.3s)
-- Generating done (0.0s)
-- Build files have been written to: /scratch/luisr/mlir-aie/programming_examples/basic/matrix_multiplication/whole_array/_build
cd _build &&  cmake --build . --config Release
gmake[1]: Entering directory '/scratch/luisr/mlir-aie/programming_examples/basic/matrix_multiplication/whole_array/_build'
gmake[2]: Entering directory '/scratch/luisr/mlir-aie/programming_examples/basic/matrix_multiplication/whole_array/_build'
gmake[3]: Entering directory '/scratch/luisr/mlir-aie/programming_examples/basic/matrix_multiplication/whole_array/_build'
gmake[3]: Leaving directory '/scratch/luisr/mlir-aie/programming_examples/basic/matrix_multiplication/whole_array/_build'
gmake[3]: Entering directory '/scratch/luisr/mlir-aie/programming_examples/basic/matrix_multiplication/whole_array/_build'
[ 33%] Building CXX object CMakeFiles/whole_array.dir/scratch/luisr/mlir-aie/runtime_lib/test_lib/test_utils.cpp.o
[ 66%] Building CXX object CMakeFiles/whole_array.dir/whole_array/test.cpp.o
[100%] Linking CXX executable whole_array
gmake[3]: Leaving directory '/scratch/luisr/mlir-aie/programming_examples/basic/matrix_multiplication/whole_array/_build'
[100%] Built target whole_array
gmake[2]: Leaving directory '/scratch/luisr/mlir-aie/programming_examples/basic/matrix_multiplication/whole_array/_build'
gmake[1]: Leaving directory '/scratch/luisr/mlir-aie/programming_examples/basic/matrix_multiplication/whole_array/_build'
cp _build/whole_array whole_array.exe 
mkdir -p build
python3 /scratch/luisr/mlir-aie/programming_examples/basic/matrix_multiplication/whole_array/whole_array.py -m 64 -k 64 -n 64 --n-aie-cols 8 --b-col-maj 0 --dev npu2 -M 8192 -K 512 -N 8192 --dtype_in bf16 --dtype_out bf16 --emulate-bf16-mmul-with-bfp16 true --trace_size 0 > build/aie_8192x512x8192_64x64x64_8c.mlir
mkdir -p build
cd build && xchesscc_wrapper aie2p -I /proj/xbuilds/2024.2_INT_1113_1001/installs/all_platforms/Vitis/2024.2/aietools/include  -Dbf16_bf16_ONLY -DDIM_M=64 -DDIM_K=64 -DDIM_N=64 -DAIE_API_EMULATE_BFLOAT16_MMUL_WITH_BFP16 -c /scratch/luisr/mlir-aie/programming_examples/basic/matrix_multiplication/whole_array/../../../../aie_kernels/aie2p/mm.cc -o mm_64x64x64.o
WARNING: Default location for XILINX_VIVADO_IP_OVERRIDE not found: /build/xfndry/IP_2024.2_INTEGRATION_VERIFIED/customer/vivado/data/ip
mkdir -p build
cd build && aiecc.py --alloc-scheme=basic-sequential --aie-generate-xclbin --no-compile-host --xclbin-name=final_8192x512x8192_64x64x64_8c.xclbin \
			 \
			--aie-generate-npu-insts --npu-insts-name=insts_8192x512x8192_64x64x64_8c.txt ../build/aie_8192x512x8192_64x64x64_8c.mlir

Generating: /scratch/luisr/mlir-aie/programming_examples/basic/matrix_multiplication/whole_array/build/aie_8192x512x8192_64x64x64_8c.mlir.prj/aie_cdo_elfs.bin
Generating: /scratch/luisr/mlir-aie/programming_examples/basic/matrix_multiplication/whole_array/build/aie_8192x512x8192_64x64x64_8c.mlir.prj/aie_cdo_init.bin
Generating: /scratch/luisr/mlir-aie/programming_examples/basic/matrix_multiplication/whole_array/build/aie_8192x512x8192_64x64x64_8c.mlir.prj/aie_cdo_enable.bin
export XRT_HACK_UNSECURE_LOADING_XCLBIN=1 && \
 ./whole_array.exe -x build/final_8192x512x8192_64x64x64_8c.xclbin -i build/insts_8192x512x8192_64x64x64_8c.txt -k MLIR_AIE -M 8192 -K 512 -N 8192 --iters 40 --warmup 10 --verify 0 --b_col_maj 0

Avg NPU matmul time: 16376.5us.
Avg NPU gflops: 4196.22

Min NPU matmul time: 15828us.
Max NPU gflops: 4341.64

Max NPU matmul time: 17093us.
Min NPU gflops: 4020.33

PASS!

rm -rf tmpTrace parse*.json trace*json trace.txt
rm -rf build _build whole_array.exe
rm -rf _build
mkdir -p _build
cd _build &&  cmake -E env CXXFLAGS="-std=c++23 -ggdb -DDTYPE_IN=std::bfloat16_t -DDTYPE_OUT=std::bfloat16_t -DDTYPE_ACC=float" \
	cmake `echo /scratch/luisr/mlir-aie/programming_examples/basic/matrix_multiplication/whole_array/..` -D CMAKE_C_COMPILER=gcc-13 -D CMAKE_CXX_COMPILER=g++-13 -DTARGET_NAME=whole_array -Dsubdir=whole_array
-- The C compiler identification is GNU 13.3.0
-- The CXX compiler identification is GNU 13.3.0
-- Detecting C compiler ABI info
-- Detecting C compiler ABI info - done
-- Check for working C compiler: /usr/bin/gcc-13 - skipped
-- Detecting C compile features
-- Detecting C compile features - done
-- Detecting CXX compiler ABI info
-- Detecting CXX compiler ABI info - done
-- Check for working CXX compiler: /usr/bin/g++-13 - skipped
-- Detecting CXX compile features
-- Detecting CXX compile features - done
-- Configuring done (0.3s)
-- Generating done (0.0s)
-- Build files have been written to: /scratch/luisr/mlir-aie/programming_examples/basic/matrix_multiplication/whole_array/_build
cd _build &&  cmake --build . --config Release
gmake[1]: Entering directory '/scratch/luisr/mlir-aie/programming_examples/basic/matrix_multiplication/whole_array/_build'
gmake[2]: Entering directory '/scratch/luisr/mlir-aie/programming_examples/basic/matrix_multiplication/whole_array/_build'
gmake[3]: Entering directory '/scratch/luisr/mlir-aie/programming_examples/basic/matrix_multiplication/whole_array/_build'
gmake[3]: Leaving directory '/scratch/luisr/mlir-aie/programming_examples/basic/matrix_multiplication/whole_array/_build'
gmake[3]: Entering directory '/scratch/luisr/mlir-aie/programming_examples/basic/matrix_multiplication/whole_array/_build'
[ 33%] Building CXX object CMakeFiles/whole_array.dir/scratch/luisr/mlir-aie/runtime_lib/test_lib/test_utils.cpp.o
[ 66%] Building CXX object CMakeFiles/whole_array.dir/whole_array/test.cpp.o
[100%] Linking CXX executable whole_array
gmake[3]: Leaving directory '/scratch/luisr/mlir-aie/programming_examples/basic/matrix_multiplication/whole_array/_build'
[100%] Built target whole_array
gmake[2]: Leaving directory '/scratch/luisr/mlir-aie/programming_examples/basic/matrix_multiplication/whole_array/_build'
gmake[1]: Leaving directory '/scratch/luisr/mlir-aie/programming_examples/basic/matrix_multiplication/whole_array/_build'
cp _build/whole_array whole_array.exe 
mkdir -p build
python3 /scratch/luisr/mlir-aie/programming_examples/basic/matrix_multiplication/whole_array/whole_array.py -m 64 -k 64 -n 64 --n-aie-cols 8 --b-col-maj 0 --dev npu2 -M 8192 -K 1024 -N 512 --dtype_in bf16 --dtype_out bf16 --emulate-bf16-mmul-with-bfp16 true --trace_size 0 > build/aie_8192x1024x512_64x64x64_8c.mlir
mkdir -p build
cd build && xchesscc_wrapper aie2p -I /proj/xbuilds/2024.2_INT_1113_1001/installs/all_platforms/Vitis/2024.2/aietools/include  -Dbf16_bf16_ONLY -DDIM_M=64 -DDIM_K=64 -DDIM_N=64 -DAIE_API_EMULATE_BFLOAT16_MMUL_WITH_BFP16 -c /scratch/luisr/mlir-aie/programming_examples/basic/matrix_multiplication/whole_array/../../../../aie_kernels/aie2p/mm.cc -o mm_64x64x64.o
WARNING: Default location for XILINX_VIVADO_IP_OVERRIDE not found: /build/xfndry/IP_2024.2_INTEGRATION_VERIFIED/customer/vivado/data/ip
mkdir -p build
cd build && aiecc.py --alloc-scheme=basic-sequential --aie-generate-xclbin --no-compile-host --xclbin-name=final_8192x1024x512_64x64x64_8c.xclbin \
			 \
			--aie-generate-npu-insts --npu-insts-name=insts_8192x1024x512_64x64x64_8c.txt ../build/aie_8192x1024x512_64x64x64_8c.mlir

Generating: /scratch/luisr/mlir-aie/programming_examples/basic/matrix_multiplication/whole_array/build/aie_8192x1024x512_64x64x64_8c.mlir.prj/aie_cdo_elfs.bin
Generating: /scratch/luisr/mlir-aie/programming_examples/basic/matrix_multiplication/whole_array/build/aie_8192x1024x512_64x64x64_8c.mlir.prj/aie_cdo_init.bin
Generating: /scratch/luisr/mlir-aie/programming_examples/basic/matrix_multiplication/whole_array/build/aie_8192x1024x512_64x64x64_8c.mlir.prj/aie_cdo_enable.bin
export XRT_HACK_UNSECURE_LOADING_XCLBIN=1 && \
 ./whole_array.exe -x build/final_8192x1024x512_64x64x64_8c.xclbin -i build/insts_8192x1024x512_64x64x64_8c.txt -k MLIR_AIE -M 8192 -K 1024 -N 512 --iters 40 --warmup 10 --verify 0 --b_col_maj 0

Avg NPU matmul time: 1894.18us.
Avg NPU gflops: 4534.92

Min NPU matmul time: 1884us.
Max NPU gflops: 4559.41

Max NPU matmul time: 1904us.
Min NPU gflops: 4511.52

PASS!

rm -rf tmpTrace parse*.json trace*json trace.txt
rm -rf build _build whole_array.exe
rm -rf _build
mkdir -p _build
cd _build &&  cmake -E env CXXFLAGS="-std=c++23 -ggdb -DDTYPE_IN=std::bfloat16_t -DDTYPE_OUT=std::bfloat16_t -DDTYPE_ACC=float" \
	cmake `echo /scratch/luisr/mlir-aie/programming_examples/basic/matrix_multiplication/whole_array/..` -D CMAKE_C_COMPILER=gcc-13 -D CMAKE_CXX_COMPILER=g++-13 -DTARGET_NAME=whole_array -Dsubdir=whole_array
-- The C compiler identification is GNU 13.3.0
-- The CXX compiler identification is GNU 13.3.0
-- Detecting C compiler ABI info
-- Detecting C compiler ABI info - done
-- Check for working C compiler: /usr/bin/gcc-13 - skipped
-- Detecting C compile features
-- Detecting C compile features - done
-- Detecting CXX compiler ABI info
-- Detecting CXX compiler ABI info - done
-- Check for working CXX compiler: /usr/bin/g++-13 - skipped
-- Detecting CXX compile features
-- Detecting CXX compile features - done
-- Configuring done (0.2s)
-- Generating done (0.0s)
-- Build files have been written to: /scratch/luisr/mlir-aie/programming_examples/basic/matrix_multiplication/whole_array/_build
cd _build &&  cmake --build . --config Release
gmake[1]: Entering directory '/scratch/luisr/mlir-aie/programming_examples/basic/matrix_multiplication/whole_array/_build'
gmake[2]: Entering directory '/scratch/luisr/mlir-aie/programming_examples/basic/matrix_multiplication/whole_array/_build'
gmake[3]: Entering directory '/scratch/luisr/mlir-aie/programming_examples/basic/matrix_multiplication/whole_array/_build'
gmake[3]: Leaving directory '/scratch/luisr/mlir-aie/programming_examples/basic/matrix_multiplication/whole_array/_build'
gmake[3]: Entering directory '/scratch/luisr/mlir-aie/programming_examples/basic/matrix_multiplication/whole_array/_build'
[ 33%] Building CXX object CMakeFiles/whole_array.dir/scratch/luisr/mlir-aie/runtime_lib/test_lib/test_utils.cpp.o
[ 66%] Building CXX object CMakeFiles/whole_array.dir/whole_array/test.cpp.o
[100%] Linking CXX executable whole_array
gmake[3]: Leaving directory '/scratch/luisr/mlir-aie/programming_examples/basic/matrix_multiplication/whole_array/_build'
[100%] Built target whole_array
gmake[2]: Leaving directory '/scratch/luisr/mlir-aie/programming_examples/basic/matrix_multiplication/whole_array/_build'
gmake[1]: Leaving directory '/scratch/luisr/mlir-aie/programming_examples/basic/matrix_multiplication/whole_array/_build'
cp _build/whole_array whole_array.exe 
mkdir -p build
python3 /scratch/luisr/mlir-aie/programming_examples/basic/matrix_multiplication/whole_array/whole_array.py -m 64 -k 64 -n 64 --n-aie-cols 8 --b-col-maj 0 --dev npu2 -M 8192 -K 1024 -N 1024 --dtype_in bf16 --dtype_out bf16 --emulate-bf16-mmul-with-bfp16 true --trace_size 0 > build/aie_8192x1024x1024_64x64x64_8c.mlir
mkdir -p build
cd build && xchesscc_wrapper aie2p -I /proj/xbuilds/2024.2_INT_1113_1001/installs/all_platforms/Vitis/2024.2/aietools/include  -Dbf16_bf16_ONLY -DDIM_M=64 -DDIM_K=64 -DDIM_N=64 -DAIE_API_EMULATE_BFLOAT16_MMUL_WITH_BFP16 -c /scratch/luisr/mlir-aie/programming_examples/basic/matrix_multiplication/whole_array/../../../../aie_kernels/aie2p/mm.cc -o mm_64x64x64.o
WARNING: Default location for XILINX_VIVADO_IP_OVERRIDE not found: /build/xfndry/IP_2024.2_INTEGRATION_VERIFIED/customer/vivado/data/ip
mkdir -p build
cd build && aiecc.py --alloc-scheme=basic-sequential --aie-generate-xclbin --no-compile-host --xclbin-name=final_8192x1024x1024_64x64x64_8c.xclbin \
			 \
			--aie-generate-npu-insts --npu-insts-name=insts_8192x1024x1024_64x64x64_8c.txt ../build/aie_8192x1024x1024_64x64x64_8c.mlir

Generating: /scratch/luisr/mlir-aie/programming_examples/basic/matrix_multiplication/whole_array/build/aie_8192x1024x1024_64x64x64_8c.mlir.prj/aie_cdo_elfs.bin
Generating: /scratch/luisr/mlir-aie/programming_examples/basic/matrix_multiplication/whole_array/build/aie_8192x1024x1024_64x64x64_8c.mlir.prj/aie_cdo_init.bin
Generating: /scratch/luisr/mlir-aie/programming_examples/basic/matrix_multiplication/whole_array/build/aie_8192x1024x1024_64x64x64_8c.mlir.prj/aie_cdo_enable.bin
export XRT_HACK_UNSECURE_LOADING_XCLBIN=1 && \
 ./whole_array.exe -x build/final_8192x1024x1024_64x64x64_8c.xclbin -i build/insts_8192x1024x1024_64x64x64_8c.txt -k MLIR_AIE -M 8192 -K 1024 -N 1024 --iters 40 --warmup 10 --verify 0 --b_col_maj 0

Avg NPU matmul time: 3885.98us.
Avg NPU gflops: 4420.99

Min NPU matmul time: 3678us.
Max NPU gflops: 4670.98

Max NPU matmul time: 5384us.
Min NPU gflops: 3190.91

PASS!

rm -rf tmpTrace parse*.json trace*json trace.txt
rm -rf build _build whole_array.exe
rm -rf _build
mkdir -p _build
cd _build &&  cmake -E env CXXFLAGS="-std=c++23 -ggdb -DDTYPE_IN=std::bfloat16_t -DDTYPE_OUT=std::bfloat16_t -DDTYPE_ACC=float" \
	cmake `echo /scratch/luisr/mlir-aie/programming_examples/basic/matrix_multiplication/whole_array/..` -D CMAKE_C_COMPILER=gcc-13 -D CMAKE_CXX_COMPILER=g++-13 -DTARGET_NAME=whole_array -Dsubdir=whole_array
-- The C compiler identification is GNU 13.3.0
-- The CXX compiler identification is GNU 13.3.0
-- Detecting C compiler ABI info
-- Detecting C compiler ABI info - done
-- Check for working C compiler: /usr/bin/gcc-13 - skipped
-- Detecting C compile features
-- Detecting C compile features - done
-- Detecting CXX compiler ABI info
-- Detecting CXX compiler ABI info - done
-- Check for working CXX compiler: /usr/bin/g++-13 - skipped
-- Detecting CXX compile features
-- Detecting CXX compile features - done
-- Configuring done (0.3s)
-- Generating done (0.0s)
-- Build files have been written to: /scratch/luisr/mlir-aie/programming_examples/basic/matrix_multiplication/whole_array/_build
cd _build &&  cmake --build . --config Release
gmake[1]: Entering directory '/scratch/luisr/mlir-aie/programming_examples/basic/matrix_multiplication/whole_array/_build'
gmake[2]: Entering directory '/scratch/luisr/mlir-aie/programming_examples/basic/matrix_multiplication/whole_array/_build'
gmake[3]: Entering directory '/scratch/luisr/mlir-aie/programming_examples/basic/matrix_multiplication/whole_array/_build'
gmake[3]: Leaving directory '/scratch/luisr/mlir-aie/programming_examples/basic/matrix_multiplication/whole_array/_build'
gmake[3]: Entering directory '/scratch/luisr/mlir-aie/programming_examples/basic/matrix_multiplication/whole_array/_build'
[ 33%] Building CXX object CMakeFiles/whole_array.dir/scratch/luisr/mlir-aie/runtime_lib/test_lib/test_utils.cpp.o
[ 66%] Building CXX object CMakeFiles/whole_array.dir/whole_array/test.cpp.o
[100%] Linking CXX executable whole_array
gmake[3]: Leaving directory '/scratch/luisr/mlir-aie/programming_examples/basic/matrix_multiplication/whole_array/_build'
[100%] Built target whole_array
gmake[2]: Leaving directory '/scratch/luisr/mlir-aie/programming_examples/basic/matrix_multiplication/whole_array/_build'
gmake[1]: Leaving directory '/scratch/luisr/mlir-aie/programming_examples/basic/matrix_multiplication/whole_array/_build'
cp _build/whole_array whole_array.exe 
mkdir -p build
python3 /scratch/luisr/mlir-aie/programming_examples/basic/matrix_multiplication/whole_array/whole_array.py -m 64 -k 64 -n 64 --n-aie-cols 8 --b-col-maj 0 --dev npu2 -M 8192 -K 1024 -N 4096 --dtype_in bf16 --dtype_out bf16 --emulate-bf16-mmul-with-bfp16 true --trace_size 0 > build/aie_8192x1024x4096_64x64x64_8c.mlir
mkdir -p build
cd build && xchesscc_wrapper aie2p -I /proj/xbuilds/2024.2_INT_1113_1001/installs/all_platforms/Vitis/2024.2/aietools/include  -Dbf16_bf16_ONLY -DDIM_M=64 -DDIM_K=64 -DDIM_N=64 -DAIE_API_EMULATE_BFLOAT16_MMUL_WITH_BFP16 -c /scratch/luisr/mlir-aie/programming_examples/basic/matrix_multiplication/whole_array/../../../../aie_kernels/aie2p/mm.cc -o mm_64x64x64.o
WARNING: Default location for XILINX_VIVADO_IP_OVERRIDE not found: /build/xfndry/IP_2024.2_INTEGRATION_VERIFIED/customer/vivado/data/ip
mkdir -p build
cd build && aiecc.py --alloc-scheme=basic-sequential --aie-generate-xclbin --no-compile-host --xclbin-name=final_8192x1024x4096_64x64x64_8c.xclbin \
			 \
			--aie-generate-npu-insts --npu-insts-name=insts_8192x1024x4096_64x64x64_8c.txt ../build/aie_8192x1024x4096_64x64x64_8c.mlir

Generating: /scratch/luisr/mlir-aie/programming_examples/basic/matrix_multiplication/whole_array/build/aie_8192x1024x4096_64x64x64_8c.mlir.prj/aie_cdo_elfs.bin
Generating: /scratch/luisr/mlir-aie/programming_examples/basic/matrix_multiplication/whole_array/build/aie_8192x1024x4096_64x64x64_8c.mlir.prj/aie_cdo_init.bin
Generating: /scratch/luisr/mlir-aie/programming_examples/basic/matrix_multiplication/whole_array/build/aie_8192x1024x4096_64x64x64_8c.mlir.prj/aie_cdo_enable.bin
export XRT_HACK_UNSECURE_LOADING_XCLBIN=1 && \
 ./whole_array.exe -x build/final_8192x1024x4096_64x64x64_8c.xclbin -i build/insts_8192x1024x4096_64x64x64_8c.txt -k MLIR_AIE -M 8192 -K 1024 -N 4096 --iters 40 --warmup 10 --verify 0 --b_col_maj 0

Avg NPU matmul time: 15539.2us.
Avg NPU gflops: 4422.32

Min NPU matmul time: 14711us.
Max NPU gflops: 4671.3

Max NPU matmul time: 16625us.
Min NPU gflops: 4133.5

PASS!

rm -rf tmpTrace parse*.json trace*json trace.txt
rm -rf build _build whole_array.exe
rm -rf _build
mkdir -p _build
cd _build &&  cmake -E env CXXFLAGS="-std=c++23 -ggdb -DDTYPE_IN=std::bfloat16_t -DDTYPE_OUT=std::bfloat16_t -DDTYPE_ACC=float" \
	cmake `echo /scratch/luisr/mlir-aie/programming_examples/basic/matrix_multiplication/whole_array/..` -D CMAKE_C_COMPILER=gcc-13 -D CMAKE_CXX_COMPILER=g++-13 -DTARGET_NAME=whole_array -Dsubdir=whole_array
-- The C compiler identification is GNU 13.3.0
-- The CXX compiler identification is GNU 13.3.0
-- Detecting C compiler ABI info
-- Detecting C compiler ABI info - done
-- Check for working C compiler: /usr/bin/gcc-13 - skipped
-- Detecting C compile features
-- Detecting C compile features - done
-- Detecting CXX compiler ABI info
-- Detecting CXX compiler ABI info - done
-- Check for working CXX compiler: /usr/bin/g++-13 - skipped
-- Detecting CXX compile features
-- Detecting CXX compile features - done
-- Configuring done (0.3s)
-- Generating done (0.0s)
-- Build files have been written to: /scratch/luisr/mlir-aie/programming_examples/basic/matrix_multiplication/whole_array/_build
cd _build &&  cmake --build . --config Release
gmake[1]: Entering directory '/scratch/luisr/mlir-aie/programming_examples/basic/matrix_multiplication/whole_array/_build'
gmake[2]: Entering directory '/scratch/luisr/mlir-aie/programming_examples/basic/matrix_multiplication/whole_array/_build'
gmake[3]: Entering directory '/scratch/luisr/mlir-aie/programming_examples/basic/matrix_multiplication/whole_array/_build'
gmake[3]: Leaving directory '/scratch/luisr/mlir-aie/programming_examples/basic/matrix_multiplication/whole_array/_build'
gmake[3]: Entering directory '/scratch/luisr/mlir-aie/programming_examples/basic/matrix_multiplication/whole_array/_build'
[ 33%] Building CXX object CMakeFiles/whole_array.dir/scratch/luisr/mlir-aie/runtime_lib/test_lib/test_utils.cpp.o
[ 66%] Building CXX object CMakeFiles/whole_array.dir/whole_array/test.cpp.o
[100%] Linking CXX executable whole_array
gmake[3]: Leaving directory '/scratch/luisr/mlir-aie/programming_examples/basic/matrix_multiplication/whole_array/_build'
[100%] Built target whole_array
gmake[2]: Leaving directory '/scratch/luisr/mlir-aie/programming_examples/basic/matrix_multiplication/whole_array/_build'
gmake[1]: Leaving directory '/scratch/luisr/mlir-aie/programming_examples/basic/matrix_multiplication/whole_array/_build'
cp _build/whole_array whole_array.exe 
mkdir -p build
python3 /scratch/luisr/mlir-aie/programming_examples/basic/matrix_multiplication/whole_array/whole_array.py -m 64 -k 64 -n 64 --n-aie-cols 8 --b-col-maj 0 --dev npu2 -M 8192 -K 1024 -N 8192 --dtype_in bf16 --dtype_out bf16 --emulate-bf16-mmul-with-bfp16 true --trace_size 0 > build/aie_8192x1024x8192_64x64x64_8c.mlir
mkdir -p build
cd build && xchesscc_wrapper aie2p -I /proj/xbuilds/2024.2_INT_1113_1001/installs/all_platforms/Vitis/2024.2/aietools/include  -Dbf16_bf16_ONLY -DDIM_M=64 -DDIM_K=64 -DDIM_N=64 -DAIE_API_EMULATE_BFLOAT16_MMUL_WITH_BFP16 -c /scratch/luisr/mlir-aie/programming_examples/basic/matrix_multiplication/whole_array/../../../../aie_kernels/aie2p/mm.cc -o mm_64x64x64.o
WARNING: Default location for XILINX_VIVADO_IP_OVERRIDE not found: /build/xfndry/IP_2024.2_INTEGRATION_VERIFIED/customer/vivado/data/ip
mkdir -p build
cd build && aiecc.py --alloc-scheme=basic-sequential --aie-generate-xclbin --no-compile-host --xclbin-name=final_8192x1024x8192_64x64x64_8c.xclbin \
			 \
			--aie-generate-npu-insts --npu-insts-name=insts_8192x1024x8192_64x64x64_8c.txt ../build/aie_8192x1024x8192_64x64x64_8c.mlir

Generating: /scratch/luisr/mlir-aie/programming_examples/basic/matrix_multiplication/whole_array/build/aie_8192x1024x8192_64x64x64_8c.mlir.prj/aie_cdo_elfs.bin
Generating: /scratch/luisr/mlir-aie/programming_examples/basic/matrix_multiplication/whole_array/build/aie_8192x1024x8192_64x64x64_8c.mlir.prj/aie_cdo_init.bin
Generating: /scratch/luisr/mlir-aie/programming_examples/basic/matrix_multiplication/whole_array/build/aie_8192x1024x8192_64x64x64_8c.mlir.prj/aie_cdo_enable.bin
export XRT_HACK_UNSECURE_LOADING_XCLBIN=1 && \
 ./whole_array.exe -x build/final_8192x1024x8192_64x64x64_8c.xclbin -i build/insts_8192x1024x8192_64x64x64_8c.txt -k MLIR_AIE -M 8192 -K 1024 -N 8192 --iters 40 --warmup 10 --verify 0 --b_col_maj 0

Avg NPU matmul time: 32121.2us.
Avg NPU gflops: 4278.76

Min NPU matmul time: 30281us.
Max NPU gflops: 4538.79

Max NPU matmul time: 34225us.
Min NPU gflops: 4015.75

PASS!

rm -rf tmpTrace parse*.json trace*json trace.txt
rm -rf build _build whole_array.exe
rm -rf _build
mkdir -p _build
cd _build &&  cmake -E env CXXFLAGS="-std=c++23 -ggdb -DDTYPE_IN=std::bfloat16_t -DDTYPE_OUT=std::bfloat16_t -DDTYPE_ACC=float" \
	cmake `echo /scratch/luisr/mlir-aie/programming_examples/basic/matrix_multiplication/whole_array/..` -D CMAKE_C_COMPILER=gcc-13 -D CMAKE_CXX_COMPILER=g++-13 -DTARGET_NAME=whole_array -Dsubdir=whole_array
-- The C compiler identification is GNU 13.3.0
-- The CXX compiler identification is GNU 13.3.0
-- Detecting C compiler ABI info
-- Detecting C compiler ABI info - done
-- Check for working C compiler: /usr/bin/gcc-13 - skipped
-- Detecting C compile features
-- Detecting C compile features - done
-- Detecting CXX compiler ABI info
-- Detecting CXX compiler ABI info - done
-- Check for working CXX compiler: /usr/bin/g++-13 - skipped
-- Detecting CXX compile features
-- Detecting CXX compile features - done
-- Configuring done (0.3s)
-- Generating done (0.0s)
-- Build files have been written to: /scratch/luisr/mlir-aie/programming_examples/basic/matrix_multiplication/whole_array/_build
cd _build &&  cmake --build . --config Release
gmake[1]: Entering directory '/scratch/luisr/mlir-aie/programming_examples/basic/matrix_multiplication/whole_array/_build'
gmake[2]: Entering directory '/scratch/luisr/mlir-aie/programming_examples/basic/matrix_multiplication/whole_array/_build'
gmake[3]: Entering directory '/scratch/luisr/mlir-aie/programming_examples/basic/matrix_multiplication/whole_array/_build'
gmake[3]: Leaving directory '/scratch/luisr/mlir-aie/programming_examples/basic/matrix_multiplication/whole_array/_build'
gmake[3]: Entering directory '/scratch/luisr/mlir-aie/programming_examples/basic/matrix_multiplication/whole_array/_build'
[ 33%] Building CXX object CMakeFiles/whole_array.dir/scratch/luisr/mlir-aie/runtime_lib/test_lib/test_utils.cpp.o
[ 66%] Building CXX object CMakeFiles/whole_array.dir/whole_array/test.cpp.o
[100%] Linking CXX executable whole_array
gmake[3]: Leaving directory '/scratch/luisr/mlir-aie/programming_examples/basic/matrix_multiplication/whole_array/_build'
[100%] Built target whole_array
gmake[2]: Leaving directory '/scratch/luisr/mlir-aie/programming_examples/basic/matrix_multiplication/whole_array/_build'
gmake[1]: Leaving directory '/scratch/luisr/mlir-aie/programming_examples/basic/matrix_multiplication/whole_array/_build'
cp _build/whole_array whole_array.exe 
mkdir -p build
python3 /scratch/luisr/mlir-aie/programming_examples/basic/matrix_multiplication/whole_array/whole_array.py -m 64 -k 64 -n 64 --n-aie-cols 8 --b-col-maj 0 --dev npu2 -M 8192 -K 4096 -N 512 --dtype_in bf16 --dtype_out bf16 --emulate-bf16-mmul-with-bfp16 true --trace_size 0 > build/aie_8192x4096x512_64x64x64_8c.mlir
mkdir -p build
cd build && xchesscc_wrapper aie2p -I /proj/xbuilds/2024.2_INT_1113_1001/installs/all_platforms/Vitis/2024.2/aietools/include  -Dbf16_bf16_ONLY -DDIM_M=64 -DDIM_K=64 -DDIM_N=64 -DAIE_API_EMULATE_BFLOAT16_MMUL_WITH_BFP16 -c /scratch/luisr/mlir-aie/programming_examples/basic/matrix_multiplication/whole_array/../../../../aie_kernels/aie2p/mm.cc -o mm_64x64x64.o
WARNING: Default location for XILINX_VIVADO_IP_OVERRIDE not found: /build/xfndry/IP_2024.2_INTEGRATION_VERIFIED/customer/vivado/data/ip
mkdir -p build
cd build && aiecc.py --alloc-scheme=basic-sequential --aie-generate-xclbin --no-compile-host --xclbin-name=final_8192x4096x512_64x64x64_8c.xclbin \
			 \
			--aie-generate-npu-insts --npu-insts-name=insts_8192x4096x512_64x64x64_8c.txt ../build/aie_8192x4096x512_64x64x64_8c.mlir

Generating: /scratch/luisr/mlir-aie/programming_examples/basic/matrix_multiplication/whole_array/build/aie_8192x4096x512_64x64x64_8c.mlir.prj/aie_cdo_elfs.bin
Generating: /scratch/luisr/mlir-aie/programming_examples/basic/matrix_multiplication/whole_array/build/aie_8192x4096x512_64x64x64_8c.mlir.prj/aie_cdo_init.bin
Generating: /scratch/luisr/mlir-aie/programming_examples/basic/matrix_multiplication/whole_array/build/aie_8192x4096x512_64x64x64_8c.mlir.prj/aie_cdo_enable.bin
export XRT_HACK_UNSECURE_LOADING_XCLBIN=1 && \
 ./whole_array.exe -x build/final_8192x4096x512_64x64x64_8c.xclbin -i build/insts_8192x4096x512_64x64x64_8c.txt -k MLIR_AIE -M 8192 -K 4096 -N 512 --iters 40 --warmup 10 --verify 0 --b_col_maj 0

Avg NPU matmul time: 7866.98us.
Avg NPU gflops: 4367.59

Min NPU matmul time: 7177us.
Max NPU gflops: 4787.48

Max NPU matmul time: 9137us.
Min NPU gflops: 3760.51

PASS!

rm -rf tmpTrace parse*.json trace*json trace.txt
rm -rf build _build whole_array.exe
rm -rf _build
mkdir -p _build
cd _build &&  cmake -E env CXXFLAGS="-std=c++23 -ggdb -DDTYPE_IN=std::bfloat16_t -DDTYPE_OUT=std::bfloat16_t -DDTYPE_ACC=float" \
	cmake `echo /scratch/luisr/mlir-aie/programming_examples/basic/matrix_multiplication/whole_array/..` -D CMAKE_C_COMPILER=gcc-13 -D CMAKE_CXX_COMPILER=g++-13 -DTARGET_NAME=whole_array -Dsubdir=whole_array
-- The C compiler identification is GNU 13.3.0
-- The CXX compiler identification is GNU 13.3.0
-- Detecting C compiler ABI info
-- Detecting C compiler ABI info - done
-- Check for working C compiler: /usr/bin/gcc-13 - skipped
-- Detecting C compile features
-- Detecting C compile features - done
-- Detecting CXX compiler ABI info
-- Detecting CXX compiler ABI info - done
-- Check for working CXX compiler: /usr/bin/g++-13 - skipped
-- Detecting CXX compile features
-- Detecting CXX compile features - done
-- Configuring done (0.3s)
-- Generating done (0.0s)
-- Build files have been written to: /scratch/luisr/mlir-aie/programming_examples/basic/matrix_multiplication/whole_array/_build
cd _build &&  cmake --build . --config Release
gmake[1]: Entering directory '/scratch/luisr/mlir-aie/programming_examples/basic/matrix_multiplication/whole_array/_build'
gmake[2]: Entering directory '/scratch/luisr/mlir-aie/programming_examples/basic/matrix_multiplication/whole_array/_build'
gmake[3]: Entering directory '/scratch/luisr/mlir-aie/programming_examples/basic/matrix_multiplication/whole_array/_build'
gmake[3]: Leaving directory '/scratch/luisr/mlir-aie/programming_examples/basic/matrix_multiplication/whole_array/_build'
gmake[3]: Entering directory '/scratch/luisr/mlir-aie/programming_examples/basic/matrix_multiplication/whole_array/_build'
[ 33%] Building CXX object CMakeFiles/whole_array.dir/scratch/luisr/mlir-aie/runtime_lib/test_lib/test_utils.cpp.o
[ 66%] Building CXX object CMakeFiles/whole_array.dir/whole_array/test.cpp.o
[100%] Linking CXX executable whole_array
gmake[3]: Leaving directory '/scratch/luisr/mlir-aie/programming_examples/basic/matrix_multiplication/whole_array/_build'
[100%] Built target whole_array
gmake[2]: Leaving directory '/scratch/luisr/mlir-aie/programming_examples/basic/matrix_multiplication/whole_array/_build'
gmake[1]: Leaving directory '/scratch/luisr/mlir-aie/programming_examples/basic/matrix_multiplication/whole_array/_build'
cp _build/whole_array whole_array.exe 
mkdir -p build
python3 /scratch/luisr/mlir-aie/programming_examples/basic/matrix_multiplication/whole_array/whole_array.py -m 64 -k 64 -n 64 --n-aie-cols 8 --b-col-maj 0 --dev npu2 -M 8192 -K 4096 -N 1024 --dtype_in bf16 --dtype_out bf16 --emulate-bf16-mmul-with-bfp16 true --trace_size 0 > build/aie_8192x4096x1024_64x64x64_8c.mlir
mkdir -p build
cd build && xchesscc_wrapper aie2p -I /proj/xbuilds/2024.2_INT_1113_1001/installs/all_platforms/Vitis/2024.2/aietools/include  -Dbf16_bf16_ONLY -DDIM_M=64 -DDIM_K=64 -DDIM_N=64 -DAIE_API_EMULATE_BFLOAT16_MMUL_WITH_BFP16 -c /scratch/luisr/mlir-aie/programming_examples/basic/matrix_multiplication/whole_array/../../../../aie_kernels/aie2p/mm.cc -o mm_64x64x64.o
WARNING: Default location for XILINX_VIVADO_IP_OVERRIDE not found: /build/xfndry/IP_2024.2_INTEGRATION_VERIFIED/customer/vivado/data/ip
mkdir -p build
cd build && aiecc.py --alloc-scheme=basic-sequential --aie-generate-xclbin --no-compile-host --xclbin-name=final_8192x4096x1024_64x64x64_8c.xclbin \
			 \
			--aie-generate-npu-insts --npu-insts-name=insts_8192x4096x1024_64x64x64_8c.txt ../build/aie_8192x4096x1024_64x64x64_8c.mlir

Generating: /scratch/luisr/mlir-aie/programming_examples/basic/matrix_multiplication/whole_array/build/aie_8192x4096x1024_64x64x64_8c.mlir.prj/aie_cdo_elfs.bin
Generating: /scratch/luisr/mlir-aie/programming_examples/basic/matrix_multiplication/whole_array/build/aie_8192x4096x1024_64x64x64_8c.mlir.prj/aie_cdo_init.bin
Generating: /scratch/luisr/mlir-aie/programming_examples/basic/matrix_multiplication/whole_array/build/aie_8192x4096x1024_64x64x64_8c.mlir.prj/aie_cdo_enable.bin
export XRT_HACK_UNSECURE_LOADING_XCLBIN=1 && \
 ./whole_array.exe -x build/final_8192x4096x1024_64x64x64_8c.xclbin -i build/insts_8192x4096x1024_64x64x64_8c.txt -k MLIR_AIE -M 8192 -K 4096 -N 1024 --iters 40 --warmup 10 --verify 0 --b_col_maj 0

Avg NPU matmul time: 15063.7us.
Avg NPU gflops: 4561.93

Min NPU matmul time: 14243us.
Max NPU gflops: 4824.79

Max NPU matmul time: 15600us.
Min NPU gflops: 4405.09

PASS!

rm -rf tmpTrace parse*.json trace*json trace.txt
rm -rf build _build whole_array.exe
rm -rf _build
mkdir -p _build
cd _build &&  cmake -E env CXXFLAGS="-std=c++23 -ggdb -DDTYPE_IN=std::bfloat16_t -DDTYPE_OUT=std::bfloat16_t -DDTYPE_ACC=float" \
	cmake `echo /scratch/luisr/mlir-aie/programming_examples/basic/matrix_multiplication/whole_array/..` -D CMAKE_C_COMPILER=gcc-13 -D CMAKE_CXX_COMPILER=g++-13 -DTARGET_NAME=whole_array -Dsubdir=whole_array
-- The C compiler identification is GNU 13.3.0
-- The CXX compiler identification is GNU 13.3.0
-- Detecting C compiler ABI info
-- Detecting C compiler ABI info - done
-- Check for working C compiler: /usr/bin/gcc-13 - skipped
-- Detecting C compile features
-- Detecting C compile features - done
-- Detecting CXX compiler ABI info
-- Detecting CXX compiler ABI info - done
-- Check for working CXX compiler: /usr/bin/g++-13 - skipped
-- Detecting CXX compile features
-- Detecting CXX compile features - done
-- Configuring done (0.3s)
-- Generating done (0.0s)
-- Build files have been written to: /scratch/luisr/mlir-aie/programming_examples/basic/matrix_multiplication/whole_array/_build
cd _build &&  cmake --build . --config Release
gmake[1]: Entering directory '/scratch/luisr/mlir-aie/programming_examples/basic/matrix_multiplication/whole_array/_build'
gmake[2]: Entering directory '/scratch/luisr/mlir-aie/programming_examples/basic/matrix_multiplication/whole_array/_build'
gmake[3]: Entering directory '/scratch/luisr/mlir-aie/programming_examples/basic/matrix_multiplication/whole_array/_build'
gmake[3]: Leaving directory '/scratch/luisr/mlir-aie/programming_examples/basic/matrix_multiplication/whole_array/_build'
gmake[3]: Entering directory '/scratch/luisr/mlir-aie/programming_examples/basic/matrix_multiplication/whole_array/_build'
[ 33%] Building CXX object CMakeFiles/whole_array.dir/scratch/luisr/mlir-aie/runtime_lib/test_lib/test_utils.cpp.o
[ 66%] Building CXX object CMakeFiles/whole_array.dir/whole_array/test.cpp.o
[100%] Linking CXX executable whole_array
gmake[3]: Leaving directory '/scratch/luisr/mlir-aie/programming_examples/basic/matrix_multiplication/whole_array/_build'
[100%] Built target whole_array
gmake[2]: Leaving directory '/scratch/luisr/mlir-aie/programming_examples/basic/matrix_multiplication/whole_array/_build'
gmake[1]: Leaving directory '/scratch/luisr/mlir-aie/programming_examples/basic/matrix_multiplication/whole_array/_build'
cp _build/whole_array whole_array.exe 
mkdir -p build
python3 /scratch/luisr/mlir-aie/programming_examples/basic/matrix_multiplication/whole_array/whole_array.py -m 64 -k 64 -n 64 --n-aie-cols 8 --b-col-maj 0 --dev npu2 -M 8192 -K 4096 -N 4096 --dtype_in bf16 --dtype_out bf16 --emulate-bf16-mmul-with-bfp16 true --trace_size 0 > build/aie_8192x4096x4096_64x64x64_8c.mlir
mkdir -p build
cd build && xchesscc_wrapper aie2p -I /proj/xbuilds/2024.2_INT_1113_1001/installs/all_platforms/Vitis/2024.2/aietools/include  -Dbf16_bf16_ONLY -DDIM_M=64 -DDIM_K=64 -DDIM_N=64 -DAIE_API_EMULATE_BFLOAT16_MMUL_WITH_BFP16 -c /scratch/luisr/mlir-aie/programming_examples/basic/matrix_multiplication/whole_array/../../../../aie_kernels/aie2p/mm.cc -o mm_64x64x64.o
WARNING: Default location for XILINX_VIVADO_IP_OVERRIDE not found: /build/xfndry/IP_2024.2_INTEGRATION_VERIFIED/customer/vivado/data/ip
mkdir -p build
cd build && aiecc.py --alloc-scheme=basic-sequential --aie-generate-xclbin --no-compile-host --xclbin-name=final_8192x4096x4096_64x64x64_8c.xclbin \
			 \
			--aie-generate-npu-insts --npu-insts-name=insts_8192x4096x4096_64x64x64_8c.txt ../build/aie_8192x4096x4096_64x64x64_8c.mlir

Generating: /scratch/luisr/mlir-aie/programming_examples/basic/matrix_multiplication/whole_array/build/aie_8192x4096x4096_64x64x64_8c.mlir.prj/aie_cdo_elfs.bin
Generating: /scratch/luisr/mlir-aie/programming_examples/basic/matrix_multiplication/whole_array/build/aie_8192x4096x4096_64x64x64_8c.mlir.prj/aie_cdo_init.bin
Generating: /scratch/luisr/mlir-aie/programming_examples/basic/matrix_multiplication/whole_array/build/aie_8192x4096x4096_64x64x64_8c.mlir.prj/aie_cdo_enable.bin
export XRT_HACK_UNSECURE_LOADING_XCLBIN=1 && \
 ./whole_array.exe -x build/final_8192x4096x4096_64x64x64_8c.xclbin -i build/insts_8192x4096x4096_64x64x64_8c.txt -k MLIR_AIE -M 8192 -K 4096 -N 4096 --iters 40 --warmup 10 --verify 0 --b_col_maj 0

Avg NPU matmul time: 60194.3us.
Avg NPU gflops: 4566.51

Min NPU matmul time: 59236us.
Max NPU gflops: 4640.39

Max NPU matmul time: 61447us.
Min NPU gflops: 4473.41

PASS!

rm -rf tmpTrace parse*.json trace*json trace.txt
rm -rf build _build whole_array.exe
rm -rf _build
mkdir -p _build
cd _build &&  cmake -E env CXXFLAGS="-std=c++23 -ggdb -DDTYPE_IN=std::bfloat16_t -DDTYPE_OUT=std::bfloat16_t -DDTYPE_ACC=float" \
	cmake `echo /scratch/luisr/mlir-aie/programming_examples/basic/matrix_multiplication/whole_array/..` -D CMAKE_C_COMPILER=gcc-13 -D CMAKE_CXX_COMPILER=g++-13 -DTARGET_NAME=whole_array -Dsubdir=whole_array
-- The C compiler identification is GNU 13.3.0
-- The CXX compiler identification is GNU 13.3.0
-- Detecting C compiler ABI info
-- Detecting C compiler ABI info - done
-- Check for working C compiler: /usr/bin/gcc-13 - skipped
-- Detecting C compile features
-- Detecting C compile features - done
-- Detecting CXX compiler ABI info
-- Detecting CXX compiler ABI info - done
-- Check for working CXX compiler: /usr/bin/g++-13 - skipped
-- Detecting CXX compile features
-- Detecting CXX compile features - done
-- Configuring done (0.3s)
-- Generating done (0.0s)
-- Build files have been written to: /scratch/luisr/mlir-aie/programming_examples/basic/matrix_multiplication/whole_array/_build
cd _build &&  cmake --build . --config Release
gmake[1]: Entering directory '/scratch/luisr/mlir-aie/programming_examples/basic/matrix_multiplication/whole_array/_build'
gmake[2]: Entering directory '/scratch/luisr/mlir-aie/programming_examples/basic/matrix_multiplication/whole_array/_build'
gmake[3]: Entering directory '/scratch/luisr/mlir-aie/programming_examples/basic/matrix_multiplication/whole_array/_build'
gmake[3]: Leaving directory '/scratch/luisr/mlir-aie/programming_examples/basic/matrix_multiplication/whole_array/_build'
gmake[3]: Entering directory '/scratch/luisr/mlir-aie/programming_examples/basic/matrix_multiplication/whole_array/_build'
[ 33%] Building CXX object CMakeFiles/whole_array.dir/scratch/luisr/mlir-aie/runtime_lib/test_lib/test_utils.cpp.o
[ 66%] Building CXX object CMakeFiles/whole_array.dir/whole_array/test.cpp.o
[100%] Linking CXX executable whole_array
gmake[3]: Leaving directory '/scratch/luisr/mlir-aie/programming_examples/basic/matrix_multiplication/whole_array/_build'
[100%] Built target whole_array
gmake[2]: Leaving directory '/scratch/luisr/mlir-aie/programming_examples/basic/matrix_multiplication/whole_array/_build'
gmake[1]: Leaving directory '/scratch/luisr/mlir-aie/programming_examples/basic/matrix_multiplication/whole_array/_build'
cp _build/whole_array whole_array.exe 
mkdir -p build
python3 /scratch/luisr/mlir-aie/programming_examples/basic/matrix_multiplication/whole_array/whole_array.py -m 64 -k 64 -n 64 --n-aie-cols 8 --b-col-maj 0 --dev npu2 -M 8192 -K 4096 -N 8192 --dtype_in bf16 --dtype_out bf16 --emulate-bf16-mmul-with-bfp16 true --trace_size 0 > build/aie_8192x4096x8192_64x64x64_8c.mlir
mkdir -p build
cd build && xchesscc_wrapper aie2p -I /proj/xbuilds/2024.2_INT_1113_1001/installs/all_platforms/Vitis/2024.2/aietools/include  -Dbf16_bf16_ONLY -DDIM_M=64 -DDIM_K=64 -DDIM_N=64 -DAIE_API_EMULATE_BFLOAT16_MMUL_WITH_BFP16 -c /scratch/luisr/mlir-aie/programming_examples/basic/matrix_multiplication/whole_array/../../../../aie_kernels/aie2p/mm.cc -o mm_64x64x64.o
WARNING: Default location for XILINX_VIVADO_IP_OVERRIDE not found: /build/xfndry/IP_2024.2_INTEGRATION_VERIFIED/customer/vivado/data/ip
mkdir -p build
cd build && aiecc.py --alloc-scheme=basic-sequential --aie-generate-xclbin --no-compile-host --xclbin-name=final_8192x4096x8192_64x64x64_8c.xclbin \
			 \
			--aie-generate-npu-insts --npu-insts-name=insts_8192x4096x8192_64x64x64_8c.txt ../build/aie_8192x4096x8192_64x64x64_8c.mlir

Generating: /scratch/luisr/mlir-aie/programming_examples/basic/matrix_multiplication/whole_array/build/aie_8192x4096x8192_64x64x64_8c.mlir.prj/aie_cdo_elfs.bin
Generating: /scratch/luisr/mlir-aie/programming_examples/basic/matrix_multiplication/whole_array/build/aie_8192x4096x8192_64x64x64_8c.mlir.prj/aie_cdo_init.bin
Generating: /scratch/luisr/mlir-aie/programming_examples/basic/matrix_multiplication/whole_array/build/aie_8192x4096x8192_64x64x64_8c.mlir.prj/aie_cdo_enable.bin
export XRT_HACK_UNSECURE_LOADING_XCLBIN=1 && \
 ./whole_array.exe -x build/final_8192x4096x8192_64x64x64_8c.xclbin -i build/insts_8192x4096x8192_64x64x64_8c.txt -k MLIR_AIE -M 8192 -K 4096 -N 8192 --iters 40 --warmup 10 --verify 0 --b_col_maj 0

Avg NPU matmul time: 138276us.
Avg NPU gflops: 3975.79

Min NPU matmul time: 121525us.
Max NPU gflops: 4523.81

Max NPU matmul time: 157088us.
Min NPU gflops: 3499.67

PASS!

rm -rf tmpTrace parse*.json trace*json trace.txt
rm -rf build _build whole_array.exe
rm -rf _build
mkdir -p _build
cd _build &&  cmake -E env CXXFLAGS="-std=c++23 -ggdb -DDTYPE_IN=std::bfloat16_t -DDTYPE_OUT=std::bfloat16_t -DDTYPE_ACC=float" \
	cmake `echo /scratch/luisr/mlir-aie/programming_examples/basic/matrix_multiplication/whole_array/..` -D CMAKE_C_COMPILER=gcc-13 -D CMAKE_CXX_COMPILER=g++-13 -DTARGET_NAME=whole_array -Dsubdir=whole_array
-- The C compiler identification is GNU 13.3.0
-- The CXX compiler identification is GNU 13.3.0
-- Detecting C compiler ABI info
-- Detecting C compiler ABI info - done
-- Check for working C compiler: /usr/bin/gcc-13 - skipped
-- Detecting C compile features
-- Detecting C compile features - done
-- Detecting CXX compiler ABI info
-- Detecting CXX compiler ABI info - done
-- Check for working CXX compiler: /usr/bin/g++-13 - skipped
-- Detecting CXX compile features
-- Detecting CXX compile features - done
-- Configuring done (0.3s)
-- Generating done (0.0s)
-- Build files have been written to: /scratch/luisr/mlir-aie/programming_examples/basic/matrix_multiplication/whole_array/_build
cd _build &&  cmake --build . --config Release
gmake[1]: Entering directory '/scratch/luisr/mlir-aie/programming_examples/basic/matrix_multiplication/whole_array/_build'
gmake[2]: Entering directory '/scratch/luisr/mlir-aie/programming_examples/basic/matrix_multiplication/whole_array/_build'
gmake[3]: Entering directory '/scratch/luisr/mlir-aie/programming_examples/basic/matrix_multiplication/whole_array/_build'
gmake[3]: Leaving directory '/scratch/luisr/mlir-aie/programming_examples/basic/matrix_multiplication/whole_array/_build'
gmake[3]: Entering directory '/scratch/luisr/mlir-aie/programming_examples/basic/matrix_multiplication/whole_array/_build'
[ 33%] Building CXX object CMakeFiles/whole_array.dir/scratch/luisr/mlir-aie/runtime_lib/test_lib/test_utils.cpp.o
[ 66%] Building CXX object CMakeFiles/whole_array.dir/whole_array/test.cpp.o
[100%] Linking CXX executable whole_array
gmake[3]: Leaving directory '/scratch/luisr/mlir-aie/programming_examples/basic/matrix_multiplication/whole_array/_build'
[100%] Built target whole_array
gmake[2]: Leaving directory '/scratch/luisr/mlir-aie/programming_examples/basic/matrix_multiplication/whole_array/_build'
gmake[1]: Leaving directory '/scratch/luisr/mlir-aie/programming_examples/basic/matrix_multiplication/whole_array/_build'
cp _build/whole_array whole_array.exe 
mkdir -p build
python3 /scratch/luisr/mlir-aie/programming_examples/basic/matrix_multiplication/whole_array/whole_array.py -m 64 -k 64 -n 64 --n-aie-cols 8 --b-col-maj 0 --dev npu2 -M 8192 -K 6144 -N 512 --dtype_in bf16 --dtype_out bf16 --emulate-bf16-mmul-with-bfp16 true --trace_size 0 > build/aie_8192x6144x512_64x64x64_8c.mlir
mkdir -p build
cd build && xchesscc_wrapper aie2p -I /proj/xbuilds/2024.2_INT_1113_1001/installs/all_platforms/Vitis/2024.2/aietools/include  -Dbf16_bf16_ONLY -DDIM_M=64 -DDIM_K=64 -DDIM_N=64 -DAIE_API_EMULATE_BFLOAT16_MMUL_WITH_BFP16 -c /scratch/luisr/mlir-aie/programming_examples/basic/matrix_multiplication/whole_array/../../../../aie_kernels/aie2p/mm.cc -o mm_64x64x64.o
WARNING: Default location for XILINX_VIVADO_IP_OVERRIDE not found: /build/xfndry/IP_2024.2_INTEGRATION_VERIFIED/customer/vivado/data/ip
mkdir -p build
cd build && aiecc.py --alloc-scheme=basic-sequential --aie-generate-xclbin --no-compile-host --xclbin-name=final_8192x6144x512_64x64x64_8c.xclbin \
			 \
			--aie-generate-npu-insts --npu-insts-name=insts_8192x6144x512_64x64x64_8c.txt ../build/aie_8192x6144x512_64x64x64_8c.mlir

Generating: /scratch/luisr/mlir-aie/programming_examples/basic/matrix_multiplication/whole_array/build/aie_8192x6144x512_64x64x64_8c.mlir.prj/aie_cdo_elfs.bin
Generating: /scratch/luisr/mlir-aie/programming_examples/basic/matrix_multiplication/whole_array/build/aie_8192x6144x512_64x64x64_8c.mlir.prj/aie_cdo_init.bin
Generating: /scratch/luisr/mlir-aie/programming_examples/basic/matrix_multiplication/whole_array/build/aie_8192x6144x512_64x64x64_8c.mlir.prj/aie_cdo_enable.bin
export XRT_HACK_UNSECURE_LOADING_XCLBIN=1 && \
 ./whole_array.exe -x build/final_8192x6144x512_64x64x64_8c.xclbin -i build/insts_8192x6144x512_64x64x64_8c.txt -k MLIR_AIE -M 8192 -K 6144 -N 512 --iters 40 --warmup 10 --verify 0 --b_col_maj 0

Avg NPU matmul time: 11268.5us.
Avg NPU gflops: 4573.77

Min NPU matmul time: 10634us.
Max NPU gflops: 4846.68

Max NPU matmul time: 12429us.
Min NPU gflops: 4146.72

PASS!

rm -rf tmpTrace parse*.json trace*json trace.txt
rm -rf build _build whole_array.exe
rm -rf _build
mkdir -p _build
cd _build &&  cmake -E env CXXFLAGS="-std=c++23 -ggdb -DDTYPE_IN=std::bfloat16_t -DDTYPE_OUT=std::bfloat16_t -DDTYPE_ACC=float" \
	cmake `echo /scratch/luisr/mlir-aie/programming_examples/basic/matrix_multiplication/whole_array/..` -D CMAKE_C_COMPILER=gcc-13 -D CMAKE_CXX_COMPILER=g++-13 -DTARGET_NAME=whole_array -Dsubdir=whole_array
-- The C compiler identification is GNU 13.3.0
-- The CXX compiler identification is GNU 13.3.0
-- Detecting C compiler ABI info
-- Detecting C compiler ABI info - done
-- Check for working C compiler: /usr/bin/gcc-13 - skipped
-- Detecting C compile features
-- Detecting C compile features - done
-- Detecting CXX compiler ABI info
-- Detecting CXX compiler ABI info - done
-- Check for working CXX compiler: /usr/bin/g++-13 - skipped
-- Detecting CXX compile features
-- Detecting CXX compile features - done
-- Configuring done (0.3s)
-- Generating done (0.0s)
-- Build files have been written to: /scratch/luisr/mlir-aie/programming_examples/basic/matrix_multiplication/whole_array/_build
cd _build &&  cmake --build . --config Release
gmake[1]: Entering directory '/scratch/luisr/mlir-aie/programming_examples/basic/matrix_multiplication/whole_array/_build'
gmake[2]: Entering directory '/scratch/luisr/mlir-aie/programming_examples/basic/matrix_multiplication/whole_array/_build'
gmake[3]: Entering directory '/scratch/luisr/mlir-aie/programming_examples/basic/matrix_multiplication/whole_array/_build'
gmake[3]: Leaving directory '/scratch/luisr/mlir-aie/programming_examples/basic/matrix_multiplication/whole_array/_build'
gmake[3]: Entering directory '/scratch/luisr/mlir-aie/programming_examples/basic/matrix_multiplication/whole_array/_build'
[ 33%] Building CXX object CMakeFiles/whole_array.dir/scratch/luisr/mlir-aie/runtime_lib/test_lib/test_utils.cpp.o
[ 66%] Building CXX object CMakeFiles/whole_array.dir/whole_array/test.cpp.o
[100%] Linking CXX executable whole_array
gmake[3]: Leaving directory '/scratch/luisr/mlir-aie/programming_examples/basic/matrix_multiplication/whole_array/_build'
[100%] Built target whole_array
gmake[2]: Leaving directory '/scratch/luisr/mlir-aie/programming_examples/basic/matrix_multiplication/whole_array/_build'
gmake[1]: Leaving directory '/scratch/luisr/mlir-aie/programming_examples/basic/matrix_multiplication/whole_array/_build'
cp _build/whole_array whole_array.exe 
mkdir -p build
python3 /scratch/luisr/mlir-aie/programming_examples/basic/matrix_multiplication/whole_array/whole_array.py -m 64 -k 64 -n 64 --n-aie-cols 8 --b-col-maj 0 --dev npu2 -M 8192 -K 6144 -N 1024 --dtype_in bf16 --dtype_out bf16 --emulate-bf16-mmul-with-bfp16 true --trace_size 0 > build/aie_8192x6144x1024_64x64x64_8c.mlir
mkdir -p build
cd build && xchesscc_wrapper aie2p -I /proj/xbuilds/2024.2_INT_1113_1001/installs/all_platforms/Vitis/2024.2/aietools/include  -Dbf16_bf16_ONLY -DDIM_M=64 -DDIM_K=64 -DDIM_N=64 -DAIE_API_EMULATE_BFLOAT16_MMUL_WITH_BFP16 -c /scratch/luisr/mlir-aie/programming_examples/basic/matrix_multiplication/whole_array/../../../../aie_kernels/aie2p/mm.cc -o mm_64x64x64.o
WARNING: Default location for XILINX_VIVADO_IP_OVERRIDE not found: /build/xfndry/IP_2024.2_INTEGRATION_VERIFIED/customer/vivado/data/ip
mkdir -p build
cd build && aiecc.py --alloc-scheme=basic-sequential --aie-generate-xclbin --no-compile-host --xclbin-name=final_8192x6144x1024_64x64x64_8c.xclbin \
			 \
			--aie-generate-npu-insts --npu-insts-name=insts_8192x6144x1024_64x64x64_8c.txt ../build/aie_8192x6144x1024_64x64x64_8c.mlir

Generating: /scratch/luisr/mlir-aie/programming_examples/basic/matrix_multiplication/whole_array/build/aie_8192x6144x1024_64x64x64_8c.mlir.prj/aie_cdo_elfs.bin
Generating: /scratch/luisr/mlir-aie/programming_examples/basic/matrix_multiplication/whole_array/build/aie_8192x6144x1024_64x64x64_8c.mlir.prj/aie_cdo_init.bin
Generating: /scratch/luisr/mlir-aie/programming_examples/basic/matrix_multiplication/whole_array/build/aie_8192x6144x1024_64x64x64_8c.mlir.prj/aie_cdo_enable.bin
export XRT_HACK_UNSECURE_LOADING_XCLBIN=1 && \
 ./whole_array.exe -x build/final_8192x6144x1024_64x64x64_8c.xclbin -i build/insts_8192x6144x1024_64x64x64_8c.txt -k MLIR_AIE -M 8192 -K 6144 -N 1024 --iters 40 --warmup 10 --verify 0 --b_col_maj 0

Avg NPU matmul time: 21618.3us.
Avg NPU gflops: 4768.15

Min NPU matmul time: 21211us.
Max NPU gflops: 4859.71

Max NPU matmul time: 22322us.
Min NPU gflops: 4617.83

PASS!

rm -rf tmpTrace parse*.json trace*json trace.txt
rm -rf build _build whole_array.exe
rm -rf _build
mkdir -p _build
cd _build &&  cmake -E env CXXFLAGS="-std=c++23 -ggdb -DDTYPE_IN=std::bfloat16_t -DDTYPE_OUT=std::bfloat16_t -DDTYPE_ACC=float" \
	cmake `echo /scratch/luisr/mlir-aie/programming_examples/basic/matrix_multiplication/whole_array/..` -D CMAKE_C_COMPILER=gcc-13 -D CMAKE_CXX_COMPILER=g++-13 -DTARGET_NAME=whole_array -Dsubdir=whole_array
-- The C compiler identification is GNU 13.3.0
-- The CXX compiler identification is GNU 13.3.0
-- Detecting C compiler ABI info
-- Detecting C compiler ABI info - done
-- Check for working C compiler: /usr/bin/gcc-13 - skipped
-- Detecting C compile features
-- Detecting C compile features - done
-- Detecting CXX compiler ABI info
-- Detecting CXX compiler ABI info - done
-- Check for working CXX compiler: /usr/bin/g++-13 - skipped
-- Detecting CXX compile features
-- Detecting CXX compile features - done
-- Configuring done (0.3s)
-- Generating done (0.0s)
-- Build files have been written to: /scratch/luisr/mlir-aie/programming_examples/basic/matrix_multiplication/whole_array/_build
cd _build &&  cmake --build . --config Release
gmake[1]: Entering directory '/scratch/luisr/mlir-aie/programming_examples/basic/matrix_multiplication/whole_array/_build'
gmake[2]: Entering directory '/scratch/luisr/mlir-aie/programming_examples/basic/matrix_multiplication/whole_array/_build'
gmake[3]: Entering directory '/scratch/luisr/mlir-aie/programming_examples/basic/matrix_multiplication/whole_array/_build'
gmake[3]: Leaving directory '/scratch/luisr/mlir-aie/programming_examples/basic/matrix_multiplication/whole_array/_build'
gmake[3]: Entering directory '/scratch/luisr/mlir-aie/programming_examples/basic/matrix_multiplication/whole_array/_build'
[ 33%] Building CXX object CMakeFiles/whole_array.dir/scratch/luisr/mlir-aie/runtime_lib/test_lib/test_utils.cpp.o
[ 66%] Building CXX object CMakeFiles/whole_array.dir/whole_array/test.cpp.o
[100%] Linking CXX executable whole_array
gmake[3]: Leaving directory '/scratch/luisr/mlir-aie/programming_examples/basic/matrix_multiplication/whole_array/_build'
[100%] Built target whole_array
gmake[2]: Leaving directory '/scratch/luisr/mlir-aie/programming_examples/basic/matrix_multiplication/whole_array/_build'
gmake[1]: Leaving directory '/scratch/luisr/mlir-aie/programming_examples/basic/matrix_multiplication/whole_array/_build'
cp _build/whole_array whole_array.exe 
mkdir -p build
python3 /scratch/luisr/mlir-aie/programming_examples/basic/matrix_multiplication/whole_array/whole_array.py -m 64 -k 64 -n 64 --n-aie-cols 8 --b-col-maj 0 --dev npu2 -M 8192 -K 6144 -N 4096 --dtype_in bf16 --dtype_out bf16 --emulate-bf16-mmul-with-bfp16 true --trace_size 0 > build/aie_8192x6144x4096_64x64x64_8c.mlir
mkdir -p build
cd build && xchesscc_wrapper aie2p -I /proj/xbuilds/2024.2_INT_1113_1001/installs/all_platforms/Vitis/2024.2/aietools/include  -Dbf16_bf16_ONLY -DDIM_M=64 -DDIM_K=64 -DDIM_N=64 -DAIE_API_EMULATE_BFLOAT16_MMUL_WITH_BFP16 -c /scratch/luisr/mlir-aie/programming_examples/basic/matrix_multiplication/whole_array/../../../../aie_kernels/aie2p/mm.cc -o mm_64x64x64.o
WARNING: Default location for XILINX_VIVADO_IP_OVERRIDE not found: /build/xfndry/IP_2024.2_INTEGRATION_VERIFIED/customer/vivado/data/ip
mkdir -p build
cd build && aiecc.py --alloc-scheme=basic-sequential --aie-generate-xclbin --no-compile-host --xclbin-name=final_8192x6144x4096_64x64x64_8c.xclbin \
			 \
			--aie-generate-npu-insts --npu-insts-name=insts_8192x6144x4096_64x64x64_8c.txt ../build/aie_8192x6144x4096_64x64x64_8c.mlir

Generating: /scratch/luisr/mlir-aie/programming_examples/basic/matrix_multiplication/whole_array/build/aie_8192x6144x4096_64x64x64_8c.mlir.prj/aie_cdo_elfs.bin
Generating: /scratch/luisr/mlir-aie/programming_examples/basic/matrix_multiplication/whole_array/build/aie_8192x6144x4096_64x64x64_8c.mlir.prj/aie_cdo_init.bin
Generating: /scratch/luisr/mlir-aie/programming_examples/basic/matrix_multiplication/whole_array/build/aie_8192x6144x4096_64x64x64_8c.mlir.prj/aie_cdo_enable.bin
export XRT_HACK_UNSECURE_LOADING_XCLBIN=1 && \
 ./whole_array.exe -x build/final_8192x6144x4096_64x64x64_8c.xclbin -i build/insts_8192x6144x4096_64x64x64_8c.txt -k MLIR_AIE -M 8192 -K 6144 -N 4096 --iters 40 --warmup 10 --verify 0 --b_col_maj 0

Avg NPU matmul time: 92274.1us.
Avg NPU gflops: 4468.39

Min NPU matmul time: 88734us.
Max NPU gflops: 4646.66

Max NPU matmul time: 95628us.
Min NPU gflops: 4311.67

PASS!

rm -rf tmpTrace parse*.json trace*json trace.txt
rm -rf build _build whole_array.exe
rm -rf _build
mkdir -p _build
cd _build &&  cmake -E env CXXFLAGS="-std=c++23 -ggdb -DDTYPE_IN=std::bfloat16_t -DDTYPE_OUT=std::bfloat16_t -DDTYPE_ACC=float" \
	cmake `echo /scratch/luisr/mlir-aie/programming_examples/basic/matrix_multiplication/whole_array/..` -D CMAKE_C_COMPILER=gcc-13 -D CMAKE_CXX_COMPILER=g++-13 -DTARGET_NAME=whole_array -Dsubdir=whole_array
-- The C compiler identification is GNU 13.3.0
-- The CXX compiler identification is GNU 13.3.0
-- Detecting C compiler ABI info
-- Detecting C compiler ABI info - done
-- Check for working C compiler: /usr/bin/gcc-13 - skipped
-- Detecting C compile features
-- Detecting C compile features - done
-- Detecting CXX compiler ABI info
-- Detecting CXX compiler ABI info - done
-- Check for working CXX compiler: /usr/bin/g++-13 - skipped
-- Detecting CXX compile features
-- Detecting CXX compile features - done
-- Configuring done (0.3s)
-- Generating done (0.0s)
-- Build files have been written to: /scratch/luisr/mlir-aie/programming_examples/basic/matrix_multiplication/whole_array/_build
cd _build &&  cmake --build . --config Release
gmake[1]: Entering directory '/scratch/luisr/mlir-aie/programming_examples/basic/matrix_multiplication/whole_array/_build'
gmake[2]: Entering directory '/scratch/luisr/mlir-aie/programming_examples/basic/matrix_multiplication/whole_array/_build'
gmake[3]: Entering directory '/scratch/luisr/mlir-aie/programming_examples/basic/matrix_multiplication/whole_array/_build'
gmake[3]: Leaving directory '/scratch/luisr/mlir-aie/programming_examples/basic/matrix_multiplication/whole_array/_build'
gmake[3]: Entering directory '/scratch/luisr/mlir-aie/programming_examples/basic/matrix_multiplication/whole_array/_build'
[ 33%] Building CXX object CMakeFiles/whole_array.dir/scratch/luisr/mlir-aie/runtime_lib/test_lib/test_utils.cpp.o
[ 66%] Building CXX object CMakeFiles/whole_array.dir/whole_array/test.cpp.o
[100%] Linking CXX executable whole_array
gmake[3]: Leaving directory '/scratch/luisr/mlir-aie/programming_examples/basic/matrix_multiplication/whole_array/_build'
[100%] Built target whole_array
gmake[2]: Leaving directory '/scratch/luisr/mlir-aie/programming_examples/basic/matrix_multiplication/whole_array/_build'
gmake[1]: Leaving directory '/scratch/luisr/mlir-aie/programming_examples/basic/matrix_multiplication/whole_array/_build'
cp _build/whole_array whole_array.exe 
mkdir -p build
python3 /scratch/luisr/mlir-aie/programming_examples/basic/matrix_multiplication/whole_array/whole_array.py -m 64 -k 64 -n 64 --n-aie-cols 8 --b-col-maj 0 --dev npu2 -M 8192 -K 6144 -N 8192 --dtype_in bf16 --dtype_out bf16 --emulate-bf16-mmul-with-bfp16 true --trace_size 0 > build/aie_8192x6144x8192_64x64x64_8c.mlir
mkdir -p build
cd build && xchesscc_wrapper aie2p -I /proj/xbuilds/2024.2_INT_1113_1001/installs/all_platforms/Vitis/2024.2/aietools/include  -Dbf16_bf16_ONLY -DDIM_M=64 -DDIM_K=64 -DDIM_N=64 -DAIE_API_EMULATE_BFLOAT16_MMUL_WITH_BFP16 -c /scratch/luisr/mlir-aie/programming_examples/basic/matrix_multiplication/whole_array/../../../../aie_kernels/aie2p/mm.cc -o mm_64x64x64.o
WARNING: Default location for XILINX_VIVADO_IP_OVERRIDE not found: /build/xfndry/IP_2024.2_INTEGRATION_VERIFIED/customer/vivado/data/ip
mkdir -p build
cd build && aiecc.py --alloc-scheme=basic-sequential --aie-generate-xclbin --no-compile-host --xclbin-name=final_8192x6144x8192_64x64x64_8c.xclbin \
			 \
			--aie-generate-npu-insts --npu-insts-name=insts_8192x6144x8192_64x64x64_8c.txt ../build/aie_8192x6144x8192_64x64x64_8c.mlir

Generating: /scratch/luisr/mlir-aie/programming_examples/basic/matrix_multiplication/whole_array/build/aie_8192x6144x8192_64x64x64_8c.mlir.prj/aie_cdo_elfs.bin
Generating: /scratch/luisr/mlir-aie/programming_examples/basic/matrix_multiplication/whole_array/build/aie_8192x6144x8192_64x64x64_8c.mlir.prj/aie_cdo_init.bin
Generating: /scratch/luisr/mlir-aie/programming_examples/basic/matrix_multiplication/whole_array/build/aie_8192x6144x8192_64x64x64_8c.mlir.prj/aie_cdo_enable.bin
export XRT_HACK_UNSECURE_LOADING_XCLBIN=1 && \
 ./whole_array.exe -x build/final_8192x6144x8192_64x64x64_8c.xclbin -i build/insts_8192x6144x8192_64x64x64_8c.txt -k MLIR_AIE -M 8192 -K 6144 -N 8192 --iters 40 --warmup 10 --verify 0 --b_col_maj 0

Avg NPU matmul time: 207828us.
Avg NPU gflops: 3967.86

Min NPU matmul time: 184278us.
Max NPU gflops: 4474.94

Max NPU matmul time: 238839us.
Min NPU gflops: 3452.68

PASS!

