XILINX_LOC=/proj/xbuilds/2024.2_INT_daily_latest/installs/lin64/Vitis/2024.2
SHELL=/bin/csh
MYXILINX_VER=2024.2
HISTCONTROL=ignoreboth:erasedups
TERM_PROGRAM_VERSION=3.4
GROUP=newhiredefaultgrp
MACHTYPE=x86_64
TMUX=/tmp/tmux-50093633/default,2175750,0
AIETOOLS_ROOT=/proj/xbuilds/2024.2_INT_daily_latest/installs/lin64/Vitis/2024.2/aietools
XILINX_XRT=/opt/xilinx/xrt
n_aie_cols=8
PWD=/scratch/luisr/mlir-aie/programming_examples/basic/block_datatypes/matrix_multiplication/whole_array
LOGNAME=lromeror
NPU2=1
XDG_SESSION_TYPE=tty
MLIR_AIE_INSTALL_DIR=/scratch/luisr/mlir-aie/install
n=64
m=64
k=64
HOME=/home/lromeror
LANG=en_US.UTF-8
PEANO_INSTALL_DIR=/scratch/luisr/mlir-aie/ironenv/lib/python3.12/site-packages/llvm-aie
VIRTUAL_ENV=/scratch/luisr/mlir-aie/ironenv
OSTYPE=linux
SSH_CONNECTION=172.21.39.59 54406 172.20.10.58 22
XDG_SESSION_CLASS=user
PYTHONPATH=/scratch/luisr/mlir-aie/install/python:/opt/xilinx/xrt/python:/scratch/luisr/mlir-aie/install/python:/opt/xilinx/xrt/python
TERM=tmux-256color
HOST=xcoradaie213
USER=lromeror
use_chess=1
TMUX_PANE=%0
SHLVL=3
XDG_SESSION_ID=2023
VIRTUAL_ENV_PROMPT=(ironenv) 
LM_LICENSE_FILE=2100@aiengine
LD_LIBRARY_PATH=/scratch/luisr/mlir-aie/install/lib:/opt/xilinx/xrt/lib:/scratch/luisr/mlir-aie/install/lib:/opt/xilinx/xrt/lib
XDG_RUNTIME_DIR=/run/user/50093633
MYXILINX_BASE=/proj/xbuilds/2024.2_INT_daily_latest
dtype_out=bfp16
SSH_CLIENT=172.21.39.59 54406 22
NLSPATH=/usr/share/locale/%L/LC_MESSAGES/%N.cat:/usr/share/locale/%l/LC_MESSAGES/%N.cat
VENDOR=unknown
PATH=/scratch/luisr/mlir-aie/install/bin:/scratch/luisr/mlir-aie/ironenv/bin:/opt/xilinx/xrt/bin:/scratch/luisr/mlir-aie/install/bin:/scratch/luisr/mlir-aie/ironenv/bin:/opt/xilinx/xrt/bin:/usr/local/sbin:/usr/local/bin:/usr/sbin:/usr/bin:/sbin:/bin:/usr/games:/usr/local/games:/snap/bin:/proj/xbuilds/2024.2_INT_daily_latest/installs/lin64/Vitis/2024.2/aietools/bin:/proj/xbuilds/2024.2_INT_daily_latest/installs/lin64/Vitis/2024.2/bin:/proj/xbuilds/2024.2_INT_daily_latest/installs/lin64/Vitis/2024.2/aietools/bin:/proj/xbuilds/2024.2_INT_daily_latest/installs/lin64/Vitis/2024.2/bin
dtype_in=bfp16
DBUS_SESSION_BUS_ADDRESS=unix:path=/run/user/50093633/bus
opt_perf=0
SSH_TTY=/dev/pts/1
HOSTTYPE=x86_64-linux
REMOTEHOST=172.21.39.59
OLDPWD=/scratch/luisr/mlir-aie/programming_examples/basic/block_datatypes/matrix_multiplication
runargs=--iters 40 --warmup 10 --verify 0
TERM_PROGRAM=tmux
_=/usr/bin/env
##===- Makefile -----------------------------------------------------------===##
# 
# This file licensed under the Apache License v2.0 with LLVM Exceptions.
# See https://llvm.org/LICENSE.txt for license information.
# SPDX-License-Identifier: Apache-2.0 WITH LLVM-exception
#
# Copyright (C) 2025, Advanced Micro Devices, Inc.
# 
##===----------------------------------------------------------------------===##

srcdir := $(shell dirname $(realpath $(firstword $(MAKEFILE_LIST))))
subdir=${srcdir}
targetname=whole_array
devicename=npu2
kernelsrc:= $(firstword $(wildcard ${srcdir}/../*mm.cc))
hostsrc := $(firstword $(wildcard ${srcdir}/../*bfp_test.cpp))

n_aie_cols?=4
aieargs+=--n-aie-cols ${n_aie_cols}

# M, K, N: final GEMM dimensions
M?=512
K?=512
N?=512

# m, k, n: single AIE core GEMM dimensions
m?=64
k?=64
n?=64

include ${srcdir}/../makefile_common
rm -rf build _build whole_array.exe
rm -rf _build
mkdir -p _build
cd _build &&  cmake -E env CXXFLAGS="-std=c++23 -ggdb -DDTYPE_IN= -DDTYPE_OUT= -DDTYPE_ACC=" \
	cmake `echo /scratch/luisr/mlir-aie/programming_examples/basic/block_datatypes/matrix_multiplication/whole_array/..` -D CMAKE_C_COMPILER=gcc-13 -D CMAKE_CXX_COMPILER=g++-13 -DTARGET_NAME=whole_array -Dhostsrc=/scratch/luisr/mlir-aie/programming_examples/basic/block_datatypes/matrix_multiplication/whole_array/../bfp_test.cpp
CMake Deprecation Warning at CMakeLists.txt:13 (cmake_minimum_required):
  Compatibility with CMake < 3.10 will be removed from a future version of
  CMake.

  Update the VERSION argument <min> value.  Or, use the <min>...<max> syntax
  to tell CMake that the project requires at least <min> but has been updated
  to work with policies introduced by <max> or earlier.


-- The C compiler identification is GNU 13.3.0
-- The CXX compiler identification is GNU 13.3.0
-- Detecting C compiler ABI info
-- Detecting C compiler ABI info - done
-- Check for working C compiler: /usr/bin/gcc-13 - skipped
-- Detecting C compile features
-- Detecting C compile features - done
-- Detecting CXX compiler ABI info
-- Detecting CXX compiler ABI info - done
-- Check for working CXX compiler: /usr/bin/g++-13 - skipped
-- Detecting CXX compile features
-- Detecting CXX compile features - done
-- Configuring done (0.3s)
-- Generating done (0.0s)
-- Build files have been written to: /scratch/luisr/mlir-aie/programming_examples/basic/block_datatypes/matrix_multiplication/whole_array/_build
cd _build &&  cmake --build . --config Release
gmake[1]: Entering directory '/scratch/luisr/mlir-aie/programming_examples/basic/block_datatypes/matrix_multiplication/whole_array/_build'
gmake[2]: Entering directory '/scratch/luisr/mlir-aie/programming_examples/basic/block_datatypes/matrix_multiplication/whole_array/_build'
gmake[3]: Entering directory '/scratch/luisr/mlir-aie/programming_examples/basic/block_datatypes/matrix_multiplication/whole_array/_build'
gmake[3]: Leaving directory '/scratch/luisr/mlir-aie/programming_examples/basic/block_datatypes/matrix_multiplication/whole_array/_build'
gmake[3]: Entering directory '/scratch/luisr/mlir-aie/programming_examples/basic/block_datatypes/matrix_multiplication/whole_array/_build'
[ 33%] Building CXX object CMakeFiles/whole_array.dir/bfp_test.cpp.o
[ 66%] Building CXX object CMakeFiles/whole_array.dir/scratch/luisr/mlir-aie/runtime_lib/test_lib/test_utils.cpp.o
[100%] Linking CXX executable whole_array
gmake[3]: Leaving directory '/scratch/luisr/mlir-aie/programming_examples/basic/block_datatypes/matrix_multiplication/whole_array/_build'
[100%] Built target whole_array
gmake[2]: Leaving directory '/scratch/luisr/mlir-aie/programming_examples/basic/block_datatypes/matrix_multiplication/whole_array/_build'
gmake[1]: Leaving directory '/scratch/luisr/mlir-aie/programming_examples/basic/block_datatypes/matrix_multiplication/whole_array/_build'
cp _build/whole_array whole_array.exe 
mkdir -p build
python3 /scratch/luisr/mlir-aie/programming_examples/basic/block_datatypes/matrix_multiplication/whole_array/whole_array.py --n-aie-cols 8 -m 64 -k 64 -n 64 -M 512 -K 512 -N 512 > build/aie_512x512x512_64x64x64.mlir
mkdir -p build
cd build && xchesscc_wrapper aie2p -I /proj/xbuilds/2024.2_INT_1113_1001/installs/all_platforms/Vitis/2024.2/aietools/include  -DDIM_M=64 -DDIM_K=64 -DDIM_N=64 -c /scratch/luisr/mlir-aie/programming_examples/basic/block_datatypes/matrix_multiplication/whole_array/../mm.cc -o mm_64x64x64.o
WARNING: Default location for XILINX_VIVADO_IP_OVERRIDE not found: /build/xfndry/IP_2024.2_INTEGRATION_VERIFIED/customer/vivado/data/ip
mkdir -p build
cd build && aiecc.py --alloc-scheme= --aie-generate-xclbin --no-compile-host --xclbin-name=final_512x512x512_64x64x64.xclbin \
			 --dynamic-objFifos \
			--aie-generate-npu-insts --npu-insts-name=insts_512x512x512_64x64x64.txt ../build/aie_512x512x512_64x64x64.mlir

Generating: /scratch/luisr/mlir-aie/programming_examples/basic/block_datatypes/matrix_multiplication/whole_array/build/aie_512x512x512_64x64x64.mlir.prj/aie_cdo_elfs.bin
Generating: /scratch/luisr/mlir-aie/programming_examples/basic/block_datatypes/matrix_multiplication/whole_array/build/aie_512x512x512_64x64x64.mlir.prj/aie_cdo_init.bin
Generating: /scratch/luisr/mlir-aie/programming_examples/basic/block_datatypes/matrix_multiplication/whole_array/build/aie_512x512x512_64x64x64.mlir.prj/aie_cdo_enable.bin
export XRT_HACK_UNSECURE_LOADING_XCLBIN=1 && \
 ./whole_array.exe -x build/final_512x512x512_64x64x64.xclbin -i build/insts_512x512x512_64x64x64.txt -k MLIR_AIE -M 512 -K 512 -N 512 -w 64 -y 64 -z 64 --iters 40 --warmup 10 --verify 0

Avg NPU matmul time: 138.4us.
Avg NPU gflops: 1939.56

Min NPU matmul time: 131us.
Max NPU gflops: 2049.13

Max NPU matmul time: 145us.
Min NPU gflops: 1851.28

Shuffle time: 2011us.

PASS!

rm -rf build _build whole_array.exe
rm -rf _build
mkdir -p _build
cd _build &&  cmake -E env CXXFLAGS="-std=c++23 -ggdb -DDTYPE_IN= -DDTYPE_OUT= -DDTYPE_ACC=" \
	cmake `echo /scratch/luisr/mlir-aie/programming_examples/basic/block_datatypes/matrix_multiplication/whole_array/..` -D CMAKE_C_COMPILER=gcc-13 -D CMAKE_CXX_COMPILER=g++-13 -DTARGET_NAME=whole_array -Dhostsrc=/scratch/luisr/mlir-aie/programming_examples/basic/block_datatypes/matrix_multiplication/whole_array/../bfp_test.cpp
CMake Deprecation Warning at CMakeLists.txt:13 (cmake_minimum_required):
  Compatibility with CMake < 3.10 will be removed from a future version of
  CMake.

  Update the VERSION argument <min> value.  Or, use the <min>...<max> syntax
  to tell CMake that the project requires at least <min> but has been updated
  to work with policies introduced by <max> or earlier.


-- The C compiler identification is GNU 13.3.0
-- The CXX compiler identification is GNU 13.3.0
-- Detecting C compiler ABI info
-- Detecting C compiler ABI info - done
-- Check for working C compiler: /usr/bin/gcc-13 - skipped
-- Detecting C compile features
-- Detecting C compile features - done
-- Detecting CXX compiler ABI info
-- Detecting CXX compiler ABI info - done
-- Check for working CXX compiler: /usr/bin/g++-13 - skipped
-- Detecting CXX compile features
-- Detecting CXX compile features - done
-- Configuring done (0.2s)
-- Generating done (0.0s)
-- Build files have been written to: /scratch/luisr/mlir-aie/programming_examples/basic/block_datatypes/matrix_multiplication/whole_array/_build
cd _build &&  cmake --build . --config Release
gmake[1]: Entering directory '/scratch/luisr/mlir-aie/programming_examples/basic/block_datatypes/matrix_multiplication/whole_array/_build'
gmake[2]: Entering directory '/scratch/luisr/mlir-aie/programming_examples/basic/block_datatypes/matrix_multiplication/whole_array/_build'
gmake[3]: Entering directory '/scratch/luisr/mlir-aie/programming_examples/basic/block_datatypes/matrix_multiplication/whole_array/_build'
gmake[3]: Leaving directory '/scratch/luisr/mlir-aie/programming_examples/basic/block_datatypes/matrix_multiplication/whole_array/_build'
gmake[3]: Entering directory '/scratch/luisr/mlir-aie/programming_examples/basic/block_datatypes/matrix_multiplication/whole_array/_build'
[ 33%] Building CXX object CMakeFiles/whole_array.dir/bfp_test.cpp.o
[ 66%] Building CXX object CMakeFiles/whole_array.dir/scratch/luisr/mlir-aie/runtime_lib/test_lib/test_utils.cpp.o
[100%] Linking CXX executable whole_array
gmake[3]: Leaving directory '/scratch/luisr/mlir-aie/programming_examples/basic/block_datatypes/matrix_multiplication/whole_array/_build'
[100%] Built target whole_array
gmake[2]: Leaving directory '/scratch/luisr/mlir-aie/programming_examples/basic/block_datatypes/matrix_multiplication/whole_array/_build'
gmake[1]: Leaving directory '/scratch/luisr/mlir-aie/programming_examples/basic/block_datatypes/matrix_multiplication/whole_array/_build'
cp _build/whole_array whole_array.exe 
mkdir -p build
python3 /scratch/luisr/mlir-aie/programming_examples/basic/block_datatypes/matrix_multiplication/whole_array/whole_array.py --n-aie-cols 8 -m 64 -k 64 -n 64 -M 512 -K 512 -N 1024 > build/aie_512x512x1024_64x64x64.mlir
mkdir -p build
cd build && xchesscc_wrapper aie2p -I /proj/xbuilds/2024.2_INT_1113_1001/installs/all_platforms/Vitis/2024.2/aietools/include  -DDIM_M=64 -DDIM_K=64 -DDIM_N=64 -c /scratch/luisr/mlir-aie/programming_examples/basic/block_datatypes/matrix_multiplication/whole_array/../mm.cc -o mm_64x64x64.o
WARNING: Default location for XILINX_VIVADO_IP_OVERRIDE not found: /build/xfndry/IP_2024.2_INTEGRATION_VERIFIED/customer/vivado/data/ip
mkdir -p build
cd build && aiecc.py --alloc-scheme= --aie-generate-xclbin --no-compile-host --xclbin-name=final_512x512x1024_64x64x64.xclbin \
			 --dynamic-objFifos \
			--aie-generate-npu-insts --npu-insts-name=insts_512x512x1024_64x64x64.txt ../build/aie_512x512x1024_64x64x64.mlir

Generating: /scratch/luisr/mlir-aie/programming_examples/basic/block_datatypes/matrix_multiplication/whole_array/build/aie_512x512x1024_64x64x64.mlir.prj/aie_cdo_elfs.bin
Generating: /scratch/luisr/mlir-aie/programming_examples/basic/block_datatypes/matrix_multiplication/whole_array/build/aie_512x512x1024_64x64x64.mlir.prj/aie_cdo_init.bin
Generating: /scratch/luisr/mlir-aie/programming_examples/basic/block_datatypes/matrix_multiplication/whole_array/build/aie_512x512x1024_64x64x64.mlir.prj/aie_cdo_enable.bin
export XRT_HACK_UNSECURE_LOADING_XCLBIN=1 && \
 ./whole_array.exe -x build/final_512x512x1024_64x64x64.xclbin -i build/insts_512x512x1024_64x64x64.txt -k MLIR_AIE -M 512 -K 512 -N 1024 -w 64 -y 64 -z 64 --iters 40 --warmup 10 --verify 0

Avg NPU matmul time: 175.15us.
Avg NPU gflops: 3065.21

Min NPU matmul time: 169us.
Max NPU gflops: 3176.75

Max NPU matmul time: 191us.
Min NPU gflops: 2810.84

Shuffle time: 3784us.

PASS!

rm -rf build _build whole_array.exe
rm -rf _build
mkdir -p _build
cd _build &&  cmake -E env CXXFLAGS="-std=c++23 -ggdb -DDTYPE_IN= -DDTYPE_OUT= -DDTYPE_ACC=" \
	cmake `echo /scratch/luisr/mlir-aie/programming_examples/basic/block_datatypes/matrix_multiplication/whole_array/..` -D CMAKE_C_COMPILER=gcc-13 -D CMAKE_CXX_COMPILER=g++-13 -DTARGET_NAME=whole_array -Dhostsrc=/scratch/luisr/mlir-aie/programming_examples/basic/block_datatypes/matrix_multiplication/whole_array/../bfp_test.cpp
CMake Deprecation Warning at CMakeLists.txt:13 (cmake_minimum_required):
  Compatibility with CMake < 3.10 will be removed from a future version of
  CMake.

  Update the VERSION argument <min> value.  Or, use the <min>...<max> syntax
  to tell CMake that the project requires at least <min> but has been updated
  to work with policies introduced by <max> or earlier.


-- The C compiler identification is GNU 13.3.0
-- The CXX compiler identification is GNU 13.3.0
-- Detecting C compiler ABI info
-- Detecting C compiler ABI info - done
-- Check for working C compiler: /usr/bin/gcc-13 - skipped
-- Detecting C compile features
-- Detecting C compile features - done
-- Detecting CXX compiler ABI info
-- Detecting CXX compiler ABI info - done
-- Check for working CXX compiler: /usr/bin/g++-13 - skipped
-- Detecting CXX compile features
-- Detecting CXX compile features - done
-- Configuring done (0.3s)
-- Generating done (0.0s)
-- Build files have been written to: /scratch/luisr/mlir-aie/programming_examples/basic/block_datatypes/matrix_multiplication/whole_array/_build
cd _build &&  cmake --build . --config Release
gmake[1]: Entering directory '/scratch/luisr/mlir-aie/programming_examples/basic/block_datatypes/matrix_multiplication/whole_array/_build'
gmake[2]: Entering directory '/scratch/luisr/mlir-aie/programming_examples/basic/block_datatypes/matrix_multiplication/whole_array/_build'
gmake[3]: Entering directory '/scratch/luisr/mlir-aie/programming_examples/basic/block_datatypes/matrix_multiplication/whole_array/_build'
gmake[3]: Leaving directory '/scratch/luisr/mlir-aie/programming_examples/basic/block_datatypes/matrix_multiplication/whole_array/_build'
gmake[3]: Entering directory '/scratch/luisr/mlir-aie/programming_examples/basic/block_datatypes/matrix_multiplication/whole_array/_build'
[ 33%] Building CXX object CMakeFiles/whole_array.dir/bfp_test.cpp.o
[ 66%] Building CXX object CMakeFiles/whole_array.dir/scratch/luisr/mlir-aie/runtime_lib/test_lib/test_utils.cpp.o
[100%] Linking CXX executable whole_array
gmake[3]: Leaving directory '/scratch/luisr/mlir-aie/programming_examples/basic/block_datatypes/matrix_multiplication/whole_array/_build'
[100%] Built target whole_array
gmake[2]: Leaving directory '/scratch/luisr/mlir-aie/programming_examples/basic/block_datatypes/matrix_multiplication/whole_array/_build'
gmake[1]: Leaving directory '/scratch/luisr/mlir-aie/programming_examples/basic/block_datatypes/matrix_multiplication/whole_array/_build'
cp _build/whole_array whole_array.exe 
mkdir -p build
python3 /scratch/luisr/mlir-aie/programming_examples/basic/block_datatypes/matrix_multiplication/whole_array/whole_array.py --n-aie-cols 8 -m 64 -k 64 -n 64 -M 512 -K 512 -N 4096 > build/aie_512x512x4096_64x64x64.mlir
mkdir -p build
cd build && xchesscc_wrapper aie2p -I /proj/xbuilds/2024.2_INT_1113_1001/installs/all_platforms/Vitis/2024.2/aietools/include  -DDIM_M=64 -DDIM_K=64 -DDIM_N=64 -c /scratch/luisr/mlir-aie/programming_examples/basic/block_datatypes/matrix_multiplication/whole_array/../mm.cc -o mm_64x64x64.o
WARNING: Default location for XILINX_VIVADO_IP_OVERRIDE not found: /build/xfndry/IP_2024.2_INTEGRATION_VERIFIED/customer/vivado/data/ip
mkdir -p build
cd build && aiecc.py --alloc-scheme= --aie-generate-xclbin --no-compile-host --xclbin-name=final_512x512x4096_64x64x64.xclbin \
			 --dynamic-objFifos \
			--aie-generate-npu-insts --npu-insts-name=insts_512x512x4096_64x64x64.txt ../build/aie_512x512x4096_64x64x64.mlir

Generating: /scratch/luisr/mlir-aie/programming_examples/basic/block_datatypes/matrix_multiplication/whole_array/build/aie_512x512x4096_64x64x64.mlir.prj/aie_cdo_elfs.bin
Generating: /scratch/luisr/mlir-aie/programming_examples/basic/block_datatypes/matrix_multiplication/whole_array/build/aie_512x512x4096_64x64x64.mlir.prj/aie_cdo_init.bin
Generating: /scratch/luisr/mlir-aie/programming_examples/basic/block_datatypes/matrix_multiplication/whole_array/build/aie_512x512x4096_64x64x64.mlir.prj/aie_cdo_enable.bin
export XRT_HACK_UNSECURE_LOADING_XCLBIN=1 && \
 ./whole_array.exe -x build/final_512x512x4096_64x64x64.xclbin -i build/insts_512x512x4096_64x64x64.txt -k MLIR_AIE -M 512 -K 512 -N 4096 -w 64 -y 64 -z 64 --iters 40 --warmup 10 --verify 0

Avg NPU matmul time: 431.15us.
Avg NPU gflops: 4980.83

Min NPU matmul time: 423us.
Max NPU gflops: 5076.79

Max NPU matmul time: 446us.
Min NPU gflops: 4814.99

Shuffle time: 9980us.

PASS!

rm -rf build _build whole_array.exe
rm -rf _build
mkdir -p _build
cd _build &&  cmake -E env CXXFLAGS="-std=c++23 -ggdb -DDTYPE_IN= -DDTYPE_OUT= -DDTYPE_ACC=" \
	cmake `echo /scratch/luisr/mlir-aie/programming_examples/basic/block_datatypes/matrix_multiplication/whole_array/..` -D CMAKE_C_COMPILER=gcc-13 -D CMAKE_CXX_COMPILER=g++-13 -DTARGET_NAME=whole_array -Dhostsrc=/scratch/luisr/mlir-aie/programming_examples/basic/block_datatypes/matrix_multiplication/whole_array/../bfp_test.cpp
CMake Deprecation Warning at CMakeLists.txt:13 (cmake_minimum_required):
  Compatibility with CMake < 3.10 will be removed from a future version of
  CMake.

  Update the VERSION argument <min> value.  Or, use the <min>...<max> syntax
  to tell CMake that the project requires at least <min> but has been updated
  to work with policies introduced by <max> or earlier.


-- The C compiler identification is GNU 13.3.0
-- The CXX compiler identification is GNU 13.3.0
-- Detecting C compiler ABI info
-- Detecting C compiler ABI info - done
-- Check for working C compiler: /usr/bin/gcc-13 - skipped
-- Detecting C compile features
-- Detecting C compile features - done
-- Detecting CXX compiler ABI info
-- Detecting CXX compiler ABI info - done
-- Check for working CXX compiler: /usr/bin/g++-13 - skipped
-- Detecting CXX compile features
-- Detecting CXX compile features - done
-- Configuring done (0.3s)
-- Generating done (0.0s)
-- Build files have been written to: /scratch/luisr/mlir-aie/programming_examples/basic/block_datatypes/matrix_multiplication/whole_array/_build
cd _build &&  cmake --build . --config Release
gmake[1]: Entering directory '/scratch/luisr/mlir-aie/programming_examples/basic/block_datatypes/matrix_multiplication/whole_array/_build'
gmake[2]: Entering directory '/scratch/luisr/mlir-aie/programming_examples/basic/block_datatypes/matrix_multiplication/whole_array/_build'
gmake[3]: Entering directory '/scratch/luisr/mlir-aie/programming_examples/basic/block_datatypes/matrix_multiplication/whole_array/_build'
gmake[3]: Leaving directory '/scratch/luisr/mlir-aie/programming_examples/basic/block_datatypes/matrix_multiplication/whole_array/_build'
gmake[3]: Entering directory '/scratch/luisr/mlir-aie/programming_examples/basic/block_datatypes/matrix_multiplication/whole_array/_build'
[ 33%] Building CXX object CMakeFiles/whole_array.dir/bfp_test.cpp.o
[ 66%] Building CXX object CMakeFiles/whole_array.dir/scratch/luisr/mlir-aie/runtime_lib/test_lib/test_utils.cpp.o
[100%] Linking CXX executable whole_array
gmake[3]: Leaving directory '/scratch/luisr/mlir-aie/programming_examples/basic/block_datatypes/matrix_multiplication/whole_array/_build'
[100%] Built target whole_array
gmake[2]: Leaving directory '/scratch/luisr/mlir-aie/programming_examples/basic/block_datatypes/matrix_multiplication/whole_array/_build'
gmake[1]: Leaving directory '/scratch/luisr/mlir-aie/programming_examples/basic/block_datatypes/matrix_multiplication/whole_array/_build'
cp _build/whole_array whole_array.exe 
mkdir -p build
python3 /scratch/luisr/mlir-aie/programming_examples/basic/block_datatypes/matrix_multiplication/whole_array/whole_array.py --n-aie-cols 8 -m 64 -k 64 -n 64 -M 512 -K 512 -N 8192 > build/aie_512x512x8192_64x64x64.mlir
mkdir -p build
cd build && xchesscc_wrapper aie2p -I /proj/xbuilds/2024.2_INT_1113_1001/installs/all_platforms/Vitis/2024.2/aietools/include  -DDIM_M=64 -DDIM_K=64 -DDIM_N=64 -c /scratch/luisr/mlir-aie/programming_examples/basic/block_datatypes/matrix_multiplication/whole_array/../mm.cc -o mm_64x64x64.o
WARNING: Default location for XILINX_VIVADO_IP_OVERRIDE not found: /build/xfndry/IP_2024.2_INTEGRATION_VERIFIED/customer/vivado/data/ip
mkdir -p build
cd build && aiecc.py --alloc-scheme= --aie-generate-xclbin --no-compile-host --xclbin-name=final_512x512x8192_64x64x64.xclbin \
			 --dynamic-objFifos \
			--aie-generate-npu-insts --npu-insts-name=insts_512x512x8192_64x64x64.txt ../build/aie_512x512x8192_64x64x64.mlir

Generating: /scratch/luisr/mlir-aie/programming_examples/basic/block_datatypes/matrix_multiplication/whole_array/build/aie_512x512x8192_64x64x64.mlir.prj/aie_cdo_elfs.bin
Generating: /scratch/luisr/mlir-aie/programming_examples/basic/block_datatypes/matrix_multiplication/whole_array/build/aie_512x512x8192_64x64x64.mlir.prj/aie_cdo_init.bin
Generating: /scratch/luisr/mlir-aie/programming_examples/basic/block_datatypes/matrix_multiplication/whole_array/build/aie_512x512x8192_64x64x64.mlir.prj/aie_cdo_enable.bin
export XRT_HACK_UNSECURE_LOADING_XCLBIN=1 && \
 ./whole_array.exe -x build/final_512x512x8192_64x64x64.xclbin -i build/insts_512x512x8192_64x64x64.txt -k MLIR_AIE -M 512 -K 512 -N 8192 -w 64 -y 64 -z 64 --iters 40 --warmup 10 --verify 0

Avg NPU matmul time: 959.4us.
Avg NPU gflops: 4476.72

Min NPU matmul time: 945us.
Max NPU gflops: 4544.94

Max NPU matmul time: 992us.
Min NPU gflops: 4329.6

Shuffle time: 19729us.

PASS!

rm -rf build _build whole_array.exe
rm -rf _build
mkdir -p _build
cd _build &&  cmake -E env CXXFLAGS="-std=c++23 -ggdb -DDTYPE_IN= -DDTYPE_OUT= -DDTYPE_ACC=" \
	cmake `echo /scratch/luisr/mlir-aie/programming_examples/basic/block_datatypes/matrix_multiplication/whole_array/..` -D CMAKE_C_COMPILER=gcc-13 -D CMAKE_CXX_COMPILER=g++-13 -DTARGET_NAME=whole_array -Dhostsrc=/scratch/luisr/mlir-aie/programming_examples/basic/block_datatypes/matrix_multiplication/whole_array/../bfp_test.cpp
CMake Deprecation Warning at CMakeLists.txt:13 (cmake_minimum_required):
  Compatibility with CMake < 3.10 will be removed from a future version of
  CMake.

  Update the VERSION argument <min> value.  Or, use the <min>...<max> syntax
  to tell CMake that the project requires at least <min> but has been updated
  to work with policies introduced by <max> or earlier.


-- The C compiler identification is GNU 13.3.0
-- The CXX compiler identification is GNU 13.3.0
-- Detecting C compiler ABI info
-- Detecting C compiler ABI info - done
-- Check for working C compiler: /usr/bin/gcc-13 - skipped
-- Detecting C compile features
-- Detecting C compile features - done
-- Detecting CXX compiler ABI info
-- Detecting CXX compiler ABI info - done
-- Check for working CXX compiler: /usr/bin/g++-13 - skipped
-- Detecting CXX compile features
-- Detecting CXX compile features - done
-- Configuring done (0.2s)
-- Generating done (0.0s)
-- Build files have been written to: /scratch/luisr/mlir-aie/programming_examples/basic/block_datatypes/matrix_multiplication/whole_array/_build
cd _build &&  cmake --build . --config Release
gmake[1]: Entering directory '/scratch/luisr/mlir-aie/programming_examples/basic/block_datatypes/matrix_multiplication/whole_array/_build'
gmake[2]: Entering directory '/scratch/luisr/mlir-aie/programming_examples/basic/block_datatypes/matrix_multiplication/whole_array/_build'
gmake[3]: Entering directory '/scratch/luisr/mlir-aie/programming_examples/basic/block_datatypes/matrix_multiplication/whole_array/_build'
gmake[3]: Leaving directory '/scratch/luisr/mlir-aie/programming_examples/basic/block_datatypes/matrix_multiplication/whole_array/_build'
gmake[3]: Entering directory '/scratch/luisr/mlir-aie/programming_examples/basic/block_datatypes/matrix_multiplication/whole_array/_build'
[ 33%] Building CXX object CMakeFiles/whole_array.dir/bfp_test.cpp.o
[ 66%] Building CXX object CMakeFiles/whole_array.dir/scratch/luisr/mlir-aie/runtime_lib/test_lib/test_utils.cpp.o
[100%] Linking CXX executable whole_array
gmake[3]: Leaving directory '/scratch/luisr/mlir-aie/programming_examples/basic/block_datatypes/matrix_multiplication/whole_array/_build'
[100%] Built target whole_array
gmake[2]: Leaving directory '/scratch/luisr/mlir-aie/programming_examples/basic/block_datatypes/matrix_multiplication/whole_array/_build'
gmake[1]: Leaving directory '/scratch/luisr/mlir-aie/programming_examples/basic/block_datatypes/matrix_multiplication/whole_array/_build'
cp _build/whole_array whole_array.exe 
mkdir -p build
python3 /scratch/luisr/mlir-aie/programming_examples/basic/block_datatypes/matrix_multiplication/whole_array/whole_array.py --n-aie-cols 8 -m 64 -k 64 -n 64 -M 512 -K 1024 -N 512 > build/aie_512x1024x512_64x64x64.mlir
mkdir -p build
cd build && xchesscc_wrapper aie2p -I /proj/xbuilds/2024.2_INT_1113_1001/installs/all_platforms/Vitis/2024.2/aietools/include  -DDIM_M=64 -DDIM_K=64 -DDIM_N=64 -c /scratch/luisr/mlir-aie/programming_examples/basic/block_datatypes/matrix_multiplication/whole_array/../mm.cc -o mm_64x64x64.o
WARNING: Default location for XILINX_VIVADO_IP_OVERRIDE not found: /build/xfndry/IP_2024.2_INTEGRATION_VERIFIED/customer/vivado/data/ip
mkdir -p build
cd build && aiecc.py --alloc-scheme= --aie-generate-xclbin --no-compile-host --xclbin-name=final_512x1024x512_64x64x64.xclbin \
			 --dynamic-objFifos \
			--aie-generate-npu-insts --npu-insts-name=insts_512x1024x512_64x64x64.txt ../build/aie_512x1024x512_64x64x64.mlir

Generating: /scratch/luisr/mlir-aie/programming_examples/basic/block_datatypes/matrix_multiplication/whole_array/build/aie_512x1024x512_64x64x64.mlir.prj/aie_cdo_elfs.bin
Generating: /scratch/luisr/mlir-aie/programming_examples/basic/block_datatypes/matrix_multiplication/whole_array/build/aie_512x1024x512_64x64x64.mlir.prj/aie_cdo_init.bin
Generating: /scratch/luisr/mlir-aie/programming_examples/basic/block_datatypes/matrix_multiplication/whole_array/build/aie_512x1024x512_64x64x64.mlir.prj/aie_cdo_enable.bin
export XRT_HACK_UNSECURE_LOADING_XCLBIN=1 && \
 ./whole_array.exe -x build/final_512x1024x512_64x64x64.xclbin -i build/insts_512x1024x512_64x64x64.txt -k MLIR_AIE -M 512 -K 1024 -N 512 -w 64 -y 64 -z 64 --iters 40 --warmup 10 --verify 0

Avg NPU matmul time: 176.2us.
Avg NPU gflops: 3046.94

Min NPU matmul time: 166us.
Max NPU gflops: 3234.16

Max NPU matmul time: 179us.
Min NPU gflops: 2999.28

Shuffle time: 4872us.

PASS!

rm -rf build _build whole_array.exe
rm -rf _build
mkdir -p _build
cd _build &&  cmake -E env CXXFLAGS="-std=c++23 -ggdb -DDTYPE_IN= -DDTYPE_OUT= -DDTYPE_ACC=" \
	cmake `echo /scratch/luisr/mlir-aie/programming_examples/basic/block_datatypes/matrix_multiplication/whole_array/..` -D CMAKE_C_COMPILER=gcc-13 -D CMAKE_CXX_COMPILER=g++-13 -DTARGET_NAME=whole_array -Dhostsrc=/scratch/luisr/mlir-aie/programming_examples/basic/block_datatypes/matrix_multiplication/whole_array/../bfp_test.cpp
CMake Deprecation Warning at CMakeLists.txt:13 (cmake_minimum_required):
  Compatibility with CMake < 3.10 will be removed from a future version of
  CMake.

  Update the VERSION argument <min> value.  Or, use the <min>...<max> syntax
  to tell CMake that the project requires at least <min> but has been updated
  to work with policies introduced by <max> or earlier.


-- The C compiler identification is GNU 13.3.0
-- The CXX compiler identification is GNU 13.3.0
-- Detecting C compiler ABI info
-- Detecting C compiler ABI info - done
-- Check for working C compiler: /usr/bin/gcc-13 - skipped
-- Detecting C compile features
-- Detecting C compile features - done
-- Detecting CXX compiler ABI info
-- Detecting CXX compiler ABI info - done
-- Check for working CXX compiler: /usr/bin/g++-13 - skipped
-- Detecting CXX compile features
-- Detecting CXX compile features - done
-- Configuring done (0.3s)
-- Generating done (0.0s)
-- Build files have been written to: /scratch/luisr/mlir-aie/programming_examples/basic/block_datatypes/matrix_multiplication/whole_array/_build
cd _build &&  cmake --build . --config Release
gmake[1]: Entering directory '/scratch/luisr/mlir-aie/programming_examples/basic/block_datatypes/matrix_multiplication/whole_array/_build'
gmake[2]: Entering directory '/scratch/luisr/mlir-aie/programming_examples/basic/block_datatypes/matrix_multiplication/whole_array/_build'
gmake[3]: Entering directory '/scratch/luisr/mlir-aie/programming_examples/basic/block_datatypes/matrix_multiplication/whole_array/_build'
gmake[3]: Leaving directory '/scratch/luisr/mlir-aie/programming_examples/basic/block_datatypes/matrix_multiplication/whole_array/_build'
gmake[3]: Entering directory '/scratch/luisr/mlir-aie/programming_examples/basic/block_datatypes/matrix_multiplication/whole_array/_build'
[ 33%] Building CXX object CMakeFiles/whole_array.dir/bfp_test.cpp.o
[ 66%] Building CXX object CMakeFiles/whole_array.dir/scratch/luisr/mlir-aie/runtime_lib/test_lib/test_utils.cpp.o
[100%] Linking CXX executable whole_array
gmake[3]: Leaving directory '/scratch/luisr/mlir-aie/programming_examples/basic/block_datatypes/matrix_multiplication/whole_array/_build'
[100%] Built target whole_array
gmake[2]: Leaving directory '/scratch/luisr/mlir-aie/programming_examples/basic/block_datatypes/matrix_multiplication/whole_array/_build'
gmake[1]: Leaving directory '/scratch/luisr/mlir-aie/programming_examples/basic/block_datatypes/matrix_multiplication/whole_array/_build'
cp _build/whole_array whole_array.exe 
mkdir -p build
python3 /scratch/luisr/mlir-aie/programming_examples/basic/block_datatypes/matrix_multiplication/whole_array/whole_array.py --n-aie-cols 8 -m 64 -k 64 -n 64 -M 512 -K 1024 -N 1024 > build/aie_512x1024x1024_64x64x64.mlir
mkdir -p build
cd build && xchesscc_wrapper aie2p -I /proj/xbuilds/2024.2_INT_1113_1001/installs/all_platforms/Vitis/2024.2/aietools/include  -DDIM_M=64 -DDIM_K=64 -DDIM_N=64 -c /scratch/luisr/mlir-aie/programming_examples/basic/block_datatypes/matrix_multiplication/whole_array/../mm.cc -o mm_64x64x64.o
WARNING: Default location for XILINX_VIVADO_IP_OVERRIDE not found: /build/xfndry/IP_2024.2_INTEGRATION_VERIFIED/customer/vivado/data/ip
mkdir -p build
cd build && aiecc.py --alloc-scheme= --aie-generate-xclbin --no-compile-host --xclbin-name=final_512x1024x1024_64x64x64.xclbin \
			 --dynamic-objFifos \
			--aie-generate-npu-insts --npu-insts-name=insts_512x1024x1024_64x64x64.txt ../build/aie_512x1024x1024_64x64x64.mlir

Generating: /scratch/luisr/mlir-aie/programming_examples/basic/block_datatypes/matrix_multiplication/whole_array/build/aie_512x1024x1024_64x64x64.mlir.prj/aie_cdo_elfs.bin
Generating: /scratch/luisr/mlir-aie/programming_examples/basic/block_datatypes/matrix_multiplication/whole_array/build/aie_512x1024x1024_64x64x64.mlir.prj/aie_cdo_init.bin
Generating: /scratch/luisr/mlir-aie/programming_examples/basic/block_datatypes/matrix_multiplication/whole_array/build/aie_512x1024x1024_64x64x64.mlir.prj/aie_cdo_enable.bin
export XRT_HACK_UNSECURE_LOADING_XCLBIN=1 && \
 ./whole_array.exe -x build/final_512x1024x1024_64x64x64.xclbin -i build/insts_512x1024x1024_64x64x64.txt -k MLIR_AIE -M 512 -K 1024 -N 1024 -w 64 -y 64 -z 64 --iters 40 --warmup 10 --verify 0

Avg NPU matmul time: 250.05us.
Avg NPU gflops: 4294.11

Min NPU matmul time: 243us.
Max NPU gflops: 4418.69

Max NPU matmul time: 268us.
Min NPU gflops: 4006.5

Shuffle time: 6708us.

PASS!

rm -rf build _build whole_array.exe
rm -rf _build
mkdir -p _build
cd _build &&  cmake -E env CXXFLAGS="-std=c++23 -ggdb -DDTYPE_IN= -DDTYPE_OUT= -DDTYPE_ACC=" \
	cmake `echo /scratch/luisr/mlir-aie/programming_examples/basic/block_datatypes/matrix_multiplication/whole_array/..` -D CMAKE_C_COMPILER=gcc-13 -D CMAKE_CXX_COMPILER=g++-13 -DTARGET_NAME=whole_array -Dhostsrc=/scratch/luisr/mlir-aie/programming_examples/basic/block_datatypes/matrix_multiplication/whole_array/../bfp_test.cpp
CMake Deprecation Warning at CMakeLists.txt:13 (cmake_minimum_required):
  Compatibility with CMake < 3.10 will be removed from a future version of
  CMake.

  Update the VERSION argument <min> value.  Or, use the <min>...<max> syntax
  to tell CMake that the project requires at least <min> but has been updated
  to work with policies introduced by <max> or earlier.


-- The C compiler identification is GNU 13.3.0
-- The CXX compiler identification is GNU 13.3.0
-- Detecting C compiler ABI info
-- Detecting C compiler ABI info - done
-- Check for working C compiler: /usr/bin/gcc-13 - skipped
-- Detecting C compile features
-- Detecting C compile features - done
-- Detecting CXX compiler ABI info
-- Detecting CXX compiler ABI info - done
-- Check for working CXX compiler: /usr/bin/g++-13 - skipped
-- Detecting CXX compile features
-- Detecting CXX compile features - done
-- Configuring done (0.3s)
-- Generating done (0.0s)
-- Build files have been written to: /scratch/luisr/mlir-aie/programming_examples/basic/block_datatypes/matrix_multiplication/whole_array/_build
cd _build &&  cmake --build . --config Release
gmake[1]: Entering directory '/scratch/luisr/mlir-aie/programming_examples/basic/block_datatypes/matrix_multiplication/whole_array/_build'
gmake[2]: Entering directory '/scratch/luisr/mlir-aie/programming_examples/basic/block_datatypes/matrix_multiplication/whole_array/_build'
gmake[3]: Entering directory '/scratch/luisr/mlir-aie/programming_examples/basic/block_datatypes/matrix_multiplication/whole_array/_build'
gmake[3]: Leaving directory '/scratch/luisr/mlir-aie/programming_examples/basic/block_datatypes/matrix_multiplication/whole_array/_build'
gmake[3]: Entering directory '/scratch/luisr/mlir-aie/programming_examples/basic/block_datatypes/matrix_multiplication/whole_array/_build'
[ 33%] Building CXX object CMakeFiles/whole_array.dir/bfp_test.cpp.o
[ 66%] Building CXX object CMakeFiles/whole_array.dir/scratch/luisr/mlir-aie/runtime_lib/test_lib/test_utils.cpp.o
[100%] Linking CXX executable whole_array
gmake[3]: Leaving directory '/scratch/luisr/mlir-aie/programming_examples/basic/block_datatypes/matrix_multiplication/whole_array/_build'
[100%] Built target whole_array
gmake[2]: Leaving directory '/scratch/luisr/mlir-aie/programming_examples/basic/block_datatypes/matrix_multiplication/whole_array/_build'
gmake[1]: Leaving directory '/scratch/luisr/mlir-aie/programming_examples/basic/block_datatypes/matrix_multiplication/whole_array/_build'
cp _build/whole_array whole_array.exe 
mkdir -p build
python3 /scratch/luisr/mlir-aie/programming_examples/basic/block_datatypes/matrix_multiplication/whole_array/whole_array.py --n-aie-cols 8 -m 64 -k 64 -n 64 -M 512 -K 1024 -N 4096 > build/aie_512x1024x4096_64x64x64.mlir
mkdir -p build
cd build && xchesscc_wrapper aie2p -I /proj/xbuilds/2024.2_INT_1113_1001/installs/all_platforms/Vitis/2024.2/aietools/include  -DDIM_M=64 -DDIM_K=64 -DDIM_N=64 -c /scratch/luisr/mlir-aie/programming_examples/basic/block_datatypes/matrix_multiplication/whole_array/../mm.cc -o mm_64x64x64.o
WARNING: Default location for XILINX_VIVADO_IP_OVERRIDE not found: /build/xfndry/IP_2024.2_INTEGRATION_VERIFIED/customer/vivado/data/ip
mkdir -p build
cd build && aiecc.py --alloc-scheme= --aie-generate-xclbin --no-compile-host --xclbin-name=final_512x1024x4096_64x64x64.xclbin \
			 --dynamic-objFifos \
			--aie-generate-npu-insts --npu-insts-name=insts_512x1024x4096_64x64x64.txt ../build/aie_512x1024x4096_64x64x64.mlir

Generating: /scratch/luisr/mlir-aie/programming_examples/basic/block_datatypes/matrix_multiplication/whole_array/build/aie_512x1024x4096_64x64x64.mlir.prj/aie_cdo_elfs.bin
Generating: /scratch/luisr/mlir-aie/programming_examples/basic/block_datatypes/matrix_multiplication/whole_array/build/aie_512x1024x4096_64x64x64.mlir.prj/aie_cdo_init.bin
Generating: /scratch/luisr/mlir-aie/programming_examples/basic/block_datatypes/matrix_multiplication/whole_array/build/aie_512x1024x4096_64x64x64.mlir.prj/aie_cdo_enable.bin
export XRT_HACK_UNSECURE_LOADING_XCLBIN=1 && \
 ./whole_array.exe -x build/final_512x1024x4096_64x64x64.xclbin -i build/insts_512x1024x4096_64x64x64.txt -k MLIR_AIE -M 512 -K 1024 -N 4096 -w 64 -y 64 -z 64 --iters 40 --warmup 10 --verify 0

Avg NPU matmul time: 737.525us.
Avg NPU gflops: 5823.49

Min NPU matmul time: 712us.
Max NPU gflops: 6032.26

Max NPU matmul time: 774us.
Min NPU gflops: 5549.05

Shuffle time: 21308us.

PASS!

rm -rf build _build whole_array.exe
rm -rf _build
mkdir -p _build
cd _build &&  cmake -E env CXXFLAGS="-std=c++23 -ggdb -DDTYPE_IN= -DDTYPE_OUT= -DDTYPE_ACC=" \
	cmake `echo /scratch/luisr/mlir-aie/programming_examples/basic/block_datatypes/matrix_multiplication/whole_array/..` -D CMAKE_C_COMPILER=gcc-13 -D CMAKE_CXX_COMPILER=g++-13 -DTARGET_NAME=whole_array -Dhostsrc=/scratch/luisr/mlir-aie/programming_examples/basic/block_datatypes/matrix_multiplication/whole_array/../bfp_test.cpp
CMake Deprecation Warning at CMakeLists.txt:13 (cmake_minimum_required):
  Compatibility with CMake < 3.10 will be removed from a future version of
  CMake.

  Update the VERSION argument <min> value.  Or, use the <min>...<max> syntax
  to tell CMake that the project requires at least <min> but has been updated
  to work with policies introduced by <max> or earlier.


-- The C compiler identification is GNU 13.3.0
-- The CXX compiler identification is GNU 13.3.0
-- Detecting C compiler ABI info
-- Detecting C compiler ABI info - done
-- Check for working C compiler: /usr/bin/gcc-13 - skipped
-- Detecting C compile features
-- Detecting C compile features - done
-- Detecting CXX compiler ABI info
-- Detecting CXX compiler ABI info - done
-- Check for working CXX compiler: /usr/bin/g++-13 - skipped
-- Detecting CXX compile features
-- Detecting CXX compile features - done
-- Configuring done (0.3s)
-- Generating done (0.0s)
-- Build files have been written to: /scratch/luisr/mlir-aie/programming_examples/basic/block_datatypes/matrix_multiplication/whole_array/_build
cd _build &&  cmake --build . --config Release
gmake[1]: Entering directory '/scratch/luisr/mlir-aie/programming_examples/basic/block_datatypes/matrix_multiplication/whole_array/_build'
gmake[2]: Entering directory '/scratch/luisr/mlir-aie/programming_examples/basic/block_datatypes/matrix_multiplication/whole_array/_build'
gmake[3]: Entering directory '/scratch/luisr/mlir-aie/programming_examples/basic/block_datatypes/matrix_multiplication/whole_array/_build'
gmake[3]: Leaving directory '/scratch/luisr/mlir-aie/programming_examples/basic/block_datatypes/matrix_multiplication/whole_array/_build'
gmake[3]: Entering directory '/scratch/luisr/mlir-aie/programming_examples/basic/block_datatypes/matrix_multiplication/whole_array/_build'
[ 33%] Building CXX object CMakeFiles/whole_array.dir/bfp_test.cpp.o
[ 66%] Building CXX object CMakeFiles/whole_array.dir/scratch/luisr/mlir-aie/runtime_lib/test_lib/test_utils.cpp.o
[100%] Linking CXX executable whole_array
gmake[3]: Leaving directory '/scratch/luisr/mlir-aie/programming_examples/basic/block_datatypes/matrix_multiplication/whole_array/_build'
[100%] Built target whole_array
gmake[2]: Leaving directory '/scratch/luisr/mlir-aie/programming_examples/basic/block_datatypes/matrix_multiplication/whole_array/_build'
gmake[1]: Leaving directory '/scratch/luisr/mlir-aie/programming_examples/basic/block_datatypes/matrix_multiplication/whole_array/_build'
cp _build/whole_array whole_array.exe 
mkdir -p build
python3 /scratch/luisr/mlir-aie/programming_examples/basic/block_datatypes/matrix_multiplication/whole_array/whole_array.py --n-aie-cols 8 -m 64 -k 64 -n 64 -M 512 -K 1024 -N 8192 > build/aie_512x1024x8192_64x64x64.mlir
mkdir -p build
cd build && xchesscc_wrapper aie2p -I /proj/xbuilds/2024.2_INT_1113_1001/installs/all_platforms/Vitis/2024.2/aietools/include  -DDIM_M=64 -DDIM_K=64 -DDIM_N=64 -c /scratch/luisr/mlir-aie/programming_examples/basic/block_datatypes/matrix_multiplication/whole_array/../mm.cc -o mm_64x64x64.o
WARNING: Default location for XILINX_VIVADO_IP_OVERRIDE not found: /build/xfndry/IP_2024.2_INTEGRATION_VERIFIED/customer/vivado/data/ip
mkdir -p build
cd build && aiecc.py --alloc-scheme= --aie-generate-xclbin --no-compile-host --xclbin-name=final_512x1024x8192_64x64x64.xclbin \
			 --dynamic-objFifos \
			--aie-generate-npu-insts --npu-insts-name=insts_512x1024x8192_64x64x64.txt ../build/aie_512x1024x8192_64x64x64.mlir

Generating: /scratch/luisr/mlir-aie/programming_examples/basic/block_datatypes/matrix_multiplication/whole_array/build/aie_512x1024x8192_64x64x64.mlir.prj/aie_cdo_elfs.bin
Generating: /scratch/luisr/mlir-aie/programming_examples/basic/block_datatypes/matrix_multiplication/whole_array/build/aie_512x1024x8192_64x64x64.mlir.prj/aie_cdo_init.bin
Generating: /scratch/luisr/mlir-aie/programming_examples/basic/block_datatypes/matrix_multiplication/whole_array/build/aie_512x1024x8192_64x64x64.mlir.prj/aie_cdo_enable.bin
export XRT_HACK_UNSECURE_LOADING_XCLBIN=1 && \
 ./whole_array.exe -x build/final_512x1024x8192_64x64x64.xclbin -i build/insts_512x1024x8192_64x64x64.txt -k MLIR_AIE -M 512 -K 1024 -N 8192 -w 64 -y 64 -z 64 --iters 40 --warmup 10 --verify 0

Avg NPU matmul time: 1516.28us.
Avg NPU gflops: 5665.16

Min NPU matmul time: 1497us.
Max NPU gflops: 5738.1

Max NPU matmul time: 1536us.
Min NPU gflops: 5592.41

Shuffle time: 42052us.

PASS!

rm -rf build _build whole_array.exe
rm -rf _build
mkdir -p _build
cd _build &&  cmake -E env CXXFLAGS="-std=c++23 -ggdb -DDTYPE_IN= -DDTYPE_OUT= -DDTYPE_ACC=" \
	cmake `echo /scratch/luisr/mlir-aie/programming_examples/basic/block_datatypes/matrix_multiplication/whole_array/..` -D CMAKE_C_COMPILER=gcc-13 -D CMAKE_CXX_COMPILER=g++-13 -DTARGET_NAME=whole_array -Dhostsrc=/scratch/luisr/mlir-aie/programming_examples/basic/block_datatypes/matrix_multiplication/whole_array/../bfp_test.cpp
CMake Deprecation Warning at CMakeLists.txt:13 (cmake_minimum_required):
  Compatibility with CMake < 3.10 will be removed from a future version of
  CMake.

  Update the VERSION argument <min> value.  Or, use the <min>...<max> syntax
  to tell CMake that the project requires at least <min> but has been updated
  to work with policies introduced by <max> or earlier.


-- The C compiler identification is GNU 13.3.0
-- The CXX compiler identification is GNU 13.3.0
-- Detecting C compiler ABI info
-- Detecting C compiler ABI info - done
-- Check for working C compiler: /usr/bin/gcc-13 - skipped
-- Detecting C compile features
-- Detecting C compile features - done
-- Detecting CXX compiler ABI info
-- Detecting CXX compiler ABI info - done
-- Check for working CXX compiler: /usr/bin/g++-13 - skipped
-- Detecting CXX compile features
-- Detecting CXX compile features - done
-- Configuring done (0.2s)
-- Generating done (0.0s)
-- Build files have been written to: /scratch/luisr/mlir-aie/programming_examples/basic/block_datatypes/matrix_multiplication/whole_array/_build
cd _build &&  cmake --build . --config Release
gmake[1]: Entering directory '/scratch/luisr/mlir-aie/programming_examples/basic/block_datatypes/matrix_multiplication/whole_array/_build'
gmake[2]: Entering directory '/scratch/luisr/mlir-aie/programming_examples/basic/block_datatypes/matrix_multiplication/whole_array/_build'
gmake[3]: Entering directory '/scratch/luisr/mlir-aie/programming_examples/basic/block_datatypes/matrix_multiplication/whole_array/_build'
gmake[3]: Leaving directory '/scratch/luisr/mlir-aie/programming_examples/basic/block_datatypes/matrix_multiplication/whole_array/_build'
gmake[3]: Entering directory '/scratch/luisr/mlir-aie/programming_examples/basic/block_datatypes/matrix_multiplication/whole_array/_build'
[ 33%] Building CXX object CMakeFiles/whole_array.dir/bfp_test.cpp.o
[ 66%] Building CXX object CMakeFiles/whole_array.dir/scratch/luisr/mlir-aie/runtime_lib/test_lib/test_utils.cpp.o
[100%] Linking CXX executable whole_array
gmake[3]: Leaving directory '/scratch/luisr/mlir-aie/programming_examples/basic/block_datatypes/matrix_multiplication/whole_array/_build'
[100%] Built target whole_array
gmake[2]: Leaving directory '/scratch/luisr/mlir-aie/programming_examples/basic/block_datatypes/matrix_multiplication/whole_array/_build'
gmake[1]: Leaving directory '/scratch/luisr/mlir-aie/programming_examples/basic/block_datatypes/matrix_multiplication/whole_array/_build'
cp _build/whole_array whole_array.exe 
mkdir -p build
python3 /scratch/luisr/mlir-aie/programming_examples/basic/block_datatypes/matrix_multiplication/whole_array/whole_array.py --n-aie-cols 8 -m 64 -k 64 -n 64 -M 512 -K 4096 -N 512 > build/aie_512x4096x512_64x64x64.mlir
mkdir -p build
cd build && xchesscc_wrapper aie2p -I /proj/xbuilds/2024.2_INT_1113_1001/installs/all_platforms/Vitis/2024.2/aietools/include  -DDIM_M=64 -DDIM_K=64 -DDIM_N=64 -c /scratch/luisr/mlir-aie/programming_examples/basic/block_datatypes/matrix_multiplication/whole_array/../mm.cc -o mm_64x64x64.o
WARNING: Default location for XILINX_VIVADO_IP_OVERRIDE not found: /build/xfndry/IP_2024.2_INTEGRATION_VERIFIED/customer/vivado/data/ip
mkdir -p build
cd build && aiecc.py --alloc-scheme= --aie-generate-xclbin --no-compile-host --xclbin-name=final_512x4096x512_64x64x64.xclbin \
			 --dynamic-objFifos \
			--aie-generate-npu-insts --npu-insts-name=insts_512x4096x512_64x64x64.txt ../build/aie_512x4096x512_64x64x64.mlir

Generating: /scratch/luisr/mlir-aie/programming_examples/basic/block_datatypes/matrix_multiplication/whole_array/build/aie_512x4096x512_64x64x64.mlir.prj/aie_cdo_elfs.bin
Generating: /scratch/luisr/mlir-aie/programming_examples/basic/block_datatypes/matrix_multiplication/whole_array/build/aie_512x4096x512_64x64x64.mlir.prj/aie_cdo_init.bin
Generating: /scratch/luisr/mlir-aie/programming_examples/basic/block_datatypes/matrix_multiplication/whole_array/build/aie_512x4096x512_64x64x64.mlir.prj/aie_cdo_enable.bin
export XRT_HACK_UNSECURE_LOADING_XCLBIN=1 && \
 ./whole_array.exe -x build/final_512x4096x512_64x64x64.xclbin -i build/insts_512x4096x512_64x64x64.txt -k MLIR_AIE -M 512 -K 4096 -N 512 -w 64 -y 64 -z 64 --iters 40 --warmup 10 --verify 0

Avg NPU matmul time: 445.65us.
Avg NPU gflops: 4818.77

Min NPU matmul time: 431us.
Max NPU gflops: 4982.56

Max NPU matmul time: 484us.
Min NPU gflops: 4436.95

Shuffle time: 17498us.

PASS!

rm -rf build _build whole_array.exe
rm -rf _build
mkdir -p _build
cd _build &&  cmake -E env CXXFLAGS="-std=c++23 -ggdb -DDTYPE_IN= -DDTYPE_OUT= -DDTYPE_ACC=" \
	cmake `echo /scratch/luisr/mlir-aie/programming_examples/basic/block_datatypes/matrix_multiplication/whole_array/..` -D CMAKE_C_COMPILER=gcc-13 -D CMAKE_CXX_COMPILER=g++-13 -DTARGET_NAME=whole_array -Dhostsrc=/scratch/luisr/mlir-aie/programming_examples/basic/block_datatypes/matrix_multiplication/whole_array/../bfp_test.cpp
CMake Deprecation Warning at CMakeLists.txt:13 (cmake_minimum_required):
  Compatibility with CMake < 3.10 will be removed from a future version of
  CMake.

  Update the VERSION argument <min> value.  Or, use the <min>...<max> syntax
  to tell CMake that the project requires at least <min> but has been updated
  to work with policies introduced by <max> or earlier.


-- The C compiler identification is GNU 13.3.0
-- The CXX compiler identification is GNU 13.3.0
-- Detecting C compiler ABI info
-- Detecting C compiler ABI info - done
-- Check for working C compiler: /usr/bin/gcc-13 - skipped
-- Detecting C compile features
-- Detecting C compile features - done
-- Detecting CXX compiler ABI info
-- Detecting CXX compiler ABI info - done
-- Check for working CXX compiler: /usr/bin/g++-13 - skipped
-- Detecting CXX compile features
-- Detecting CXX compile features - done
-- Configuring done (0.3s)
-- Generating done (0.0s)
-- Build files have been written to: /scratch/luisr/mlir-aie/programming_examples/basic/block_datatypes/matrix_multiplication/whole_array/_build
cd _build &&  cmake --build . --config Release
gmake[1]: Entering directory '/scratch/luisr/mlir-aie/programming_examples/basic/block_datatypes/matrix_multiplication/whole_array/_build'
gmake[2]: Entering directory '/scratch/luisr/mlir-aie/programming_examples/basic/block_datatypes/matrix_multiplication/whole_array/_build'
gmake[3]: Entering directory '/scratch/luisr/mlir-aie/programming_examples/basic/block_datatypes/matrix_multiplication/whole_array/_build'
gmake[3]: Leaving directory '/scratch/luisr/mlir-aie/programming_examples/basic/block_datatypes/matrix_multiplication/whole_array/_build'
gmake[3]: Entering directory '/scratch/luisr/mlir-aie/programming_examples/basic/block_datatypes/matrix_multiplication/whole_array/_build'
[ 33%] Building CXX object CMakeFiles/whole_array.dir/bfp_test.cpp.o
[ 66%] Building CXX object CMakeFiles/whole_array.dir/scratch/luisr/mlir-aie/runtime_lib/test_lib/test_utils.cpp.o
[100%] Linking CXX executable whole_array
gmake[3]: Leaving directory '/scratch/luisr/mlir-aie/programming_examples/basic/block_datatypes/matrix_multiplication/whole_array/_build'
[100%] Built target whole_array
gmake[2]: Leaving directory '/scratch/luisr/mlir-aie/programming_examples/basic/block_datatypes/matrix_multiplication/whole_array/_build'
gmake[1]: Leaving directory '/scratch/luisr/mlir-aie/programming_examples/basic/block_datatypes/matrix_multiplication/whole_array/_build'
cp _build/whole_array whole_array.exe 
mkdir -p build
python3 /scratch/luisr/mlir-aie/programming_examples/basic/block_datatypes/matrix_multiplication/whole_array/whole_array.py --n-aie-cols 8 -m 64 -k 64 -n 64 -M 512 -K 4096 -N 1024 > build/aie_512x4096x1024_64x64x64.mlir
mkdir -p build
cd build && xchesscc_wrapper aie2p -I /proj/xbuilds/2024.2_INT_1113_1001/installs/all_platforms/Vitis/2024.2/aietools/include  -DDIM_M=64 -DDIM_K=64 -DDIM_N=64 -c /scratch/luisr/mlir-aie/programming_examples/basic/block_datatypes/matrix_multiplication/whole_array/../mm.cc -o mm_64x64x64.o
WARNING: Default location for XILINX_VIVADO_IP_OVERRIDE not found: /build/xfndry/IP_2024.2_INTEGRATION_VERIFIED/customer/vivado/data/ip
mkdir -p build
cd build && aiecc.py --alloc-scheme= --aie-generate-xclbin --no-compile-host --xclbin-name=final_512x4096x1024_64x64x64.xclbin \
			 --dynamic-objFifos \
			--aie-generate-npu-insts --npu-insts-name=insts_512x4096x1024_64x64x64.txt ../build/aie_512x4096x1024_64x64x64.mlir

Generating: /scratch/luisr/mlir-aie/programming_examples/basic/block_datatypes/matrix_multiplication/whole_array/build/aie_512x4096x1024_64x64x64.mlir.prj/aie_cdo_elfs.bin
Generating: /scratch/luisr/mlir-aie/programming_examples/basic/block_datatypes/matrix_multiplication/whole_array/build/aie_512x4096x1024_64x64x64.mlir.prj/aie_cdo_init.bin
Generating: /scratch/luisr/mlir-aie/programming_examples/basic/block_datatypes/matrix_multiplication/whole_array/build/aie_512x4096x1024_64x64x64.mlir.prj/aie_cdo_enable.bin
export XRT_HACK_UNSECURE_LOADING_XCLBIN=1 && \
 ./whole_array.exe -x build/final_512x4096x1024_64x64x64.xclbin -i build/insts_512x4096x1024_64x64x64.txt -k MLIR_AIE -M 512 -K 4096 -N 1024 -w 64 -y 64 -z 64 --iters 40 --warmup 10 --verify 0

Avg NPU matmul time: 783.95us.
Avg NPU gflops: 5478.62

Min NPU matmul time: 776us.
Max NPU gflops: 5534.75

Max NPU matmul time: 801us.
Min NPU gflops: 5362.01

Shuffle time: 27271us.

PASS!

rm -rf build _build whole_array.exe
rm -rf _build
mkdir -p _build
cd _build &&  cmake -E env CXXFLAGS="-std=c++23 -ggdb -DDTYPE_IN= -DDTYPE_OUT= -DDTYPE_ACC=" \
	cmake `echo /scratch/luisr/mlir-aie/programming_examples/basic/block_datatypes/matrix_multiplication/whole_array/..` -D CMAKE_C_COMPILER=gcc-13 -D CMAKE_CXX_COMPILER=g++-13 -DTARGET_NAME=whole_array -Dhostsrc=/scratch/luisr/mlir-aie/programming_examples/basic/block_datatypes/matrix_multiplication/whole_array/../bfp_test.cpp
CMake Deprecation Warning at CMakeLists.txt:13 (cmake_minimum_required):
  Compatibility with CMake < 3.10 will be removed from a future version of
  CMake.

  Update the VERSION argument <min> value.  Or, use the <min>...<max> syntax
  to tell CMake that the project requires at least <min> but has been updated
  to work with policies introduced by <max> or earlier.


-- The C compiler identification is GNU 13.3.0
-- The CXX compiler identification is GNU 13.3.0
-- Detecting C compiler ABI info
-- Detecting C compiler ABI info - done
-- Check for working C compiler: /usr/bin/gcc-13 - skipped
-- Detecting C compile features
-- Detecting C compile features - done
-- Detecting CXX compiler ABI info
-- Detecting CXX compiler ABI info - done
-- Check for working CXX compiler: /usr/bin/g++-13 - skipped
-- Detecting CXX compile features
-- Detecting CXX compile features - done
-- Configuring done (0.3s)
-- Generating done (0.0s)
-- Build files have been written to: /scratch/luisr/mlir-aie/programming_examples/basic/block_datatypes/matrix_multiplication/whole_array/_build
cd _build &&  cmake --build . --config Release
gmake[1]: Entering directory '/scratch/luisr/mlir-aie/programming_examples/basic/block_datatypes/matrix_multiplication/whole_array/_build'
gmake[2]: Entering directory '/scratch/luisr/mlir-aie/programming_examples/basic/block_datatypes/matrix_multiplication/whole_array/_build'
gmake[3]: Entering directory '/scratch/luisr/mlir-aie/programming_examples/basic/block_datatypes/matrix_multiplication/whole_array/_build'
gmake[3]: Leaving directory '/scratch/luisr/mlir-aie/programming_examples/basic/block_datatypes/matrix_multiplication/whole_array/_build'
gmake[3]: Entering directory '/scratch/luisr/mlir-aie/programming_examples/basic/block_datatypes/matrix_multiplication/whole_array/_build'
[ 33%] Building CXX object CMakeFiles/whole_array.dir/bfp_test.cpp.o
[ 66%] Building CXX object CMakeFiles/whole_array.dir/scratch/luisr/mlir-aie/runtime_lib/test_lib/test_utils.cpp.o
[100%] Linking CXX executable whole_array
gmake[3]: Leaving directory '/scratch/luisr/mlir-aie/programming_examples/basic/block_datatypes/matrix_multiplication/whole_array/_build'
[100%] Built target whole_array
gmake[2]: Leaving directory '/scratch/luisr/mlir-aie/programming_examples/basic/block_datatypes/matrix_multiplication/whole_array/_build'
gmake[1]: Leaving directory '/scratch/luisr/mlir-aie/programming_examples/basic/block_datatypes/matrix_multiplication/whole_array/_build'
cp _build/whole_array whole_array.exe 
mkdir -p build
python3 /scratch/luisr/mlir-aie/programming_examples/basic/block_datatypes/matrix_multiplication/whole_array/whole_array.py --n-aie-cols 8 -m 64 -k 64 -n 64 -M 512 -K 4096 -N 4096 > build/aie_512x4096x4096_64x64x64.mlir
mkdir -p build
cd build && xchesscc_wrapper aie2p -I /proj/xbuilds/2024.2_INT_1113_1001/installs/all_platforms/Vitis/2024.2/aietools/include  -DDIM_M=64 -DDIM_K=64 -DDIM_N=64 -c /scratch/luisr/mlir-aie/programming_examples/basic/block_datatypes/matrix_multiplication/whole_array/../mm.cc -o mm_64x64x64.o
WARNING: Default location for XILINX_VIVADO_IP_OVERRIDE not found: /build/xfndry/IP_2024.2_INTEGRATION_VERIFIED/customer/vivado/data/ip
mkdir -p build
cd build && aiecc.py --alloc-scheme= --aie-generate-xclbin --no-compile-host --xclbin-name=final_512x4096x4096_64x64x64.xclbin \
			 --dynamic-objFifos \
			--aie-generate-npu-insts --npu-insts-name=insts_512x4096x4096_64x64x64.txt ../build/aie_512x4096x4096_64x64x64.mlir

Generating: /scratch/luisr/mlir-aie/programming_examples/basic/block_datatypes/matrix_multiplication/whole_array/build/aie_512x4096x4096_64x64x64.mlir.prj/aie_cdo_elfs.bin
Generating: /scratch/luisr/mlir-aie/programming_examples/basic/block_datatypes/matrix_multiplication/whole_array/build/aie_512x4096x4096_64x64x64.mlir.prj/aie_cdo_init.bin
Generating: /scratch/luisr/mlir-aie/programming_examples/basic/block_datatypes/matrix_multiplication/whole_array/build/aie_512x4096x4096_64x64x64.mlir.prj/aie_cdo_enable.bin
export XRT_HACK_UNSECURE_LOADING_XCLBIN=1 && \
 ./whole_array.exe -x build/final_512x4096x4096_64x64x64.xclbin -i build/insts_512x4096x4096_64x64x64.txt -k MLIR_AIE -M 512 -K 4096 -N 4096 -w 64 -y 64 -z 64 --iters 40 --warmup 10 --verify 0

Avg NPU matmul time: 3057.85us.
Avg NPU gflops: 5618.28

Min NPU matmul time: 3019us.
Max NPU gflops: 5690.58

Max NPU matmul time: 3192us.
Min NPU gflops: 5382.16

Shuffle time: 84494us.

PASS!

rm -rf build _build whole_array.exe
rm -rf _build
mkdir -p _build
cd _build &&  cmake -E env CXXFLAGS="-std=c++23 -ggdb -DDTYPE_IN= -DDTYPE_OUT= -DDTYPE_ACC=" \
	cmake `echo /scratch/luisr/mlir-aie/programming_examples/basic/block_datatypes/matrix_multiplication/whole_array/..` -D CMAKE_C_COMPILER=gcc-13 -D CMAKE_CXX_COMPILER=g++-13 -DTARGET_NAME=whole_array -Dhostsrc=/scratch/luisr/mlir-aie/programming_examples/basic/block_datatypes/matrix_multiplication/whole_array/../bfp_test.cpp
CMake Deprecation Warning at CMakeLists.txt:13 (cmake_minimum_required):
  Compatibility with CMake < 3.10 will be removed from a future version of
  CMake.

  Update the VERSION argument <min> value.  Or, use the <min>...<max> syntax
  to tell CMake that the project requires at least <min> but has been updated
  to work with policies introduced by <max> or earlier.


-- The C compiler identification is GNU 13.3.0
-- The CXX compiler identification is GNU 13.3.0
-- Detecting C compiler ABI info
-- Detecting C compiler ABI info - done
-- Check for working C compiler: /usr/bin/gcc-13 - skipped
-- Detecting C compile features
-- Detecting C compile features - done
-- Detecting CXX compiler ABI info
-- Detecting CXX compiler ABI info - done
-- Check for working CXX compiler: /usr/bin/g++-13 - skipped
-- Detecting CXX compile features
-- Detecting CXX compile features - done
-- Configuring done (0.2s)
-- Generating done (0.0s)
-- Build files have been written to: /scratch/luisr/mlir-aie/programming_examples/basic/block_datatypes/matrix_multiplication/whole_array/_build
cd _build &&  cmake --build . --config Release
gmake[1]: Entering directory '/scratch/luisr/mlir-aie/programming_examples/basic/block_datatypes/matrix_multiplication/whole_array/_build'
gmake[2]: Entering directory '/scratch/luisr/mlir-aie/programming_examples/basic/block_datatypes/matrix_multiplication/whole_array/_build'
gmake[3]: Entering directory '/scratch/luisr/mlir-aie/programming_examples/basic/block_datatypes/matrix_multiplication/whole_array/_build'
gmake[3]: Leaving directory '/scratch/luisr/mlir-aie/programming_examples/basic/block_datatypes/matrix_multiplication/whole_array/_build'
gmake[3]: Entering directory '/scratch/luisr/mlir-aie/programming_examples/basic/block_datatypes/matrix_multiplication/whole_array/_build'
[ 33%] Building CXX object CMakeFiles/whole_array.dir/bfp_test.cpp.o
[ 66%] Building CXX object CMakeFiles/whole_array.dir/scratch/luisr/mlir-aie/runtime_lib/test_lib/test_utils.cpp.o
[100%] Linking CXX executable whole_array
gmake[3]: Leaving directory '/scratch/luisr/mlir-aie/programming_examples/basic/block_datatypes/matrix_multiplication/whole_array/_build'
[100%] Built target whole_array
gmake[2]: Leaving directory '/scratch/luisr/mlir-aie/programming_examples/basic/block_datatypes/matrix_multiplication/whole_array/_build'
gmake[1]: Leaving directory '/scratch/luisr/mlir-aie/programming_examples/basic/block_datatypes/matrix_multiplication/whole_array/_build'
cp _build/whole_array whole_array.exe 
mkdir -p build
python3 /scratch/luisr/mlir-aie/programming_examples/basic/block_datatypes/matrix_multiplication/whole_array/whole_array.py --n-aie-cols 8 -m 64 -k 64 -n 64 -M 512 -K 4096 -N 8192 > build/aie_512x4096x8192_64x64x64.mlir
mkdir -p build
cd build && xchesscc_wrapper aie2p -I /proj/xbuilds/2024.2_INT_1113_1001/installs/all_platforms/Vitis/2024.2/aietools/include  -DDIM_M=64 -DDIM_K=64 -DDIM_N=64 -c /scratch/luisr/mlir-aie/programming_examples/basic/block_datatypes/matrix_multiplication/whole_array/../mm.cc -o mm_64x64x64.o
WARNING: Default location for XILINX_VIVADO_IP_OVERRIDE not found: /build/xfndry/IP_2024.2_INTEGRATION_VERIFIED/customer/vivado/data/ip
mkdir -p build
cd build && aiecc.py --alloc-scheme= --aie-generate-xclbin --no-compile-host --xclbin-name=final_512x4096x8192_64x64x64.xclbin \
			 --dynamic-objFifos \
			--aie-generate-npu-insts --npu-insts-name=insts_512x4096x8192_64x64x64.txt ../build/aie_512x4096x8192_64x64x64.mlir

Generating: /scratch/luisr/mlir-aie/programming_examples/basic/block_datatypes/matrix_multiplication/whole_array/build/aie_512x4096x8192_64x64x64.mlir.prj/aie_cdo_elfs.bin
Generating: /scratch/luisr/mlir-aie/programming_examples/basic/block_datatypes/matrix_multiplication/whole_array/build/aie_512x4096x8192_64x64x64.mlir.prj/aie_cdo_init.bin
Generating: /scratch/luisr/mlir-aie/programming_examples/basic/block_datatypes/matrix_multiplication/whole_array/build/aie_512x4096x8192_64x64x64.mlir.prj/aie_cdo_enable.bin
export XRT_HACK_UNSECURE_LOADING_XCLBIN=1 && \
 ./whole_array.exe -x build/final_512x4096x8192_64x64x64.xclbin -i build/insts_512x4096x8192_64x64x64.txt -k MLIR_AIE -M 512 -K 4096 -N 8192 -w 64 -y 64 -z 64 --iters 40 --warmup 10 --verify 0

Avg NPU matmul time: 6877.5us.
Avg NPU gflops: 4995.96

Min NPU matmul time: 6599us.
Max NPU gflops: 5206.81

Max NPU matmul time: 7207us.
Min NPU gflops: 4767.55

Shuffle time: 161287us.

PASS!

rm -rf build _build whole_array.exe
rm -rf _build
mkdir -p _build
cd _build &&  cmake -E env CXXFLAGS="-std=c++23 -ggdb -DDTYPE_IN= -DDTYPE_OUT= -DDTYPE_ACC=" \
	cmake `echo /scratch/luisr/mlir-aie/programming_examples/basic/block_datatypes/matrix_multiplication/whole_array/..` -D CMAKE_C_COMPILER=gcc-13 -D CMAKE_CXX_COMPILER=g++-13 -DTARGET_NAME=whole_array -Dhostsrc=/scratch/luisr/mlir-aie/programming_examples/basic/block_datatypes/matrix_multiplication/whole_array/../bfp_test.cpp
CMake Deprecation Warning at CMakeLists.txt:13 (cmake_minimum_required):
  Compatibility with CMake < 3.10 will be removed from a future version of
  CMake.

  Update the VERSION argument <min> value.  Or, use the <min>...<max> syntax
  to tell CMake that the project requires at least <min> but has been updated
  to work with policies introduced by <max> or earlier.


-- The C compiler identification is GNU 13.3.0
-- The CXX compiler identification is GNU 13.3.0
-- Detecting C compiler ABI info
-- Detecting C compiler ABI info - done
-- Check for working C compiler: /usr/bin/gcc-13 - skipped
-- Detecting C compile features
-- Detecting C compile features - done
-- Detecting CXX compiler ABI info
-- Detecting CXX compiler ABI info - done
-- Check for working CXX compiler: /usr/bin/g++-13 - skipped
-- Detecting CXX compile features
-- Detecting CXX compile features - done
-- Configuring done (0.2s)
-- Generating done (0.0s)
-- Build files have been written to: /scratch/luisr/mlir-aie/programming_examples/basic/block_datatypes/matrix_multiplication/whole_array/_build
cd _build &&  cmake --build . --config Release
gmake[1]: Entering directory '/scratch/luisr/mlir-aie/programming_examples/basic/block_datatypes/matrix_multiplication/whole_array/_build'
gmake[2]: Entering directory '/scratch/luisr/mlir-aie/programming_examples/basic/block_datatypes/matrix_multiplication/whole_array/_build'
gmake[3]: Entering directory '/scratch/luisr/mlir-aie/programming_examples/basic/block_datatypes/matrix_multiplication/whole_array/_build'
gmake[3]: Leaving directory '/scratch/luisr/mlir-aie/programming_examples/basic/block_datatypes/matrix_multiplication/whole_array/_build'
gmake[3]: Entering directory '/scratch/luisr/mlir-aie/programming_examples/basic/block_datatypes/matrix_multiplication/whole_array/_build'
[ 33%] Building CXX object CMakeFiles/whole_array.dir/bfp_test.cpp.o
[ 66%] Building CXX object CMakeFiles/whole_array.dir/scratch/luisr/mlir-aie/runtime_lib/test_lib/test_utils.cpp.o
[100%] Linking CXX executable whole_array
gmake[3]: Leaving directory '/scratch/luisr/mlir-aie/programming_examples/basic/block_datatypes/matrix_multiplication/whole_array/_build'
[100%] Built target whole_array
gmake[2]: Leaving directory '/scratch/luisr/mlir-aie/programming_examples/basic/block_datatypes/matrix_multiplication/whole_array/_build'
gmake[1]: Leaving directory '/scratch/luisr/mlir-aie/programming_examples/basic/block_datatypes/matrix_multiplication/whole_array/_build'
cp _build/whole_array whole_array.exe 
mkdir -p build
python3 /scratch/luisr/mlir-aie/programming_examples/basic/block_datatypes/matrix_multiplication/whole_array/whole_array.py --n-aie-cols 8 -m 64 -k 64 -n 64 -M 512 -K 6144 -N 512 > build/aie_512x6144x512_64x64x64.mlir
mkdir -p build
cd build && xchesscc_wrapper aie2p -I /proj/xbuilds/2024.2_INT_1113_1001/installs/all_platforms/Vitis/2024.2/aietools/include  -DDIM_M=64 -DDIM_K=64 -DDIM_N=64 -c /scratch/luisr/mlir-aie/programming_examples/basic/block_datatypes/matrix_multiplication/whole_array/../mm.cc -o mm_64x64x64.o
WARNING: Default location for XILINX_VIVADO_IP_OVERRIDE not found: /build/xfndry/IP_2024.2_INTEGRATION_VERIFIED/customer/vivado/data/ip
mkdir -p build
cd build && aiecc.py --alloc-scheme= --aie-generate-xclbin --no-compile-host --xclbin-name=final_512x6144x512_64x64x64.xclbin \
			 --dynamic-objFifos \
			--aie-generate-npu-insts --npu-insts-name=insts_512x6144x512_64x64x64.txt ../build/aie_512x6144x512_64x64x64.mlir

Generating: /scratch/luisr/mlir-aie/programming_examples/basic/block_datatypes/matrix_multiplication/whole_array/build/aie_512x6144x512_64x64x64.mlir.prj/aie_cdo_elfs.bin
Generating: /scratch/luisr/mlir-aie/programming_examples/basic/block_datatypes/matrix_multiplication/whole_array/build/aie_512x6144x512_64x64x64.mlir.prj/aie_cdo_init.bin
Generating: /scratch/luisr/mlir-aie/programming_examples/basic/block_datatypes/matrix_multiplication/whole_array/build/aie_512x6144x512_64x64x64.mlir.prj/aie_cdo_enable.bin
export XRT_HACK_UNSECURE_LOADING_XCLBIN=1 && \
 ./whole_array.exe -x build/final_512x6144x512_64x64x64.xclbin -i build/insts_512x6144x512_64x64x64.txt -k MLIR_AIE -M 512 -K 6144 -N 512 -w 64 -y 64 -z 64 --iters 40 --warmup 10 --verify 0

Avg NPU matmul time: 835.8us.
Avg NPU gflops: 3854.06

Min NPU matmul time: 790us.
Max NPU gflops: 4077.5

Max NPU matmul time: 907us.
Min NPU gflops: 3551.52

Shuffle time: 30565us.

PASS!

rm -rf build _build whole_array.exe
rm -rf _build
mkdir -p _build
cd _build &&  cmake -E env CXXFLAGS="-std=c++23 -ggdb -DDTYPE_IN= -DDTYPE_OUT= -DDTYPE_ACC=" \
	cmake `echo /scratch/luisr/mlir-aie/programming_examples/basic/block_datatypes/matrix_multiplication/whole_array/..` -D CMAKE_C_COMPILER=gcc-13 -D CMAKE_CXX_COMPILER=g++-13 -DTARGET_NAME=whole_array -Dhostsrc=/scratch/luisr/mlir-aie/programming_examples/basic/block_datatypes/matrix_multiplication/whole_array/../bfp_test.cpp
CMake Deprecation Warning at CMakeLists.txt:13 (cmake_minimum_required):
  Compatibility with CMake < 3.10 will be removed from a future version of
  CMake.

  Update the VERSION argument <min> value.  Or, use the <min>...<max> syntax
  to tell CMake that the project requires at least <min> but has been updated
  to work with policies introduced by <max> or earlier.


-- The C compiler identification is GNU 13.3.0
-- The CXX compiler identification is GNU 13.3.0
-- Detecting C compiler ABI info
-- Detecting C compiler ABI info - done
-- Check for working C compiler: /usr/bin/gcc-13 - skipped
-- Detecting C compile features
-- Detecting C compile features - done
-- Detecting CXX compiler ABI info
-- Detecting CXX compiler ABI info - done
-- Check for working CXX compiler: /usr/bin/g++-13 - skipped
-- Detecting CXX compile features
-- Detecting CXX compile features - done
-- Configuring done (0.3s)
-- Generating done (0.0s)
-- Build files have been written to: /scratch/luisr/mlir-aie/programming_examples/basic/block_datatypes/matrix_multiplication/whole_array/_build
cd _build &&  cmake --build . --config Release
gmake[1]: Entering directory '/scratch/luisr/mlir-aie/programming_examples/basic/block_datatypes/matrix_multiplication/whole_array/_build'
gmake[2]: Entering directory '/scratch/luisr/mlir-aie/programming_examples/basic/block_datatypes/matrix_multiplication/whole_array/_build'
gmake[3]: Entering directory '/scratch/luisr/mlir-aie/programming_examples/basic/block_datatypes/matrix_multiplication/whole_array/_build'
gmake[3]: Leaving directory '/scratch/luisr/mlir-aie/programming_examples/basic/block_datatypes/matrix_multiplication/whole_array/_build'
gmake[3]: Entering directory '/scratch/luisr/mlir-aie/programming_examples/basic/block_datatypes/matrix_multiplication/whole_array/_build'
[ 33%] Building CXX object CMakeFiles/whole_array.dir/bfp_test.cpp.o
[ 66%] Building CXX object CMakeFiles/whole_array.dir/scratch/luisr/mlir-aie/runtime_lib/test_lib/test_utils.cpp.o
[100%] Linking CXX executable whole_array
gmake[3]: Leaving directory '/scratch/luisr/mlir-aie/programming_examples/basic/block_datatypes/matrix_multiplication/whole_array/_build'
[100%] Built target whole_array
gmake[2]: Leaving directory '/scratch/luisr/mlir-aie/programming_examples/basic/block_datatypes/matrix_multiplication/whole_array/_build'
gmake[1]: Leaving directory '/scratch/luisr/mlir-aie/programming_examples/basic/block_datatypes/matrix_multiplication/whole_array/_build'
cp _build/whole_array whole_array.exe 
mkdir -p build
python3 /scratch/luisr/mlir-aie/programming_examples/basic/block_datatypes/matrix_multiplication/whole_array/whole_array.py --n-aie-cols 8 -m 64 -k 64 -n 64 -M 512 -K 6144 -N 1024 > build/aie_512x6144x1024_64x64x64.mlir
mkdir -p build
cd build && xchesscc_wrapper aie2p -I /proj/xbuilds/2024.2_INT_1113_1001/installs/all_platforms/Vitis/2024.2/aietools/include  -DDIM_M=64 -DDIM_K=64 -DDIM_N=64 -c /scratch/luisr/mlir-aie/programming_examples/basic/block_datatypes/matrix_multiplication/whole_array/../mm.cc -o mm_64x64x64.o
WARNING: Default location for XILINX_VIVADO_IP_OVERRIDE not found: /build/xfndry/IP_2024.2_INTEGRATION_VERIFIED/customer/vivado/data/ip
mkdir -p build
cd build && aiecc.py --alloc-scheme= --aie-generate-xclbin --no-compile-host --xclbin-name=final_512x6144x1024_64x64x64.xclbin \
			 --dynamic-objFifos \
			--aie-generate-npu-insts --npu-insts-name=insts_512x6144x1024_64x64x64.txt ../build/aie_512x6144x1024_64x64x64.mlir

Generating: /scratch/luisr/mlir-aie/programming_examples/basic/block_datatypes/matrix_multiplication/whole_array/build/aie_512x6144x1024_64x64x64.mlir.prj/aie_cdo_elfs.bin
Generating: /scratch/luisr/mlir-aie/programming_examples/basic/block_datatypes/matrix_multiplication/whole_array/build/aie_512x6144x1024_64x64x64.mlir.prj/aie_cdo_init.bin
Generating: /scratch/luisr/mlir-aie/programming_examples/basic/block_datatypes/matrix_multiplication/whole_array/build/aie_512x6144x1024_64x64x64.mlir.prj/aie_cdo_enable.bin
export XRT_HACK_UNSECURE_LOADING_XCLBIN=1 && \
 ./whole_array.exe -x build/final_512x6144x1024_64x64x64.xclbin -i build/insts_512x6144x1024_64x64x64.txt -k MLIR_AIE -M 512 -K 6144 -N 1024 -w 64 -y 64 -z 64 --iters 40 --warmup 10 --verify 0

Avg NPU matmul time: 2021.25us.
Avg NPU gflops: 3187.36

Min NPU matmul time: 1729us.
Max NPU gflops: 3726.11

Max NPU matmul time: 2504us.
Min NPU gflops: 2572.86

Shuffle time: 44026us.

PASS!

rm -rf build _build whole_array.exe
rm -rf _build
mkdir -p _build
cd _build &&  cmake -E env CXXFLAGS="-std=c++23 -ggdb -DDTYPE_IN= -DDTYPE_OUT= -DDTYPE_ACC=" \
	cmake `echo /scratch/luisr/mlir-aie/programming_examples/basic/block_datatypes/matrix_multiplication/whole_array/..` -D CMAKE_C_COMPILER=gcc-13 -D CMAKE_CXX_COMPILER=g++-13 -DTARGET_NAME=whole_array -Dhostsrc=/scratch/luisr/mlir-aie/programming_examples/basic/block_datatypes/matrix_multiplication/whole_array/../bfp_test.cpp
CMake Deprecation Warning at CMakeLists.txt:13 (cmake_minimum_required):
  Compatibility with CMake < 3.10 will be removed from a future version of
  CMake.

  Update the VERSION argument <min> value.  Or, use the <min>...<max> syntax
  to tell CMake that the project requires at least <min> but has been updated
  to work with policies introduced by <max> or earlier.


-- The C compiler identification is GNU 13.3.0
-- The CXX compiler identification is GNU 13.3.0
-- Detecting C compiler ABI info
-- Detecting C compiler ABI info - done
-- Check for working C compiler: /usr/bin/gcc-13 - skipped
-- Detecting C compile features
-- Detecting C compile features - done
-- Detecting CXX compiler ABI info
-- Detecting CXX compiler ABI info - done
-- Check for working CXX compiler: /usr/bin/g++-13 - skipped
-- Detecting CXX compile features
-- Detecting CXX compile features - done
-- Configuring done (0.2s)
-- Generating done (0.0s)
-- Build files have been written to: /scratch/luisr/mlir-aie/programming_examples/basic/block_datatypes/matrix_multiplication/whole_array/_build
cd _build &&  cmake --build . --config Release
gmake[1]: Entering directory '/scratch/luisr/mlir-aie/programming_examples/basic/block_datatypes/matrix_multiplication/whole_array/_build'
gmake[2]: Entering directory '/scratch/luisr/mlir-aie/programming_examples/basic/block_datatypes/matrix_multiplication/whole_array/_build'
gmake[3]: Entering directory '/scratch/luisr/mlir-aie/programming_examples/basic/block_datatypes/matrix_multiplication/whole_array/_build'
gmake[3]: Leaving directory '/scratch/luisr/mlir-aie/programming_examples/basic/block_datatypes/matrix_multiplication/whole_array/_build'
gmake[3]: Entering directory '/scratch/luisr/mlir-aie/programming_examples/basic/block_datatypes/matrix_multiplication/whole_array/_build'
[ 33%] Building CXX object CMakeFiles/whole_array.dir/bfp_test.cpp.o
[ 66%] Building CXX object CMakeFiles/whole_array.dir/scratch/luisr/mlir-aie/runtime_lib/test_lib/test_utils.cpp.o
[100%] Linking CXX executable whole_array
gmake[3]: Leaving directory '/scratch/luisr/mlir-aie/programming_examples/basic/block_datatypes/matrix_multiplication/whole_array/_build'
[100%] Built target whole_array
gmake[2]: Leaving directory '/scratch/luisr/mlir-aie/programming_examples/basic/block_datatypes/matrix_multiplication/whole_array/_build'
gmake[1]: Leaving directory '/scratch/luisr/mlir-aie/programming_examples/basic/block_datatypes/matrix_multiplication/whole_array/_build'
cp _build/whole_array whole_array.exe 
mkdir -p build
python3 /scratch/luisr/mlir-aie/programming_examples/basic/block_datatypes/matrix_multiplication/whole_array/whole_array.py --n-aie-cols 8 -m 64 -k 64 -n 64 -M 512 -K 6144 -N 4096 > build/aie_512x6144x4096_64x64x64.mlir
mkdir -p build
cd build && xchesscc_wrapper aie2p -I /proj/xbuilds/2024.2_INT_1113_1001/installs/all_platforms/Vitis/2024.2/aietools/include  -DDIM_M=64 -DDIM_K=64 -DDIM_N=64 -c /scratch/luisr/mlir-aie/programming_examples/basic/block_datatypes/matrix_multiplication/whole_array/../mm.cc -o mm_64x64x64.o
WARNING: Default location for XILINX_VIVADO_IP_OVERRIDE not found: /build/xfndry/IP_2024.2_INTEGRATION_VERIFIED/customer/vivado/data/ip
mkdir -p build
cd build && aiecc.py --alloc-scheme= --aie-generate-xclbin --no-compile-host --xclbin-name=final_512x6144x4096_64x64x64.xclbin \
			 --dynamic-objFifos \
			--aie-generate-npu-insts --npu-insts-name=insts_512x6144x4096_64x64x64.txt ../build/aie_512x6144x4096_64x64x64.mlir

Generating: /scratch/luisr/mlir-aie/programming_examples/basic/block_datatypes/matrix_multiplication/whole_array/build/aie_512x6144x4096_64x64x64.mlir.prj/aie_cdo_elfs.bin
Generating: /scratch/luisr/mlir-aie/programming_examples/basic/block_datatypes/matrix_multiplication/whole_array/build/aie_512x6144x4096_64x64x64.mlir.prj/aie_cdo_init.bin
Generating: /scratch/luisr/mlir-aie/programming_examples/basic/block_datatypes/matrix_multiplication/whole_array/build/aie_512x6144x4096_64x64x64.mlir.prj/aie_cdo_enable.bin
export XRT_HACK_UNSECURE_LOADING_XCLBIN=1 && \
 ./whole_array.exe -x build/final_512x6144x4096_64x64x64.xclbin -i build/insts_512x6144x4096_64x64x64.txt -k MLIR_AIE -M 512 -K 6144 -N 4096 -w 64 -y 64 -z 64 --iters 40 --warmup 10 --verify 0

Avg NPU matmul time: 6692.05us.
Avg NPU gflops: 3850.81

Min NPU matmul time: 6292us.
Max NPU gflops: 4095.65

Max NPU matmul time: 7162us.
Min NPU gflops: 3598.13

Shuffle time: 132050us.

PASS!

rm -rf build _build whole_array.exe
rm -rf _build
mkdir -p _build
cd _build &&  cmake -E env CXXFLAGS="-std=c++23 -ggdb -DDTYPE_IN= -DDTYPE_OUT= -DDTYPE_ACC=" \
	cmake `echo /scratch/luisr/mlir-aie/programming_examples/basic/block_datatypes/matrix_multiplication/whole_array/..` -D CMAKE_C_COMPILER=gcc-13 -D CMAKE_CXX_COMPILER=g++-13 -DTARGET_NAME=whole_array -Dhostsrc=/scratch/luisr/mlir-aie/programming_examples/basic/block_datatypes/matrix_multiplication/whole_array/../bfp_test.cpp
CMake Deprecation Warning at CMakeLists.txt:13 (cmake_minimum_required):
  Compatibility with CMake < 3.10 will be removed from a future version of
  CMake.

  Update the VERSION argument <min> value.  Or, use the <min>...<max> syntax
  to tell CMake that the project requires at least <min> but has been updated
  to work with policies introduced by <max> or earlier.


-- The C compiler identification is GNU 13.3.0
-- The CXX compiler identification is GNU 13.3.0
-- Detecting C compiler ABI info
-- Detecting C compiler ABI info - done
-- Check for working C compiler: /usr/bin/gcc-13 - skipped
-- Detecting C compile features
-- Detecting C compile features - done
-- Detecting CXX compiler ABI info
-- Detecting CXX compiler ABI info - done
-- Check for working CXX compiler: /usr/bin/g++-13 - skipped
-- Detecting CXX compile features
-- Detecting CXX compile features - done
-- Configuring done (0.3s)
-- Generating done (0.0s)
-- Build files have been written to: /scratch/luisr/mlir-aie/programming_examples/basic/block_datatypes/matrix_multiplication/whole_array/_build
cd _build &&  cmake --build . --config Release
gmake[1]: Entering directory '/scratch/luisr/mlir-aie/programming_examples/basic/block_datatypes/matrix_multiplication/whole_array/_build'
gmake[2]: Entering directory '/scratch/luisr/mlir-aie/programming_examples/basic/block_datatypes/matrix_multiplication/whole_array/_build'
gmake[3]: Entering directory '/scratch/luisr/mlir-aie/programming_examples/basic/block_datatypes/matrix_multiplication/whole_array/_build'
gmake[3]: Leaving directory '/scratch/luisr/mlir-aie/programming_examples/basic/block_datatypes/matrix_multiplication/whole_array/_build'
gmake[3]: Entering directory '/scratch/luisr/mlir-aie/programming_examples/basic/block_datatypes/matrix_multiplication/whole_array/_build'
[ 33%] Building CXX object CMakeFiles/whole_array.dir/bfp_test.cpp.o
[ 66%] Building CXX object CMakeFiles/whole_array.dir/scratch/luisr/mlir-aie/runtime_lib/test_lib/test_utils.cpp.o
[100%] Linking CXX executable whole_array
gmake[3]: Leaving directory '/scratch/luisr/mlir-aie/programming_examples/basic/block_datatypes/matrix_multiplication/whole_array/_build'
[100%] Built target whole_array
gmake[2]: Leaving directory '/scratch/luisr/mlir-aie/programming_examples/basic/block_datatypes/matrix_multiplication/whole_array/_build'
gmake[1]: Leaving directory '/scratch/luisr/mlir-aie/programming_examples/basic/block_datatypes/matrix_multiplication/whole_array/_build'
cp _build/whole_array whole_array.exe 
mkdir -p build
python3 /scratch/luisr/mlir-aie/programming_examples/basic/block_datatypes/matrix_multiplication/whole_array/whole_array.py --n-aie-cols 8 -m 64 -k 64 -n 64 -M 512 -K 6144 -N 8192 > build/aie_512x6144x8192_64x64x64.mlir
mkdir -p build
cd build && xchesscc_wrapper aie2p -I /proj/xbuilds/2024.2_INT_1113_1001/installs/all_platforms/Vitis/2024.2/aietools/include  -DDIM_M=64 -DDIM_K=64 -DDIM_N=64 -c /scratch/luisr/mlir-aie/programming_examples/basic/block_datatypes/matrix_multiplication/whole_array/../mm.cc -o mm_64x64x64.o
WARNING: Default location for XILINX_VIVADO_IP_OVERRIDE not found: /build/xfndry/IP_2024.2_INTEGRATION_VERIFIED/customer/vivado/data/ip
mkdir -p build
cd build && aiecc.py --alloc-scheme= --aie-generate-xclbin --no-compile-host --xclbin-name=final_512x6144x8192_64x64x64.xclbin \
			 --dynamic-objFifos \
			--aie-generate-npu-insts --npu-insts-name=insts_512x6144x8192_64x64x64.txt ../build/aie_512x6144x8192_64x64x64.mlir

Generating: /scratch/luisr/mlir-aie/programming_examples/basic/block_datatypes/matrix_multiplication/whole_array/build/aie_512x6144x8192_64x64x64.mlir.prj/aie_cdo_elfs.bin
Generating: /scratch/luisr/mlir-aie/programming_examples/basic/block_datatypes/matrix_multiplication/whole_array/build/aie_512x6144x8192_64x64x64.mlir.prj/aie_cdo_init.bin
Generating: /scratch/luisr/mlir-aie/programming_examples/basic/block_datatypes/matrix_multiplication/whole_array/build/aie_512x6144x8192_64x64x64.mlir.prj/aie_cdo_enable.bin
export XRT_HACK_UNSECURE_LOADING_XCLBIN=1 && \
 ./whole_array.exe -x build/final_512x6144x8192_64x64x64.xclbin -i build/insts_512x6144x8192_64x64x64.txt -k MLIR_AIE -M 512 -K 6144 -N 8192 -w 64 -y 64 -z 64 --iters 40 --warmup 10 --verify 0

Avg NPU matmul time: 13702.9us.
Avg NPU gflops: 3761.21

Min NPU matmul time: 12937us.
Max NPU gflops: 3983.89

Max NPU matmul time: 14272us.
Min NPU gflops: 3611.24

Shuffle time: 248200us.

PASS!

rm -rf build _build whole_array.exe
rm -rf _build
mkdir -p _build
cd _build &&  cmake -E env CXXFLAGS="-std=c++23 -ggdb -DDTYPE_IN= -DDTYPE_OUT= -DDTYPE_ACC=" \
	cmake `echo /scratch/luisr/mlir-aie/programming_examples/basic/block_datatypes/matrix_multiplication/whole_array/..` -D CMAKE_C_COMPILER=gcc-13 -D CMAKE_CXX_COMPILER=g++-13 -DTARGET_NAME=whole_array -Dhostsrc=/scratch/luisr/mlir-aie/programming_examples/basic/block_datatypes/matrix_multiplication/whole_array/../bfp_test.cpp
CMake Deprecation Warning at CMakeLists.txt:13 (cmake_minimum_required):
  Compatibility with CMake < 3.10 will be removed from a future version of
  CMake.

  Update the VERSION argument <min> value.  Or, use the <min>...<max> syntax
  to tell CMake that the project requires at least <min> but has been updated
  to work with policies introduced by <max> or earlier.


-- The C compiler identification is GNU 13.3.0
-- The CXX compiler identification is GNU 13.3.0
-- Detecting C compiler ABI info
-- Detecting C compiler ABI info - done
-- Check for working C compiler: /usr/bin/gcc-13 - skipped
-- Detecting C compile features
-- Detecting C compile features - done
-- Detecting CXX compiler ABI info
-- Detecting CXX compiler ABI info - done
-- Check for working CXX compiler: /usr/bin/g++-13 - skipped
-- Detecting CXX compile features
-- Detecting CXX compile features - done
-- Configuring done (0.3s)
-- Generating done (0.0s)
-- Build files have been written to: /scratch/luisr/mlir-aie/programming_examples/basic/block_datatypes/matrix_multiplication/whole_array/_build
cd _build &&  cmake --build . --config Release
gmake[1]: Entering directory '/scratch/luisr/mlir-aie/programming_examples/basic/block_datatypes/matrix_multiplication/whole_array/_build'
gmake[2]: Entering directory '/scratch/luisr/mlir-aie/programming_examples/basic/block_datatypes/matrix_multiplication/whole_array/_build'
gmake[3]: Entering directory '/scratch/luisr/mlir-aie/programming_examples/basic/block_datatypes/matrix_multiplication/whole_array/_build'
gmake[3]: Leaving directory '/scratch/luisr/mlir-aie/programming_examples/basic/block_datatypes/matrix_multiplication/whole_array/_build'
gmake[3]: Entering directory '/scratch/luisr/mlir-aie/programming_examples/basic/block_datatypes/matrix_multiplication/whole_array/_build'
[ 33%] Building CXX object CMakeFiles/whole_array.dir/bfp_test.cpp.o
[ 66%] Building CXX object CMakeFiles/whole_array.dir/scratch/luisr/mlir-aie/runtime_lib/test_lib/test_utils.cpp.o
[100%] Linking CXX executable whole_array
gmake[3]: Leaving directory '/scratch/luisr/mlir-aie/programming_examples/basic/block_datatypes/matrix_multiplication/whole_array/_build'
[100%] Built target whole_array
gmake[2]: Leaving directory '/scratch/luisr/mlir-aie/programming_examples/basic/block_datatypes/matrix_multiplication/whole_array/_build'
gmake[1]: Leaving directory '/scratch/luisr/mlir-aie/programming_examples/basic/block_datatypes/matrix_multiplication/whole_array/_build'
cp _build/whole_array whole_array.exe 
mkdir -p build
python3 /scratch/luisr/mlir-aie/programming_examples/basic/block_datatypes/matrix_multiplication/whole_array/whole_array.py --n-aie-cols 8 -m 64 -k 64 -n 64 -M 1024 -K 512 -N 512 > build/aie_1024x512x512_64x64x64.mlir
mkdir -p build
cd build && xchesscc_wrapper aie2p -I /proj/xbuilds/2024.2_INT_1113_1001/installs/all_platforms/Vitis/2024.2/aietools/include  -DDIM_M=64 -DDIM_K=64 -DDIM_N=64 -c /scratch/luisr/mlir-aie/programming_examples/basic/block_datatypes/matrix_multiplication/whole_array/../mm.cc -o mm_64x64x64.o
WARNING: Default location for XILINX_VIVADO_IP_OVERRIDE not found: /build/xfndry/IP_2024.2_INTEGRATION_VERIFIED/customer/vivado/data/ip
mkdir -p build
cd build && aiecc.py --alloc-scheme= --aie-generate-xclbin --no-compile-host --xclbin-name=final_1024x512x512_64x64x64.xclbin \
			 --dynamic-objFifos \
			--aie-generate-npu-insts --npu-insts-name=insts_1024x512x512_64x64x64.txt ../build/aie_1024x512x512_64x64x64.mlir

Generating: /scratch/luisr/mlir-aie/programming_examples/basic/block_datatypes/matrix_multiplication/whole_array/build/aie_1024x512x512_64x64x64.mlir.prj/aie_cdo_elfs.bin
Generating: /scratch/luisr/mlir-aie/programming_examples/basic/block_datatypes/matrix_multiplication/whole_array/build/aie_1024x512x512_64x64x64.mlir.prj/aie_cdo_init.bin
Generating: /scratch/luisr/mlir-aie/programming_examples/basic/block_datatypes/matrix_multiplication/whole_array/build/aie_1024x512x512_64x64x64.mlir.prj/aie_cdo_enable.bin
export XRT_HACK_UNSECURE_LOADING_XCLBIN=1 && \
 ./whole_array.exe -x build/final_1024x512x512_64x64x64.xclbin -i build/insts_1024x512x512_64x64x64.txt -k MLIR_AIE -M 1024 -K 512 -N 512 -w 64 -y 64 -z 64 --iters 40 --warmup 10 --verify 0

Avg NPU matmul time: 178.55us.
Avg NPU gflops: 3006.84

Min NPU matmul time: 175us.
Max NPU gflops: 3067.83

Max NPU matmul time: 187us.
Min NPU gflops: 2870.97

Shuffle time: 4115us.

PASS!

rm -rf build _build whole_array.exe
rm -rf _build
mkdir -p _build
cd _build &&  cmake -E env CXXFLAGS="-std=c++23 -ggdb -DDTYPE_IN= -DDTYPE_OUT= -DDTYPE_ACC=" \
	cmake `echo /scratch/luisr/mlir-aie/programming_examples/basic/block_datatypes/matrix_multiplication/whole_array/..` -D CMAKE_C_COMPILER=gcc-13 -D CMAKE_CXX_COMPILER=g++-13 -DTARGET_NAME=whole_array -Dhostsrc=/scratch/luisr/mlir-aie/programming_examples/basic/block_datatypes/matrix_multiplication/whole_array/../bfp_test.cpp
CMake Deprecation Warning at CMakeLists.txt:13 (cmake_minimum_required):
  Compatibility with CMake < 3.10 will be removed from a future version of
  CMake.

  Update the VERSION argument <min> value.  Or, use the <min>...<max> syntax
  to tell CMake that the project requires at least <min> but has been updated
  to work with policies introduced by <max> or earlier.


-- The C compiler identification is GNU 13.3.0
-- The CXX compiler identification is GNU 13.3.0
-- Detecting C compiler ABI info
-- Detecting C compiler ABI info - done
-- Check for working C compiler: /usr/bin/gcc-13 - skipped
-- Detecting C compile features
-- Detecting C compile features - done
-- Detecting CXX compiler ABI info
-- Detecting CXX compiler ABI info - done
-- Check for working CXX compiler: /usr/bin/g++-13 - skipped
-- Detecting CXX compile features
-- Detecting CXX compile features - done
-- Configuring done (0.3s)
-- Generating done (0.0s)
-- Build files have been written to: /scratch/luisr/mlir-aie/programming_examples/basic/block_datatypes/matrix_multiplication/whole_array/_build
cd _build &&  cmake --build . --config Release
gmake[1]: Entering directory '/scratch/luisr/mlir-aie/programming_examples/basic/block_datatypes/matrix_multiplication/whole_array/_build'
gmake[2]: Entering directory '/scratch/luisr/mlir-aie/programming_examples/basic/block_datatypes/matrix_multiplication/whole_array/_build'
gmake[3]: Entering directory '/scratch/luisr/mlir-aie/programming_examples/basic/block_datatypes/matrix_multiplication/whole_array/_build'
gmake[3]: Leaving directory '/scratch/luisr/mlir-aie/programming_examples/basic/block_datatypes/matrix_multiplication/whole_array/_build'
gmake[3]: Entering directory '/scratch/luisr/mlir-aie/programming_examples/basic/block_datatypes/matrix_multiplication/whole_array/_build'
[ 33%] Building CXX object CMakeFiles/whole_array.dir/bfp_test.cpp.o
[ 66%] Building CXX object CMakeFiles/whole_array.dir/scratch/luisr/mlir-aie/runtime_lib/test_lib/test_utils.cpp.o
[100%] Linking CXX executable whole_array
gmake[3]: Leaving directory '/scratch/luisr/mlir-aie/programming_examples/basic/block_datatypes/matrix_multiplication/whole_array/_build'
[100%] Built target whole_array
gmake[2]: Leaving directory '/scratch/luisr/mlir-aie/programming_examples/basic/block_datatypes/matrix_multiplication/whole_array/_build'
gmake[1]: Leaving directory '/scratch/luisr/mlir-aie/programming_examples/basic/block_datatypes/matrix_multiplication/whole_array/_build'
cp _build/whole_array whole_array.exe 
mkdir -p build
python3 /scratch/luisr/mlir-aie/programming_examples/basic/block_datatypes/matrix_multiplication/whole_array/whole_array.py --n-aie-cols 8 -m 64 -k 64 -n 64 -M 1024 -K 512 -N 1024 > build/aie_1024x512x1024_64x64x64.mlir
mkdir -p build
cd build && xchesscc_wrapper aie2p -I /proj/xbuilds/2024.2_INT_1113_1001/installs/all_platforms/Vitis/2024.2/aietools/include  -DDIM_M=64 -DDIM_K=64 -DDIM_N=64 -c /scratch/luisr/mlir-aie/programming_examples/basic/block_datatypes/matrix_multiplication/whole_array/../mm.cc -o mm_64x64x64.o
WARNING: Default location for XILINX_VIVADO_IP_OVERRIDE not found: /build/xfndry/IP_2024.2_INTEGRATION_VERIFIED/customer/vivado/data/ip
mkdir -p build
cd build && aiecc.py --alloc-scheme= --aie-generate-xclbin --no-compile-host --xclbin-name=final_1024x512x1024_64x64x64.xclbin \
			 --dynamic-objFifos \
			--aie-generate-npu-insts --npu-insts-name=insts_1024x512x1024_64x64x64.txt ../build/aie_1024x512x1024_64x64x64.mlir

Generating: /scratch/luisr/mlir-aie/programming_examples/basic/block_datatypes/matrix_multiplication/whole_array/build/aie_1024x512x1024_64x64x64.mlir.prj/aie_cdo_elfs.bin
Generating: /scratch/luisr/mlir-aie/programming_examples/basic/block_datatypes/matrix_multiplication/whole_array/build/aie_1024x512x1024_64x64x64.mlir.prj/aie_cdo_init.bin
Generating: /scratch/luisr/mlir-aie/programming_examples/basic/block_datatypes/matrix_multiplication/whole_array/build/aie_1024x512x1024_64x64x64.mlir.prj/aie_cdo_enable.bin
export XRT_HACK_UNSECURE_LOADING_XCLBIN=1 && \
 ./whole_array.exe -x build/final_1024x512x1024_64x64x64.xclbin -i build/insts_1024x512x1024_64x64x64.txt -k MLIR_AIE -M 1024 -K 512 -N 1024 -w 64 -y 64 -z 64 --iters 40 --warmup 10 --verify 0

Avg NPU matmul time: 251.7us.
Avg NPU gflops: 4265.96

Min NPU matmul time: 239us.
Max NPU gflops: 4492.64

Max NPU matmul time: 285us.
Min NPU gflops: 3767.52

Shuffle time: 4860us.

PASS!

rm -rf build _build whole_array.exe
rm -rf _build
mkdir -p _build
cd _build &&  cmake -E env CXXFLAGS="-std=c++23 -ggdb -DDTYPE_IN= -DDTYPE_OUT= -DDTYPE_ACC=" \
	cmake `echo /scratch/luisr/mlir-aie/programming_examples/basic/block_datatypes/matrix_multiplication/whole_array/..` -D CMAKE_C_COMPILER=gcc-13 -D CMAKE_CXX_COMPILER=g++-13 -DTARGET_NAME=whole_array -Dhostsrc=/scratch/luisr/mlir-aie/programming_examples/basic/block_datatypes/matrix_multiplication/whole_array/../bfp_test.cpp
CMake Deprecation Warning at CMakeLists.txt:13 (cmake_minimum_required):
  Compatibility with CMake < 3.10 will be removed from a future version of
  CMake.

  Update the VERSION argument <min> value.  Or, use the <min>...<max> syntax
  to tell CMake that the project requires at least <min> but has been updated
  to work with policies introduced by <max> or earlier.


-- The C compiler identification is GNU 13.3.0
-- The CXX compiler identification is GNU 13.3.0
-- Detecting C compiler ABI info
-- Detecting C compiler ABI info - done
-- Check for working C compiler: /usr/bin/gcc-13 - skipped
-- Detecting C compile features
-- Detecting C compile features - done
-- Detecting CXX compiler ABI info
-- Detecting CXX compiler ABI info - done
-- Check for working CXX compiler: /usr/bin/g++-13 - skipped
-- Detecting CXX compile features
-- Detecting CXX compile features - done
-- Configuring done (0.3s)
-- Generating done (0.0s)
-- Build files have been written to: /scratch/luisr/mlir-aie/programming_examples/basic/block_datatypes/matrix_multiplication/whole_array/_build
cd _build &&  cmake --build . --config Release
gmake[1]: Entering directory '/scratch/luisr/mlir-aie/programming_examples/basic/block_datatypes/matrix_multiplication/whole_array/_build'
gmake[2]: Entering directory '/scratch/luisr/mlir-aie/programming_examples/basic/block_datatypes/matrix_multiplication/whole_array/_build'
gmake[3]: Entering directory '/scratch/luisr/mlir-aie/programming_examples/basic/block_datatypes/matrix_multiplication/whole_array/_build'
gmake[3]: Leaving directory '/scratch/luisr/mlir-aie/programming_examples/basic/block_datatypes/matrix_multiplication/whole_array/_build'
gmake[3]: Entering directory '/scratch/luisr/mlir-aie/programming_examples/basic/block_datatypes/matrix_multiplication/whole_array/_build'
[ 33%] Building CXX object CMakeFiles/whole_array.dir/bfp_test.cpp.o
[ 66%] Building CXX object CMakeFiles/whole_array.dir/scratch/luisr/mlir-aie/runtime_lib/test_lib/test_utils.cpp.o
[100%] Linking CXX executable whole_array
gmake[3]: Leaving directory '/scratch/luisr/mlir-aie/programming_examples/basic/block_datatypes/matrix_multiplication/whole_array/_build'
[100%] Built target whole_array
gmake[2]: Leaving directory '/scratch/luisr/mlir-aie/programming_examples/basic/block_datatypes/matrix_multiplication/whole_array/_build'
gmake[1]: Leaving directory '/scratch/luisr/mlir-aie/programming_examples/basic/block_datatypes/matrix_multiplication/whole_array/_build'
cp _build/whole_array whole_array.exe 
mkdir -p build
python3 /scratch/luisr/mlir-aie/programming_examples/basic/block_datatypes/matrix_multiplication/whole_array/whole_array.py --n-aie-cols 8 -m 64 -k 64 -n 64 -M 1024 -K 512 -N 4096 > build/aie_1024x512x4096_64x64x64.mlir
mkdir -p build
cd build && xchesscc_wrapper aie2p -I /proj/xbuilds/2024.2_INT_1113_1001/installs/all_platforms/Vitis/2024.2/aietools/include  -DDIM_M=64 -DDIM_K=64 -DDIM_N=64 -c /scratch/luisr/mlir-aie/programming_examples/basic/block_datatypes/matrix_multiplication/whole_array/../mm.cc -o mm_64x64x64.o
WARNING: Default location for XILINX_VIVADO_IP_OVERRIDE not found: /build/xfndry/IP_2024.2_INTEGRATION_VERIFIED/customer/vivado/data/ip
mkdir -p build
cd build && aiecc.py --alloc-scheme= --aie-generate-xclbin --no-compile-host --xclbin-name=final_1024x512x4096_64x64x64.xclbin \
			 --dynamic-objFifos \
			--aie-generate-npu-insts --npu-insts-name=insts_1024x512x4096_64x64x64.txt ../build/aie_1024x512x4096_64x64x64.mlir

Generating: /scratch/luisr/mlir-aie/programming_examples/basic/block_datatypes/matrix_multiplication/whole_array/build/aie_1024x512x4096_64x64x64.mlir.prj/aie_cdo_elfs.bin
Generating: /scratch/luisr/mlir-aie/programming_examples/basic/block_datatypes/matrix_multiplication/whole_array/build/aie_1024x512x4096_64x64x64.mlir.prj/aie_cdo_init.bin
Generating: /scratch/luisr/mlir-aie/programming_examples/basic/block_datatypes/matrix_multiplication/whole_array/build/aie_1024x512x4096_64x64x64.mlir.prj/aie_cdo_enable.bin
export XRT_HACK_UNSECURE_LOADING_XCLBIN=1 && \
 ./whole_array.exe -x build/final_1024x512x4096_64x64x64.xclbin -i build/insts_1024x512x4096_64x64x64.txt -k MLIR_AIE -M 1024 -K 512 -N 4096 -w 64 -y 64 -z 64 --iters 40 --warmup 10 --verify 0

Avg NPU matmul time: 777.3us.
Avg NPU gflops: 5525.5

Min NPU matmul time: 766us.
Max NPU gflops: 5607.01

Max NPU matmul time: 789us.
Min NPU gflops: 5443.56

Shuffle time: 14138us.

PASS!

rm -rf build _build whole_array.exe
rm -rf _build
mkdir -p _build
cd _build &&  cmake -E env CXXFLAGS="-std=c++23 -ggdb -DDTYPE_IN= -DDTYPE_OUT= -DDTYPE_ACC=" \
	cmake `echo /scratch/luisr/mlir-aie/programming_examples/basic/block_datatypes/matrix_multiplication/whole_array/..` -D CMAKE_C_COMPILER=gcc-13 -D CMAKE_CXX_COMPILER=g++-13 -DTARGET_NAME=whole_array -Dhostsrc=/scratch/luisr/mlir-aie/programming_examples/basic/block_datatypes/matrix_multiplication/whole_array/../bfp_test.cpp
CMake Deprecation Warning at CMakeLists.txt:13 (cmake_minimum_required):
  Compatibility with CMake < 3.10 will be removed from a future version of
  CMake.

  Update the VERSION argument <min> value.  Or, use the <min>...<max> syntax
  to tell CMake that the project requires at least <min> but has been updated
  to work with policies introduced by <max> or earlier.


-- The C compiler identification is GNU 13.3.0
-- The CXX compiler identification is GNU 13.3.0
-- Detecting C compiler ABI info
-- Detecting C compiler ABI info - done
-- Check for working C compiler: /usr/bin/gcc-13 - skipped
-- Detecting C compile features
-- Detecting C compile features - done
-- Detecting CXX compiler ABI info
-- Detecting CXX compiler ABI info - done
-- Check for working CXX compiler: /usr/bin/g++-13 - skipped
-- Detecting CXX compile features
-- Detecting CXX compile features - done
-- Configuring done (0.3s)
-- Generating done (0.0s)
-- Build files have been written to: /scratch/luisr/mlir-aie/programming_examples/basic/block_datatypes/matrix_multiplication/whole_array/_build
cd _build &&  cmake --build . --config Release
gmake[1]: Entering directory '/scratch/luisr/mlir-aie/programming_examples/basic/block_datatypes/matrix_multiplication/whole_array/_build'
gmake[2]: Entering directory '/scratch/luisr/mlir-aie/programming_examples/basic/block_datatypes/matrix_multiplication/whole_array/_build'
gmake[3]: Entering directory '/scratch/luisr/mlir-aie/programming_examples/basic/block_datatypes/matrix_multiplication/whole_array/_build'
gmake[3]: Leaving directory '/scratch/luisr/mlir-aie/programming_examples/basic/block_datatypes/matrix_multiplication/whole_array/_build'
gmake[3]: Entering directory '/scratch/luisr/mlir-aie/programming_examples/basic/block_datatypes/matrix_multiplication/whole_array/_build'
[ 33%] Building CXX object CMakeFiles/whole_array.dir/bfp_test.cpp.o
[ 66%] Building CXX object CMakeFiles/whole_array.dir/scratch/luisr/mlir-aie/runtime_lib/test_lib/test_utils.cpp.o
[100%] Linking CXX executable whole_array
gmake[3]: Leaving directory '/scratch/luisr/mlir-aie/programming_examples/basic/block_datatypes/matrix_multiplication/whole_array/_build'
[100%] Built target whole_array
gmake[2]: Leaving directory '/scratch/luisr/mlir-aie/programming_examples/basic/block_datatypes/matrix_multiplication/whole_array/_build'
gmake[1]: Leaving directory '/scratch/luisr/mlir-aie/programming_examples/basic/block_datatypes/matrix_multiplication/whole_array/_build'
cp _build/whole_array whole_array.exe 
mkdir -p build
python3 /scratch/luisr/mlir-aie/programming_examples/basic/block_datatypes/matrix_multiplication/whole_array/whole_array.py --n-aie-cols 8 -m 64 -k 64 -n 64 -M 1024 -K 512 -N 8192 > build/aie_1024x512x8192_64x64x64.mlir
mkdir -p build
cd build && xchesscc_wrapper aie2p -I /proj/xbuilds/2024.2_INT_1113_1001/installs/all_platforms/Vitis/2024.2/aietools/include  -DDIM_M=64 -DDIM_K=64 -DDIM_N=64 -c /scratch/luisr/mlir-aie/programming_examples/basic/block_datatypes/matrix_multiplication/whole_array/../mm.cc -o mm_64x64x64.o
WARNING: Default location for XILINX_VIVADO_IP_OVERRIDE not found: /build/xfndry/IP_2024.2_INTEGRATION_VERIFIED/customer/vivado/data/ip
mkdir -p build
cd build && aiecc.py --alloc-scheme= --aie-generate-xclbin --no-compile-host --xclbin-name=final_1024x512x8192_64x64x64.xclbin \
			 --dynamic-objFifos \
			--aie-generate-npu-insts --npu-insts-name=insts_1024x512x8192_64x64x64.txt ../build/aie_1024x512x8192_64x64x64.mlir

Generating: /scratch/luisr/mlir-aie/programming_examples/basic/block_datatypes/matrix_multiplication/whole_array/build/aie_1024x512x8192_64x64x64.mlir.prj/aie_cdo_elfs.bin
Generating: /scratch/luisr/mlir-aie/programming_examples/basic/block_datatypes/matrix_multiplication/whole_array/build/aie_1024x512x8192_64x64x64.mlir.prj/aie_cdo_init.bin
Generating: /scratch/luisr/mlir-aie/programming_examples/basic/block_datatypes/matrix_multiplication/whole_array/build/aie_1024x512x8192_64x64x64.mlir.prj/aie_cdo_enable.bin
export XRT_HACK_UNSECURE_LOADING_XCLBIN=1 && \
 ./whole_array.exe -x build/final_1024x512x8192_64x64x64.xclbin -i build/insts_1024x512x8192_64x64x64.txt -k MLIR_AIE -M 1024 -K 512 -N 8192 -w 64 -y 64 -z 64 --iters 40 --warmup 10 --verify 0

Avg NPU matmul time: 2163.75us.
Avg NPU gflops: 3969.93

Min NPU matmul time: 1721us.
Max NPU gflops: 4991.25

Max NPU matmul time: 2695us.
Min NPU gflops: 3187.36

Shuffle time: 20485us.

PASS!

rm -rf build _build whole_array.exe
rm -rf _build
mkdir -p _build
cd _build &&  cmake -E env CXXFLAGS="-std=c++23 -ggdb -DDTYPE_IN= -DDTYPE_OUT= -DDTYPE_ACC=" \
	cmake `echo /scratch/luisr/mlir-aie/programming_examples/basic/block_datatypes/matrix_multiplication/whole_array/..` -D CMAKE_C_COMPILER=gcc-13 -D CMAKE_CXX_COMPILER=g++-13 -DTARGET_NAME=whole_array -Dhostsrc=/scratch/luisr/mlir-aie/programming_examples/basic/block_datatypes/matrix_multiplication/whole_array/../bfp_test.cpp
CMake Deprecation Warning at CMakeLists.txt:13 (cmake_minimum_required):
  Compatibility with CMake < 3.10 will be removed from a future version of
  CMake.

  Update the VERSION argument <min> value.  Or, use the <min>...<max> syntax
  to tell CMake that the project requires at least <min> but has been updated
  to work with policies introduced by <max> or earlier.


-- The C compiler identification is GNU 13.3.0
-- The CXX compiler identification is GNU 13.3.0
-- Detecting C compiler ABI info
-- Detecting C compiler ABI info - done
-- Check for working C compiler: /usr/bin/gcc-13 - skipped
-- Detecting C compile features
-- Detecting C compile features - done
-- Detecting CXX compiler ABI info
-- Detecting CXX compiler ABI info - done
-- Check for working CXX compiler: /usr/bin/g++-13 - skipped
-- Detecting CXX compile features
-- Detecting CXX compile features - done
-- Configuring done (0.3s)
-- Generating done (0.0s)
-- Build files have been written to: /scratch/luisr/mlir-aie/programming_examples/basic/block_datatypes/matrix_multiplication/whole_array/_build
cd _build &&  cmake --build . --config Release
gmake[1]: Entering directory '/scratch/luisr/mlir-aie/programming_examples/basic/block_datatypes/matrix_multiplication/whole_array/_build'
gmake[2]: Entering directory '/scratch/luisr/mlir-aie/programming_examples/basic/block_datatypes/matrix_multiplication/whole_array/_build'
gmake[3]: Entering directory '/scratch/luisr/mlir-aie/programming_examples/basic/block_datatypes/matrix_multiplication/whole_array/_build'
gmake[3]: Leaving directory '/scratch/luisr/mlir-aie/programming_examples/basic/block_datatypes/matrix_multiplication/whole_array/_build'
gmake[3]: Entering directory '/scratch/luisr/mlir-aie/programming_examples/basic/block_datatypes/matrix_multiplication/whole_array/_build'
[ 33%] Building CXX object CMakeFiles/whole_array.dir/bfp_test.cpp.o
[ 66%] Building CXX object CMakeFiles/whole_array.dir/scratch/luisr/mlir-aie/runtime_lib/test_lib/test_utils.cpp.o
[100%] Linking CXX executable whole_array
gmake[3]: Leaving directory '/scratch/luisr/mlir-aie/programming_examples/basic/block_datatypes/matrix_multiplication/whole_array/_build'
[100%] Built target whole_array
gmake[2]: Leaving directory '/scratch/luisr/mlir-aie/programming_examples/basic/block_datatypes/matrix_multiplication/whole_array/_build'
gmake[1]: Leaving directory '/scratch/luisr/mlir-aie/programming_examples/basic/block_datatypes/matrix_multiplication/whole_array/_build'
cp _build/whole_array whole_array.exe 
mkdir -p build
python3 /scratch/luisr/mlir-aie/programming_examples/basic/block_datatypes/matrix_multiplication/whole_array/whole_array.py --n-aie-cols 8 -m 64 -k 64 -n 64 -M 1024 -K 1024 -N 512 > build/aie_1024x1024x512_64x64x64.mlir
mkdir -p build
cd build && xchesscc_wrapper aie2p -I /proj/xbuilds/2024.2_INT_1113_1001/installs/all_platforms/Vitis/2024.2/aietools/include  -DDIM_M=64 -DDIM_K=64 -DDIM_N=64 -c /scratch/luisr/mlir-aie/programming_examples/basic/block_datatypes/matrix_multiplication/whole_array/../mm.cc -o mm_64x64x64.o
WARNING: Default location for XILINX_VIVADO_IP_OVERRIDE not found: /build/xfndry/IP_2024.2_INTEGRATION_VERIFIED/customer/vivado/data/ip
mkdir -p build
cd build && aiecc.py --alloc-scheme= --aie-generate-xclbin --no-compile-host --xclbin-name=final_1024x1024x512_64x64x64.xclbin \
			 --dynamic-objFifos \
			--aie-generate-npu-insts --npu-insts-name=insts_1024x1024x512_64x64x64.txt ../build/aie_1024x1024x512_64x64x64.mlir

Generating: /scratch/luisr/mlir-aie/programming_examples/basic/block_datatypes/matrix_multiplication/whole_array/build/aie_1024x1024x512_64x64x64.mlir.prj/aie_cdo_elfs.bin
Generating: /scratch/luisr/mlir-aie/programming_examples/basic/block_datatypes/matrix_multiplication/whole_array/build/aie_1024x1024x512_64x64x64.mlir.prj/aie_cdo_init.bin
Generating: /scratch/luisr/mlir-aie/programming_examples/basic/block_datatypes/matrix_multiplication/whole_array/build/aie_1024x1024x512_64x64x64.mlir.prj/aie_cdo_enable.bin
export XRT_HACK_UNSECURE_LOADING_XCLBIN=1 && \
 ./whole_array.exe -x build/final_1024x1024x512_64x64x64.xclbin -i build/insts_1024x1024x512_64x64x64.txt -k MLIR_AIE -M 1024 -K 1024 -N 512 -w 64 -y 64 -z 64 --iters 40 --warmup 10 --verify 0

Avg NPU matmul time: 249.475us.
Avg NPU gflops: 4304.01

Min NPU matmul time: 235us.
Max NPU gflops: 4569.11

Max NPU matmul time: 269us.
Min NPU gflops: 3991.61

Shuffle time: 6799us.

PASS!

rm -rf build _build whole_array.exe
rm -rf _build
mkdir -p _build
cd _build &&  cmake -E env CXXFLAGS="-std=c++23 -ggdb -DDTYPE_IN= -DDTYPE_OUT= -DDTYPE_ACC=" \
	cmake `echo /scratch/luisr/mlir-aie/programming_examples/basic/block_datatypes/matrix_multiplication/whole_array/..` -D CMAKE_C_COMPILER=gcc-13 -D CMAKE_CXX_COMPILER=g++-13 -DTARGET_NAME=whole_array -Dhostsrc=/scratch/luisr/mlir-aie/programming_examples/basic/block_datatypes/matrix_multiplication/whole_array/../bfp_test.cpp
CMake Deprecation Warning at CMakeLists.txt:13 (cmake_minimum_required):
  Compatibility with CMake < 3.10 will be removed from a future version of
  CMake.

  Update the VERSION argument <min> value.  Or, use the <min>...<max> syntax
  to tell CMake that the project requires at least <min> but has been updated
  to work with policies introduced by <max> or earlier.


-- The C compiler identification is GNU 13.3.0
-- The CXX compiler identification is GNU 13.3.0
-- Detecting C compiler ABI info
-- Detecting C compiler ABI info - done
-- Check for working C compiler: /usr/bin/gcc-13 - skipped
-- Detecting C compile features
-- Detecting C compile features - done
-- Detecting CXX compiler ABI info
-- Detecting CXX compiler ABI info - done
-- Check for working CXX compiler: /usr/bin/g++-13 - skipped
-- Detecting CXX compile features
-- Detecting CXX compile features - done
-- Configuring done (0.3s)
-- Generating done (0.0s)
-- Build files have been written to: /scratch/luisr/mlir-aie/programming_examples/basic/block_datatypes/matrix_multiplication/whole_array/_build
cd _build &&  cmake --build . --config Release
gmake[1]: Entering directory '/scratch/luisr/mlir-aie/programming_examples/basic/block_datatypes/matrix_multiplication/whole_array/_build'
gmake[2]: Entering directory '/scratch/luisr/mlir-aie/programming_examples/basic/block_datatypes/matrix_multiplication/whole_array/_build'
gmake[3]: Entering directory '/scratch/luisr/mlir-aie/programming_examples/basic/block_datatypes/matrix_multiplication/whole_array/_build'
gmake[3]: Leaving directory '/scratch/luisr/mlir-aie/programming_examples/basic/block_datatypes/matrix_multiplication/whole_array/_build'
gmake[3]: Entering directory '/scratch/luisr/mlir-aie/programming_examples/basic/block_datatypes/matrix_multiplication/whole_array/_build'
[ 33%] Building CXX object CMakeFiles/whole_array.dir/bfp_test.cpp.o
[ 66%] Building CXX object CMakeFiles/whole_array.dir/scratch/luisr/mlir-aie/runtime_lib/test_lib/test_utils.cpp.o
[100%] Linking CXX executable whole_array
gmake[3]: Leaving directory '/scratch/luisr/mlir-aie/programming_examples/basic/block_datatypes/matrix_multiplication/whole_array/_build'
[100%] Built target whole_array
gmake[2]: Leaving directory '/scratch/luisr/mlir-aie/programming_examples/basic/block_datatypes/matrix_multiplication/whole_array/_build'
gmake[1]: Leaving directory '/scratch/luisr/mlir-aie/programming_examples/basic/block_datatypes/matrix_multiplication/whole_array/_build'
cp _build/whole_array whole_array.exe 
mkdir -p build
python3 /scratch/luisr/mlir-aie/programming_examples/basic/block_datatypes/matrix_multiplication/whole_array/whole_array.py --n-aie-cols 8 -m 64 -k 64 -n 64 -M 1024 -K 1024 -N 1024 > build/aie_1024x1024x1024_64x64x64.mlir
mkdir -p build
cd build && xchesscc_wrapper aie2p -I /proj/xbuilds/2024.2_INT_1113_1001/installs/all_platforms/Vitis/2024.2/aietools/include  -DDIM_M=64 -DDIM_K=64 -DDIM_N=64 -c /scratch/luisr/mlir-aie/programming_examples/basic/block_datatypes/matrix_multiplication/whole_array/../mm.cc -o mm_64x64x64.o
WARNING: Default location for XILINX_VIVADO_IP_OVERRIDE not found: /build/xfndry/IP_2024.2_INTEGRATION_VERIFIED/customer/vivado/data/ip
mkdir -p build
cd build && aiecc.py --alloc-scheme= --aie-generate-xclbin --no-compile-host --xclbin-name=final_1024x1024x1024_64x64x64.xclbin \
			 --dynamic-objFifos \
			--aie-generate-npu-insts --npu-insts-name=insts_1024x1024x1024_64x64x64.txt ../build/aie_1024x1024x1024_64x64x64.mlir

Generating: /scratch/luisr/mlir-aie/programming_examples/basic/block_datatypes/matrix_multiplication/whole_array/build/aie_1024x1024x1024_64x64x64.mlir.prj/aie_cdo_elfs.bin
Generating: /scratch/luisr/mlir-aie/programming_examples/basic/block_datatypes/matrix_multiplication/whole_array/build/aie_1024x1024x1024_64x64x64.mlir.prj/aie_cdo_init.bin
Generating: /scratch/luisr/mlir-aie/programming_examples/basic/block_datatypes/matrix_multiplication/whole_array/build/aie_1024x1024x1024_64x64x64.mlir.prj/aie_cdo_enable.bin
export XRT_HACK_UNSECURE_LOADING_XCLBIN=1 && \
 ./whole_array.exe -x build/final_1024x1024x1024_64x64x64.xclbin -i build/insts_1024x1024x1024_64x64x64.txt -k MLIR_AIE -M 1024 -K 1024 -N 1024 -w 64 -y 64 -z 64 --iters 40 --warmup 10 --verify 0

Avg NPU matmul time: 397.075us.
Avg NPU gflops: 5408.26

Min NPU matmul time: 388us.
Max NPU gflops: 5534.75

Max NPU matmul time: 411us.
Min NPU gflops: 5225.02

Shuffle time: 8620us.

PASS!

rm -rf build _build whole_array.exe
rm -rf _build
mkdir -p _build
cd _build &&  cmake -E env CXXFLAGS="-std=c++23 -ggdb -DDTYPE_IN= -DDTYPE_OUT= -DDTYPE_ACC=" \
	cmake `echo /scratch/luisr/mlir-aie/programming_examples/basic/block_datatypes/matrix_multiplication/whole_array/..` -D CMAKE_C_COMPILER=gcc-13 -D CMAKE_CXX_COMPILER=g++-13 -DTARGET_NAME=whole_array -Dhostsrc=/scratch/luisr/mlir-aie/programming_examples/basic/block_datatypes/matrix_multiplication/whole_array/../bfp_test.cpp
CMake Deprecation Warning at CMakeLists.txt:13 (cmake_minimum_required):
  Compatibility with CMake < 3.10 will be removed from a future version of
  CMake.

  Update the VERSION argument <min> value.  Or, use the <min>...<max> syntax
  to tell CMake that the project requires at least <min> but has been updated
  to work with policies introduced by <max> or earlier.


-- The C compiler identification is GNU 13.3.0
-- The CXX compiler identification is GNU 13.3.0
-- Detecting C compiler ABI info
-- Detecting C compiler ABI info - done
-- Check for working C compiler: /usr/bin/gcc-13 - skipped
-- Detecting C compile features
-- Detecting C compile features - done
-- Detecting CXX compiler ABI info
-- Detecting CXX compiler ABI info - done
-- Check for working CXX compiler: /usr/bin/g++-13 - skipped
-- Detecting CXX compile features
-- Detecting CXX compile features - done
-- Configuring done (0.2s)
-- Generating done (0.0s)
-- Build files have been written to: /scratch/luisr/mlir-aie/programming_examples/basic/block_datatypes/matrix_multiplication/whole_array/_build
cd _build &&  cmake --build . --config Release
gmake[1]: Entering directory '/scratch/luisr/mlir-aie/programming_examples/basic/block_datatypes/matrix_multiplication/whole_array/_build'
gmake[2]: Entering directory '/scratch/luisr/mlir-aie/programming_examples/basic/block_datatypes/matrix_multiplication/whole_array/_build'
gmake[3]: Entering directory '/scratch/luisr/mlir-aie/programming_examples/basic/block_datatypes/matrix_multiplication/whole_array/_build'
gmake[3]: Leaving directory '/scratch/luisr/mlir-aie/programming_examples/basic/block_datatypes/matrix_multiplication/whole_array/_build'
gmake[3]: Entering directory '/scratch/luisr/mlir-aie/programming_examples/basic/block_datatypes/matrix_multiplication/whole_array/_build'
[ 33%] Building CXX object CMakeFiles/whole_array.dir/bfp_test.cpp.o
[ 66%] Building CXX object CMakeFiles/whole_array.dir/scratch/luisr/mlir-aie/runtime_lib/test_lib/test_utils.cpp.o
[100%] Linking CXX executable whole_array
gmake[3]: Leaving directory '/scratch/luisr/mlir-aie/programming_examples/basic/block_datatypes/matrix_multiplication/whole_array/_build'
[100%] Built target whole_array
gmake[2]: Leaving directory '/scratch/luisr/mlir-aie/programming_examples/basic/block_datatypes/matrix_multiplication/whole_array/_build'
gmake[1]: Leaving directory '/scratch/luisr/mlir-aie/programming_examples/basic/block_datatypes/matrix_multiplication/whole_array/_build'
cp _build/whole_array whole_array.exe 
mkdir -p build
python3 /scratch/luisr/mlir-aie/programming_examples/basic/block_datatypes/matrix_multiplication/whole_array/whole_array.py --n-aie-cols 8 -m 64 -k 64 -n 64 -M 1024 -K 1024 -N 4096 > build/aie_1024x1024x4096_64x64x64.mlir
mkdir -p build
cd build && xchesscc_wrapper aie2p -I /proj/xbuilds/2024.2_INT_1113_1001/installs/all_platforms/Vitis/2024.2/aietools/include  -DDIM_M=64 -DDIM_K=64 -DDIM_N=64 -c /scratch/luisr/mlir-aie/programming_examples/basic/block_datatypes/matrix_multiplication/whole_array/../mm.cc -o mm_64x64x64.o
WARNING: Default location for XILINX_VIVADO_IP_OVERRIDE not found: /build/xfndry/IP_2024.2_INTEGRATION_VERIFIED/customer/vivado/data/ip
mkdir -p build
cd build && aiecc.py --alloc-scheme= --aie-generate-xclbin --no-compile-host --xclbin-name=final_1024x1024x4096_64x64x64.xclbin \
			 --dynamic-objFifos \
			--aie-generate-npu-insts --npu-insts-name=insts_1024x1024x4096_64x64x64.txt ../build/aie_1024x1024x4096_64x64x64.mlir

Generating: /scratch/luisr/mlir-aie/programming_examples/basic/block_datatypes/matrix_multiplication/whole_array/build/aie_1024x1024x4096_64x64x64.mlir.prj/aie_cdo_elfs.bin
Generating: /scratch/luisr/mlir-aie/programming_examples/basic/block_datatypes/matrix_multiplication/whole_array/build/aie_1024x1024x4096_64x64x64.mlir.prj/aie_cdo_init.bin
Generating: /scratch/luisr/mlir-aie/programming_examples/basic/block_datatypes/matrix_multiplication/whole_array/build/aie_1024x1024x4096_64x64x64.mlir.prj/aie_cdo_enable.bin
export XRT_HACK_UNSECURE_LOADING_XCLBIN=1 && \
 ./whole_array.exe -x build/final_1024x1024x4096_64x64x64.xclbin -i build/insts_1024x1024x4096_64x64x64.txt -k MLIR_AIE -M 1024 -K 1024 -N 4096 -w 64 -y 64 -z 64 --iters 40 --warmup 10 --verify 0

Avg NPU matmul time: 1622.45us.
Avg NPU gflops: 5294.42

Min NPU matmul time: 1355us.
Max NPU gflops: 6339.44

Max NPU matmul time: 2032us.
Min NPU gflops: 4227.33

Shuffle time: 22707us.

PASS!

rm -rf build _build whole_array.exe
rm -rf _build
mkdir -p _build
cd _build &&  cmake -E env CXXFLAGS="-std=c++23 -ggdb -DDTYPE_IN= -DDTYPE_OUT= -DDTYPE_ACC=" \
	cmake `echo /scratch/luisr/mlir-aie/programming_examples/basic/block_datatypes/matrix_multiplication/whole_array/..` -D CMAKE_C_COMPILER=gcc-13 -D CMAKE_CXX_COMPILER=g++-13 -DTARGET_NAME=whole_array -Dhostsrc=/scratch/luisr/mlir-aie/programming_examples/basic/block_datatypes/matrix_multiplication/whole_array/../bfp_test.cpp
CMake Deprecation Warning at CMakeLists.txt:13 (cmake_minimum_required):
  Compatibility with CMake < 3.10 will be removed from a future version of
  CMake.

  Update the VERSION argument <min> value.  Or, use the <min>...<max> syntax
  to tell CMake that the project requires at least <min> but has been updated
  to work with policies introduced by <max> or earlier.


-- The C compiler identification is GNU 13.3.0
-- The CXX compiler identification is GNU 13.3.0
-- Detecting C compiler ABI info
-- Detecting C compiler ABI info - done
-- Check for working C compiler: /usr/bin/gcc-13 - skipped
-- Detecting C compile features
-- Detecting C compile features - done
-- Detecting CXX compiler ABI info
-- Detecting CXX compiler ABI info - done
-- Check for working CXX compiler: /usr/bin/g++-13 - skipped
-- Detecting CXX compile features
-- Detecting CXX compile features - done
-- Configuring done (0.2s)
-- Generating done (0.0s)
-- Build files have been written to: /scratch/luisr/mlir-aie/programming_examples/basic/block_datatypes/matrix_multiplication/whole_array/_build
cd _build &&  cmake --build . --config Release
gmake[1]: Entering directory '/scratch/luisr/mlir-aie/programming_examples/basic/block_datatypes/matrix_multiplication/whole_array/_build'
gmake[2]: Entering directory '/scratch/luisr/mlir-aie/programming_examples/basic/block_datatypes/matrix_multiplication/whole_array/_build'
gmake[3]: Entering directory '/scratch/luisr/mlir-aie/programming_examples/basic/block_datatypes/matrix_multiplication/whole_array/_build'
gmake[3]: Leaving directory '/scratch/luisr/mlir-aie/programming_examples/basic/block_datatypes/matrix_multiplication/whole_array/_build'
gmake[3]: Entering directory '/scratch/luisr/mlir-aie/programming_examples/basic/block_datatypes/matrix_multiplication/whole_array/_build'
[ 33%] Building CXX object CMakeFiles/whole_array.dir/bfp_test.cpp.o
[ 66%] Building CXX object CMakeFiles/whole_array.dir/scratch/luisr/mlir-aie/runtime_lib/test_lib/test_utils.cpp.o
[100%] Linking CXX executable whole_array
gmake[3]: Leaving directory '/scratch/luisr/mlir-aie/programming_examples/basic/block_datatypes/matrix_multiplication/whole_array/_build'
[100%] Built target whole_array
gmake[2]: Leaving directory '/scratch/luisr/mlir-aie/programming_examples/basic/block_datatypes/matrix_multiplication/whole_array/_build'
gmake[1]: Leaving directory '/scratch/luisr/mlir-aie/programming_examples/basic/block_datatypes/matrix_multiplication/whole_array/_build'
cp _build/whole_array whole_array.exe 
mkdir -p build
python3 /scratch/luisr/mlir-aie/programming_examples/basic/block_datatypes/matrix_multiplication/whole_array/whole_array.py --n-aie-cols 8 -m 64 -k 64 -n 64 -M 1024 -K 1024 -N 8192 > build/aie_1024x1024x8192_64x64x64.mlir
mkdir -p build
cd build && xchesscc_wrapper aie2p -I /proj/xbuilds/2024.2_INT_1113_1001/installs/all_platforms/Vitis/2024.2/aietools/include  -DDIM_M=64 -DDIM_K=64 -DDIM_N=64 -c /scratch/luisr/mlir-aie/programming_examples/basic/block_datatypes/matrix_multiplication/whole_array/../mm.cc -o mm_64x64x64.o
WARNING: Default location for XILINX_VIVADO_IP_OVERRIDE not found: /build/xfndry/IP_2024.2_INTEGRATION_VERIFIED/customer/vivado/data/ip
mkdir -p build
cd build && aiecc.py --alloc-scheme= --aie-generate-xclbin --no-compile-host --xclbin-name=final_1024x1024x8192_64x64x64.xclbin \
			 --dynamic-objFifos \
			--aie-generate-npu-insts --npu-insts-name=insts_1024x1024x8192_64x64x64.txt ../build/aie_1024x1024x8192_64x64x64.mlir

Generating: /scratch/luisr/mlir-aie/programming_examples/basic/block_datatypes/matrix_multiplication/whole_array/build/aie_1024x1024x8192_64x64x64.mlir.prj/aie_cdo_elfs.bin
Generating: /scratch/luisr/mlir-aie/programming_examples/basic/block_datatypes/matrix_multiplication/whole_array/build/aie_1024x1024x8192_64x64x64.mlir.prj/aie_cdo_init.bin
Generating: /scratch/luisr/mlir-aie/programming_examples/basic/block_datatypes/matrix_multiplication/whole_array/build/aie_1024x1024x8192_64x64x64.mlir.prj/aie_cdo_enable.bin
export XRT_HACK_UNSECURE_LOADING_XCLBIN=1 && \
 ./whole_array.exe -x build/final_1024x1024x8192_64x64x64.xclbin -i build/insts_1024x1024x8192_64x64x64.txt -k MLIR_AIE -M 1024 -K 1024 -N 8192 -w 64 -y 64 -z 64 --iters 40 --warmup 10 --verify 0

Avg NPU matmul time: 3299.62us.
Avg NPU gflops: 5206.61

Min NPU matmul time: 3003us.
Max NPU gflops: 5720.9

Max NPU matmul time: 3705us.
Min NPU gflops: 4636.94

Shuffle time: 44340us.

PASS!

rm -rf build _build whole_array.exe
rm -rf _build
mkdir -p _build
cd _build &&  cmake -E env CXXFLAGS="-std=c++23 -ggdb -DDTYPE_IN= -DDTYPE_OUT= -DDTYPE_ACC=" \
	cmake `echo /scratch/luisr/mlir-aie/programming_examples/basic/block_datatypes/matrix_multiplication/whole_array/..` -D CMAKE_C_COMPILER=gcc-13 -D CMAKE_CXX_COMPILER=g++-13 -DTARGET_NAME=whole_array -Dhostsrc=/scratch/luisr/mlir-aie/programming_examples/basic/block_datatypes/matrix_multiplication/whole_array/../bfp_test.cpp
CMake Deprecation Warning at CMakeLists.txt:13 (cmake_minimum_required):
  Compatibility with CMake < 3.10 will be removed from a future version of
  CMake.

  Update the VERSION argument <min> value.  Or, use the <min>...<max> syntax
  to tell CMake that the project requires at least <min> but has been updated
  to work with policies introduced by <max> or earlier.


-- The C compiler identification is GNU 13.3.0
-- The CXX compiler identification is GNU 13.3.0
-- Detecting C compiler ABI info
-- Detecting C compiler ABI info - done
-- Check for working C compiler: /usr/bin/gcc-13 - skipped
-- Detecting C compile features
-- Detecting C compile features - done
-- Detecting CXX compiler ABI info
-- Detecting CXX compiler ABI info - done
-- Check for working CXX compiler: /usr/bin/g++-13 - skipped
-- Detecting CXX compile features
-- Detecting CXX compile features - done
-- Configuring done (0.3s)
-- Generating done (0.0s)
-- Build files have been written to: /scratch/luisr/mlir-aie/programming_examples/basic/block_datatypes/matrix_multiplication/whole_array/_build
cd _build &&  cmake --build . --config Release
gmake[1]: Entering directory '/scratch/luisr/mlir-aie/programming_examples/basic/block_datatypes/matrix_multiplication/whole_array/_build'
gmake[2]: Entering directory '/scratch/luisr/mlir-aie/programming_examples/basic/block_datatypes/matrix_multiplication/whole_array/_build'
gmake[3]: Entering directory '/scratch/luisr/mlir-aie/programming_examples/basic/block_datatypes/matrix_multiplication/whole_array/_build'
gmake[3]: Leaving directory '/scratch/luisr/mlir-aie/programming_examples/basic/block_datatypes/matrix_multiplication/whole_array/_build'
gmake[3]: Entering directory '/scratch/luisr/mlir-aie/programming_examples/basic/block_datatypes/matrix_multiplication/whole_array/_build'
[ 33%] Building CXX object CMakeFiles/whole_array.dir/bfp_test.cpp.o
[ 66%] Building CXX object CMakeFiles/whole_array.dir/scratch/luisr/mlir-aie/runtime_lib/test_lib/test_utils.cpp.o
[100%] Linking CXX executable whole_array
gmake[3]: Leaving directory '/scratch/luisr/mlir-aie/programming_examples/basic/block_datatypes/matrix_multiplication/whole_array/_build'
[100%] Built target whole_array
gmake[2]: Leaving directory '/scratch/luisr/mlir-aie/programming_examples/basic/block_datatypes/matrix_multiplication/whole_array/_build'
gmake[1]: Leaving directory '/scratch/luisr/mlir-aie/programming_examples/basic/block_datatypes/matrix_multiplication/whole_array/_build'
cp _build/whole_array whole_array.exe 
mkdir -p build
python3 /scratch/luisr/mlir-aie/programming_examples/basic/block_datatypes/matrix_multiplication/whole_array/whole_array.py --n-aie-cols 8 -m 64 -k 64 -n 64 -M 1024 -K 4096 -N 512 > build/aie_1024x4096x512_64x64x64.mlir
mkdir -p build
cd build && xchesscc_wrapper aie2p -I /proj/xbuilds/2024.2_INT_1113_1001/installs/all_platforms/Vitis/2024.2/aietools/include  -DDIM_M=64 -DDIM_K=64 -DDIM_N=64 -c /scratch/luisr/mlir-aie/programming_examples/basic/block_datatypes/matrix_multiplication/whole_array/../mm.cc -o mm_64x64x64.o
WARNING: Default location for XILINX_VIVADO_IP_OVERRIDE not found: /build/xfndry/IP_2024.2_INTEGRATION_VERIFIED/customer/vivado/data/ip
mkdir -p build
cd build && aiecc.py --alloc-scheme= --aie-generate-xclbin --no-compile-host --xclbin-name=final_1024x4096x512_64x64x64.xclbin \
			 --dynamic-objFifos \
			--aie-generate-npu-insts --npu-insts-name=insts_1024x4096x512_64x64x64.txt ../build/aie_1024x4096x512_64x64x64.mlir

Generating: /scratch/luisr/mlir-aie/programming_examples/basic/block_datatypes/matrix_multiplication/whole_array/build/aie_1024x4096x512_64x64x64.mlir.prj/aie_cdo_elfs.bin
Generating: /scratch/luisr/mlir-aie/programming_examples/basic/block_datatypes/matrix_multiplication/whole_array/build/aie_1024x4096x512_64x64x64.mlir.prj/aie_cdo_init.bin
Generating: /scratch/luisr/mlir-aie/programming_examples/basic/block_datatypes/matrix_multiplication/whole_array/build/aie_1024x4096x512_64x64x64.mlir.prj/aie_cdo_enable.bin
export XRT_HACK_UNSECURE_LOADING_XCLBIN=1 && \
 ./whole_array.exe -x build/final_1024x4096x512_64x64x64.xclbin -i build/insts_1024x4096x512_64x64x64.txt -k MLIR_AIE -M 1024 -K 4096 -N 512 -w 64 -y 64 -z 64 --iters 40 --warmup 10 --verify 0

Avg NPU matmul time: 774.2us.
Avg NPU gflops: 5547.62

Min NPU matmul time: 766us.
Max NPU gflops: 5607.01

Max NPU matmul time: 779us.
Min NPU gflops: 5513.44

Shuffle time: 27727us.

PASS!

rm -rf build _build whole_array.exe
rm -rf _build
mkdir -p _build
cd _build &&  cmake -E env CXXFLAGS="-std=c++23 -ggdb -DDTYPE_IN= -DDTYPE_OUT= -DDTYPE_ACC=" \
	cmake `echo /scratch/luisr/mlir-aie/programming_examples/basic/block_datatypes/matrix_multiplication/whole_array/..` -D CMAKE_C_COMPILER=gcc-13 -D CMAKE_CXX_COMPILER=g++-13 -DTARGET_NAME=whole_array -Dhostsrc=/scratch/luisr/mlir-aie/programming_examples/basic/block_datatypes/matrix_multiplication/whole_array/../bfp_test.cpp
CMake Deprecation Warning at CMakeLists.txt:13 (cmake_minimum_required):
  Compatibility with CMake < 3.10 will be removed from a future version of
  CMake.

  Update the VERSION argument <min> value.  Or, use the <min>...<max> syntax
  to tell CMake that the project requires at least <min> but has been updated
  to work with policies introduced by <max> or earlier.


-- The C compiler identification is GNU 13.3.0
-- The CXX compiler identification is GNU 13.3.0
-- Detecting C compiler ABI info
-- Detecting C compiler ABI info - done
-- Check for working C compiler: /usr/bin/gcc-13 - skipped
-- Detecting C compile features
-- Detecting C compile features - done
-- Detecting CXX compiler ABI info
-- Detecting CXX compiler ABI info - done
-- Check for working CXX compiler: /usr/bin/g++-13 - skipped
-- Detecting CXX compile features
-- Detecting CXX compile features - done
-- Configuring done (0.2s)
-- Generating done (0.0s)
-- Build files have been written to: /scratch/luisr/mlir-aie/programming_examples/basic/block_datatypes/matrix_multiplication/whole_array/_build
cd _build &&  cmake --build . --config Release
gmake[1]: Entering directory '/scratch/luisr/mlir-aie/programming_examples/basic/block_datatypes/matrix_multiplication/whole_array/_build'
gmake[2]: Entering directory '/scratch/luisr/mlir-aie/programming_examples/basic/block_datatypes/matrix_multiplication/whole_array/_build'
gmake[3]: Entering directory '/scratch/luisr/mlir-aie/programming_examples/basic/block_datatypes/matrix_multiplication/whole_array/_build'
gmake[3]: Leaving directory '/scratch/luisr/mlir-aie/programming_examples/basic/block_datatypes/matrix_multiplication/whole_array/_build'
gmake[3]: Entering directory '/scratch/luisr/mlir-aie/programming_examples/basic/block_datatypes/matrix_multiplication/whole_array/_build'
[ 33%] Building CXX object CMakeFiles/whole_array.dir/bfp_test.cpp.o
[ 66%] Building CXX object CMakeFiles/whole_array.dir/scratch/luisr/mlir-aie/runtime_lib/test_lib/test_utils.cpp.o
[100%] Linking CXX executable whole_array
gmake[3]: Leaving directory '/scratch/luisr/mlir-aie/programming_examples/basic/block_datatypes/matrix_multiplication/whole_array/_build'
[100%] Built target whole_array
gmake[2]: Leaving directory '/scratch/luisr/mlir-aie/programming_examples/basic/block_datatypes/matrix_multiplication/whole_array/_build'
gmake[1]: Leaving directory '/scratch/luisr/mlir-aie/programming_examples/basic/block_datatypes/matrix_multiplication/whole_array/_build'
cp _build/whole_array whole_array.exe 
mkdir -p build
python3 /scratch/luisr/mlir-aie/programming_examples/basic/block_datatypes/matrix_multiplication/whole_array/whole_array.py --n-aie-cols 8 -m 64 -k 64 -n 64 -M 1024 -K 4096 -N 1024 > build/aie_1024x4096x1024_64x64x64.mlir
mkdir -p build
cd build && xchesscc_wrapper aie2p -I /proj/xbuilds/2024.2_INT_1113_1001/installs/all_platforms/Vitis/2024.2/aietools/include  -DDIM_M=64 -DDIM_K=64 -DDIM_N=64 -c /scratch/luisr/mlir-aie/programming_examples/basic/block_datatypes/matrix_multiplication/whole_array/../mm.cc -o mm_64x64x64.o
WARNING: Default location for XILINX_VIVADO_IP_OVERRIDE not found: /build/xfndry/IP_2024.2_INTEGRATION_VERIFIED/customer/vivado/data/ip
mkdir -p build
cd build && aiecc.py --alloc-scheme= --aie-generate-xclbin --no-compile-host --xclbin-name=final_1024x4096x1024_64x64x64.xclbin \
			 --dynamic-objFifos \
			--aie-generate-npu-insts --npu-insts-name=insts_1024x4096x1024_64x64x64.txt ../build/aie_1024x4096x1024_64x64x64.mlir

Generating: /scratch/luisr/mlir-aie/programming_examples/basic/block_datatypes/matrix_multiplication/whole_array/build/aie_1024x4096x1024_64x64x64.mlir.prj/aie_cdo_elfs.bin
Generating: /scratch/luisr/mlir-aie/programming_examples/basic/block_datatypes/matrix_multiplication/whole_array/build/aie_1024x4096x1024_64x64x64.mlir.prj/aie_cdo_init.bin
Generating: /scratch/luisr/mlir-aie/programming_examples/basic/block_datatypes/matrix_multiplication/whole_array/build/aie_1024x4096x1024_64x64x64.mlir.prj/aie_cdo_enable.bin
export XRT_HACK_UNSECURE_LOADING_XCLBIN=1 && \
 ./whole_array.exe -x build/final_1024x4096x1024_64x64x64.xclbin -i build/insts_1024x4096x1024_64x64x64.txt -k MLIR_AIE -M 1024 -K 4096 -N 1024 -w 64 -y 64 -z 64 --iters 40 --warmup 10 --verify 0

Avg NPU matmul time: 1854us.
Avg NPU gflops: 4633.19

Min NPU matmul time: 1633us.
Max NPU gflops: 5260.22

Max NPU matmul time: 2320us.
Min NPU gflops: 3702.56

Shuffle time: 35717us.

PASS!

rm -rf build _build whole_array.exe
rm -rf _build
mkdir -p _build
cd _build &&  cmake -E env CXXFLAGS="-std=c++23 -ggdb -DDTYPE_IN= -DDTYPE_OUT= -DDTYPE_ACC=" \
	cmake `echo /scratch/luisr/mlir-aie/programming_examples/basic/block_datatypes/matrix_multiplication/whole_array/..` -D CMAKE_C_COMPILER=gcc-13 -D CMAKE_CXX_COMPILER=g++-13 -DTARGET_NAME=whole_array -Dhostsrc=/scratch/luisr/mlir-aie/programming_examples/basic/block_datatypes/matrix_multiplication/whole_array/../bfp_test.cpp
CMake Deprecation Warning at CMakeLists.txt:13 (cmake_minimum_required):
  Compatibility with CMake < 3.10 will be removed from a future version of
  CMake.

  Update the VERSION argument <min> value.  Or, use the <min>...<max> syntax
  to tell CMake that the project requires at least <min> but has been updated
  to work with policies introduced by <max> or earlier.


-- The C compiler identification is GNU 13.3.0
-- The CXX compiler identification is GNU 13.3.0
-- Detecting C compiler ABI info
-- Detecting C compiler ABI info - done
-- Check for working C compiler: /usr/bin/gcc-13 - skipped
-- Detecting C compile features
-- Detecting C compile features - done
-- Detecting CXX compiler ABI info
-- Detecting CXX compiler ABI info - done
-- Check for working CXX compiler: /usr/bin/g++-13 - skipped
-- Detecting CXX compile features
-- Detecting CXX compile features - done
-- Configuring done (0.3s)
-- Generating done (0.0s)
-- Build files have been written to: /scratch/luisr/mlir-aie/programming_examples/basic/block_datatypes/matrix_multiplication/whole_array/_build
cd _build &&  cmake --build . --config Release
gmake[1]: Entering directory '/scratch/luisr/mlir-aie/programming_examples/basic/block_datatypes/matrix_multiplication/whole_array/_build'
gmake[2]: Entering directory '/scratch/luisr/mlir-aie/programming_examples/basic/block_datatypes/matrix_multiplication/whole_array/_build'
gmake[3]: Entering directory '/scratch/luisr/mlir-aie/programming_examples/basic/block_datatypes/matrix_multiplication/whole_array/_build'
gmake[3]: Leaving directory '/scratch/luisr/mlir-aie/programming_examples/basic/block_datatypes/matrix_multiplication/whole_array/_build'
gmake[3]: Entering directory '/scratch/luisr/mlir-aie/programming_examples/basic/block_datatypes/matrix_multiplication/whole_array/_build'
[ 33%] Building CXX object CMakeFiles/whole_array.dir/bfp_test.cpp.o
[ 66%] Building CXX object CMakeFiles/whole_array.dir/scratch/luisr/mlir-aie/runtime_lib/test_lib/test_utils.cpp.o
[100%] Linking CXX executable whole_array
gmake[3]: Leaving directory '/scratch/luisr/mlir-aie/programming_examples/basic/block_datatypes/matrix_multiplication/whole_array/_build'
[100%] Built target whole_array
gmake[2]: Leaving directory '/scratch/luisr/mlir-aie/programming_examples/basic/block_datatypes/matrix_multiplication/whole_array/_build'
gmake[1]: Leaving directory '/scratch/luisr/mlir-aie/programming_examples/basic/block_datatypes/matrix_multiplication/whole_array/_build'
cp _build/whole_array whole_array.exe 
mkdir -p build
python3 /scratch/luisr/mlir-aie/programming_examples/basic/block_datatypes/matrix_multiplication/whole_array/whole_array.py --n-aie-cols 8 -m 64 -k 64 -n 64 -M 1024 -K 4096 -N 4096 > build/aie_1024x4096x4096_64x64x64.mlir
mkdir -p build
cd build && xchesscc_wrapper aie2p -I /proj/xbuilds/2024.2_INT_1113_1001/installs/all_platforms/Vitis/2024.2/aietools/include  -DDIM_M=64 -DDIM_K=64 -DDIM_N=64 -c /scratch/luisr/mlir-aie/programming_examples/basic/block_datatypes/matrix_multiplication/whole_array/../mm.cc -o mm_64x64x64.o
WARNING: Default location for XILINX_VIVADO_IP_OVERRIDE not found: /build/xfndry/IP_2024.2_INTEGRATION_VERIFIED/customer/vivado/data/ip
mkdir -p build
cd build && aiecc.py --alloc-scheme= --aie-generate-xclbin --no-compile-host --xclbin-name=final_1024x4096x4096_64x64x64.xclbin \
			 --dynamic-objFifos \
			--aie-generate-npu-insts --npu-insts-name=insts_1024x4096x4096_64x64x64.txt ../build/aie_1024x4096x4096_64x64x64.mlir

Generating: /scratch/luisr/mlir-aie/programming_examples/basic/block_datatypes/matrix_multiplication/whole_array/build/aie_1024x4096x4096_64x64x64.mlir.prj/aie_cdo_elfs.bin
Generating: /scratch/luisr/mlir-aie/programming_examples/basic/block_datatypes/matrix_multiplication/whole_array/build/aie_1024x4096x4096_64x64x64.mlir.prj/aie_cdo_init.bin
Generating: /scratch/luisr/mlir-aie/programming_examples/basic/block_datatypes/matrix_multiplication/whole_array/build/aie_1024x4096x4096_64x64x64.mlir.prj/aie_cdo_enable.bin
export XRT_HACK_UNSECURE_LOADING_XCLBIN=1 && \
 ./whole_array.exe -x build/final_1024x4096x4096_64x64x64.xclbin -i build/insts_1024x4096x4096_64x64x64.txt -k MLIR_AIE -M 1024 -K 4096 -N 4096 -w 64 -y 64 -z 64 --iters 40 --warmup 10 --verify 0

Avg NPU matmul time: 6642.48us.
Avg NPU gflops: 5172.73

Min NPU matmul time: 6410us.
Max NPU gflops: 5360.33

Max NPU matmul time: 7321us.
Min NPU gflops: 4693.31

Shuffle time: 95520us.

PASS!

rm -rf build _build whole_array.exe
rm -rf _build
mkdir -p _build
cd _build &&  cmake -E env CXXFLAGS="-std=c++23 -ggdb -DDTYPE_IN= -DDTYPE_OUT= -DDTYPE_ACC=" \
	cmake `echo /scratch/luisr/mlir-aie/programming_examples/basic/block_datatypes/matrix_multiplication/whole_array/..` -D CMAKE_C_COMPILER=gcc-13 -D CMAKE_CXX_COMPILER=g++-13 -DTARGET_NAME=whole_array -Dhostsrc=/scratch/luisr/mlir-aie/programming_examples/basic/block_datatypes/matrix_multiplication/whole_array/../bfp_test.cpp
CMake Deprecation Warning at CMakeLists.txt:13 (cmake_minimum_required):
  Compatibility with CMake < 3.10 will be removed from a future version of
  CMake.

  Update the VERSION argument <min> value.  Or, use the <min>...<max> syntax
  to tell CMake that the project requires at least <min> but has been updated
  to work with policies introduced by <max> or earlier.


-- The C compiler identification is GNU 13.3.0
-- The CXX compiler identification is GNU 13.3.0
-- Detecting C compiler ABI info
-- Detecting C compiler ABI info - done
-- Check for working C compiler: /usr/bin/gcc-13 - skipped
-- Detecting C compile features
-- Detecting C compile features - done
-- Detecting CXX compiler ABI info
-- Detecting CXX compiler ABI info - done
-- Check for working CXX compiler: /usr/bin/g++-13 - skipped
-- Detecting CXX compile features
-- Detecting CXX compile features - done
-- Configuring done (0.2s)
-- Generating done (0.0s)
-- Build files have been written to: /scratch/luisr/mlir-aie/programming_examples/basic/block_datatypes/matrix_multiplication/whole_array/_build
cd _build &&  cmake --build . --config Release
gmake[1]: Entering directory '/scratch/luisr/mlir-aie/programming_examples/basic/block_datatypes/matrix_multiplication/whole_array/_build'
gmake[2]: Entering directory '/scratch/luisr/mlir-aie/programming_examples/basic/block_datatypes/matrix_multiplication/whole_array/_build'
gmake[3]: Entering directory '/scratch/luisr/mlir-aie/programming_examples/basic/block_datatypes/matrix_multiplication/whole_array/_build'
gmake[3]: Leaving directory '/scratch/luisr/mlir-aie/programming_examples/basic/block_datatypes/matrix_multiplication/whole_array/_build'
gmake[3]: Entering directory '/scratch/luisr/mlir-aie/programming_examples/basic/block_datatypes/matrix_multiplication/whole_array/_build'
[ 33%] Building CXX object CMakeFiles/whole_array.dir/bfp_test.cpp.o
[ 66%] Building CXX object CMakeFiles/whole_array.dir/scratch/luisr/mlir-aie/runtime_lib/test_lib/test_utils.cpp.o
[100%] Linking CXX executable whole_array
gmake[3]: Leaving directory '/scratch/luisr/mlir-aie/programming_examples/basic/block_datatypes/matrix_multiplication/whole_array/_build'
[100%] Built target whole_array
gmake[2]: Leaving directory '/scratch/luisr/mlir-aie/programming_examples/basic/block_datatypes/matrix_multiplication/whole_array/_build'
gmake[1]: Leaving directory '/scratch/luisr/mlir-aie/programming_examples/basic/block_datatypes/matrix_multiplication/whole_array/_build'
cp _build/whole_array whole_array.exe 
mkdir -p build
python3 /scratch/luisr/mlir-aie/programming_examples/basic/block_datatypes/matrix_multiplication/whole_array/whole_array.py --n-aie-cols 8 -m 64 -k 64 -n 64 -M 1024 -K 4096 -N 8192 > build/aie_1024x4096x8192_64x64x64.mlir
mkdir -p build
cd build && xchesscc_wrapper aie2p -I /proj/xbuilds/2024.2_INT_1113_1001/installs/all_platforms/Vitis/2024.2/aietools/include  -DDIM_M=64 -DDIM_K=64 -DDIM_N=64 -c /scratch/luisr/mlir-aie/programming_examples/basic/block_datatypes/matrix_multiplication/whole_array/../mm.cc -o mm_64x64x64.o
WARNING: Default location for XILINX_VIVADO_IP_OVERRIDE not found: /build/xfndry/IP_2024.2_INTEGRATION_VERIFIED/customer/vivado/data/ip
mkdir -p build
cd build && aiecc.py --alloc-scheme= --aie-generate-xclbin --no-compile-host --xclbin-name=final_1024x4096x8192_64x64x64.xclbin \
			 --dynamic-objFifos \
			--aie-generate-npu-insts --npu-insts-name=insts_1024x4096x8192_64x64x64.txt ../build/aie_1024x4096x8192_64x64x64.mlir

Generating: /scratch/luisr/mlir-aie/programming_examples/basic/block_datatypes/matrix_multiplication/whole_array/build/aie_1024x4096x8192_64x64x64.mlir.prj/aie_cdo_elfs.bin
Generating: /scratch/luisr/mlir-aie/programming_examples/basic/block_datatypes/matrix_multiplication/whole_array/build/aie_1024x4096x8192_64x64x64.mlir.prj/aie_cdo_init.bin
Generating: /scratch/luisr/mlir-aie/programming_examples/basic/block_datatypes/matrix_multiplication/whole_array/build/aie_1024x4096x8192_64x64x64.mlir.prj/aie_cdo_enable.bin
export XRT_HACK_UNSECURE_LOADING_XCLBIN=1 && \
 ./whole_array.exe -x build/final_1024x4096x8192_64x64x64.xclbin -i build/insts_1024x4096x8192_64x64x64.txt -k MLIR_AIE -M 1024 -K 4096 -N 8192 -w 64 -y 64 -z 64 --iters 40 --warmup 10 --verify 0

Avg NPU matmul time: 13676.5us.
Avg NPU gflops: 5024.66

Min NPU matmul time: 12979us.
Max NPU gflops: 5294.67

Max NPU matmul time: 14693us.
Min NPU gflops: 4677.02

Shuffle time: 166928us.

PASS!

rm -rf build _build whole_array.exe
rm -rf _build
mkdir -p _build
cd _build &&  cmake -E env CXXFLAGS="-std=c++23 -ggdb -DDTYPE_IN= -DDTYPE_OUT= -DDTYPE_ACC=" \
	cmake `echo /scratch/luisr/mlir-aie/programming_examples/basic/block_datatypes/matrix_multiplication/whole_array/..` -D CMAKE_C_COMPILER=gcc-13 -D CMAKE_CXX_COMPILER=g++-13 -DTARGET_NAME=whole_array -Dhostsrc=/scratch/luisr/mlir-aie/programming_examples/basic/block_datatypes/matrix_multiplication/whole_array/../bfp_test.cpp
CMake Deprecation Warning at CMakeLists.txt:13 (cmake_minimum_required):
  Compatibility with CMake < 3.10 will be removed from a future version of
  CMake.

  Update the VERSION argument <min> value.  Or, use the <min>...<max> syntax
  to tell CMake that the project requires at least <min> but has been updated
  to work with policies introduced by <max> or earlier.


-- The C compiler identification is GNU 13.3.0
-- The CXX compiler identification is GNU 13.3.0
-- Detecting C compiler ABI info
-- Detecting C compiler ABI info - done
-- Check for working C compiler: /usr/bin/gcc-13 - skipped
-- Detecting C compile features
-- Detecting C compile features - done
-- Detecting CXX compiler ABI info
-- Detecting CXX compiler ABI info - done
-- Check for working CXX compiler: /usr/bin/g++-13 - skipped
-- Detecting CXX compile features
-- Detecting CXX compile features - done
-- Configuring done (0.2s)
-- Generating done (0.0s)
-- Build files have been written to: /scratch/luisr/mlir-aie/programming_examples/basic/block_datatypes/matrix_multiplication/whole_array/_build
cd _build &&  cmake --build . --config Release
gmake[1]: Entering directory '/scratch/luisr/mlir-aie/programming_examples/basic/block_datatypes/matrix_multiplication/whole_array/_build'
gmake[2]: Entering directory '/scratch/luisr/mlir-aie/programming_examples/basic/block_datatypes/matrix_multiplication/whole_array/_build'
gmake[3]: Entering directory '/scratch/luisr/mlir-aie/programming_examples/basic/block_datatypes/matrix_multiplication/whole_array/_build'
gmake[3]: Leaving directory '/scratch/luisr/mlir-aie/programming_examples/basic/block_datatypes/matrix_multiplication/whole_array/_build'
gmake[3]: Entering directory '/scratch/luisr/mlir-aie/programming_examples/basic/block_datatypes/matrix_multiplication/whole_array/_build'
[ 33%] Building CXX object CMakeFiles/whole_array.dir/bfp_test.cpp.o
[ 66%] Building CXX object CMakeFiles/whole_array.dir/scratch/luisr/mlir-aie/runtime_lib/test_lib/test_utils.cpp.o
[100%] Linking CXX executable whole_array
gmake[3]: Leaving directory '/scratch/luisr/mlir-aie/programming_examples/basic/block_datatypes/matrix_multiplication/whole_array/_build'
[100%] Built target whole_array
gmake[2]: Leaving directory '/scratch/luisr/mlir-aie/programming_examples/basic/block_datatypes/matrix_multiplication/whole_array/_build'
gmake[1]: Leaving directory '/scratch/luisr/mlir-aie/programming_examples/basic/block_datatypes/matrix_multiplication/whole_array/_build'
cp _build/whole_array whole_array.exe 
mkdir -p build
python3 /scratch/luisr/mlir-aie/programming_examples/basic/block_datatypes/matrix_multiplication/whole_array/whole_array.py --n-aie-cols 8 -m 64 -k 64 -n 64 -M 1024 -K 6144 -N 512 > build/aie_1024x6144x512_64x64x64.mlir
mkdir -p build
cd build && xchesscc_wrapper aie2p -I /proj/xbuilds/2024.2_INT_1113_1001/installs/all_platforms/Vitis/2024.2/aietools/include  -DDIM_M=64 -DDIM_K=64 -DDIM_N=64 -c /scratch/luisr/mlir-aie/programming_examples/basic/block_datatypes/matrix_multiplication/whole_array/../mm.cc -o mm_64x64x64.o
WARNING: Default location for XILINX_VIVADO_IP_OVERRIDE not found: /build/xfndry/IP_2024.2_INTEGRATION_VERIFIED/customer/vivado/data/ip
mkdir -p build
cd build && aiecc.py --alloc-scheme= --aie-generate-xclbin --no-compile-host --xclbin-name=final_1024x6144x512_64x64x64.xclbin \
			 --dynamic-objFifos \
			--aie-generate-npu-insts --npu-insts-name=insts_1024x6144x512_64x64x64.txt ../build/aie_1024x6144x512_64x64x64.mlir

Generating: /scratch/luisr/mlir-aie/programming_examples/basic/block_datatypes/matrix_multiplication/whole_array/build/aie_1024x6144x512_64x64x64.mlir.prj/aie_cdo_elfs.bin
Generating: /scratch/luisr/mlir-aie/programming_examples/basic/block_datatypes/matrix_multiplication/whole_array/build/aie_1024x6144x512_64x64x64.mlir.prj/aie_cdo_init.bin
Generating: /scratch/luisr/mlir-aie/programming_examples/basic/block_datatypes/matrix_multiplication/whole_array/build/aie_1024x6144x512_64x64x64.mlir.prj/aie_cdo_enable.bin
export XRT_HACK_UNSECURE_LOADING_XCLBIN=1 && \
 ./whole_array.exe -x build/final_1024x6144x512_64x64x64.xclbin -i build/insts_1024x6144x512_64x64x64.txt -k MLIR_AIE -M 1024 -K 6144 -N 512 -w 64 -y 64 -z 64 --iters 40 --warmup 10 --verify 0

Avg NPU matmul time: 1978.62us.
Avg NPU gflops: 3256.02

Min NPU matmul time: 1685us.
Max NPU gflops: 3823.41

Max NPU matmul time: 2186us.
Min NPU gflops: 2947.14

Shuffle time: 43529us.

PASS!

rm -rf build _build whole_array.exe
rm -rf _build
mkdir -p _build
cd _build &&  cmake -E env CXXFLAGS="-std=c++23 -ggdb -DDTYPE_IN= -DDTYPE_OUT= -DDTYPE_ACC=" \
	cmake `echo /scratch/luisr/mlir-aie/programming_examples/basic/block_datatypes/matrix_multiplication/whole_array/..` -D CMAKE_C_COMPILER=gcc-13 -D CMAKE_CXX_COMPILER=g++-13 -DTARGET_NAME=whole_array -Dhostsrc=/scratch/luisr/mlir-aie/programming_examples/basic/block_datatypes/matrix_multiplication/whole_array/../bfp_test.cpp
CMake Deprecation Warning at CMakeLists.txt:13 (cmake_minimum_required):
  Compatibility with CMake < 3.10 will be removed from a future version of
  CMake.

  Update the VERSION argument <min> value.  Or, use the <min>...<max> syntax
  to tell CMake that the project requires at least <min> but has been updated
  to work with policies introduced by <max> or earlier.


-- The C compiler identification is GNU 13.3.0
-- The CXX compiler identification is GNU 13.3.0
-- Detecting C compiler ABI info
-- Detecting C compiler ABI info - done
-- Check for working C compiler: /usr/bin/gcc-13 - skipped
-- Detecting C compile features
-- Detecting C compile features - done
-- Detecting CXX compiler ABI info
-- Detecting CXX compiler ABI info - done
-- Check for working CXX compiler: /usr/bin/g++-13 - skipped
-- Detecting CXX compile features
-- Detecting CXX compile features - done
-- Configuring done (0.2s)
-- Generating done (0.0s)
-- Build files have been written to: /scratch/luisr/mlir-aie/programming_examples/basic/block_datatypes/matrix_multiplication/whole_array/_build
cd _build &&  cmake --build . --config Release
gmake[1]: Entering directory '/scratch/luisr/mlir-aie/programming_examples/basic/block_datatypes/matrix_multiplication/whole_array/_build'
gmake[2]: Entering directory '/scratch/luisr/mlir-aie/programming_examples/basic/block_datatypes/matrix_multiplication/whole_array/_build'
gmake[3]: Entering directory '/scratch/luisr/mlir-aie/programming_examples/basic/block_datatypes/matrix_multiplication/whole_array/_build'
gmake[3]: Leaving directory '/scratch/luisr/mlir-aie/programming_examples/basic/block_datatypes/matrix_multiplication/whole_array/_build'
gmake[3]: Entering directory '/scratch/luisr/mlir-aie/programming_examples/basic/block_datatypes/matrix_multiplication/whole_array/_build'
[ 33%] Building CXX object CMakeFiles/whole_array.dir/bfp_test.cpp.o
[ 66%] Building CXX object CMakeFiles/whole_array.dir/scratch/luisr/mlir-aie/runtime_lib/test_lib/test_utils.cpp.o
[100%] Linking CXX executable whole_array
gmake[3]: Leaving directory '/scratch/luisr/mlir-aie/programming_examples/basic/block_datatypes/matrix_multiplication/whole_array/_build'
[100%] Built target whole_array
gmake[2]: Leaving directory '/scratch/luisr/mlir-aie/programming_examples/basic/block_datatypes/matrix_multiplication/whole_array/_build'
gmake[1]: Leaving directory '/scratch/luisr/mlir-aie/programming_examples/basic/block_datatypes/matrix_multiplication/whole_array/_build'
cp _build/whole_array whole_array.exe 
mkdir -p build
python3 /scratch/luisr/mlir-aie/programming_examples/basic/block_datatypes/matrix_multiplication/whole_array/whole_array.py --n-aie-cols 8 -m 64 -k 64 -n 64 -M 1024 -K 6144 -N 1024 > build/aie_1024x6144x1024_64x64x64.mlir
mkdir -p build
cd build && xchesscc_wrapper aie2p -I /proj/xbuilds/2024.2_INT_1113_1001/installs/all_platforms/Vitis/2024.2/aietools/include  -DDIM_M=64 -DDIM_K=64 -DDIM_N=64 -c /scratch/luisr/mlir-aie/programming_examples/basic/block_datatypes/matrix_multiplication/whole_array/../mm.cc -o mm_64x64x64.o
WARNING: Default location for XILINX_VIVADO_IP_OVERRIDE not found: /build/xfndry/IP_2024.2_INTEGRATION_VERIFIED/customer/vivado/data/ip
mkdir -p build
cd build && aiecc.py --alloc-scheme= --aie-generate-xclbin --no-compile-host --xclbin-name=final_1024x6144x1024_64x64x64.xclbin \
			 --dynamic-objFifos \
			--aie-generate-npu-insts --npu-insts-name=insts_1024x6144x1024_64x64x64.txt ../build/aie_1024x6144x1024_64x64x64.mlir

Generating: /scratch/luisr/mlir-aie/programming_examples/basic/block_datatypes/matrix_multiplication/whole_array/build/aie_1024x6144x1024_64x64x64.mlir.prj/aie_cdo_elfs.bin
Generating: /scratch/luisr/mlir-aie/programming_examples/basic/block_datatypes/matrix_multiplication/whole_array/build/aie_1024x6144x1024_64x64x64.mlir.prj/aie_cdo_init.bin
Generating: /scratch/luisr/mlir-aie/programming_examples/basic/block_datatypes/matrix_multiplication/whole_array/build/aie_1024x6144x1024_64x64x64.mlir.prj/aie_cdo_enable.bin
export XRT_HACK_UNSECURE_LOADING_XCLBIN=1 && \
 ./whole_array.exe -x build/final_1024x6144x1024_64x64x64.xclbin -i build/insts_1024x6144x1024_64x64x64.txt -k MLIR_AIE -M 1024 -K 6144 -N 1024 -w 64 -y 64 -z 64 --iters 40 --warmup 10 --verify 0

Avg NPU matmul time: 3570.82us.
Avg NPU gflops: 3608.38

Min NPU matmul time: 3161us.
Max NPU gflops: 4076.21

Max NPU matmul time: 4256us.
Min NPU gflops: 3027.47

Shuffle time: 59215us.

PASS!

rm -rf build _build whole_array.exe
rm -rf _build
mkdir -p _build
cd _build &&  cmake -E env CXXFLAGS="-std=c++23 -ggdb -DDTYPE_IN= -DDTYPE_OUT= -DDTYPE_ACC=" \
	cmake `echo /scratch/luisr/mlir-aie/programming_examples/basic/block_datatypes/matrix_multiplication/whole_array/..` -D CMAKE_C_COMPILER=gcc-13 -D CMAKE_CXX_COMPILER=g++-13 -DTARGET_NAME=whole_array -Dhostsrc=/scratch/luisr/mlir-aie/programming_examples/basic/block_datatypes/matrix_multiplication/whole_array/../bfp_test.cpp
CMake Deprecation Warning at CMakeLists.txt:13 (cmake_minimum_required):
  Compatibility with CMake < 3.10 will be removed from a future version of
  CMake.

  Update the VERSION argument <min> value.  Or, use the <min>...<max> syntax
  to tell CMake that the project requires at least <min> but has been updated
  to work with policies introduced by <max> or earlier.


-- The C compiler identification is GNU 13.3.0
-- The CXX compiler identification is GNU 13.3.0
-- Detecting C compiler ABI info
-- Detecting C compiler ABI info - done
-- Check for working C compiler: /usr/bin/gcc-13 - skipped
-- Detecting C compile features
-- Detecting C compile features - done
-- Detecting CXX compiler ABI info
-- Detecting CXX compiler ABI info - done
-- Check for working CXX compiler: /usr/bin/g++-13 - skipped
-- Detecting CXX compile features
-- Detecting CXX compile features - done
-- Configuring done (0.2s)
-- Generating done (0.0s)
-- Build files have been written to: /scratch/luisr/mlir-aie/programming_examples/basic/block_datatypes/matrix_multiplication/whole_array/_build
cd _build &&  cmake --build . --config Release
gmake[1]: Entering directory '/scratch/luisr/mlir-aie/programming_examples/basic/block_datatypes/matrix_multiplication/whole_array/_build'
gmake[2]: Entering directory '/scratch/luisr/mlir-aie/programming_examples/basic/block_datatypes/matrix_multiplication/whole_array/_build'
gmake[3]: Entering directory '/scratch/luisr/mlir-aie/programming_examples/basic/block_datatypes/matrix_multiplication/whole_array/_build'
gmake[3]: Leaving directory '/scratch/luisr/mlir-aie/programming_examples/basic/block_datatypes/matrix_multiplication/whole_array/_build'
gmake[3]: Entering directory '/scratch/luisr/mlir-aie/programming_examples/basic/block_datatypes/matrix_multiplication/whole_array/_build'
[ 33%] Building CXX object CMakeFiles/whole_array.dir/bfp_test.cpp.o
[ 66%] Building CXX object CMakeFiles/whole_array.dir/scratch/luisr/mlir-aie/runtime_lib/test_lib/test_utils.cpp.o
[100%] Linking CXX executable whole_array
gmake[3]: Leaving directory '/scratch/luisr/mlir-aie/programming_examples/basic/block_datatypes/matrix_multiplication/whole_array/_build'
[100%] Built target whole_array
gmake[2]: Leaving directory '/scratch/luisr/mlir-aie/programming_examples/basic/block_datatypes/matrix_multiplication/whole_array/_build'
gmake[1]: Leaving directory '/scratch/luisr/mlir-aie/programming_examples/basic/block_datatypes/matrix_multiplication/whole_array/_build'
cp _build/whole_array whole_array.exe 
mkdir -p build
python3 /scratch/luisr/mlir-aie/programming_examples/basic/block_datatypes/matrix_multiplication/whole_array/whole_array.py --n-aie-cols 8 -m 64 -k 64 -n 64 -M 1024 -K 6144 -N 4096 > build/aie_1024x6144x4096_64x64x64.mlir
mkdir -p build
cd build && xchesscc_wrapper aie2p -I /proj/xbuilds/2024.2_INT_1113_1001/installs/all_platforms/Vitis/2024.2/aietools/include  -DDIM_M=64 -DDIM_K=64 -DDIM_N=64 -c /scratch/luisr/mlir-aie/programming_examples/basic/block_datatypes/matrix_multiplication/whole_array/../mm.cc -o mm_64x64x64.o
WARNING: Default location for XILINX_VIVADO_IP_OVERRIDE not found: /build/xfndry/IP_2024.2_INTEGRATION_VERIFIED/customer/vivado/data/ip
mkdir -p build
cd build && aiecc.py --alloc-scheme= --aie-generate-xclbin --no-compile-host --xclbin-name=final_1024x6144x4096_64x64x64.xclbin \
			 --dynamic-objFifos \
			--aie-generate-npu-insts --npu-insts-name=insts_1024x6144x4096_64x64x64.txt ../build/aie_1024x6144x4096_64x64x64.mlir

Generating: /scratch/luisr/mlir-aie/programming_examples/basic/block_datatypes/matrix_multiplication/whole_array/build/aie_1024x6144x4096_64x64x64.mlir.prj/aie_cdo_elfs.bin
Generating: /scratch/luisr/mlir-aie/programming_examples/basic/block_datatypes/matrix_multiplication/whole_array/build/aie_1024x6144x4096_64x64x64.mlir.prj/aie_cdo_init.bin
Generating: /scratch/luisr/mlir-aie/programming_examples/basic/block_datatypes/matrix_multiplication/whole_array/build/aie_1024x6144x4096_64x64x64.mlir.prj/aie_cdo_enable.bin
export XRT_HACK_UNSECURE_LOADING_XCLBIN=1 && \
 ./whole_array.exe -x build/final_1024x6144x4096_64x64x64.xclbin -i build/insts_1024x6144x4096_64x64x64.txt -k MLIR_AIE -M 1024 -K 6144 -N 4096 -w 64 -y 64 -z 64 --iters 40 --warmup 10 --verify 0

Avg NPU matmul time: 13668.5us.
Avg NPU gflops: 3770.68

Min NPU matmul time: 12940us.
Max NPU gflops: 3982.97

Max NPU matmul time: 14416us.
Min NPU gflops: 3575.17

Shuffle time: 149074us.

PASS!

rm -rf build _build whole_array.exe
rm -rf _build
mkdir -p _build
cd _build &&  cmake -E env CXXFLAGS="-std=c++23 -ggdb -DDTYPE_IN= -DDTYPE_OUT= -DDTYPE_ACC=" \
	cmake `echo /scratch/luisr/mlir-aie/programming_examples/basic/block_datatypes/matrix_multiplication/whole_array/..` -D CMAKE_C_COMPILER=gcc-13 -D CMAKE_CXX_COMPILER=g++-13 -DTARGET_NAME=whole_array -Dhostsrc=/scratch/luisr/mlir-aie/programming_examples/basic/block_datatypes/matrix_multiplication/whole_array/../bfp_test.cpp
CMake Deprecation Warning at CMakeLists.txt:13 (cmake_minimum_required):
  Compatibility with CMake < 3.10 will be removed from a future version of
  CMake.

  Update the VERSION argument <min> value.  Or, use the <min>...<max> syntax
  to tell CMake that the project requires at least <min> but has been updated
  to work with policies introduced by <max> or earlier.


-- The C compiler identification is GNU 13.3.0
-- The CXX compiler identification is GNU 13.3.0
-- Detecting C compiler ABI info
-- Detecting C compiler ABI info - done
-- Check for working C compiler: /usr/bin/gcc-13 - skipped
-- Detecting C compile features
-- Detecting C compile features - done
-- Detecting CXX compiler ABI info
-- Detecting CXX compiler ABI info - done
-- Check for working CXX compiler: /usr/bin/g++-13 - skipped
-- Detecting CXX compile features
-- Detecting CXX compile features - done
-- Configuring done (0.2s)
-- Generating done (0.0s)
-- Build files have been written to: /scratch/luisr/mlir-aie/programming_examples/basic/block_datatypes/matrix_multiplication/whole_array/_build
cd _build &&  cmake --build . --config Release
gmake[1]: Entering directory '/scratch/luisr/mlir-aie/programming_examples/basic/block_datatypes/matrix_multiplication/whole_array/_build'
gmake[2]: Entering directory '/scratch/luisr/mlir-aie/programming_examples/basic/block_datatypes/matrix_multiplication/whole_array/_build'
gmake[3]: Entering directory '/scratch/luisr/mlir-aie/programming_examples/basic/block_datatypes/matrix_multiplication/whole_array/_build'
gmake[3]: Leaving directory '/scratch/luisr/mlir-aie/programming_examples/basic/block_datatypes/matrix_multiplication/whole_array/_build'
gmake[3]: Entering directory '/scratch/luisr/mlir-aie/programming_examples/basic/block_datatypes/matrix_multiplication/whole_array/_build'
[ 33%] Building CXX object CMakeFiles/whole_array.dir/bfp_test.cpp.o
[ 66%] Building CXX object CMakeFiles/whole_array.dir/scratch/luisr/mlir-aie/runtime_lib/test_lib/test_utils.cpp.o
[100%] Linking CXX executable whole_array
gmake[3]: Leaving directory '/scratch/luisr/mlir-aie/programming_examples/basic/block_datatypes/matrix_multiplication/whole_array/_build'
[100%] Built target whole_array
gmake[2]: Leaving directory '/scratch/luisr/mlir-aie/programming_examples/basic/block_datatypes/matrix_multiplication/whole_array/_build'
gmake[1]: Leaving directory '/scratch/luisr/mlir-aie/programming_examples/basic/block_datatypes/matrix_multiplication/whole_array/_build'
cp _build/whole_array whole_array.exe 
mkdir -p build
python3 /scratch/luisr/mlir-aie/programming_examples/basic/block_datatypes/matrix_multiplication/whole_array/whole_array.py --n-aie-cols 8 -m 64 -k 64 -n 64 -M 1024 -K 6144 -N 8192 > build/aie_1024x6144x8192_64x64x64.mlir
mkdir -p build
cd build && xchesscc_wrapper aie2p -I /proj/xbuilds/2024.2_INT_1113_1001/installs/all_platforms/Vitis/2024.2/aietools/include  -DDIM_M=64 -DDIM_K=64 -DDIM_N=64 -c /scratch/luisr/mlir-aie/programming_examples/basic/block_datatypes/matrix_multiplication/whole_array/../mm.cc -o mm_64x64x64.o
WARNING: Default location for XILINX_VIVADO_IP_OVERRIDE not found: /build/xfndry/IP_2024.2_INTEGRATION_VERIFIED/customer/vivado/data/ip
mkdir -p build
cd build && aiecc.py --alloc-scheme= --aie-generate-xclbin --no-compile-host --xclbin-name=final_1024x6144x8192_64x64x64.xclbin \
			 --dynamic-objFifos \
			--aie-generate-npu-insts --npu-insts-name=insts_1024x6144x8192_64x64x64.txt ../build/aie_1024x6144x8192_64x64x64.mlir

Generating: /scratch/luisr/mlir-aie/programming_examples/basic/block_datatypes/matrix_multiplication/whole_array/build/aie_1024x6144x8192_64x64x64.mlir.prj/aie_cdo_elfs.bin
Generating: /scratch/luisr/mlir-aie/programming_examples/basic/block_datatypes/matrix_multiplication/whole_array/build/aie_1024x6144x8192_64x64x64.mlir.prj/aie_cdo_init.bin
Generating: /scratch/luisr/mlir-aie/programming_examples/basic/block_datatypes/matrix_multiplication/whole_array/build/aie_1024x6144x8192_64x64x64.mlir.prj/aie_cdo_enable.bin
export XRT_HACK_UNSECURE_LOADING_XCLBIN=1 && \
 ./whole_array.exe -x build/final_1024x6144x8192_64x64x64.xclbin -i build/insts_1024x6144x8192_64x64x64.txt -k MLIR_AIE -M 1024 -K 6144 -N 8192 -w 64 -y 64 -z 64 --iters 40 --warmup 10 --verify 0

Avg NPU matmul time: 26565.7us.
Avg NPU gflops: 3880.16

Min NPU matmul time: 25975us.
Max NPU gflops: 3968.4

Max NPU matmul time: 27177us.
Min NPU gflops: 3792.88

Shuffle time: 272071us.

PASS!

rm -rf build _build whole_array.exe
rm -rf _build
mkdir -p _build
cd _build &&  cmake -E env CXXFLAGS="-std=c++23 -ggdb -DDTYPE_IN= -DDTYPE_OUT= -DDTYPE_ACC=" \
	cmake `echo /scratch/luisr/mlir-aie/programming_examples/basic/block_datatypes/matrix_multiplication/whole_array/..` -D CMAKE_C_COMPILER=gcc-13 -D CMAKE_CXX_COMPILER=g++-13 -DTARGET_NAME=whole_array -Dhostsrc=/scratch/luisr/mlir-aie/programming_examples/basic/block_datatypes/matrix_multiplication/whole_array/../bfp_test.cpp
CMake Deprecation Warning at CMakeLists.txt:13 (cmake_minimum_required):
  Compatibility with CMake < 3.10 will be removed from a future version of
  CMake.

  Update the VERSION argument <min> value.  Or, use the <min>...<max> syntax
  to tell CMake that the project requires at least <min> but has been updated
  to work with policies introduced by <max> or earlier.


-- The C compiler identification is GNU 13.3.0
-- The CXX compiler identification is GNU 13.3.0
-- Detecting C compiler ABI info
-- Detecting C compiler ABI info - done
-- Check for working C compiler: /usr/bin/gcc-13 - skipped
-- Detecting C compile features
-- Detecting C compile features - done
-- Detecting CXX compiler ABI info
-- Detecting CXX compiler ABI info - done
-- Check for working CXX compiler: /usr/bin/g++-13 - skipped
-- Detecting CXX compile features
-- Detecting CXX compile features - done
-- Configuring done (0.3s)
-- Generating done (0.0s)
-- Build files have been written to: /scratch/luisr/mlir-aie/programming_examples/basic/block_datatypes/matrix_multiplication/whole_array/_build
cd _build &&  cmake --build . --config Release
gmake[1]: Entering directory '/scratch/luisr/mlir-aie/programming_examples/basic/block_datatypes/matrix_multiplication/whole_array/_build'
gmake[2]: Entering directory '/scratch/luisr/mlir-aie/programming_examples/basic/block_datatypes/matrix_multiplication/whole_array/_build'
gmake[3]: Entering directory '/scratch/luisr/mlir-aie/programming_examples/basic/block_datatypes/matrix_multiplication/whole_array/_build'
gmake[3]: Leaving directory '/scratch/luisr/mlir-aie/programming_examples/basic/block_datatypes/matrix_multiplication/whole_array/_build'
gmake[3]: Entering directory '/scratch/luisr/mlir-aie/programming_examples/basic/block_datatypes/matrix_multiplication/whole_array/_build'
[ 33%] Building CXX object CMakeFiles/whole_array.dir/bfp_test.cpp.o
[ 66%] Building CXX object CMakeFiles/whole_array.dir/scratch/luisr/mlir-aie/runtime_lib/test_lib/test_utils.cpp.o
[100%] Linking CXX executable whole_array
gmake[3]: Leaving directory '/scratch/luisr/mlir-aie/programming_examples/basic/block_datatypes/matrix_multiplication/whole_array/_build'
[100%] Built target whole_array
gmake[2]: Leaving directory '/scratch/luisr/mlir-aie/programming_examples/basic/block_datatypes/matrix_multiplication/whole_array/_build'
gmake[1]: Leaving directory '/scratch/luisr/mlir-aie/programming_examples/basic/block_datatypes/matrix_multiplication/whole_array/_build'
cp _build/whole_array whole_array.exe 
mkdir -p build
python3 /scratch/luisr/mlir-aie/programming_examples/basic/block_datatypes/matrix_multiplication/whole_array/whole_array.py --n-aie-cols 8 -m 64 -k 64 -n 64 -M 4096 -K 512 -N 512 > build/aie_4096x512x512_64x64x64.mlir
mkdir -p build
cd build && xchesscc_wrapper aie2p -I /proj/xbuilds/2024.2_INT_1113_1001/installs/all_platforms/Vitis/2024.2/aietools/include  -DDIM_M=64 -DDIM_K=64 -DDIM_N=64 -c /scratch/luisr/mlir-aie/programming_examples/basic/block_datatypes/matrix_multiplication/whole_array/../mm.cc -o mm_64x64x64.o
WARNING: Default location for XILINX_VIVADO_IP_OVERRIDE not found: /build/xfndry/IP_2024.2_INTEGRATION_VERIFIED/customer/vivado/data/ip
mkdir -p build
cd build && aiecc.py --alloc-scheme= --aie-generate-xclbin --no-compile-host --xclbin-name=final_4096x512x512_64x64x64.xclbin \
			 --dynamic-objFifos \
			--aie-generate-npu-insts --npu-insts-name=insts_4096x512x512_64x64x64.txt ../build/aie_4096x512x512_64x64x64.mlir

Generating: /scratch/luisr/mlir-aie/programming_examples/basic/block_datatypes/matrix_multiplication/whole_array/build/aie_4096x512x512_64x64x64.mlir.prj/aie_cdo_elfs.bin
Generating: /scratch/luisr/mlir-aie/programming_examples/basic/block_datatypes/matrix_multiplication/whole_array/build/aie_4096x512x512_64x64x64.mlir.prj/aie_cdo_init.bin
Generating: /scratch/luisr/mlir-aie/programming_examples/basic/block_datatypes/matrix_multiplication/whole_array/build/aie_4096x512x512_64x64x64.mlir.prj/aie_cdo_enable.bin
export XRT_HACK_UNSECURE_LOADING_XCLBIN=1 && \
 ./whole_array.exe -x build/final_4096x512x512_64x64x64.xclbin -i build/insts_4096x512x512_64x64x64.txt -k MLIR_AIE -M 4096 -K 512 -N 512 -w 64 -y 64 -z 64 --iters 40 --warmup 10 --verify 0

Avg NPU matmul time: 546.475us.
Avg NPU gflops: 3929.7

Min NPU matmul time: 522us.
Max NPU gflops: 4113.95

Max NPU matmul time: 564us.
Min NPU gflops: 3807.6

Shuffle time: 9764us.

PASS!

rm -rf build _build whole_array.exe
rm -rf _build
mkdir -p _build
cd _build &&  cmake -E env CXXFLAGS="-std=c++23 -ggdb -DDTYPE_IN= -DDTYPE_OUT= -DDTYPE_ACC=" \
	cmake `echo /scratch/luisr/mlir-aie/programming_examples/basic/block_datatypes/matrix_multiplication/whole_array/..` -D CMAKE_C_COMPILER=gcc-13 -D CMAKE_CXX_COMPILER=g++-13 -DTARGET_NAME=whole_array -Dhostsrc=/scratch/luisr/mlir-aie/programming_examples/basic/block_datatypes/matrix_multiplication/whole_array/../bfp_test.cpp
CMake Deprecation Warning at CMakeLists.txt:13 (cmake_minimum_required):
  Compatibility with CMake < 3.10 will be removed from a future version of
  CMake.

  Update the VERSION argument <min> value.  Or, use the <min>...<max> syntax
  to tell CMake that the project requires at least <min> but has been updated
  to work with policies introduced by <max> or earlier.


-- The C compiler identification is GNU 13.3.0
-- The CXX compiler identification is GNU 13.3.0
-- Detecting C compiler ABI info
-- Detecting C compiler ABI info - done
-- Check for working C compiler: /usr/bin/gcc-13 - skipped
-- Detecting C compile features
-- Detecting C compile features - done
-- Detecting CXX compiler ABI info
-- Detecting CXX compiler ABI info - done
-- Check for working CXX compiler: /usr/bin/g++-13 - skipped
-- Detecting CXX compile features
-- Detecting CXX compile features - done
-- Configuring done (0.2s)
-- Generating done (0.0s)
-- Build files have been written to: /scratch/luisr/mlir-aie/programming_examples/basic/block_datatypes/matrix_multiplication/whole_array/_build
cd _build &&  cmake --build . --config Release
gmake[1]: Entering directory '/scratch/luisr/mlir-aie/programming_examples/basic/block_datatypes/matrix_multiplication/whole_array/_build'
gmake[2]: Entering directory '/scratch/luisr/mlir-aie/programming_examples/basic/block_datatypes/matrix_multiplication/whole_array/_build'
gmake[3]: Entering directory '/scratch/luisr/mlir-aie/programming_examples/basic/block_datatypes/matrix_multiplication/whole_array/_build'
gmake[3]: Leaving directory '/scratch/luisr/mlir-aie/programming_examples/basic/block_datatypes/matrix_multiplication/whole_array/_build'
gmake[3]: Entering directory '/scratch/luisr/mlir-aie/programming_examples/basic/block_datatypes/matrix_multiplication/whole_array/_build'
[ 33%] Building CXX object CMakeFiles/whole_array.dir/bfp_test.cpp.o
[ 66%] Building CXX object CMakeFiles/whole_array.dir/scratch/luisr/mlir-aie/runtime_lib/test_lib/test_utils.cpp.o
[100%] Linking CXX executable whole_array
gmake[3]: Leaving directory '/scratch/luisr/mlir-aie/programming_examples/basic/block_datatypes/matrix_multiplication/whole_array/_build'
[100%] Built target whole_array
gmake[2]: Leaving directory '/scratch/luisr/mlir-aie/programming_examples/basic/block_datatypes/matrix_multiplication/whole_array/_build'
gmake[1]: Leaving directory '/scratch/luisr/mlir-aie/programming_examples/basic/block_datatypes/matrix_multiplication/whole_array/_build'
cp _build/whole_array whole_array.exe 
mkdir -p build
python3 /scratch/luisr/mlir-aie/programming_examples/basic/block_datatypes/matrix_multiplication/whole_array/whole_array.py --n-aie-cols 8 -m 64 -k 64 -n 64 -M 4096 -K 512 -N 1024 > build/aie_4096x512x1024_64x64x64.mlir
mkdir -p build
cd build && xchesscc_wrapper aie2p -I /proj/xbuilds/2024.2_INT_1113_1001/installs/all_platforms/Vitis/2024.2/aietools/include  -DDIM_M=64 -DDIM_K=64 -DDIM_N=64 -c /scratch/luisr/mlir-aie/programming_examples/basic/block_datatypes/matrix_multiplication/whole_array/../mm.cc -o mm_64x64x64.o
WARNING: Default location for XILINX_VIVADO_IP_OVERRIDE not found: /build/xfndry/IP_2024.2_INTEGRATION_VERIFIED/customer/vivado/data/ip
mkdir -p build
cd build && aiecc.py --alloc-scheme= --aie-generate-xclbin --no-compile-host --xclbin-name=final_4096x512x1024_64x64x64.xclbin \
			 --dynamic-objFifos \
			--aie-generate-npu-insts --npu-insts-name=insts_4096x512x1024_64x64x64.txt ../build/aie_4096x512x1024_64x64x64.mlir

Generating: /scratch/luisr/mlir-aie/programming_examples/basic/block_datatypes/matrix_multiplication/whole_array/build/aie_4096x512x1024_64x64x64.mlir.prj/aie_cdo_elfs.bin
Generating: /scratch/luisr/mlir-aie/programming_examples/basic/block_datatypes/matrix_multiplication/whole_array/build/aie_4096x512x1024_64x64x64.mlir.prj/aie_cdo_init.bin
Generating: /scratch/luisr/mlir-aie/programming_examples/basic/block_datatypes/matrix_multiplication/whole_array/build/aie_4096x512x1024_64x64x64.mlir.prj/aie_cdo_enable.bin
export XRT_HACK_UNSECURE_LOADING_XCLBIN=1 && \
 ./whole_array.exe -x build/final_4096x512x1024_64x64x64.xclbin -i build/insts_4096x512x1024_64x64x64.txt -k MLIR_AIE -M 4096 -K 512 -N 1024 -w 64 -y 64 -z 64 --iters 40 --warmup 10 --verify 0

Avg NPU matmul time: 851.975us.
Avg NPU gflops: 5041.19

Min NPU matmul time: 837us.
Max NPU gflops: 5131.38

Max NPU matmul time: 903us.
Min NPU gflops: 4756.33

Shuffle time: 11820us.

PASS!

rm -rf build _build whole_array.exe
rm -rf _build
mkdir -p _build
cd _build &&  cmake -E env CXXFLAGS="-std=c++23 -ggdb -DDTYPE_IN= -DDTYPE_OUT= -DDTYPE_ACC=" \
	cmake `echo /scratch/luisr/mlir-aie/programming_examples/basic/block_datatypes/matrix_multiplication/whole_array/..` -D CMAKE_C_COMPILER=gcc-13 -D CMAKE_CXX_COMPILER=g++-13 -DTARGET_NAME=whole_array -Dhostsrc=/scratch/luisr/mlir-aie/programming_examples/basic/block_datatypes/matrix_multiplication/whole_array/../bfp_test.cpp
CMake Deprecation Warning at CMakeLists.txt:13 (cmake_minimum_required):
  Compatibility with CMake < 3.10 will be removed from a future version of
  CMake.

  Update the VERSION argument <min> value.  Or, use the <min>...<max> syntax
  to tell CMake that the project requires at least <min> but has been updated
  to work with policies introduced by <max> or earlier.


-- The C compiler identification is GNU 13.3.0
-- The CXX compiler identification is GNU 13.3.0
-- Detecting C compiler ABI info
-- Detecting C compiler ABI info - done
-- Check for working C compiler: /usr/bin/gcc-13 - skipped
-- Detecting C compile features
-- Detecting C compile features - done
-- Detecting CXX compiler ABI info
-- Detecting CXX compiler ABI info - done
-- Check for working CXX compiler: /usr/bin/g++-13 - skipped
-- Detecting CXX compile features
-- Detecting CXX compile features - done
-- Configuring done (0.3s)
-- Generating done (0.0s)
-- Build files have been written to: /scratch/luisr/mlir-aie/programming_examples/basic/block_datatypes/matrix_multiplication/whole_array/_build
cd _build &&  cmake --build . --config Release
gmake[1]: Entering directory '/scratch/luisr/mlir-aie/programming_examples/basic/block_datatypes/matrix_multiplication/whole_array/_build'
gmake[2]: Entering directory '/scratch/luisr/mlir-aie/programming_examples/basic/block_datatypes/matrix_multiplication/whole_array/_build'
gmake[3]: Entering directory '/scratch/luisr/mlir-aie/programming_examples/basic/block_datatypes/matrix_multiplication/whole_array/_build'
gmake[3]: Leaving directory '/scratch/luisr/mlir-aie/programming_examples/basic/block_datatypes/matrix_multiplication/whole_array/_build'
gmake[3]: Entering directory '/scratch/luisr/mlir-aie/programming_examples/basic/block_datatypes/matrix_multiplication/whole_array/_build'
[ 33%] Building CXX object CMakeFiles/whole_array.dir/bfp_test.cpp.o
[ 66%] Building CXX object CMakeFiles/whole_array.dir/scratch/luisr/mlir-aie/runtime_lib/test_lib/test_utils.cpp.o
[100%] Linking CXX executable whole_array
gmake[3]: Leaving directory '/scratch/luisr/mlir-aie/programming_examples/basic/block_datatypes/matrix_multiplication/whole_array/_build'
[100%] Built target whole_array
gmake[2]: Leaving directory '/scratch/luisr/mlir-aie/programming_examples/basic/block_datatypes/matrix_multiplication/whole_array/_build'
gmake[1]: Leaving directory '/scratch/luisr/mlir-aie/programming_examples/basic/block_datatypes/matrix_multiplication/whole_array/_build'
cp _build/whole_array whole_array.exe 
mkdir -p build
python3 /scratch/luisr/mlir-aie/programming_examples/basic/block_datatypes/matrix_multiplication/whole_array/whole_array.py --n-aie-cols 8 -m 64 -k 64 -n 64 -M 4096 -K 512 -N 4096 > build/aie_4096x512x4096_64x64x64.mlir
mkdir -p build
cd build && xchesscc_wrapper aie2p -I /proj/xbuilds/2024.2_INT_1113_1001/installs/all_platforms/Vitis/2024.2/aietools/include  -DDIM_M=64 -DDIM_K=64 -DDIM_N=64 -c /scratch/luisr/mlir-aie/programming_examples/basic/block_datatypes/matrix_multiplication/whole_array/../mm.cc -o mm_64x64x64.o
WARNING: Default location for XILINX_VIVADO_IP_OVERRIDE not found: /build/xfndry/IP_2024.2_INTEGRATION_VERIFIED/customer/vivado/data/ip
mkdir -p build
cd build && aiecc.py --alloc-scheme= --aie-generate-xclbin --no-compile-host --xclbin-name=final_4096x512x4096_64x64x64.xclbin \
			 --dynamic-objFifos \
			--aie-generate-npu-insts --npu-insts-name=insts_4096x512x4096_64x64x64.txt ../build/aie_4096x512x4096_64x64x64.mlir

Generating: /scratch/luisr/mlir-aie/programming_examples/basic/block_datatypes/matrix_multiplication/whole_array/build/aie_4096x512x4096_64x64x64.mlir.prj/aie_cdo_elfs.bin
Generating: /scratch/luisr/mlir-aie/programming_examples/basic/block_datatypes/matrix_multiplication/whole_array/build/aie_4096x512x4096_64x64x64.mlir.prj/aie_cdo_init.bin
Generating: /scratch/luisr/mlir-aie/programming_examples/basic/block_datatypes/matrix_multiplication/whole_array/build/aie_4096x512x4096_64x64x64.mlir.prj/aie_cdo_enable.bin
export XRT_HACK_UNSECURE_LOADING_XCLBIN=1 && \
 ./whole_array.exe -x build/final_4096x512x4096_64x64x64.xclbin -i build/insts_4096x512x4096_64x64x64.txt -k MLIR_AIE -M 4096 -K 512 -N 4096 -w 64 -y 64 -z 64 --iters 40 --warmup 10 --verify 0

Avg NPU matmul time: 3236.9us.
Avg NPU gflops: 5307.51

Min NPU matmul time: 2857us.
Max NPU gflops: 6013.25

Max NPU matmul time: 3702us.
Min NPU gflops: 4640.7

Shuffle time: 17242us.

PASS!

rm -rf build _build whole_array.exe
rm -rf _build
mkdir -p _build
cd _build &&  cmake -E env CXXFLAGS="-std=c++23 -ggdb -DDTYPE_IN= -DDTYPE_OUT= -DDTYPE_ACC=" \
	cmake `echo /scratch/luisr/mlir-aie/programming_examples/basic/block_datatypes/matrix_multiplication/whole_array/..` -D CMAKE_C_COMPILER=gcc-13 -D CMAKE_CXX_COMPILER=g++-13 -DTARGET_NAME=whole_array -Dhostsrc=/scratch/luisr/mlir-aie/programming_examples/basic/block_datatypes/matrix_multiplication/whole_array/../bfp_test.cpp
CMake Deprecation Warning at CMakeLists.txt:13 (cmake_minimum_required):
  Compatibility with CMake < 3.10 will be removed from a future version of
  CMake.

  Update the VERSION argument <min> value.  Or, use the <min>...<max> syntax
  to tell CMake that the project requires at least <min> but has been updated
  to work with policies introduced by <max> or earlier.


-- The C compiler identification is GNU 13.3.0
-- The CXX compiler identification is GNU 13.3.0
-- Detecting C compiler ABI info
-- Detecting C compiler ABI info - done
-- Check for working C compiler: /usr/bin/gcc-13 - skipped
-- Detecting C compile features
-- Detecting C compile features - done
-- Detecting CXX compiler ABI info
-- Detecting CXX compiler ABI info - done
-- Check for working CXX compiler: /usr/bin/g++-13 - skipped
-- Detecting CXX compile features
-- Detecting CXX compile features - done
-- Configuring done (0.3s)
-- Generating done (0.0s)
-- Build files have been written to: /scratch/luisr/mlir-aie/programming_examples/basic/block_datatypes/matrix_multiplication/whole_array/_build
cd _build &&  cmake --build . --config Release
gmake[1]: Entering directory '/scratch/luisr/mlir-aie/programming_examples/basic/block_datatypes/matrix_multiplication/whole_array/_build'
gmake[2]: Entering directory '/scratch/luisr/mlir-aie/programming_examples/basic/block_datatypes/matrix_multiplication/whole_array/_build'
gmake[3]: Entering directory '/scratch/luisr/mlir-aie/programming_examples/basic/block_datatypes/matrix_multiplication/whole_array/_build'
gmake[3]: Leaving directory '/scratch/luisr/mlir-aie/programming_examples/basic/block_datatypes/matrix_multiplication/whole_array/_build'
gmake[3]: Entering directory '/scratch/luisr/mlir-aie/programming_examples/basic/block_datatypes/matrix_multiplication/whole_array/_build'
[ 33%] Building CXX object CMakeFiles/whole_array.dir/bfp_test.cpp.o
[ 66%] Building CXX object CMakeFiles/whole_array.dir/scratch/luisr/mlir-aie/runtime_lib/test_lib/test_utils.cpp.o
[100%] Linking CXX executable whole_array
gmake[3]: Leaving directory '/scratch/luisr/mlir-aie/programming_examples/basic/block_datatypes/matrix_multiplication/whole_array/_build'
[100%] Built target whole_array
gmake[2]: Leaving directory '/scratch/luisr/mlir-aie/programming_examples/basic/block_datatypes/matrix_multiplication/whole_array/_build'
gmake[1]: Leaving directory '/scratch/luisr/mlir-aie/programming_examples/basic/block_datatypes/matrix_multiplication/whole_array/_build'
cp _build/whole_array whole_array.exe 
mkdir -p build
python3 /scratch/luisr/mlir-aie/programming_examples/basic/block_datatypes/matrix_multiplication/whole_array/whole_array.py --n-aie-cols 8 -m 64 -k 64 -n 64 -M 4096 -K 512 -N 8192 > build/aie_4096x512x8192_64x64x64.mlir
mkdir -p build
cd build && xchesscc_wrapper aie2p -I /proj/xbuilds/2024.2_INT_1113_1001/installs/all_platforms/Vitis/2024.2/aietools/include  -DDIM_M=64 -DDIM_K=64 -DDIM_N=64 -c /scratch/luisr/mlir-aie/programming_examples/basic/block_datatypes/matrix_multiplication/whole_array/../mm.cc -o mm_64x64x64.o
WARNING: Default location for XILINX_VIVADO_IP_OVERRIDE not found: /build/xfndry/IP_2024.2_INTEGRATION_VERIFIED/customer/vivado/data/ip
mkdir -p build
cd build && aiecc.py --alloc-scheme= --aie-generate-xclbin --no-compile-host --xclbin-name=final_4096x512x8192_64x64x64.xclbin \
			 --dynamic-objFifos \
			--aie-generate-npu-insts --npu-insts-name=insts_4096x512x8192_64x64x64.txt ../build/aie_4096x512x8192_64x64x64.mlir

Generating: /scratch/luisr/mlir-aie/programming_examples/basic/block_datatypes/matrix_multiplication/whole_array/build/aie_4096x512x8192_64x64x64.mlir.prj/aie_cdo_elfs.bin
Generating: /scratch/luisr/mlir-aie/programming_examples/basic/block_datatypes/matrix_multiplication/whole_array/build/aie_4096x512x8192_64x64x64.mlir.prj/aie_cdo_init.bin
Generating: /scratch/luisr/mlir-aie/programming_examples/basic/block_datatypes/matrix_multiplication/whole_array/build/aie_4096x512x8192_64x64x64.mlir.prj/aie_cdo_enable.bin
export XRT_HACK_UNSECURE_LOADING_XCLBIN=1 && \
 ./whole_array.exe -x build/final_4096x512x8192_64x64x64.xclbin -i build/insts_4096x512x8192_64x64x64.txt -k MLIR_AIE -M 4096 -K 512 -N 8192 -w 64 -y 64 -z 64 --iters 40 --warmup 10 --verify 0

Avg NPU matmul time: 6902.62us.
Avg NPU gflops: 4977.78

Min NPU matmul time: 6523us.
Max NPU gflops: 5267.47

Max NPU matmul time: 7591us.
Min NPU gflops: 4526.38

Shuffle time: 27379us.

PASS!

rm -rf build _build whole_array.exe
rm -rf _build
mkdir -p _build
cd _build &&  cmake -E env CXXFLAGS="-std=c++23 -ggdb -DDTYPE_IN= -DDTYPE_OUT= -DDTYPE_ACC=" \
	cmake `echo /scratch/luisr/mlir-aie/programming_examples/basic/block_datatypes/matrix_multiplication/whole_array/..` -D CMAKE_C_COMPILER=gcc-13 -D CMAKE_CXX_COMPILER=g++-13 -DTARGET_NAME=whole_array -Dhostsrc=/scratch/luisr/mlir-aie/programming_examples/basic/block_datatypes/matrix_multiplication/whole_array/../bfp_test.cpp
CMake Deprecation Warning at CMakeLists.txt:13 (cmake_minimum_required):
  Compatibility with CMake < 3.10 will be removed from a future version of
  CMake.

  Update the VERSION argument <min> value.  Or, use the <min>...<max> syntax
  to tell CMake that the project requires at least <min> but has been updated
  to work with policies introduced by <max> or earlier.


-- The C compiler identification is GNU 13.3.0
-- The CXX compiler identification is GNU 13.3.0
-- Detecting C compiler ABI info
-- Detecting C compiler ABI info - done
-- Check for working C compiler: /usr/bin/gcc-13 - skipped
-- Detecting C compile features
-- Detecting C compile features - done
-- Detecting CXX compiler ABI info
-- Detecting CXX compiler ABI info - done
-- Check for working CXX compiler: /usr/bin/g++-13 - skipped
-- Detecting CXX compile features
-- Detecting CXX compile features - done
-- Configuring done (0.3s)
-- Generating done (0.0s)
-- Build files have been written to: /scratch/luisr/mlir-aie/programming_examples/basic/block_datatypes/matrix_multiplication/whole_array/_build
cd _build &&  cmake --build . --config Release
gmake[1]: Entering directory '/scratch/luisr/mlir-aie/programming_examples/basic/block_datatypes/matrix_multiplication/whole_array/_build'
gmake[2]: Entering directory '/scratch/luisr/mlir-aie/programming_examples/basic/block_datatypes/matrix_multiplication/whole_array/_build'
gmake[3]: Entering directory '/scratch/luisr/mlir-aie/programming_examples/basic/block_datatypes/matrix_multiplication/whole_array/_build'
gmake[3]: Leaving directory '/scratch/luisr/mlir-aie/programming_examples/basic/block_datatypes/matrix_multiplication/whole_array/_build'
gmake[3]: Entering directory '/scratch/luisr/mlir-aie/programming_examples/basic/block_datatypes/matrix_multiplication/whole_array/_build'
[ 33%] Building CXX object CMakeFiles/whole_array.dir/bfp_test.cpp.o
[ 66%] Building CXX object CMakeFiles/whole_array.dir/scratch/luisr/mlir-aie/runtime_lib/test_lib/test_utils.cpp.o
[100%] Linking CXX executable whole_array
gmake[3]: Leaving directory '/scratch/luisr/mlir-aie/programming_examples/basic/block_datatypes/matrix_multiplication/whole_array/_build'
[100%] Built target whole_array
gmake[2]: Leaving directory '/scratch/luisr/mlir-aie/programming_examples/basic/block_datatypes/matrix_multiplication/whole_array/_build'
gmake[1]: Leaving directory '/scratch/luisr/mlir-aie/programming_examples/basic/block_datatypes/matrix_multiplication/whole_array/_build'
cp _build/whole_array whole_array.exe 
mkdir -p build
python3 /scratch/luisr/mlir-aie/programming_examples/basic/block_datatypes/matrix_multiplication/whole_array/whole_array.py --n-aie-cols 8 -m 64 -k 64 -n 64 -M 4096 -K 1024 -N 512 > build/aie_4096x1024x512_64x64x64.mlir
mkdir -p build
cd build && xchesscc_wrapper aie2p -I /proj/xbuilds/2024.2_INT_1113_1001/installs/all_platforms/Vitis/2024.2/aietools/include  -DDIM_M=64 -DDIM_K=64 -DDIM_N=64 -c /scratch/luisr/mlir-aie/programming_examples/basic/block_datatypes/matrix_multiplication/whole_array/../mm.cc -o mm_64x64x64.o
WARNING: Default location for XILINX_VIVADO_IP_OVERRIDE not found: /build/xfndry/IP_2024.2_INTEGRATION_VERIFIED/customer/vivado/data/ip
mkdir -p build
cd build && aiecc.py --alloc-scheme= --aie-generate-xclbin --no-compile-host --xclbin-name=final_4096x1024x512_64x64x64.xclbin \
			 --dynamic-objFifos \
			--aie-generate-npu-insts --npu-insts-name=insts_4096x1024x512_64x64x64.txt ../build/aie_4096x1024x512_64x64x64.mlir

Generating: /scratch/luisr/mlir-aie/programming_examples/basic/block_datatypes/matrix_multiplication/whole_array/build/aie_4096x1024x512_64x64x64.mlir.prj/aie_cdo_elfs.bin
Generating: /scratch/luisr/mlir-aie/programming_examples/basic/block_datatypes/matrix_multiplication/whole_array/build/aie_4096x1024x512_64x64x64.mlir.prj/aie_cdo_init.bin
Generating: /scratch/luisr/mlir-aie/programming_examples/basic/block_datatypes/matrix_multiplication/whole_array/build/aie_4096x1024x512_64x64x64.mlir.prj/aie_cdo_enable.bin
export XRT_HACK_UNSECURE_LOADING_XCLBIN=1 && \
 ./whole_array.exe -x build/final_4096x1024x512_64x64x64.xclbin -i build/insts_4096x1024x512_64x64x64.txt -k MLIR_AIE -M 4096 -K 1024 -N 512 -w 64 -y 64 -z 64 --iters 40 --warmup 10 --verify 0

Avg NPU matmul time: 856.025us.
Avg NPU gflops: 5017.34

Min NPU matmul time: 829us.
Max NPU gflops: 5180.9

Max NPU matmul time: 873us.
Min NPU gflops: 4919.78

Shuffle time: 21151us.

PASS!

rm -rf build _build whole_array.exe
rm -rf _build
mkdir -p _build
cd _build &&  cmake -E env CXXFLAGS="-std=c++23 -ggdb -DDTYPE_IN= -DDTYPE_OUT= -DDTYPE_ACC=" \
	cmake `echo /scratch/luisr/mlir-aie/programming_examples/basic/block_datatypes/matrix_multiplication/whole_array/..` -D CMAKE_C_COMPILER=gcc-13 -D CMAKE_CXX_COMPILER=g++-13 -DTARGET_NAME=whole_array -Dhostsrc=/scratch/luisr/mlir-aie/programming_examples/basic/block_datatypes/matrix_multiplication/whole_array/../bfp_test.cpp
CMake Deprecation Warning at CMakeLists.txt:13 (cmake_minimum_required):
  Compatibility with CMake < 3.10 will be removed from a future version of
  CMake.

  Update the VERSION argument <min> value.  Or, use the <min>...<max> syntax
  to tell CMake that the project requires at least <min> but has been updated
  to work with policies introduced by <max> or earlier.


-- The C compiler identification is GNU 13.3.0
-- The CXX compiler identification is GNU 13.3.0
-- Detecting C compiler ABI info
-- Detecting C compiler ABI info - done
-- Check for working C compiler: /usr/bin/gcc-13 - skipped
-- Detecting C compile features
-- Detecting C compile features - done
-- Detecting CXX compiler ABI info
-- Detecting CXX compiler ABI info - done
-- Check for working CXX compiler: /usr/bin/g++-13 - skipped
-- Detecting CXX compile features
-- Detecting CXX compile features - done
-- Configuring done (0.2s)
-- Generating done (0.0s)
-- Build files have been written to: /scratch/luisr/mlir-aie/programming_examples/basic/block_datatypes/matrix_multiplication/whole_array/_build
cd _build &&  cmake --build . --config Release
gmake[1]: Entering directory '/scratch/luisr/mlir-aie/programming_examples/basic/block_datatypes/matrix_multiplication/whole_array/_build'
gmake[2]: Entering directory '/scratch/luisr/mlir-aie/programming_examples/basic/block_datatypes/matrix_multiplication/whole_array/_build'
gmake[3]: Entering directory '/scratch/luisr/mlir-aie/programming_examples/basic/block_datatypes/matrix_multiplication/whole_array/_build'
gmake[3]: Leaving directory '/scratch/luisr/mlir-aie/programming_examples/basic/block_datatypes/matrix_multiplication/whole_array/_build'
gmake[3]: Entering directory '/scratch/luisr/mlir-aie/programming_examples/basic/block_datatypes/matrix_multiplication/whole_array/_build'
[ 33%] Building CXX object CMakeFiles/whole_array.dir/bfp_test.cpp.o
[ 66%] Building CXX object CMakeFiles/whole_array.dir/scratch/luisr/mlir-aie/runtime_lib/test_lib/test_utils.cpp.o
[100%] Linking CXX executable whole_array
gmake[3]: Leaving directory '/scratch/luisr/mlir-aie/programming_examples/basic/block_datatypes/matrix_multiplication/whole_array/_build'
[100%] Built target whole_array
gmake[2]: Leaving directory '/scratch/luisr/mlir-aie/programming_examples/basic/block_datatypes/matrix_multiplication/whole_array/_build'
gmake[1]: Leaving directory '/scratch/luisr/mlir-aie/programming_examples/basic/block_datatypes/matrix_multiplication/whole_array/_build'
cp _build/whole_array whole_array.exe 
mkdir -p build
python3 /scratch/luisr/mlir-aie/programming_examples/basic/block_datatypes/matrix_multiplication/whole_array/whole_array.py --n-aie-cols 8 -m 64 -k 64 -n 64 -M 4096 -K 1024 -N 1024 > build/aie_4096x1024x1024_64x64x64.mlir
mkdir -p build
cd build && xchesscc_wrapper aie2p -I /proj/xbuilds/2024.2_INT_1113_1001/installs/all_platforms/Vitis/2024.2/aietools/include  -DDIM_M=64 -DDIM_K=64 -DDIM_N=64 -c /scratch/luisr/mlir-aie/programming_examples/basic/block_datatypes/matrix_multiplication/whole_array/../mm.cc -o mm_64x64x64.o
WARNING: Default location for XILINX_VIVADO_IP_OVERRIDE not found: /build/xfndry/IP_2024.2_INTEGRATION_VERIFIED/customer/vivado/data/ip
mkdir -p build
cd build && aiecc.py --alloc-scheme= --aie-generate-xclbin --no-compile-host --xclbin-name=final_4096x1024x1024_64x64x64.xclbin \
			 --dynamic-objFifos \
			--aie-generate-npu-insts --npu-insts-name=insts_4096x1024x1024_64x64x64.txt ../build/aie_4096x1024x1024_64x64x64.mlir

Generating: /scratch/luisr/mlir-aie/programming_examples/basic/block_datatypes/matrix_multiplication/whole_array/build/aie_4096x1024x1024_64x64x64.mlir.prj/aie_cdo_elfs.bin
Generating: /scratch/luisr/mlir-aie/programming_examples/basic/block_datatypes/matrix_multiplication/whole_array/build/aie_4096x1024x1024_64x64x64.mlir.prj/aie_cdo_init.bin
Generating: /scratch/luisr/mlir-aie/programming_examples/basic/block_datatypes/matrix_multiplication/whole_array/build/aie_4096x1024x1024_64x64x64.mlir.prj/aie_cdo_enable.bin
export XRT_HACK_UNSECURE_LOADING_XCLBIN=1 && \
 ./whole_array.exe -x build/final_4096x1024x1024_64x64x64.xclbin -i build/insts_4096x1024x1024_64x64x64.txt -k MLIR_AIE -M 4096 -K 1024 -N 1024 -w 64 -y 64 -z 64 --iters 40 --warmup 10 --verify 0

Avg NPU matmul time: 1885.65us.
Avg NPU gflops: 4555.42

Min NPU matmul time: 1498us.
Max NPU gflops: 5734.27

Max NPU matmul time: 2002us.
Min NPU gflops: 4290.68

Shuffle time: 22591us.

PASS!

rm -rf build _build whole_array.exe
rm -rf _build
mkdir -p _build
cd _build &&  cmake -E env CXXFLAGS="-std=c++23 -ggdb -DDTYPE_IN= -DDTYPE_OUT= -DDTYPE_ACC=" \
	cmake `echo /scratch/luisr/mlir-aie/programming_examples/basic/block_datatypes/matrix_multiplication/whole_array/..` -D CMAKE_C_COMPILER=gcc-13 -D CMAKE_CXX_COMPILER=g++-13 -DTARGET_NAME=whole_array -Dhostsrc=/scratch/luisr/mlir-aie/programming_examples/basic/block_datatypes/matrix_multiplication/whole_array/../bfp_test.cpp
CMake Deprecation Warning at CMakeLists.txt:13 (cmake_minimum_required):
  Compatibility with CMake < 3.10 will be removed from a future version of
  CMake.

  Update the VERSION argument <min> value.  Or, use the <min>...<max> syntax
  to tell CMake that the project requires at least <min> but has been updated
  to work with policies introduced by <max> or earlier.


-- The C compiler identification is GNU 13.3.0
-- The CXX compiler identification is GNU 13.3.0
-- Detecting C compiler ABI info
-- Detecting C compiler ABI info - done
-- Check for working C compiler: /usr/bin/gcc-13 - skipped
-- Detecting C compile features
-- Detecting C compile features - done
-- Detecting CXX compiler ABI info
-- Detecting CXX compiler ABI info - done
-- Check for working CXX compiler: /usr/bin/g++-13 - skipped
-- Detecting CXX compile features
-- Detecting CXX compile features - done
-- Configuring done (0.3s)
-- Generating done (0.0s)
-- Build files have been written to: /scratch/luisr/mlir-aie/programming_examples/basic/block_datatypes/matrix_multiplication/whole_array/_build
cd _build &&  cmake --build . --config Release
gmake[1]: Entering directory '/scratch/luisr/mlir-aie/programming_examples/basic/block_datatypes/matrix_multiplication/whole_array/_build'
gmake[2]: Entering directory '/scratch/luisr/mlir-aie/programming_examples/basic/block_datatypes/matrix_multiplication/whole_array/_build'
gmake[3]: Entering directory '/scratch/luisr/mlir-aie/programming_examples/basic/block_datatypes/matrix_multiplication/whole_array/_build'
gmake[3]: Leaving directory '/scratch/luisr/mlir-aie/programming_examples/basic/block_datatypes/matrix_multiplication/whole_array/_build'
gmake[3]: Entering directory '/scratch/luisr/mlir-aie/programming_examples/basic/block_datatypes/matrix_multiplication/whole_array/_build'
[ 33%] Building CXX object CMakeFiles/whole_array.dir/bfp_test.cpp.o
[ 66%] Building CXX object CMakeFiles/whole_array.dir/scratch/luisr/mlir-aie/runtime_lib/test_lib/test_utils.cpp.o
[100%] Linking CXX executable whole_array
gmake[3]: Leaving directory '/scratch/luisr/mlir-aie/programming_examples/basic/block_datatypes/matrix_multiplication/whole_array/_build'
[100%] Built target whole_array
gmake[2]: Leaving directory '/scratch/luisr/mlir-aie/programming_examples/basic/block_datatypes/matrix_multiplication/whole_array/_build'
gmake[1]: Leaving directory '/scratch/luisr/mlir-aie/programming_examples/basic/block_datatypes/matrix_multiplication/whole_array/_build'
cp _build/whole_array whole_array.exe 
mkdir -p build
python3 /scratch/luisr/mlir-aie/programming_examples/basic/block_datatypes/matrix_multiplication/whole_array/whole_array.py --n-aie-cols 8 -m 64 -k 64 -n 64 -M 4096 -K 1024 -N 4096 > build/aie_4096x1024x4096_64x64x64.mlir
mkdir -p build
cd build && xchesscc_wrapper aie2p -I /proj/xbuilds/2024.2_INT_1113_1001/installs/all_platforms/Vitis/2024.2/aietools/include  -DDIM_M=64 -DDIM_K=64 -DDIM_N=64 -c /scratch/luisr/mlir-aie/programming_examples/basic/block_datatypes/matrix_multiplication/whole_array/../mm.cc -o mm_64x64x64.o
WARNING: Default location for XILINX_VIVADO_IP_OVERRIDE not found: /build/xfndry/IP_2024.2_INTEGRATION_VERIFIED/customer/vivado/data/ip
mkdir -p build
cd build && aiecc.py --alloc-scheme= --aie-generate-xclbin --no-compile-host --xclbin-name=final_4096x1024x4096_64x64x64.xclbin \
			 --dynamic-objFifos \
			--aie-generate-npu-insts --npu-insts-name=insts_4096x1024x4096_64x64x64.txt ../build/aie_4096x1024x4096_64x64x64.mlir

Generating: /scratch/luisr/mlir-aie/programming_examples/basic/block_datatypes/matrix_multiplication/whole_array/build/aie_4096x1024x4096_64x64x64.mlir.prj/aie_cdo_elfs.bin
Generating: /scratch/luisr/mlir-aie/programming_examples/basic/block_datatypes/matrix_multiplication/whole_array/build/aie_4096x1024x4096_64x64x64.mlir.prj/aie_cdo_init.bin
Generating: /scratch/luisr/mlir-aie/programming_examples/basic/block_datatypes/matrix_multiplication/whole_array/build/aie_4096x1024x4096_64x64x64.mlir.prj/aie_cdo_enable.bin
export XRT_HACK_UNSECURE_LOADING_XCLBIN=1 && \
 ./whole_array.exe -x build/final_4096x1024x4096_64x64x64.xclbin -i build/insts_4096x1024x4096_64x64x64.txt -k MLIR_AIE -M 4096 -K 1024 -N 4096 -w 64 -y 64 -z 64 --iters 40 --warmup 10 --verify 0

Avg NPU matmul time: 5585.52us.
Avg NPU gflops: 6151.57

Min NPU matmul time: 5296us.
Max NPU gflops: 6487.87

Max NPU matmul time: 6302us.
Min NPU gflops: 5452.2

Shuffle time: 35468us.

PASS!

rm -rf build _build whole_array.exe
rm -rf _build
mkdir -p _build
cd _build &&  cmake -E env CXXFLAGS="-std=c++23 -ggdb -DDTYPE_IN= -DDTYPE_OUT= -DDTYPE_ACC=" \
	cmake `echo /scratch/luisr/mlir-aie/programming_examples/basic/block_datatypes/matrix_multiplication/whole_array/..` -D CMAKE_C_COMPILER=gcc-13 -D CMAKE_CXX_COMPILER=g++-13 -DTARGET_NAME=whole_array -Dhostsrc=/scratch/luisr/mlir-aie/programming_examples/basic/block_datatypes/matrix_multiplication/whole_array/../bfp_test.cpp
CMake Deprecation Warning at CMakeLists.txt:13 (cmake_minimum_required):
  Compatibility with CMake < 3.10 will be removed from a future version of
  CMake.

  Update the VERSION argument <min> value.  Or, use the <min>...<max> syntax
  to tell CMake that the project requires at least <min> but has been updated
  to work with policies introduced by <max> or earlier.


-- The C compiler identification is GNU 13.3.0
-- The CXX compiler identification is GNU 13.3.0
-- Detecting C compiler ABI info
-- Detecting C compiler ABI info - done
-- Check for working C compiler: /usr/bin/gcc-13 - skipped
-- Detecting C compile features
-- Detecting C compile features - done
-- Detecting CXX compiler ABI info
-- Detecting CXX compiler ABI info - done
-- Check for working CXX compiler: /usr/bin/g++-13 - skipped
-- Detecting CXX compile features
-- Detecting CXX compile features - done
-- Configuring done (0.3s)
-- Generating done (0.0s)
-- Build files have been written to: /scratch/luisr/mlir-aie/programming_examples/basic/block_datatypes/matrix_multiplication/whole_array/_build
cd _build &&  cmake --build . --config Release
gmake[1]: Entering directory '/scratch/luisr/mlir-aie/programming_examples/basic/block_datatypes/matrix_multiplication/whole_array/_build'
gmake[2]: Entering directory '/scratch/luisr/mlir-aie/programming_examples/basic/block_datatypes/matrix_multiplication/whole_array/_build'
gmake[3]: Entering directory '/scratch/luisr/mlir-aie/programming_examples/basic/block_datatypes/matrix_multiplication/whole_array/_build'
gmake[3]: Leaving directory '/scratch/luisr/mlir-aie/programming_examples/basic/block_datatypes/matrix_multiplication/whole_array/_build'
gmake[3]: Entering directory '/scratch/luisr/mlir-aie/programming_examples/basic/block_datatypes/matrix_multiplication/whole_array/_build'
[ 33%] Building CXX object CMakeFiles/whole_array.dir/bfp_test.cpp.o
[ 66%] Building CXX object CMakeFiles/whole_array.dir/scratch/luisr/mlir-aie/runtime_lib/test_lib/test_utils.cpp.o
[100%] Linking CXX executable whole_array
gmake[3]: Leaving directory '/scratch/luisr/mlir-aie/programming_examples/basic/block_datatypes/matrix_multiplication/whole_array/_build'
[100%] Built target whole_array
gmake[2]: Leaving directory '/scratch/luisr/mlir-aie/programming_examples/basic/block_datatypes/matrix_multiplication/whole_array/_build'
gmake[1]: Leaving directory '/scratch/luisr/mlir-aie/programming_examples/basic/block_datatypes/matrix_multiplication/whole_array/_build'
cp _build/whole_array whole_array.exe 
mkdir -p build
python3 /scratch/luisr/mlir-aie/programming_examples/basic/block_datatypes/matrix_multiplication/whole_array/whole_array.py --n-aie-cols 8 -m 64 -k 64 -n 64 -M 4096 -K 1024 -N 8192 > build/aie_4096x1024x8192_64x64x64.mlir
mkdir -p build
cd build && xchesscc_wrapper aie2p -I /proj/xbuilds/2024.2_INT_1113_1001/installs/all_platforms/Vitis/2024.2/aietools/include  -DDIM_M=64 -DDIM_K=64 -DDIM_N=64 -c /scratch/luisr/mlir-aie/programming_examples/basic/block_datatypes/matrix_multiplication/whole_array/../mm.cc -o mm_64x64x64.o
WARNING: Default location for XILINX_VIVADO_IP_OVERRIDE not found: /build/xfndry/IP_2024.2_INTEGRATION_VERIFIED/customer/vivado/data/ip
mkdir -p build
cd build && aiecc.py --alloc-scheme= --aie-generate-xclbin --no-compile-host --xclbin-name=final_4096x1024x8192_64x64x64.xclbin \
			 --dynamic-objFifos \
			--aie-generate-npu-insts --npu-insts-name=insts_4096x1024x8192_64x64x64.txt ../build/aie_4096x1024x8192_64x64x64.mlir

Generating: /scratch/luisr/mlir-aie/programming_examples/basic/block_datatypes/matrix_multiplication/whole_array/build/aie_4096x1024x8192_64x64x64.mlir.prj/aie_cdo_elfs.bin
Generating: /scratch/luisr/mlir-aie/programming_examples/basic/block_datatypes/matrix_multiplication/whole_array/build/aie_4096x1024x8192_64x64x64.mlir.prj/aie_cdo_init.bin
Generating: /scratch/luisr/mlir-aie/programming_examples/basic/block_datatypes/matrix_multiplication/whole_array/build/aie_4096x1024x8192_64x64x64.mlir.prj/aie_cdo_enable.bin
export XRT_HACK_UNSECURE_LOADING_XCLBIN=1 && \
 ./whole_array.exe -x build/final_4096x1024x8192_64x64x64.xclbin -i build/insts_4096x1024x8192_64x64x64.txt -k MLIR_AIE -M 4096 -K 1024 -N 8192 -w 64 -y 64 -z 64 --iters 40 --warmup 10 --verify 0

Avg NPU matmul time: 12033.3us.
Avg NPU gflops: 5710.79

Min NPU matmul time: 11230us.
Max NPU gflops: 6119.28

Max NPU matmul time: 12544us.
Min NPU gflops: 5478.27

Shuffle time: 57236us.

PASS!

rm -rf build _build whole_array.exe
rm -rf _build
mkdir -p _build
cd _build &&  cmake -E env CXXFLAGS="-std=c++23 -ggdb -DDTYPE_IN= -DDTYPE_OUT= -DDTYPE_ACC=" \
	cmake `echo /scratch/luisr/mlir-aie/programming_examples/basic/block_datatypes/matrix_multiplication/whole_array/..` -D CMAKE_C_COMPILER=gcc-13 -D CMAKE_CXX_COMPILER=g++-13 -DTARGET_NAME=whole_array -Dhostsrc=/scratch/luisr/mlir-aie/programming_examples/basic/block_datatypes/matrix_multiplication/whole_array/../bfp_test.cpp
CMake Deprecation Warning at CMakeLists.txt:13 (cmake_minimum_required):
  Compatibility with CMake < 3.10 will be removed from a future version of
  CMake.

  Update the VERSION argument <min> value.  Or, use the <min>...<max> syntax
  to tell CMake that the project requires at least <min> but has been updated
  to work with policies introduced by <max> or earlier.


-- The C compiler identification is GNU 13.3.0
-- The CXX compiler identification is GNU 13.3.0
-- Detecting C compiler ABI info
-- Detecting C compiler ABI info - done
-- Check for working C compiler: /usr/bin/gcc-13 - skipped
-- Detecting C compile features
-- Detecting C compile features - done
-- Detecting CXX compiler ABI info
-- Detecting CXX compiler ABI info - done
-- Check for working CXX compiler: /usr/bin/g++-13 - skipped
-- Detecting CXX compile features
-- Detecting CXX compile features - done
-- Configuring done (0.3s)
-- Generating done (0.0s)
-- Build files have been written to: /scratch/luisr/mlir-aie/programming_examples/basic/block_datatypes/matrix_multiplication/whole_array/_build
cd _build &&  cmake --build . --config Release
gmake[1]: Entering directory '/scratch/luisr/mlir-aie/programming_examples/basic/block_datatypes/matrix_multiplication/whole_array/_build'
gmake[2]: Entering directory '/scratch/luisr/mlir-aie/programming_examples/basic/block_datatypes/matrix_multiplication/whole_array/_build'
gmake[3]: Entering directory '/scratch/luisr/mlir-aie/programming_examples/basic/block_datatypes/matrix_multiplication/whole_array/_build'
gmake[3]: Leaving directory '/scratch/luisr/mlir-aie/programming_examples/basic/block_datatypes/matrix_multiplication/whole_array/_build'
gmake[3]: Entering directory '/scratch/luisr/mlir-aie/programming_examples/basic/block_datatypes/matrix_multiplication/whole_array/_build'
[ 33%] Building CXX object CMakeFiles/whole_array.dir/bfp_test.cpp.o
[ 66%] Building CXX object CMakeFiles/whole_array.dir/scratch/luisr/mlir-aie/runtime_lib/test_lib/test_utils.cpp.o
[100%] Linking CXX executable whole_array
gmake[3]: Leaving directory '/scratch/luisr/mlir-aie/programming_examples/basic/block_datatypes/matrix_multiplication/whole_array/_build'
[100%] Built target whole_array
gmake[2]: Leaving directory '/scratch/luisr/mlir-aie/programming_examples/basic/block_datatypes/matrix_multiplication/whole_array/_build'
gmake[1]: Leaving directory '/scratch/luisr/mlir-aie/programming_examples/basic/block_datatypes/matrix_multiplication/whole_array/_build'
cp _build/whole_array whole_array.exe 
mkdir -p build
python3 /scratch/luisr/mlir-aie/programming_examples/basic/block_datatypes/matrix_multiplication/whole_array/whole_array.py --n-aie-cols 8 -m 64 -k 64 -n 64 -M 4096 -K 4096 -N 512 > build/aie_4096x4096x512_64x64x64.mlir
mkdir -p build
cd build && xchesscc_wrapper aie2p -I /proj/xbuilds/2024.2_INT_1113_1001/installs/all_platforms/Vitis/2024.2/aietools/include  -DDIM_M=64 -DDIM_K=64 -DDIM_N=64 -c /scratch/luisr/mlir-aie/programming_examples/basic/block_datatypes/matrix_multiplication/whole_array/../mm.cc -o mm_64x64x64.o
WARNING: Default location for XILINX_VIVADO_IP_OVERRIDE not found: /build/xfndry/IP_2024.2_INTEGRATION_VERIFIED/customer/vivado/data/ip
mkdir -p build
cd build && aiecc.py --alloc-scheme= --aie-generate-xclbin --no-compile-host --xclbin-name=final_4096x4096x512_64x64x64.xclbin \
			 --dynamic-objFifos \
			--aie-generate-npu-insts --npu-insts-name=insts_4096x4096x512_64x64x64.txt ../build/aie_4096x4096x512_64x64x64.mlir

Generating: /scratch/luisr/mlir-aie/programming_examples/basic/block_datatypes/matrix_multiplication/whole_array/build/aie_4096x4096x512_64x64x64.mlir.prj/aie_cdo_elfs.bin
Generating: /scratch/luisr/mlir-aie/programming_examples/basic/block_datatypes/matrix_multiplication/whole_array/build/aie_4096x4096x512_64x64x64.mlir.prj/aie_cdo_init.bin
Generating: /scratch/luisr/mlir-aie/programming_examples/basic/block_datatypes/matrix_multiplication/whole_array/build/aie_4096x4096x512_64x64x64.mlir.prj/aie_cdo_enable.bin
export XRT_HACK_UNSECURE_LOADING_XCLBIN=1 && \
 ./whole_array.exe -x build/final_4096x4096x512_64x64x64.xclbin -i build/insts_4096x4096x512_64x64x64.txt -k MLIR_AIE -M 4096 -K 4096 -N 512 -w 64 -y 64 -z 64 --iters 40 --warmup 10 --verify 0

Avg NPU matmul time: 3277.9us.
Avg NPU gflops: 5241.12

Min NPU matmul time: 3241us.
Max NPU gflops: 5300.79

Max NPU matmul time: 3630us.
Min NPU gflops: 4732.75

Shuffle time: 84918us.

PASS!

rm -rf build _build whole_array.exe
rm -rf _build
mkdir -p _build
cd _build &&  cmake -E env CXXFLAGS="-std=c++23 -ggdb -DDTYPE_IN= -DDTYPE_OUT= -DDTYPE_ACC=" \
	cmake `echo /scratch/luisr/mlir-aie/programming_examples/basic/block_datatypes/matrix_multiplication/whole_array/..` -D CMAKE_C_COMPILER=gcc-13 -D CMAKE_CXX_COMPILER=g++-13 -DTARGET_NAME=whole_array -Dhostsrc=/scratch/luisr/mlir-aie/programming_examples/basic/block_datatypes/matrix_multiplication/whole_array/../bfp_test.cpp
CMake Deprecation Warning at CMakeLists.txt:13 (cmake_minimum_required):
  Compatibility with CMake < 3.10 will be removed from a future version of
  CMake.

  Update the VERSION argument <min> value.  Or, use the <min>...<max> syntax
  to tell CMake that the project requires at least <min> but has been updated
  to work with policies introduced by <max> or earlier.


-- The C compiler identification is GNU 13.3.0
-- The CXX compiler identification is GNU 13.3.0
-- Detecting C compiler ABI info
-- Detecting C compiler ABI info - done
-- Check for working C compiler: /usr/bin/gcc-13 - skipped
-- Detecting C compile features
-- Detecting C compile features - done
-- Detecting CXX compiler ABI info
-- Detecting CXX compiler ABI info - done
-- Check for working CXX compiler: /usr/bin/g++-13 - skipped
-- Detecting CXX compile features
-- Detecting CXX compile features - done
-- Configuring done (0.2s)
-- Generating done (0.0s)
-- Build files have been written to: /scratch/luisr/mlir-aie/programming_examples/basic/block_datatypes/matrix_multiplication/whole_array/_build
cd _build &&  cmake --build . --config Release
gmake[1]: Entering directory '/scratch/luisr/mlir-aie/programming_examples/basic/block_datatypes/matrix_multiplication/whole_array/_build'
gmake[2]: Entering directory '/scratch/luisr/mlir-aie/programming_examples/basic/block_datatypes/matrix_multiplication/whole_array/_build'
gmake[3]: Entering directory '/scratch/luisr/mlir-aie/programming_examples/basic/block_datatypes/matrix_multiplication/whole_array/_build'
gmake[3]: Leaving directory '/scratch/luisr/mlir-aie/programming_examples/basic/block_datatypes/matrix_multiplication/whole_array/_build'
gmake[3]: Entering directory '/scratch/luisr/mlir-aie/programming_examples/basic/block_datatypes/matrix_multiplication/whole_array/_build'
[ 33%] Building CXX object CMakeFiles/whole_array.dir/bfp_test.cpp.o
[ 66%] Building CXX object CMakeFiles/whole_array.dir/scratch/luisr/mlir-aie/runtime_lib/test_lib/test_utils.cpp.o
[100%] Linking CXX executable whole_array
gmake[3]: Leaving directory '/scratch/luisr/mlir-aie/programming_examples/basic/block_datatypes/matrix_multiplication/whole_array/_build'
[100%] Built target whole_array
gmake[2]: Leaving directory '/scratch/luisr/mlir-aie/programming_examples/basic/block_datatypes/matrix_multiplication/whole_array/_build'
gmake[1]: Leaving directory '/scratch/luisr/mlir-aie/programming_examples/basic/block_datatypes/matrix_multiplication/whole_array/_build'
cp _build/whole_array whole_array.exe 
mkdir -p build
python3 /scratch/luisr/mlir-aie/programming_examples/basic/block_datatypes/matrix_multiplication/whole_array/whole_array.py --n-aie-cols 8 -m 64 -k 64 -n 64 -M 4096 -K 4096 -N 1024 > build/aie_4096x4096x1024_64x64x64.mlir
mkdir -p build
cd build && xchesscc_wrapper aie2p -I /proj/xbuilds/2024.2_INT_1113_1001/installs/all_platforms/Vitis/2024.2/aietools/include  -DDIM_M=64 -DDIM_K=64 -DDIM_N=64 -c /scratch/luisr/mlir-aie/programming_examples/basic/block_datatypes/matrix_multiplication/whole_array/../mm.cc -o mm_64x64x64.o
WARNING: Default location for XILINX_VIVADO_IP_OVERRIDE not found: /build/xfndry/IP_2024.2_INTEGRATION_VERIFIED/customer/vivado/data/ip
mkdir -p build
cd build && aiecc.py --alloc-scheme= --aie-generate-xclbin --no-compile-host --xclbin-name=final_4096x4096x1024_64x64x64.xclbin \
			 --dynamic-objFifos \
			--aie-generate-npu-insts --npu-insts-name=insts_4096x4096x1024_64x64x64.txt ../build/aie_4096x4096x1024_64x64x64.mlir

Generating: /scratch/luisr/mlir-aie/programming_examples/basic/block_datatypes/matrix_multiplication/whole_array/build/aie_4096x4096x1024_64x64x64.mlir.prj/aie_cdo_elfs.bin
Generating: /scratch/luisr/mlir-aie/programming_examples/basic/block_datatypes/matrix_multiplication/whole_array/build/aie_4096x4096x1024_64x64x64.mlir.prj/aie_cdo_init.bin
Generating: /scratch/luisr/mlir-aie/programming_examples/basic/block_datatypes/matrix_multiplication/whole_array/build/aie_4096x4096x1024_64x64x64.mlir.prj/aie_cdo_enable.bin
export XRT_HACK_UNSECURE_LOADING_XCLBIN=1 && \
 ./whole_array.exe -x build/final_4096x4096x1024_64x64x64.xclbin -i build/insts_4096x4096x1024_64x64x64.txt -k MLIR_AIE -M 4096 -K 4096 -N 1024 -w 64 -y 64 -z 64 --iters 40 --warmup 10 --verify 0

Avg NPU matmul time: 7114.35us.
Avg NPU gflops: 4829.64

Min NPU matmul time: 6784us.
Max NPU gflops: 5064.82

Max NPU matmul time: 8507us.
Min NPU gflops: 4039

Shuffle time: 96246us.

PASS!

rm -rf build _build whole_array.exe
rm -rf _build
mkdir -p _build
cd _build &&  cmake -E env CXXFLAGS="-std=c++23 -ggdb -DDTYPE_IN= -DDTYPE_OUT= -DDTYPE_ACC=" \
	cmake `echo /scratch/luisr/mlir-aie/programming_examples/basic/block_datatypes/matrix_multiplication/whole_array/..` -D CMAKE_C_COMPILER=gcc-13 -D CMAKE_CXX_COMPILER=g++-13 -DTARGET_NAME=whole_array -Dhostsrc=/scratch/luisr/mlir-aie/programming_examples/basic/block_datatypes/matrix_multiplication/whole_array/../bfp_test.cpp
CMake Deprecation Warning at CMakeLists.txt:13 (cmake_minimum_required):
  Compatibility with CMake < 3.10 will be removed from a future version of
  CMake.

  Update the VERSION argument <min> value.  Or, use the <min>...<max> syntax
  to tell CMake that the project requires at least <min> but has been updated
  to work with policies introduced by <max> or earlier.


-- The C compiler identification is GNU 13.3.0
-- The CXX compiler identification is GNU 13.3.0
-- Detecting C compiler ABI info
-- Detecting C compiler ABI info - done
-- Check for working C compiler: /usr/bin/gcc-13 - skipped
-- Detecting C compile features
-- Detecting C compile features - done
-- Detecting CXX compiler ABI info
-- Detecting CXX compiler ABI info - done
-- Check for working CXX compiler: /usr/bin/g++-13 - skipped
-- Detecting CXX compile features
-- Detecting CXX compile features - done
-- Configuring done (0.2s)
-- Generating done (0.0s)
-- Build files have been written to: /scratch/luisr/mlir-aie/programming_examples/basic/block_datatypes/matrix_multiplication/whole_array/_build
cd _build &&  cmake --build . --config Release
gmake[1]: Entering directory '/scratch/luisr/mlir-aie/programming_examples/basic/block_datatypes/matrix_multiplication/whole_array/_build'
gmake[2]: Entering directory '/scratch/luisr/mlir-aie/programming_examples/basic/block_datatypes/matrix_multiplication/whole_array/_build'
gmake[3]: Entering directory '/scratch/luisr/mlir-aie/programming_examples/basic/block_datatypes/matrix_multiplication/whole_array/_build'
gmake[3]: Leaving directory '/scratch/luisr/mlir-aie/programming_examples/basic/block_datatypes/matrix_multiplication/whole_array/_build'
gmake[3]: Entering directory '/scratch/luisr/mlir-aie/programming_examples/basic/block_datatypes/matrix_multiplication/whole_array/_build'
[ 33%] Building CXX object CMakeFiles/whole_array.dir/bfp_test.cpp.o
[ 66%] Building CXX object CMakeFiles/whole_array.dir/scratch/luisr/mlir-aie/runtime_lib/test_lib/test_utils.cpp.o
[100%] Linking CXX executable whole_array
gmake[3]: Leaving directory '/scratch/luisr/mlir-aie/programming_examples/basic/block_datatypes/matrix_multiplication/whole_array/_build'
[100%] Built target whole_array
gmake[2]: Leaving directory '/scratch/luisr/mlir-aie/programming_examples/basic/block_datatypes/matrix_multiplication/whole_array/_build'
gmake[1]: Leaving directory '/scratch/luisr/mlir-aie/programming_examples/basic/block_datatypes/matrix_multiplication/whole_array/_build'
cp _build/whole_array whole_array.exe 
mkdir -p build
python3 /scratch/luisr/mlir-aie/programming_examples/basic/block_datatypes/matrix_multiplication/whole_array/whole_array.py --n-aie-cols 8 -m 64 -k 64 -n 64 -M 4096 -K 4096 -N 4096 > build/aie_4096x4096x4096_64x64x64.mlir
mkdir -p build
cd build && xchesscc_wrapper aie2p -I /proj/xbuilds/2024.2_INT_1113_1001/installs/all_platforms/Vitis/2024.2/aietools/include  -DDIM_M=64 -DDIM_K=64 -DDIM_N=64 -c /scratch/luisr/mlir-aie/programming_examples/basic/block_datatypes/matrix_multiplication/whole_array/../mm.cc -o mm_64x64x64.o
WARNING: Default location for XILINX_VIVADO_IP_OVERRIDE not found: /build/xfndry/IP_2024.2_INTEGRATION_VERIFIED/customer/vivado/data/ip
mkdir -p build
cd build && aiecc.py --alloc-scheme= --aie-generate-xclbin --no-compile-host --xclbin-name=final_4096x4096x4096_64x64x64.xclbin \
			 --dynamic-objFifos \
			--aie-generate-npu-insts --npu-insts-name=insts_4096x4096x4096_64x64x64.txt ../build/aie_4096x4096x4096_64x64x64.mlir

Generating: /scratch/luisr/mlir-aie/programming_examples/basic/block_datatypes/matrix_multiplication/whole_array/build/aie_4096x4096x4096_64x64x64.mlir.prj/aie_cdo_elfs.bin
Generating: /scratch/luisr/mlir-aie/programming_examples/basic/block_datatypes/matrix_multiplication/whole_array/build/aie_4096x4096x4096_64x64x64.mlir.prj/aie_cdo_init.bin
Generating: /scratch/luisr/mlir-aie/programming_examples/basic/block_datatypes/matrix_multiplication/whole_array/build/aie_4096x4096x4096_64x64x64.mlir.prj/aie_cdo_enable.bin
export XRT_HACK_UNSECURE_LOADING_XCLBIN=1 && \
 ./whole_array.exe -x build/final_4096x4096x4096_64x64x64.xclbin -i build/insts_4096x4096x4096_64x64x64.txt -k MLIR_AIE -M 4096 -K 4096 -N 4096 -w 64 -y 64 -z 64 --iters 40 --warmup 10 --verify 0

Avg NPU matmul time: 26473us.
Avg NPU gflops: 5191.67

Min NPU matmul time: 25956us.
Max NPU gflops: 5295.07

Max NPU matmul time: 27329us.
Min NPU gflops: 5029.05

Shuffle time: 150823us.

PASS!

rm -rf build _build whole_array.exe
rm -rf _build
mkdir -p _build
cd _build &&  cmake -E env CXXFLAGS="-std=c++23 -ggdb -DDTYPE_IN= -DDTYPE_OUT= -DDTYPE_ACC=" \
	cmake `echo /scratch/luisr/mlir-aie/programming_examples/basic/block_datatypes/matrix_multiplication/whole_array/..` -D CMAKE_C_COMPILER=gcc-13 -D CMAKE_CXX_COMPILER=g++-13 -DTARGET_NAME=whole_array -Dhostsrc=/scratch/luisr/mlir-aie/programming_examples/basic/block_datatypes/matrix_multiplication/whole_array/../bfp_test.cpp
CMake Deprecation Warning at CMakeLists.txt:13 (cmake_minimum_required):
  Compatibility with CMake < 3.10 will be removed from a future version of
  CMake.

  Update the VERSION argument <min> value.  Or, use the <min>...<max> syntax
  to tell CMake that the project requires at least <min> but has been updated
  to work with policies introduced by <max> or earlier.


-- The C compiler identification is GNU 13.3.0
-- The CXX compiler identification is GNU 13.3.0
-- Detecting C compiler ABI info
-- Detecting C compiler ABI info - done
-- Check for working C compiler: /usr/bin/gcc-13 - skipped
-- Detecting C compile features
-- Detecting C compile features - done
-- Detecting CXX compiler ABI info
-- Detecting CXX compiler ABI info - done
-- Check for working CXX compiler: /usr/bin/g++-13 - skipped
-- Detecting CXX compile features
-- Detecting CXX compile features - done
-- Configuring done (0.2s)
-- Generating done (0.0s)
-- Build files have been written to: /scratch/luisr/mlir-aie/programming_examples/basic/block_datatypes/matrix_multiplication/whole_array/_build
cd _build &&  cmake --build . --config Release
gmake[1]: Entering directory '/scratch/luisr/mlir-aie/programming_examples/basic/block_datatypes/matrix_multiplication/whole_array/_build'
gmake[2]: Entering directory '/scratch/luisr/mlir-aie/programming_examples/basic/block_datatypes/matrix_multiplication/whole_array/_build'
gmake[3]: Entering directory '/scratch/luisr/mlir-aie/programming_examples/basic/block_datatypes/matrix_multiplication/whole_array/_build'
gmake[3]: Leaving directory '/scratch/luisr/mlir-aie/programming_examples/basic/block_datatypes/matrix_multiplication/whole_array/_build'
gmake[3]: Entering directory '/scratch/luisr/mlir-aie/programming_examples/basic/block_datatypes/matrix_multiplication/whole_array/_build'
[ 33%] Building CXX object CMakeFiles/whole_array.dir/bfp_test.cpp.o
[ 66%] Building CXX object CMakeFiles/whole_array.dir/scratch/luisr/mlir-aie/runtime_lib/test_lib/test_utils.cpp.o
[100%] Linking CXX executable whole_array
gmake[3]: Leaving directory '/scratch/luisr/mlir-aie/programming_examples/basic/block_datatypes/matrix_multiplication/whole_array/_build'
[100%] Built target whole_array
gmake[2]: Leaving directory '/scratch/luisr/mlir-aie/programming_examples/basic/block_datatypes/matrix_multiplication/whole_array/_build'
gmake[1]: Leaving directory '/scratch/luisr/mlir-aie/programming_examples/basic/block_datatypes/matrix_multiplication/whole_array/_build'
cp _build/whole_array whole_array.exe 
mkdir -p build
python3 /scratch/luisr/mlir-aie/programming_examples/basic/block_datatypes/matrix_multiplication/whole_array/whole_array.py --n-aie-cols 8 -m 64 -k 64 -n 64 -M 4096 -K 4096 -N 8192 > build/aie_4096x4096x8192_64x64x64.mlir
mkdir -p build
cd build && xchesscc_wrapper aie2p -I /proj/xbuilds/2024.2_INT_1113_1001/installs/all_platforms/Vitis/2024.2/aietools/include  -DDIM_M=64 -DDIM_K=64 -DDIM_N=64 -c /scratch/luisr/mlir-aie/programming_examples/basic/block_datatypes/matrix_multiplication/whole_array/../mm.cc -o mm_64x64x64.o
WARNING: Default location for XILINX_VIVADO_IP_OVERRIDE not found: /build/xfndry/IP_2024.2_INTEGRATION_VERIFIED/customer/vivado/data/ip
mkdir -p build
cd build && aiecc.py --alloc-scheme= --aie-generate-xclbin --no-compile-host --xclbin-name=final_4096x4096x8192_64x64x64.xclbin \
			 --dynamic-objFifos \
			--aie-generate-npu-insts --npu-insts-name=insts_4096x4096x8192_64x64x64.txt ../build/aie_4096x4096x8192_64x64x64.mlir

Generating: /scratch/luisr/mlir-aie/programming_examples/basic/block_datatypes/matrix_multiplication/whole_array/build/aie_4096x4096x8192_64x64x64.mlir.prj/aie_cdo_elfs.bin
Generating: /scratch/luisr/mlir-aie/programming_examples/basic/block_datatypes/matrix_multiplication/whole_array/build/aie_4096x4096x8192_64x64x64.mlir.prj/aie_cdo_init.bin
Generating: /scratch/luisr/mlir-aie/programming_examples/basic/block_datatypes/matrix_multiplication/whole_array/build/aie_4096x4096x8192_64x64x64.mlir.prj/aie_cdo_enable.bin
export XRT_HACK_UNSECURE_LOADING_XCLBIN=1 && \
 ./whole_array.exe -x build/final_4096x4096x8192_64x64x64.xclbin -i build/insts_4096x4096x8192_64x64x64.txt -k MLIR_AIE -M 4096 -K 4096 -N 8192 -w 64 -y 64 -z 64 --iters 40 --warmup 10 --verify 0

Avg NPU matmul time: 52156.1us.
Avg NPU gflops: 5270.29

Min NPU matmul time: 51600us.
Max NPU gflops: 5327.09

Max NPU matmul time: 52512us.
Min NPU gflops: 5234.57

Shuffle time: 220025us.

PASS!

rm -rf build _build whole_array.exe
rm -rf _build
mkdir -p _build
cd _build &&  cmake -E env CXXFLAGS="-std=c++23 -ggdb -DDTYPE_IN= -DDTYPE_OUT= -DDTYPE_ACC=" \
	cmake `echo /scratch/luisr/mlir-aie/programming_examples/basic/block_datatypes/matrix_multiplication/whole_array/..` -D CMAKE_C_COMPILER=gcc-13 -D CMAKE_CXX_COMPILER=g++-13 -DTARGET_NAME=whole_array -Dhostsrc=/scratch/luisr/mlir-aie/programming_examples/basic/block_datatypes/matrix_multiplication/whole_array/../bfp_test.cpp
CMake Deprecation Warning at CMakeLists.txt:13 (cmake_minimum_required):
  Compatibility with CMake < 3.10 will be removed from a future version of
  CMake.

  Update the VERSION argument <min> value.  Or, use the <min>...<max> syntax
  to tell CMake that the project requires at least <min> but has been updated
  to work with policies introduced by <max> or earlier.


-- The C compiler identification is GNU 13.3.0
-- The CXX compiler identification is GNU 13.3.0
-- Detecting C compiler ABI info
-- Detecting C compiler ABI info - done
-- Check for working C compiler: /usr/bin/gcc-13 - skipped
-- Detecting C compile features
-- Detecting C compile features - done
-- Detecting CXX compiler ABI info
-- Detecting CXX compiler ABI info - done
-- Check for working CXX compiler: /usr/bin/g++-13 - skipped
-- Detecting CXX compile features
-- Detecting CXX compile features - done
-- Configuring done (0.3s)
-- Generating done (0.0s)
-- Build files have been written to: /scratch/luisr/mlir-aie/programming_examples/basic/block_datatypes/matrix_multiplication/whole_array/_build
cd _build &&  cmake --build . --config Release
gmake[1]: Entering directory '/scratch/luisr/mlir-aie/programming_examples/basic/block_datatypes/matrix_multiplication/whole_array/_build'
gmake[2]: Entering directory '/scratch/luisr/mlir-aie/programming_examples/basic/block_datatypes/matrix_multiplication/whole_array/_build'
gmake[3]: Entering directory '/scratch/luisr/mlir-aie/programming_examples/basic/block_datatypes/matrix_multiplication/whole_array/_build'
gmake[3]: Leaving directory '/scratch/luisr/mlir-aie/programming_examples/basic/block_datatypes/matrix_multiplication/whole_array/_build'
gmake[3]: Entering directory '/scratch/luisr/mlir-aie/programming_examples/basic/block_datatypes/matrix_multiplication/whole_array/_build'
[ 33%] Building CXX object CMakeFiles/whole_array.dir/bfp_test.cpp.o
[ 66%] Building CXX object CMakeFiles/whole_array.dir/scratch/luisr/mlir-aie/runtime_lib/test_lib/test_utils.cpp.o
[100%] Linking CXX executable whole_array
gmake[3]: Leaving directory '/scratch/luisr/mlir-aie/programming_examples/basic/block_datatypes/matrix_multiplication/whole_array/_build'
[100%] Built target whole_array
gmake[2]: Leaving directory '/scratch/luisr/mlir-aie/programming_examples/basic/block_datatypes/matrix_multiplication/whole_array/_build'
gmake[1]: Leaving directory '/scratch/luisr/mlir-aie/programming_examples/basic/block_datatypes/matrix_multiplication/whole_array/_build'
cp _build/whole_array whole_array.exe 
mkdir -p build
python3 /scratch/luisr/mlir-aie/programming_examples/basic/block_datatypes/matrix_multiplication/whole_array/whole_array.py --n-aie-cols 8 -m 64 -k 64 -n 64 -M 4096 -K 6144 -N 512 > build/aie_4096x6144x512_64x64x64.mlir
mkdir -p build
cd build && xchesscc_wrapper aie2p -I /proj/xbuilds/2024.2_INT_1113_1001/installs/all_platforms/Vitis/2024.2/aietools/include  -DDIM_M=64 -DDIM_K=64 -DDIM_N=64 -c /scratch/luisr/mlir-aie/programming_examples/basic/block_datatypes/matrix_multiplication/whole_array/../mm.cc -o mm_64x64x64.o
WARNING: Default location for XILINX_VIVADO_IP_OVERRIDE not found: /build/xfndry/IP_2024.2_INTEGRATION_VERIFIED/customer/vivado/data/ip
mkdir -p build
cd build && aiecc.py --alloc-scheme= --aie-generate-xclbin --no-compile-host --xclbin-name=final_4096x6144x512_64x64x64.xclbin \
			 --dynamic-objFifos \
			--aie-generate-npu-insts --npu-insts-name=insts_4096x6144x512_64x64x64.txt ../build/aie_4096x6144x512_64x64x64.mlir

Generating: /scratch/luisr/mlir-aie/programming_examples/basic/block_datatypes/matrix_multiplication/whole_array/build/aie_4096x6144x512_64x64x64.mlir.prj/aie_cdo_elfs.bin
Generating: /scratch/luisr/mlir-aie/programming_examples/basic/block_datatypes/matrix_multiplication/whole_array/build/aie_4096x6144x512_64x64x64.mlir.prj/aie_cdo_init.bin
Generating: /scratch/luisr/mlir-aie/programming_examples/basic/block_datatypes/matrix_multiplication/whole_array/build/aie_4096x6144x512_64x64x64.mlir.prj/aie_cdo_enable.bin
export XRT_HACK_UNSECURE_LOADING_XCLBIN=1 && \
 ./whole_array.exe -x build/final_4096x6144x512_64x64x64.xclbin -i build/insts_4096x6144x512_64x64x64.txt -k MLIR_AIE -M 4096 -K 6144 -N 512 -w 64 -y 64 -z 64 --iters 40 --warmup 10 --verify 0

Avg NPU matmul time: 6903.58us.
Avg NPU gflops: 3732.82

Min NPU matmul time: 6498us.
Max NPU gflops: 3965.81

Max NPU matmul time: 7659us.
Min NPU gflops: 3364.64

Shuffle time: 130916us.

PASS!

rm -rf build _build whole_array.exe
rm -rf _build
mkdir -p _build
cd _build &&  cmake -E env CXXFLAGS="-std=c++23 -ggdb -DDTYPE_IN= -DDTYPE_OUT= -DDTYPE_ACC=" \
	cmake `echo /scratch/luisr/mlir-aie/programming_examples/basic/block_datatypes/matrix_multiplication/whole_array/..` -D CMAKE_C_COMPILER=gcc-13 -D CMAKE_CXX_COMPILER=g++-13 -DTARGET_NAME=whole_array -Dhostsrc=/scratch/luisr/mlir-aie/programming_examples/basic/block_datatypes/matrix_multiplication/whole_array/../bfp_test.cpp
CMake Deprecation Warning at CMakeLists.txt:13 (cmake_minimum_required):
  Compatibility with CMake < 3.10 will be removed from a future version of
  CMake.

  Update the VERSION argument <min> value.  Or, use the <min>...<max> syntax
  to tell CMake that the project requires at least <min> but has been updated
  to work with policies introduced by <max> or earlier.


-- The C compiler identification is GNU 13.3.0
-- The CXX compiler identification is GNU 13.3.0
-- Detecting C compiler ABI info
-- Detecting C compiler ABI info - done
-- Check for working C compiler: /usr/bin/gcc-13 - skipped
-- Detecting C compile features
-- Detecting C compile features - done
-- Detecting CXX compiler ABI info
-- Detecting CXX compiler ABI info - done
-- Check for working CXX compiler: /usr/bin/g++-13 - skipped
-- Detecting CXX compile features
-- Detecting CXX compile features - done
-- Configuring done (0.2s)
-- Generating done (0.0s)
-- Build files have been written to: /scratch/luisr/mlir-aie/programming_examples/basic/block_datatypes/matrix_multiplication/whole_array/_build
cd _build &&  cmake --build . --config Release
gmake[1]: Entering directory '/scratch/luisr/mlir-aie/programming_examples/basic/block_datatypes/matrix_multiplication/whole_array/_build'
gmake[2]: Entering directory '/scratch/luisr/mlir-aie/programming_examples/basic/block_datatypes/matrix_multiplication/whole_array/_build'
gmake[3]: Entering directory '/scratch/luisr/mlir-aie/programming_examples/basic/block_datatypes/matrix_multiplication/whole_array/_build'
gmake[3]: Leaving directory '/scratch/luisr/mlir-aie/programming_examples/basic/block_datatypes/matrix_multiplication/whole_array/_build'
gmake[3]: Entering directory '/scratch/luisr/mlir-aie/programming_examples/basic/block_datatypes/matrix_multiplication/whole_array/_build'
[ 33%] Building CXX object CMakeFiles/whole_array.dir/bfp_test.cpp.o
[ 66%] Building CXX object CMakeFiles/whole_array.dir/scratch/luisr/mlir-aie/runtime_lib/test_lib/test_utils.cpp.o
[100%] Linking CXX executable whole_array
gmake[3]: Leaving directory '/scratch/luisr/mlir-aie/programming_examples/basic/block_datatypes/matrix_multiplication/whole_array/_build'
[100%] Built target whole_array
gmake[2]: Leaving directory '/scratch/luisr/mlir-aie/programming_examples/basic/block_datatypes/matrix_multiplication/whole_array/_build'
gmake[1]: Leaving directory '/scratch/luisr/mlir-aie/programming_examples/basic/block_datatypes/matrix_multiplication/whole_array/_build'
cp _build/whole_array whole_array.exe 
mkdir -p build
python3 /scratch/luisr/mlir-aie/programming_examples/basic/block_datatypes/matrix_multiplication/whole_array/whole_array.py --n-aie-cols 8 -m 64 -k 64 -n 64 -M 4096 -K 6144 -N 1024 > build/aie_4096x6144x1024_64x64x64.mlir
mkdir -p build
cd build && xchesscc_wrapper aie2p -I /proj/xbuilds/2024.2_INT_1113_1001/installs/all_platforms/Vitis/2024.2/aietools/include  -DDIM_M=64 -DDIM_K=64 -DDIM_N=64 -c /scratch/luisr/mlir-aie/programming_examples/basic/block_datatypes/matrix_multiplication/whole_array/../mm.cc -o mm_64x64x64.o
WARNING: Default location for XILINX_VIVADO_IP_OVERRIDE not found: /build/xfndry/IP_2024.2_INTEGRATION_VERIFIED/customer/vivado/data/ip
mkdir -p build
cd build && aiecc.py --alloc-scheme= --aie-generate-xclbin --no-compile-host --xclbin-name=final_4096x6144x1024_64x64x64.xclbin \
			 --dynamic-objFifos \
			--aie-generate-npu-insts --npu-insts-name=insts_4096x6144x1024_64x64x64.txt ../build/aie_4096x6144x1024_64x64x64.mlir

Generating: /scratch/luisr/mlir-aie/programming_examples/basic/block_datatypes/matrix_multiplication/whole_array/build/aie_4096x6144x1024_64x64x64.mlir.prj/aie_cdo_elfs.bin
Generating: /scratch/luisr/mlir-aie/programming_examples/basic/block_datatypes/matrix_multiplication/whole_array/build/aie_4096x6144x1024_64x64x64.mlir.prj/aie_cdo_init.bin
Generating: /scratch/luisr/mlir-aie/programming_examples/basic/block_datatypes/matrix_multiplication/whole_array/build/aie_4096x6144x1024_64x64x64.mlir.prj/aie_cdo_enable.bin
export XRT_HACK_UNSECURE_LOADING_XCLBIN=1 && \
 ./whole_array.exe -x build/final_4096x6144x1024_64x64x64.xclbin -i build/insts_4096x6144x1024_64x64x64.txt -k MLIR_AIE -M 4096 -K 6144 -N 1024 -w 64 -y 64 -z 64 --iters 40 --warmup 10 --verify 0

Avg NPU matmul time: 13506.6us.
Avg NPU gflops: 3815.89

Min NPU matmul time: 13038us.
Max NPU gflops: 3953.03

Max NPU matmul time: 13861us.
Min NPU gflops: 3718.32

Shuffle time: 146774us.

PASS!

rm -rf build _build whole_array.exe
rm -rf _build
mkdir -p _build
cd _build &&  cmake -E env CXXFLAGS="-std=c++23 -ggdb -DDTYPE_IN= -DDTYPE_OUT= -DDTYPE_ACC=" \
	cmake `echo /scratch/luisr/mlir-aie/programming_examples/basic/block_datatypes/matrix_multiplication/whole_array/..` -D CMAKE_C_COMPILER=gcc-13 -D CMAKE_CXX_COMPILER=g++-13 -DTARGET_NAME=whole_array -Dhostsrc=/scratch/luisr/mlir-aie/programming_examples/basic/block_datatypes/matrix_multiplication/whole_array/../bfp_test.cpp
CMake Deprecation Warning at CMakeLists.txt:13 (cmake_minimum_required):
  Compatibility with CMake < 3.10 will be removed from a future version of
  CMake.

  Update the VERSION argument <min> value.  Or, use the <min>...<max> syntax
  to tell CMake that the project requires at least <min> but has been updated
  to work with policies introduced by <max> or earlier.


-- The C compiler identification is GNU 13.3.0
-- The CXX compiler identification is GNU 13.3.0
-- Detecting C compiler ABI info
-- Detecting C compiler ABI info - done
-- Check for working C compiler: /usr/bin/gcc-13 - skipped
-- Detecting C compile features
-- Detecting C compile features - done
-- Detecting CXX compiler ABI info
-- Detecting CXX compiler ABI info - done
-- Check for working CXX compiler: /usr/bin/g++-13 - skipped
-- Detecting CXX compile features
-- Detecting CXX compile features - done
-- Configuring done (0.3s)
-- Generating done (0.0s)
-- Build files have been written to: /scratch/luisr/mlir-aie/programming_examples/basic/block_datatypes/matrix_multiplication/whole_array/_build
cd _build &&  cmake --build . --config Release
gmake[1]: Entering directory '/scratch/luisr/mlir-aie/programming_examples/basic/block_datatypes/matrix_multiplication/whole_array/_build'
gmake[2]: Entering directory '/scratch/luisr/mlir-aie/programming_examples/basic/block_datatypes/matrix_multiplication/whole_array/_build'
gmake[3]: Entering directory '/scratch/luisr/mlir-aie/programming_examples/basic/block_datatypes/matrix_multiplication/whole_array/_build'
gmake[3]: Leaving directory '/scratch/luisr/mlir-aie/programming_examples/basic/block_datatypes/matrix_multiplication/whole_array/_build'
gmake[3]: Entering directory '/scratch/luisr/mlir-aie/programming_examples/basic/block_datatypes/matrix_multiplication/whole_array/_build'
[ 33%] Building CXX object CMakeFiles/whole_array.dir/bfp_test.cpp.o
[ 66%] Building CXX object CMakeFiles/whole_array.dir/scratch/luisr/mlir-aie/runtime_lib/test_lib/test_utils.cpp.o
[100%] Linking CXX executable whole_array
gmake[3]: Leaving directory '/scratch/luisr/mlir-aie/programming_examples/basic/block_datatypes/matrix_multiplication/whole_array/_build'
[100%] Built target whole_array
gmake[2]: Leaving directory '/scratch/luisr/mlir-aie/programming_examples/basic/block_datatypes/matrix_multiplication/whole_array/_build'
gmake[1]: Leaving directory '/scratch/luisr/mlir-aie/programming_examples/basic/block_datatypes/matrix_multiplication/whole_array/_build'
cp _build/whole_array whole_array.exe 
mkdir -p build
python3 /scratch/luisr/mlir-aie/programming_examples/basic/block_datatypes/matrix_multiplication/whole_array/whole_array.py --n-aie-cols 8 -m 64 -k 64 -n 64 -M 4096 -K 6144 -N 4096 > build/aie_4096x6144x4096_64x64x64.mlir
mkdir -p build
cd build && xchesscc_wrapper aie2p -I /proj/xbuilds/2024.2_INT_1113_1001/installs/all_platforms/Vitis/2024.2/aietools/include  -DDIM_M=64 -DDIM_K=64 -DDIM_N=64 -c /scratch/luisr/mlir-aie/programming_examples/basic/block_datatypes/matrix_multiplication/whole_array/../mm.cc -o mm_64x64x64.o
WARNING: Default location for XILINX_VIVADO_IP_OVERRIDE not found: /build/xfndry/IP_2024.2_INTEGRATION_VERIFIED/customer/vivado/data/ip
mkdir -p build
cd build && aiecc.py --alloc-scheme= --aie-generate-xclbin --no-compile-host --xclbin-name=final_4096x6144x4096_64x64x64.xclbin \
			 --dynamic-objFifos \
			--aie-generate-npu-insts --npu-insts-name=insts_4096x6144x4096_64x64x64.txt ../build/aie_4096x6144x4096_64x64x64.mlir

Generating: /scratch/luisr/mlir-aie/programming_examples/basic/block_datatypes/matrix_multiplication/whole_array/build/aie_4096x6144x4096_64x64x64.mlir.prj/aie_cdo_elfs.bin
Generating: /scratch/luisr/mlir-aie/programming_examples/basic/block_datatypes/matrix_multiplication/whole_array/build/aie_4096x6144x4096_64x64x64.mlir.prj/aie_cdo_init.bin
Generating: /scratch/luisr/mlir-aie/programming_examples/basic/block_datatypes/matrix_multiplication/whole_array/build/aie_4096x6144x4096_64x64x64.mlir.prj/aie_cdo_enable.bin
export XRT_HACK_UNSECURE_LOADING_XCLBIN=1 && \
 ./whole_array.exe -x build/final_4096x6144x4096_64x64x64.xclbin -i build/insts_4096x6144x4096_64x64x64.txt -k MLIR_AIE -M 4096 -K 6144 -N 4096 -w 64 -y 64 -z 64 --iters 40 --warmup 10 --verify 0

Avg NPU matmul time: 50722.7us.
Avg NPU gflops: 4064.42

Min NPU matmul time: 49966us.
Max NPU gflops: 4125.97

Max NPU matmul time: 51086us.
Min NPU gflops: 4035.52

Shuffle time: 232046us.

PASS!

rm -rf build _build whole_array.exe
rm -rf _build
mkdir -p _build
cd _build &&  cmake -E env CXXFLAGS="-std=c++23 -ggdb -DDTYPE_IN= -DDTYPE_OUT= -DDTYPE_ACC=" \
	cmake `echo /scratch/luisr/mlir-aie/programming_examples/basic/block_datatypes/matrix_multiplication/whole_array/..` -D CMAKE_C_COMPILER=gcc-13 -D CMAKE_CXX_COMPILER=g++-13 -DTARGET_NAME=whole_array -Dhostsrc=/scratch/luisr/mlir-aie/programming_examples/basic/block_datatypes/matrix_multiplication/whole_array/../bfp_test.cpp
CMake Deprecation Warning at CMakeLists.txt:13 (cmake_minimum_required):
  Compatibility with CMake < 3.10 will be removed from a future version of
  CMake.

  Update the VERSION argument <min> value.  Or, use the <min>...<max> syntax
  to tell CMake that the project requires at least <min> but has been updated
  to work with policies introduced by <max> or earlier.


-- The C compiler identification is GNU 13.3.0
-- The CXX compiler identification is GNU 13.3.0
-- Detecting C compiler ABI info
-- Detecting C compiler ABI info - done
-- Check for working C compiler: /usr/bin/gcc-13 - skipped
-- Detecting C compile features
-- Detecting C compile features - done
-- Detecting CXX compiler ABI info
-- Detecting CXX compiler ABI info - done
-- Check for working CXX compiler: /usr/bin/g++-13 - skipped
-- Detecting CXX compile features
-- Detecting CXX compile features - done
-- Configuring done (0.3s)
-- Generating done (0.0s)
-- Build files have been written to: /scratch/luisr/mlir-aie/programming_examples/basic/block_datatypes/matrix_multiplication/whole_array/_build
cd _build &&  cmake --build . --config Release
gmake[1]: Entering directory '/scratch/luisr/mlir-aie/programming_examples/basic/block_datatypes/matrix_multiplication/whole_array/_build'
gmake[2]: Entering directory '/scratch/luisr/mlir-aie/programming_examples/basic/block_datatypes/matrix_multiplication/whole_array/_build'
gmake[3]: Entering directory '/scratch/luisr/mlir-aie/programming_examples/basic/block_datatypes/matrix_multiplication/whole_array/_build'
gmake[3]: Leaving directory '/scratch/luisr/mlir-aie/programming_examples/basic/block_datatypes/matrix_multiplication/whole_array/_build'
gmake[3]: Entering directory '/scratch/luisr/mlir-aie/programming_examples/basic/block_datatypes/matrix_multiplication/whole_array/_build'
[ 33%] Building CXX object CMakeFiles/whole_array.dir/bfp_test.cpp.o
[ 66%] Building CXX object CMakeFiles/whole_array.dir/scratch/luisr/mlir-aie/runtime_lib/test_lib/test_utils.cpp.o
[100%] Linking CXX executable whole_array
gmake[3]: Leaving directory '/scratch/luisr/mlir-aie/programming_examples/basic/block_datatypes/matrix_multiplication/whole_array/_build'
[100%] Built target whole_array
gmake[2]: Leaving directory '/scratch/luisr/mlir-aie/programming_examples/basic/block_datatypes/matrix_multiplication/whole_array/_build'
gmake[1]: Leaving directory '/scratch/luisr/mlir-aie/programming_examples/basic/block_datatypes/matrix_multiplication/whole_array/_build'
cp _build/whole_array whole_array.exe 
mkdir -p build
python3 /scratch/luisr/mlir-aie/programming_examples/basic/block_datatypes/matrix_multiplication/whole_array/whole_array.py --n-aie-cols 8 -m 64 -k 64 -n 64 -M 4096 -K 6144 -N 8192 > build/aie_4096x6144x8192_64x64x64.mlir
mkdir -p build
cd build && xchesscc_wrapper aie2p -I /proj/xbuilds/2024.2_INT_1113_1001/installs/all_platforms/Vitis/2024.2/aietools/include  -DDIM_M=64 -DDIM_K=64 -DDIM_N=64 -c /scratch/luisr/mlir-aie/programming_examples/basic/block_datatypes/matrix_multiplication/whole_array/../mm.cc -o mm_64x64x64.o
WARNING: Default location for XILINX_VIVADO_IP_OVERRIDE not found: /build/xfndry/IP_2024.2_INTEGRATION_VERIFIED/customer/vivado/data/ip
mkdir -p build
cd build && aiecc.py --alloc-scheme= --aie-generate-xclbin --no-compile-host --xclbin-name=final_4096x6144x8192_64x64x64.xclbin \
			 --dynamic-objFifos \
			--aie-generate-npu-insts --npu-insts-name=insts_4096x6144x8192_64x64x64.txt ../build/aie_4096x6144x8192_64x64x64.mlir

Generating: /scratch/luisr/mlir-aie/programming_examples/basic/block_datatypes/matrix_multiplication/whole_array/build/aie_4096x6144x8192_64x64x64.mlir.prj/aie_cdo_elfs.bin
Generating: /scratch/luisr/mlir-aie/programming_examples/basic/block_datatypes/matrix_multiplication/whole_array/build/aie_4096x6144x8192_64x64x64.mlir.prj/aie_cdo_init.bin
Generating: /scratch/luisr/mlir-aie/programming_examples/basic/block_datatypes/matrix_multiplication/whole_array/build/aie_4096x6144x8192_64x64x64.mlir.prj/aie_cdo_enable.bin
export XRT_HACK_UNSECURE_LOADING_XCLBIN=1 && \
 ./whole_array.exe -x build/final_4096x6144x8192_64x64x64.xclbin -i build/insts_4096x6144x8192_64x64x64.txt -k MLIR_AIE -M 4096 -K 6144 -N 8192 -w 64 -y 64 -z 64 --iters 40 --warmup 10 --verify 0

Avg NPU matmul time: 102736us.
Avg NPU gflops: 4013.38

Min NPU matmul time: 101917us.
Max NPU gflops: 4045.61

Max NPU matmul time: 103542us.
Min NPU gflops: 3982.12

Shuffle time: 343248us.

PASS!

rm -rf build _build whole_array.exe
rm -rf _build
mkdir -p _build
cd _build &&  cmake -E env CXXFLAGS="-std=c++23 -ggdb -DDTYPE_IN= -DDTYPE_OUT= -DDTYPE_ACC=" \
	cmake `echo /scratch/luisr/mlir-aie/programming_examples/basic/block_datatypes/matrix_multiplication/whole_array/..` -D CMAKE_C_COMPILER=gcc-13 -D CMAKE_CXX_COMPILER=g++-13 -DTARGET_NAME=whole_array -Dhostsrc=/scratch/luisr/mlir-aie/programming_examples/basic/block_datatypes/matrix_multiplication/whole_array/../bfp_test.cpp
CMake Deprecation Warning at CMakeLists.txt:13 (cmake_minimum_required):
  Compatibility with CMake < 3.10 will be removed from a future version of
  CMake.

  Update the VERSION argument <min> value.  Or, use the <min>...<max> syntax
  to tell CMake that the project requires at least <min> but has been updated
  to work with policies introduced by <max> or earlier.


-- The C compiler identification is GNU 13.3.0
-- The CXX compiler identification is GNU 13.3.0
-- Detecting C compiler ABI info
-- Detecting C compiler ABI info - done
-- Check for working C compiler: /usr/bin/gcc-13 - skipped
-- Detecting C compile features
-- Detecting C compile features - done
-- Detecting CXX compiler ABI info
-- Detecting CXX compiler ABI info - done
-- Check for working CXX compiler: /usr/bin/g++-13 - skipped
-- Detecting CXX compile features
-- Detecting CXX compile features - done
-- Configuring done (0.3s)
-- Generating done (0.0s)
-- Build files have been written to: /scratch/luisr/mlir-aie/programming_examples/basic/block_datatypes/matrix_multiplication/whole_array/_build
cd _build &&  cmake --build . --config Release
gmake[1]: Entering directory '/scratch/luisr/mlir-aie/programming_examples/basic/block_datatypes/matrix_multiplication/whole_array/_build'
gmake[2]: Entering directory '/scratch/luisr/mlir-aie/programming_examples/basic/block_datatypes/matrix_multiplication/whole_array/_build'
gmake[3]: Entering directory '/scratch/luisr/mlir-aie/programming_examples/basic/block_datatypes/matrix_multiplication/whole_array/_build'
gmake[3]: Leaving directory '/scratch/luisr/mlir-aie/programming_examples/basic/block_datatypes/matrix_multiplication/whole_array/_build'
gmake[3]: Entering directory '/scratch/luisr/mlir-aie/programming_examples/basic/block_datatypes/matrix_multiplication/whole_array/_build'
[ 33%] Building CXX object CMakeFiles/whole_array.dir/bfp_test.cpp.o
[ 66%] Building CXX object CMakeFiles/whole_array.dir/scratch/luisr/mlir-aie/runtime_lib/test_lib/test_utils.cpp.o
[100%] Linking CXX executable whole_array
gmake[3]: Leaving directory '/scratch/luisr/mlir-aie/programming_examples/basic/block_datatypes/matrix_multiplication/whole_array/_build'
[100%] Built target whole_array
gmake[2]: Leaving directory '/scratch/luisr/mlir-aie/programming_examples/basic/block_datatypes/matrix_multiplication/whole_array/_build'
gmake[1]: Leaving directory '/scratch/luisr/mlir-aie/programming_examples/basic/block_datatypes/matrix_multiplication/whole_array/_build'
cp _build/whole_array whole_array.exe 
mkdir -p build
python3 /scratch/luisr/mlir-aie/programming_examples/basic/block_datatypes/matrix_multiplication/whole_array/whole_array.py --n-aie-cols 8 -m 64 -k 64 -n 64 -M 8192 -K 512 -N 512 > build/aie_8192x512x512_64x64x64.mlir
mkdir -p build
cd build && xchesscc_wrapper aie2p -I /proj/xbuilds/2024.2_INT_1113_1001/installs/all_platforms/Vitis/2024.2/aietools/include  -DDIM_M=64 -DDIM_K=64 -DDIM_N=64 -c /scratch/luisr/mlir-aie/programming_examples/basic/block_datatypes/matrix_multiplication/whole_array/../mm.cc -o mm_64x64x64.o
WARNING: Default location for XILINX_VIVADO_IP_OVERRIDE not found: /build/xfndry/IP_2024.2_INTEGRATION_VERIFIED/customer/vivado/data/ip
mkdir -p build
cd build && aiecc.py --alloc-scheme= --aie-generate-xclbin --no-compile-host --xclbin-name=final_8192x512x512_64x64x64.xclbin \
			 --dynamic-objFifos \
			--aie-generate-npu-insts --npu-insts-name=insts_8192x512x512_64x64x64.txt ../build/aie_8192x512x512_64x64x64.mlir

Generating: /scratch/luisr/mlir-aie/programming_examples/basic/block_datatypes/matrix_multiplication/whole_array/build/aie_8192x512x512_64x64x64.mlir.prj/aie_cdo_elfs.bin
Generating: /scratch/luisr/mlir-aie/programming_examples/basic/block_datatypes/matrix_multiplication/whole_array/build/aie_8192x512x512_64x64x64.mlir.prj/aie_cdo_init.bin
Generating: /scratch/luisr/mlir-aie/programming_examples/basic/block_datatypes/matrix_multiplication/whole_array/build/aie_8192x512x512_64x64x64.mlir.prj/aie_cdo_enable.bin
export XRT_HACK_UNSECURE_LOADING_XCLBIN=1 && \
 ./whole_array.exe -x build/final_8192x512x512_64x64x64.xclbin -i build/insts_8192x512x512_64x64x64.txt -k MLIR_AIE -M 8192 -K 512 -N 512 -w 64 -y 64 -z 64 --iters 40 --warmup 10 --verify 0

Avg NPU matmul time: 1048.03us.
Avg NPU gflops: 4098.15

Min NPU matmul time: 1028us.
Max NPU gflops: 4177.98

Max NPU matmul time: 1069us.
Min NPU gflops: 4017.74

Shuffle time: 19300us.

PASS!

rm -rf build _build whole_array.exe
rm -rf _build
mkdir -p _build
cd _build &&  cmake -E env CXXFLAGS="-std=c++23 -ggdb -DDTYPE_IN= -DDTYPE_OUT= -DDTYPE_ACC=" \
	cmake `echo /scratch/luisr/mlir-aie/programming_examples/basic/block_datatypes/matrix_multiplication/whole_array/..` -D CMAKE_C_COMPILER=gcc-13 -D CMAKE_CXX_COMPILER=g++-13 -DTARGET_NAME=whole_array -Dhostsrc=/scratch/luisr/mlir-aie/programming_examples/basic/block_datatypes/matrix_multiplication/whole_array/../bfp_test.cpp
CMake Deprecation Warning at CMakeLists.txt:13 (cmake_minimum_required):
  Compatibility with CMake < 3.10 will be removed from a future version of
  CMake.

  Update the VERSION argument <min> value.  Or, use the <min>...<max> syntax
  to tell CMake that the project requires at least <min> but has been updated
  to work with policies introduced by <max> or earlier.


-- The C compiler identification is GNU 13.3.0
-- The CXX compiler identification is GNU 13.3.0
-- Detecting C compiler ABI info
-- Detecting C compiler ABI info - done
-- Check for working C compiler: /usr/bin/gcc-13 - skipped
-- Detecting C compile features
-- Detecting C compile features - done
-- Detecting CXX compiler ABI info
-- Detecting CXX compiler ABI info - done
-- Check for working CXX compiler: /usr/bin/g++-13 - skipped
-- Detecting CXX compile features
-- Detecting CXX compile features - done
-- Configuring done (0.3s)
-- Generating done (0.0s)
-- Build files have been written to: /scratch/luisr/mlir-aie/programming_examples/basic/block_datatypes/matrix_multiplication/whole_array/_build
cd _build &&  cmake --build . --config Release
gmake[1]: Entering directory '/scratch/luisr/mlir-aie/programming_examples/basic/block_datatypes/matrix_multiplication/whole_array/_build'
gmake[2]: Entering directory '/scratch/luisr/mlir-aie/programming_examples/basic/block_datatypes/matrix_multiplication/whole_array/_build'
gmake[3]: Entering directory '/scratch/luisr/mlir-aie/programming_examples/basic/block_datatypes/matrix_multiplication/whole_array/_build'
gmake[3]: Leaving directory '/scratch/luisr/mlir-aie/programming_examples/basic/block_datatypes/matrix_multiplication/whole_array/_build'
gmake[3]: Entering directory '/scratch/luisr/mlir-aie/programming_examples/basic/block_datatypes/matrix_multiplication/whole_array/_build'
[ 33%] Building CXX object CMakeFiles/whole_array.dir/bfp_test.cpp.o
[ 66%] Building CXX object CMakeFiles/whole_array.dir/scratch/luisr/mlir-aie/runtime_lib/test_lib/test_utils.cpp.o
[100%] Linking CXX executable whole_array
gmake[3]: Leaving directory '/scratch/luisr/mlir-aie/programming_examples/basic/block_datatypes/matrix_multiplication/whole_array/_build'
[100%] Built target whole_array
gmake[2]: Leaving directory '/scratch/luisr/mlir-aie/programming_examples/basic/block_datatypes/matrix_multiplication/whole_array/_build'
gmake[1]: Leaving directory '/scratch/luisr/mlir-aie/programming_examples/basic/block_datatypes/matrix_multiplication/whole_array/_build'
cp _build/whole_array whole_array.exe 
mkdir -p build
python3 /scratch/luisr/mlir-aie/programming_examples/basic/block_datatypes/matrix_multiplication/whole_array/whole_array.py --n-aie-cols 8 -m 64 -k 64 -n 64 -M 8192 -K 512 -N 1024 > build/aie_8192x512x1024_64x64x64.mlir
mkdir -p build
cd build && xchesscc_wrapper aie2p -I /proj/xbuilds/2024.2_INT_1113_1001/installs/all_platforms/Vitis/2024.2/aietools/include  -DDIM_M=64 -DDIM_K=64 -DDIM_N=64 -c /scratch/luisr/mlir-aie/programming_examples/basic/block_datatypes/matrix_multiplication/whole_array/../mm.cc -o mm_64x64x64.o
WARNING: Default location for XILINX_VIVADO_IP_OVERRIDE not found: /build/xfndry/IP_2024.2_INTEGRATION_VERIFIED/customer/vivado/data/ip
mkdir -p build
cd build && aiecc.py --alloc-scheme= --aie-generate-xclbin --no-compile-host --xclbin-name=final_8192x512x1024_64x64x64.xclbin \
			 --dynamic-objFifos \
			--aie-generate-npu-insts --npu-insts-name=insts_8192x512x1024_64x64x64.txt ../build/aie_8192x512x1024_64x64x64.mlir

Generating: /scratch/luisr/mlir-aie/programming_examples/basic/block_datatypes/matrix_multiplication/whole_array/build/aie_8192x512x1024_64x64x64.mlir.prj/aie_cdo_elfs.bin
Generating: /scratch/luisr/mlir-aie/programming_examples/basic/block_datatypes/matrix_multiplication/whole_array/build/aie_8192x512x1024_64x64x64.mlir.prj/aie_cdo_init.bin
Generating: /scratch/luisr/mlir-aie/programming_examples/basic/block_datatypes/matrix_multiplication/whole_array/build/aie_8192x512x1024_64x64x64.mlir.prj/aie_cdo_enable.bin
export XRT_HACK_UNSECURE_LOADING_XCLBIN=1 && \
 ./whole_array.exe -x build/final_8192x512x1024_64x64x64.xclbin -i build/insts_8192x512x1024_64x64x64.txt -k MLIR_AIE -M 8192 -K 512 -N 1024 -w 64 -y 64 -z 64 --iters 40 --warmup 10 --verify 0

Avg NPU matmul time: 1639.72us.
Avg NPU gflops: 5238.64

Min NPU matmul time: 1627us.
Max NPU gflops: 5279.62

Max NPU matmul time: 1654us.
Min NPU gflops: 5193.43

Shuffle time: 20676us.

PASS!

rm -rf build _build whole_array.exe
rm -rf _build
mkdir -p _build
cd _build &&  cmake -E env CXXFLAGS="-std=c++23 -ggdb -DDTYPE_IN= -DDTYPE_OUT= -DDTYPE_ACC=" \
	cmake `echo /scratch/luisr/mlir-aie/programming_examples/basic/block_datatypes/matrix_multiplication/whole_array/..` -D CMAKE_C_COMPILER=gcc-13 -D CMAKE_CXX_COMPILER=g++-13 -DTARGET_NAME=whole_array -Dhostsrc=/scratch/luisr/mlir-aie/programming_examples/basic/block_datatypes/matrix_multiplication/whole_array/../bfp_test.cpp
CMake Deprecation Warning at CMakeLists.txt:13 (cmake_minimum_required):
  Compatibility with CMake < 3.10 will be removed from a future version of
  CMake.

  Update the VERSION argument <min> value.  Or, use the <min>...<max> syntax
  to tell CMake that the project requires at least <min> but has been updated
  to work with policies introduced by <max> or earlier.


-- The C compiler identification is GNU 13.3.0
-- The CXX compiler identification is GNU 13.3.0
-- Detecting C compiler ABI info
-- Detecting C compiler ABI info - done
-- Check for working C compiler: /usr/bin/gcc-13 - skipped
-- Detecting C compile features
-- Detecting C compile features - done
-- Detecting CXX compiler ABI info
-- Detecting CXX compiler ABI info - done
-- Check for working CXX compiler: /usr/bin/g++-13 - skipped
-- Detecting CXX compile features
-- Detecting CXX compile features - done
-- Configuring done (0.2s)
-- Generating done (0.0s)
-- Build files have been written to: /scratch/luisr/mlir-aie/programming_examples/basic/block_datatypes/matrix_multiplication/whole_array/_build
cd _build &&  cmake --build . --config Release
gmake[1]: Entering directory '/scratch/luisr/mlir-aie/programming_examples/basic/block_datatypes/matrix_multiplication/whole_array/_build'
gmake[2]: Entering directory '/scratch/luisr/mlir-aie/programming_examples/basic/block_datatypes/matrix_multiplication/whole_array/_build'
gmake[3]: Entering directory '/scratch/luisr/mlir-aie/programming_examples/basic/block_datatypes/matrix_multiplication/whole_array/_build'
gmake[3]: Leaving directory '/scratch/luisr/mlir-aie/programming_examples/basic/block_datatypes/matrix_multiplication/whole_array/_build'
gmake[3]: Entering directory '/scratch/luisr/mlir-aie/programming_examples/basic/block_datatypes/matrix_multiplication/whole_array/_build'
[ 33%] Building CXX object CMakeFiles/whole_array.dir/bfp_test.cpp.o
[ 66%] Building CXX object CMakeFiles/whole_array.dir/scratch/luisr/mlir-aie/runtime_lib/test_lib/test_utils.cpp.o
[100%] Linking CXX executable whole_array
gmake[3]: Leaving directory '/scratch/luisr/mlir-aie/programming_examples/basic/block_datatypes/matrix_multiplication/whole_array/_build'
[100%] Built target whole_array
gmake[2]: Leaving directory '/scratch/luisr/mlir-aie/programming_examples/basic/block_datatypes/matrix_multiplication/whole_array/_build'
gmake[1]: Leaving directory '/scratch/luisr/mlir-aie/programming_examples/basic/block_datatypes/matrix_multiplication/whole_array/_build'
cp _build/whole_array whole_array.exe 
mkdir -p build
python3 /scratch/luisr/mlir-aie/programming_examples/basic/block_datatypes/matrix_multiplication/whole_array/whole_array.py --n-aie-cols 8 -m 64 -k 64 -n 64 -M 8192 -K 512 -N 4096 > build/aie_8192x512x4096_64x64x64.mlir
mkdir -p build
cd build && xchesscc_wrapper aie2p -I /proj/xbuilds/2024.2_INT_1113_1001/installs/all_platforms/Vitis/2024.2/aietools/include  -DDIM_M=64 -DDIM_K=64 -DDIM_N=64 -c /scratch/luisr/mlir-aie/programming_examples/basic/block_datatypes/matrix_multiplication/whole_array/../mm.cc -o mm_64x64x64.o
WARNING: Default location for XILINX_VIVADO_IP_OVERRIDE not found: /build/xfndry/IP_2024.2_INTEGRATION_VERIFIED/customer/vivado/data/ip
mkdir -p build
cd build && aiecc.py --alloc-scheme= --aie-generate-xclbin --no-compile-host --xclbin-name=final_8192x512x4096_64x64x64.xclbin \
			 --dynamic-objFifos \
			--aie-generate-npu-insts --npu-insts-name=insts_8192x512x4096_64x64x64.txt ../build/aie_8192x512x4096_64x64x64.mlir

Generating: /scratch/luisr/mlir-aie/programming_examples/basic/block_datatypes/matrix_multiplication/whole_array/build/aie_8192x512x4096_64x64x64.mlir.prj/aie_cdo_elfs.bin
Generating: /scratch/luisr/mlir-aie/programming_examples/basic/block_datatypes/matrix_multiplication/whole_array/build/aie_8192x512x4096_64x64x64.mlir.prj/aie_cdo_init.bin
Generating: /scratch/luisr/mlir-aie/programming_examples/basic/block_datatypes/matrix_multiplication/whole_array/build/aie_8192x512x4096_64x64x64.mlir.prj/aie_cdo_enable.bin
export XRT_HACK_UNSECURE_LOADING_XCLBIN=1 && \
 ./whole_array.exe -x build/final_8192x512x4096_64x64x64.xclbin -i build/insts_8192x512x4096_64x64x64.txt -k MLIR_AIE -M 8192 -K 512 -N 4096 -w 64 -y 64 -z 64 --iters 40 --warmup 10 --verify 0

Avg NPU matmul time: 5934.73us.
Avg NPU gflops: 5789.61

Min NPU matmul time: 5703us.
Max NPU gflops: 6024.85

Max NPU matmul time: 6297us.
Min NPU gflops: 5456.52

Shuffle time: 28017us.

PASS!

rm -rf build _build whole_array.exe
rm -rf _build
mkdir -p _build
cd _build &&  cmake -E env CXXFLAGS="-std=c++23 -ggdb -DDTYPE_IN= -DDTYPE_OUT= -DDTYPE_ACC=" \
	cmake `echo /scratch/luisr/mlir-aie/programming_examples/basic/block_datatypes/matrix_multiplication/whole_array/..` -D CMAKE_C_COMPILER=gcc-13 -D CMAKE_CXX_COMPILER=g++-13 -DTARGET_NAME=whole_array -Dhostsrc=/scratch/luisr/mlir-aie/programming_examples/basic/block_datatypes/matrix_multiplication/whole_array/../bfp_test.cpp
CMake Deprecation Warning at CMakeLists.txt:13 (cmake_minimum_required):
  Compatibility with CMake < 3.10 will be removed from a future version of
  CMake.

  Update the VERSION argument <min> value.  Or, use the <min>...<max> syntax
  to tell CMake that the project requires at least <min> but has been updated
  to work with policies introduced by <max> or earlier.


-- The C compiler identification is GNU 13.3.0
-- The CXX compiler identification is GNU 13.3.0
-- Detecting C compiler ABI info
-- Detecting C compiler ABI info - done
-- Check for working C compiler: /usr/bin/gcc-13 - skipped
-- Detecting C compile features
-- Detecting C compile features - done
-- Detecting CXX compiler ABI info
-- Detecting CXX compiler ABI info - done
-- Check for working CXX compiler: /usr/bin/g++-13 - skipped
-- Detecting CXX compile features
-- Detecting CXX compile features - done
-- Configuring done (0.3s)
-- Generating done (0.0s)
-- Build files have been written to: /scratch/luisr/mlir-aie/programming_examples/basic/block_datatypes/matrix_multiplication/whole_array/_build
cd _build &&  cmake --build . --config Release
gmake[1]: Entering directory '/scratch/luisr/mlir-aie/programming_examples/basic/block_datatypes/matrix_multiplication/whole_array/_build'
gmake[2]: Entering directory '/scratch/luisr/mlir-aie/programming_examples/basic/block_datatypes/matrix_multiplication/whole_array/_build'
gmake[3]: Entering directory '/scratch/luisr/mlir-aie/programming_examples/basic/block_datatypes/matrix_multiplication/whole_array/_build'
gmake[3]: Leaving directory '/scratch/luisr/mlir-aie/programming_examples/basic/block_datatypes/matrix_multiplication/whole_array/_build'
gmake[3]: Entering directory '/scratch/luisr/mlir-aie/programming_examples/basic/block_datatypes/matrix_multiplication/whole_array/_build'
[ 33%] Building CXX object CMakeFiles/whole_array.dir/bfp_test.cpp.o
[ 66%] Building CXX object CMakeFiles/whole_array.dir/scratch/luisr/mlir-aie/runtime_lib/test_lib/test_utils.cpp.o
[100%] Linking CXX executable whole_array
gmake[3]: Leaving directory '/scratch/luisr/mlir-aie/programming_examples/basic/block_datatypes/matrix_multiplication/whole_array/_build'
[100%] Built target whole_array
gmake[2]: Leaving directory '/scratch/luisr/mlir-aie/programming_examples/basic/block_datatypes/matrix_multiplication/whole_array/_build'
gmake[1]: Leaving directory '/scratch/luisr/mlir-aie/programming_examples/basic/block_datatypes/matrix_multiplication/whole_array/_build'
cp _build/whole_array whole_array.exe 
mkdir -p build
python3 /scratch/luisr/mlir-aie/programming_examples/basic/block_datatypes/matrix_multiplication/whole_array/whole_array.py --n-aie-cols 8 -m 64 -k 64 -n 64 -M 8192 -K 512 -N 8192 > build/aie_8192x512x8192_64x64x64.mlir
mkdir -p build
cd build && xchesscc_wrapper aie2p -I /proj/xbuilds/2024.2_INT_1113_1001/installs/all_platforms/Vitis/2024.2/aietools/include  -DDIM_M=64 -DDIM_K=64 -DDIM_N=64 -c /scratch/luisr/mlir-aie/programming_examples/basic/block_datatypes/matrix_multiplication/whole_array/../mm.cc -o mm_64x64x64.o
WARNING: Default location for XILINX_VIVADO_IP_OVERRIDE not found: /build/xfndry/IP_2024.2_INTEGRATION_VERIFIED/customer/vivado/data/ip
mkdir -p build
cd build && aiecc.py --alloc-scheme= --aie-generate-xclbin --no-compile-host --xclbin-name=final_8192x512x8192_64x64x64.xclbin \
			 --dynamic-objFifos \
			--aie-generate-npu-insts --npu-insts-name=insts_8192x512x8192_64x64x64.txt ../build/aie_8192x512x8192_64x64x64.mlir

Generating: /scratch/luisr/mlir-aie/programming_examples/basic/block_datatypes/matrix_multiplication/whole_array/build/aie_8192x512x8192_64x64x64.mlir.prj/aie_cdo_elfs.bin
Generating: /scratch/luisr/mlir-aie/programming_examples/basic/block_datatypes/matrix_multiplication/whole_array/build/aie_8192x512x8192_64x64x64.mlir.prj/aie_cdo_init.bin
Generating: /scratch/luisr/mlir-aie/programming_examples/basic/block_datatypes/matrix_multiplication/whole_array/build/aie_8192x512x8192_64x64x64.mlir.prj/aie_cdo_enable.bin
export XRT_HACK_UNSECURE_LOADING_XCLBIN=1 && \
 ./whole_array.exe -x build/final_8192x512x8192_64x64x64.xclbin -i build/insts_8192x512x8192_64x64x64.txt -k MLIR_AIE -M 8192 -K 512 -N 8192 -w 64 -y 64 -z 64 --iters 40 --warmup 10 --verify 0

Avg NPU matmul time: 14151.1us.
Avg NPU gflops: 4856.11

Min NPU matmul time: 13429us.
Max NPU gflops: 5117.24

Max NPU matmul time: 14485us.
Min NPU gflops: 4744.18

Shuffle time: 35486us.

PASS!

rm -rf build _build whole_array.exe
rm -rf _build
mkdir -p _build
cd _build &&  cmake -E env CXXFLAGS="-std=c++23 -ggdb -DDTYPE_IN= -DDTYPE_OUT= -DDTYPE_ACC=" \
	cmake `echo /scratch/luisr/mlir-aie/programming_examples/basic/block_datatypes/matrix_multiplication/whole_array/..` -D CMAKE_C_COMPILER=gcc-13 -D CMAKE_CXX_COMPILER=g++-13 -DTARGET_NAME=whole_array -Dhostsrc=/scratch/luisr/mlir-aie/programming_examples/basic/block_datatypes/matrix_multiplication/whole_array/../bfp_test.cpp
CMake Deprecation Warning at CMakeLists.txt:13 (cmake_minimum_required):
  Compatibility with CMake < 3.10 will be removed from a future version of
  CMake.

  Update the VERSION argument <min> value.  Or, use the <min>...<max> syntax
  to tell CMake that the project requires at least <min> but has been updated
  to work with policies introduced by <max> or earlier.


-- The C compiler identification is GNU 13.3.0
-- The CXX compiler identification is GNU 13.3.0
-- Detecting C compiler ABI info
-- Detecting C compiler ABI info - done
-- Check for working C compiler: /usr/bin/gcc-13 - skipped
-- Detecting C compile features
-- Detecting C compile features - done
-- Detecting CXX compiler ABI info
-- Detecting CXX compiler ABI info - done
-- Check for working CXX compiler: /usr/bin/g++-13 - skipped
-- Detecting CXX compile features
-- Detecting CXX compile features - done
-- Configuring done (0.3s)
-- Generating done (0.0s)
-- Build files have been written to: /scratch/luisr/mlir-aie/programming_examples/basic/block_datatypes/matrix_multiplication/whole_array/_build
cd _build &&  cmake --build . --config Release
gmake[1]: Entering directory '/scratch/luisr/mlir-aie/programming_examples/basic/block_datatypes/matrix_multiplication/whole_array/_build'
gmake[2]: Entering directory '/scratch/luisr/mlir-aie/programming_examples/basic/block_datatypes/matrix_multiplication/whole_array/_build'
gmake[3]: Entering directory '/scratch/luisr/mlir-aie/programming_examples/basic/block_datatypes/matrix_multiplication/whole_array/_build'
gmake[3]: Leaving directory '/scratch/luisr/mlir-aie/programming_examples/basic/block_datatypes/matrix_multiplication/whole_array/_build'
gmake[3]: Entering directory '/scratch/luisr/mlir-aie/programming_examples/basic/block_datatypes/matrix_multiplication/whole_array/_build'
[ 33%] Building CXX object CMakeFiles/whole_array.dir/bfp_test.cpp.o
[ 66%] Building CXX object CMakeFiles/whole_array.dir/scratch/luisr/mlir-aie/runtime_lib/test_lib/test_utils.cpp.o
[100%] Linking CXX executable whole_array
gmake[3]: Leaving directory '/scratch/luisr/mlir-aie/programming_examples/basic/block_datatypes/matrix_multiplication/whole_array/_build'
[100%] Built target whole_array
gmake[2]: Leaving directory '/scratch/luisr/mlir-aie/programming_examples/basic/block_datatypes/matrix_multiplication/whole_array/_build'
gmake[1]: Leaving directory '/scratch/luisr/mlir-aie/programming_examples/basic/block_datatypes/matrix_multiplication/whole_array/_build'
cp _build/whole_array whole_array.exe 
mkdir -p build
python3 /scratch/luisr/mlir-aie/programming_examples/basic/block_datatypes/matrix_multiplication/whole_array/whole_array.py --n-aie-cols 8 -m 64 -k 64 -n 64 -M 8192 -K 1024 -N 512 > build/aie_8192x1024x512_64x64x64.mlir
mkdir -p build
cd build && xchesscc_wrapper aie2p -I /proj/xbuilds/2024.2_INT_1113_1001/installs/all_platforms/Vitis/2024.2/aietools/include  -DDIM_M=64 -DDIM_K=64 -DDIM_N=64 -c /scratch/luisr/mlir-aie/programming_examples/basic/block_datatypes/matrix_multiplication/whole_array/../mm.cc -o mm_64x64x64.o
WARNING: Default location for XILINX_VIVADO_IP_OVERRIDE not found: /build/xfndry/IP_2024.2_INTEGRATION_VERIFIED/customer/vivado/data/ip
mkdir -p build
cd build && aiecc.py --alloc-scheme= --aie-generate-xclbin --no-compile-host --xclbin-name=final_8192x1024x512_64x64x64.xclbin \
			 --dynamic-objFifos \
			--aie-generate-npu-insts --npu-insts-name=insts_8192x1024x512_64x64x64.txt ../build/aie_8192x1024x512_64x64x64.mlir

Generating: /scratch/luisr/mlir-aie/programming_examples/basic/block_datatypes/matrix_multiplication/whole_array/build/aie_8192x1024x512_64x64x64.mlir.prj/aie_cdo_elfs.bin
Generating: /scratch/luisr/mlir-aie/programming_examples/basic/block_datatypes/matrix_multiplication/whole_array/build/aie_8192x1024x512_64x64x64.mlir.prj/aie_cdo_init.bin
Generating: /scratch/luisr/mlir-aie/programming_examples/basic/block_datatypes/matrix_multiplication/whole_array/build/aie_8192x1024x512_64x64x64.mlir.prj/aie_cdo_enable.bin
export XRT_HACK_UNSECURE_LOADING_XCLBIN=1 && \
 ./whole_array.exe -x build/final_8192x1024x512_64x64x64.xclbin -i build/insts_8192x1024x512_64x64x64.txt -k MLIR_AIE -M 8192 -K 1024 -N 512 -w 64 -y 64 -z 64 --iters 40 --warmup 10 --verify 0

Avg NPU matmul time: 1627.8us.
Avg NPU gflops: 5277.02

Min NPU matmul time: 1607us.
Max NPU gflops: 5345.32

Max NPU matmul time: 1637us.
Min NPU gflops: 5247.36

Shuffle time: 43287us.

PASS!

rm -rf build _build whole_array.exe
rm -rf _build
mkdir -p _build
cd _build &&  cmake -E env CXXFLAGS="-std=c++23 -ggdb -DDTYPE_IN= -DDTYPE_OUT= -DDTYPE_ACC=" \
	cmake `echo /scratch/luisr/mlir-aie/programming_examples/basic/block_datatypes/matrix_multiplication/whole_array/..` -D CMAKE_C_COMPILER=gcc-13 -D CMAKE_CXX_COMPILER=g++-13 -DTARGET_NAME=whole_array -Dhostsrc=/scratch/luisr/mlir-aie/programming_examples/basic/block_datatypes/matrix_multiplication/whole_array/../bfp_test.cpp
CMake Deprecation Warning at CMakeLists.txt:13 (cmake_minimum_required):
  Compatibility with CMake < 3.10 will be removed from a future version of
  CMake.

  Update the VERSION argument <min> value.  Or, use the <min>...<max> syntax
  to tell CMake that the project requires at least <min> but has been updated
  to work with policies introduced by <max> or earlier.


-- The C compiler identification is GNU 13.3.0
-- The CXX compiler identification is GNU 13.3.0
-- Detecting C compiler ABI info
-- Detecting C compiler ABI info - done
-- Check for working C compiler: /usr/bin/gcc-13 - skipped
-- Detecting C compile features
-- Detecting C compile features - done
-- Detecting CXX compiler ABI info
-- Detecting CXX compiler ABI info - done
-- Check for working CXX compiler: /usr/bin/g++-13 - skipped
-- Detecting CXX compile features
-- Detecting CXX compile features - done
-- Configuring done (0.3s)
-- Generating done (0.0s)
-- Build files have been written to: /scratch/luisr/mlir-aie/programming_examples/basic/block_datatypes/matrix_multiplication/whole_array/_build
cd _build &&  cmake --build . --config Release
gmake[1]: Entering directory '/scratch/luisr/mlir-aie/programming_examples/basic/block_datatypes/matrix_multiplication/whole_array/_build'
gmake[2]: Entering directory '/scratch/luisr/mlir-aie/programming_examples/basic/block_datatypes/matrix_multiplication/whole_array/_build'
gmake[3]: Entering directory '/scratch/luisr/mlir-aie/programming_examples/basic/block_datatypes/matrix_multiplication/whole_array/_build'
gmake[3]: Leaving directory '/scratch/luisr/mlir-aie/programming_examples/basic/block_datatypes/matrix_multiplication/whole_array/_build'
gmake[3]: Entering directory '/scratch/luisr/mlir-aie/programming_examples/basic/block_datatypes/matrix_multiplication/whole_array/_build'
[ 33%] Building CXX object CMakeFiles/whole_array.dir/bfp_test.cpp.o
[ 66%] Building CXX object CMakeFiles/whole_array.dir/scratch/luisr/mlir-aie/runtime_lib/test_lib/test_utils.cpp.o
[100%] Linking CXX executable whole_array
gmake[3]: Leaving directory '/scratch/luisr/mlir-aie/programming_examples/basic/block_datatypes/matrix_multiplication/whole_array/_build'
[100%] Built target whole_array
gmake[2]: Leaving directory '/scratch/luisr/mlir-aie/programming_examples/basic/block_datatypes/matrix_multiplication/whole_array/_build'
gmake[1]: Leaving directory '/scratch/luisr/mlir-aie/programming_examples/basic/block_datatypes/matrix_multiplication/whole_array/_build'
cp _build/whole_array whole_array.exe 
mkdir -p build
python3 /scratch/luisr/mlir-aie/programming_examples/basic/block_datatypes/matrix_multiplication/whole_array/whole_array.py --n-aie-cols 8 -m 64 -k 64 -n 64 -M 8192 -K 1024 -N 1024 > build/aie_8192x1024x1024_64x64x64.mlir
mkdir -p build
cd build && xchesscc_wrapper aie2p -I /proj/xbuilds/2024.2_INT_1113_1001/installs/all_platforms/Vitis/2024.2/aietools/include  -DDIM_M=64 -DDIM_K=64 -DDIM_N=64 -c /scratch/luisr/mlir-aie/programming_examples/basic/block_datatypes/matrix_multiplication/whole_array/../mm.cc -o mm_64x64x64.o
WARNING: Default location for XILINX_VIVADO_IP_OVERRIDE not found: /build/xfndry/IP_2024.2_INTEGRATION_VERIFIED/customer/vivado/data/ip
mkdir -p build
cd build && aiecc.py --alloc-scheme= --aie-generate-xclbin --no-compile-host --xclbin-name=final_8192x1024x1024_64x64x64.xclbin \
			 --dynamic-objFifos \
			--aie-generate-npu-insts --npu-insts-name=insts_8192x1024x1024_64x64x64.txt ../build/aie_8192x1024x1024_64x64x64.mlir

Generating: /scratch/luisr/mlir-aie/programming_examples/basic/block_datatypes/matrix_multiplication/whole_array/build/aie_8192x1024x1024_64x64x64.mlir.prj/aie_cdo_elfs.bin
Generating: /scratch/luisr/mlir-aie/programming_examples/basic/block_datatypes/matrix_multiplication/whole_array/build/aie_8192x1024x1024_64x64x64.mlir.prj/aie_cdo_init.bin
Generating: /scratch/luisr/mlir-aie/programming_examples/basic/block_datatypes/matrix_multiplication/whole_array/build/aie_8192x1024x1024_64x64x64.mlir.prj/aie_cdo_enable.bin
export XRT_HACK_UNSECURE_LOADING_XCLBIN=1 && \
 ./whole_array.exe -x build/final_8192x1024x1024_64x64x64.xclbin -i build/insts_8192x1024x1024_64x64x64.txt -k MLIR_AIE -M 8192 -K 1024 -N 1024 -w 64 -y 64 -z 64 --iters 40 --warmup 10 --verify 0

Avg NPU matmul time: 3185.62us.
Avg NPU gflops: 5392.94

Min NPU matmul time: 2835us.
Max NPU gflops: 6059.92

Max NPU matmul time: 3608us.
Min NPU gflops: 4761.6

Shuffle time: 46618us.

PASS!

rm -rf build _build whole_array.exe
rm -rf _build
mkdir -p _build
cd _build &&  cmake -E env CXXFLAGS="-std=c++23 -ggdb -DDTYPE_IN= -DDTYPE_OUT= -DDTYPE_ACC=" \
	cmake `echo /scratch/luisr/mlir-aie/programming_examples/basic/block_datatypes/matrix_multiplication/whole_array/..` -D CMAKE_C_COMPILER=gcc-13 -D CMAKE_CXX_COMPILER=g++-13 -DTARGET_NAME=whole_array -Dhostsrc=/scratch/luisr/mlir-aie/programming_examples/basic/block_datatypes/matrix_multiplication/whole_array/../bfp_test.cpp
CMake Deprecation Warning at CMakeLists.txt:13 (cmake_minimum_required):
  Compatibility with CMake < 3.10 will be removed from a future version of
  CMake.

  Update the VERSION argument <min> value.  Or, use the <min>...<max> syntax
  to tell CMake that the project requires at least <min> but has been updated
  to work with policies introduced by <max> or earlier.


-- The C compiler identification is GNU 13.3.0
-- The CXX compiler identification is GNU 13.3.0
-- Detecting C compiler ABI info
-- Detecting C compiler ABI info - done
-- Check for working C compiler: /usr/bin/gcc-13 - skipped
-- Detecting C compile features
-- Detecting C compile features - done
-- Detecting CXX compiler ABI info
-- Detecting CXX compiler ABI info - done
-- Check for working CXX compiler: /usr/bin/g++-13 - skipped
-- Detecting CXX compile features
-- Detecting CXX compile features - done
-- Configuring done (0.2s)
-- Generating done (0.0s)
-- Build files have been written to: /scratch/luisr/mlir-aie/programming_examples/basic/block_datatypes/matrix_multiplication/whole_array/_build
cd _build &&  cmake --build . --config Release
gmake[1]: Entering directory '/scratch/luisr/mlir-aie/programming_examples/basic/block_datatypes/matrix_multiplication/whole_array/_build'
gmake[2]: Entering directory '/scratch/luisr/mlir-aie/programming_examples/basic/block_datatypes/matrix_multiplication/whole_array/_build'
gmake[3]: Entering directory '/scratch/luisr/mlir-aie/programming_examples/basic/block_datatypes/matrix_multiplication/whole_array/_build'
gmake[3]: Leaving directory '/scratch/luisr/mlir-aie/programming_examples/basic/block_datatypes/matrix_multiplication/whole_array/_build'
gmake[3]: Entering directory '/scratch/luisr/mlir-aie/programming_examples/basic/block_datatypes/matrix_multiplication/whole_array/_build'
[ 33%] Building CXX object CMakeFiles/whole_array.dir/bfp_test.cpp.o
[ 66%] Building CXX object CMakeFiles/whole_array.dir/scratch/luisr/mlir-aie/runtime_lib/test_lib/test_utils.cpp.o
[100%] Linking CXX executable whole_array
gmake[3]: Leaving directory '/scratch/luisr/mlir-aie/programming_examples/basic/block_datatypes/matrix_multiplication/whole_array/_build'
[100%] Built target whole_array
gmake[2]: Leaving directory '/scratch/luisr/mlir-aie/programming_examples/basic/block_datatypes/matrix_multiplication/whole_array/_build'
gmake[1]: Leaving directory '/scratch/luisr/mlir-aie/programming_examples/basic/block_datatypes/matrix_multiplication/whole_array/_build'
cp _build/whole_array whole_array.exe 
mkdir -p build
python3 /scratch/luisr/mlir-aie/programming_examples/basic/block_datatypes/matrix_multiplication/whole_array/whole_array.py --n-aie-cols 8 -m 64 -k 64 -n 64 -M 8192 -K 1024 -N 4096 > build/aie_8192x1024x4096_64x64x64.mlir
mkdir -p build
cd build && xchesscc_wrapper aie2p -I /proj/xbuilds/2024.2_INT_1113_1001/installs/all_platforms/Vitis/2024.2/aietools/include  -DDIM_M=64 -DDIM_K=64 -DDIM_N=64 -c /scratch/luisr/mlir-aie/programming_examples/basic/block_datatypes/matrix_multiplication/whole_array/../mm.cc -o mm_64x64x64.o
WARNING: Default location for XILINX_VIVADO_IP_OVERRIDE not found: /build/xfndry/IP_2024.2_INTEGRATION_VERIFIED/customer/vivado/data/ip
mkdir -p build
cd build && aiecc.py --alloc-scheme= --aie-generate-xclbin --no-compile-host --xclbin-name=final_8192x1024x4096_64x64x64.xclbin \
			 --dynamic-objFifos \
			--aie-generate-npu-insts --npu-insts-name=insts_8192x1024x4096_64x64x64.txt ../build/aie_8192x1024x4096_64x64x64.mlir

Generating: /scratch/luisr/mlir-aie/programming_examples/basic/block_datatypes/matrix_multiplication/whole_array/build/aie_8192x1024x4096_64x64x64.mlir.prj/aie_cdo_elfs.bin
Generating: /scratch/luisr/mlir-aie/programming_examples/basic/block_datatypes/matrix_multiplication/whole_array/build/aie_8192x1024x4096_64x64x64.mlir.prj/aie_cdo_init.bin
Generating: /scratch/luisr/mlir-aie/programming_examples/basic/block_datatypes/matrix_multiplication/whole_array/build/aie_8192x1024x4096_64x64x64.mlir.prj/aie_cdo_enable.bin
export XRT_HACK_UNSECURE_LOADING_XCLBIN=1 && \
 ./whole_array.exe -x build/final_8192x1024x4096_64x64x64.xclbin -i build/insts_8192x1024x4096_64x64x64.txt -k MLIR_AIE -M 8192 -K 1024 -N 4096 -w 64 -y 64 -z 64 --iters 40 --warmup 10 --verify 0

Avg NPU matmul time: 10771.9us.
Avg NPU gflops: 6379.53

Min NPU matmul time: 10267us.
Max NPU gflops: 6693.24

Max NPU matmul time: 11714us.
Min NPU gflops: 5866.44

Shuffle time: 59864us.

PASS!

rm -rf build _build whole_array.exe
rm -rf _build
mkdir -p _build
cd _build &&  cmake -E env CXXFLAGS="-std=c++23 -ggdb -DDTYPE_IN= -DDTYPE_OUT= -DDTYPE_ACC=" \
	cmake `echo /scratch/luisr/mlir-aie/programming_examples/basic/block_datatypes/matrix_multiplication/whole_array/..` -D CMAKE_C_COMPILER=gcc-13 -D CMAKE_CXX_COMPILER=g++-13 -DTARGET_NAME=whole_array -Dhostsrc=/scratch/luisr/mlir-aie/programming_examples/basic/block_datatypes/matrix_multiplication/whole_array/../bfp_test.cpp
CMake Deprecation Warning at CMakeLists.txt:13 (cmake_minimum_required):
  Compatibility with CMake < 3.10 will be removed from a future version of
  CMake.

  Update the VERSION argument <min> value.  Or, use the <min>...<max> syntax
  to tell CMake that the project requires at least <min> but has been updated
  to work with policies introduced by <max> or earlier.


-- The C compiler identification is GNU 13.3.0
-- The CXX compiler identification is GNU 13.3.0
-- Detecting C compiler ABI info
-- Detecting C compiler ABI info - done
-- Check for working C compiler: /usr/bin/gcc-13 - skipped
-- Detecting C compile features
-- Detecting C compile features - done
-- Detecting CXX compiler ABI info
-- Detecting CXX compiler ABI info - done
-- Check for working CXX compiler: /usr/bin/g++-13 - skipped
-- Detecting CXX compile features
-- Detecting CXX compile features - done
-- Configuring done (0.2s)
-- Generating done (0.0s)
-- Build files have been written to: /scratch/luisr/mlir-aie/programming_examples/basic/block_datatypes/matrix_multiplication/whole_array/_build
cd _build &&  cmake --build . --config Release
gmake[1]: Entering directory '/scratch/luisr/mlir-aie/programming_examples/basic/block_datatypes/matrix_multiplication/whole_array/_build'
gmake[2]: Entering directory '/scratch/luisr/mlir-aie/programming_examples/basic/block_datatypes/matrix_multiplication/whole_array/_build'
gmake[3]: Entering directory '/scratch/luisr/mlir-aie/programming_examples/basic/block_datatypes/matrix_multiplication/whole_array/_build'
gmake[3]: Leaving directory '/scratch/luisr/mlir-aie/programming_examples/basic/block_datatypes/matrix_multiplication/whole_array/_build'
gmake[3]: Entering directory '/scratch/luisr/mlir-aie/programming_examples/basic/block_datatypes/matrix_multiplication/whole_array/_build'
[ 33%] Building CXX object CMakeFiles/whole_array.dir/bfp_test.cpp.o
[ 66%] Building CXX object CMakeFiles/whole_array.dir/scratch/luisr/mlir-aie/runtime_lib/test_lib/test_utils.cpp.o
[100%] Linking CXX executable whole_array
gmake[3]: Leaving directory '/scratch/luisr/mlir-aie/programming_examples/basic/block_datatypes/matrix_multiplication/whole_array/_build'
[100%] Built target whole_array
gmake[2]: Leaving directory '/scratch/luisr/mlir-aie/programming_examples/basic/block_datatypes/matrix_multiplication/whole_array/_build'
gmake[1]: Leaving directory '/scratch/luisr/mlir-aie/programming_examples/basic/block_datatypes/matrix_multiplication/whole_array/_build'
cp _build/whole_array whole_array.exe 
mkdir -p build
python3 /scratch/luisr/mlir-aie/programming_examples/basic/block_datatypes/matrix_multiplication/whole_array/whole_array.py --n-aie-cols 8 -m 64 -k 64 -n 64 -M 8192 -K 1024 -N 8192 > build/aie_8192x1024x8192_64x64x64.mlir
mkdir -p build
cd build && xchesscc_wrapper aie2p -I /proj/xbuilds/2024.2_INT_1113_1001/installs/all_platforms/Vitis/2024.2/aietools/include  -DDIM_M=64 -DDIM_K=64 -DDIM_N=64 -c /scratch/luisr/mlir-aie/programming_examples/basic/block_datatypes/matrix_multiplication/whole_array/../mm.cc -o mm_64x64x64.o
WARNING: Default location for XILINX_VIVADO_IP_OVERRIDE not found: /build/xfndry/IP_2024.2_INTEGRATION_VERIFIED/customer/vivado/data/ip
mkdir -p build
cd build && aiecc.py --alloc-scheme= --aie-generate-xclbin --no-compile-host --xclbin-name=final_8192x1024x8192_64x64x64.xclbin \
			 --dynamic-objFifos \
			--aie-generate-npu-insts --npu-insts-name=insts_8192x1024x8192_64x64x64.txt ../build/aie_8192x1024x8192_64x64x64.mlir

Generating: /scratch/luisr/mlir-aie/programming_examples/basic/block_datatypes/matrix_multiplication/whole_array/build/aie_8192x1024x8192_64x64x64.mlir.prj/aie_cdo_elfs.bin
Generating: /scratch/luisr/mlir-aie/programming_examples/basic/block_datatypes/matrix_multiplication/whole_array/build/aie_8192x1024x8192_64x64x64.mlir.prj/aie_cdo_init.bin
Generating: /scratch/luisr/mlir-aie/programming_examples/basic/block_datatypes/matrix_multiplication/whole_array/build/aie_8192x1024x8192_64x64x64.mlir.prj/aie_cdo_enable.bin
export XRT_HACK_UNSECURE_LOADING_XCLBIN=1 && \
 ./whole_array.exe -x build/final_8192x1024x8192_64x64x64.xclbin -i build/insts_8192x1024x8192_64x64x64.txt -k MLIR_AIE -M 8192 -K 1024 -N 8192 -w 64 -y 64 -z 64 --iters 40 --warmup 10 --verify 0

Avg NPU matmul time: 23006.8us.
Avg NPU gflops: 5973.83

Min NPU matmul time: 22412us.
Max NPU gflops: 6132.38

Max NPU matmul time: 24450us.
Min NPU gflops: 5621.23

Shuffle time: 81322us.

PASS!

rm -rf build _build whole_array.exe
rm -rf _build
mkdir -p _build
cd _build &&  cmake -E env CXXFLAGS="-std=c++23 -ggdb -DDTYPE_IN= -DDTYPE_OUT= -DDTYPE_ACC=" \
	cmake `echo /scratch/luisr/mlir-aie/programming_examples/basic/block_datatypes/matrix_multiplication/whole_array/..` -D CMAKE_C_COMPILER=gcc-13 -D CMAKE_CXX_COMPILER=g++-13 -DTARGET_NAME=whole_array -Dhostsrc=/scratch/luisr/mlir-aie/programming_examples/basic/block_datatypes/matrix_multiplication/whole_array/../bfp_test.cpp
CMake Deprecation Warning at CMakeLists.txt:13 (cmake_minimum_required):
  Compatibility with CMake < 3.10 will be removed from a future version of
  CMake.

  Update the VERSION argument <min> value.  Or, use the <min>...<max> syntax
  to tell CMake that the project requires at least <min> but has been updated
  to work with policies introduced by <max> or earlier.


-- The C compiler identification is GNU 13.3.0
-- The CXX compiler identification is GNU 13.3.0
-- Detecting C compiler ABI info
-- Detecting C compiler ABI info - done
-- Check for working C compiler: /usr/bin/gcc-13 - skipped
-- Detecting C compile features
-- Detecting C compile features - done
-- Detecting CXX compiler ABI info
-- Detecting CXX compiler ABI info - done
-- Check for working CXX compiler: /usr/bin/g++-13 - skipped
-- Detecting CXX compile features
-- Detecting CXX compile features - done
-- Configuring done (0.3s)
-- Generating done (0.0s)
-- Build files have been written to: /scratch/luisr/mlir-aie/programming_examples/basic/block_datatypes/matrix_multiplication/whole_array/_build
cd _build &&  cmake --build . --config Release
gmake[1]: Entering directory '/scratch/luisr/mlir-aie/programming_examples/basic/block_datatypes/matrix_multiplication/whole_array/_build'
gmake[2]: Entering directory '/scratch/luisr/mlir-aie/programming_examples/basic/block_datatypes/matrix_multiplication/whole_array/_build'
gmake[3]: Entering directory '/scratch/luisr/mlir-aie/programming_examples/basic/block_datatypes/matrix_multiplication/whole_array/_build'
gmake[3]: Leaving directory '/scratch/luisr/mlir-aie/programming_examples/basic/block_datatypes/matrix_multiplication/whole_array/_build'
gmake[3]: Entering directory '/scratch/luisr/mlir-aie/programming_examples/basic/block_datatypes/matrix_multiplication/whole_array/_build'
[ 33%] Building CXX object CMakeFiles/whole_array.dir/bfp_test.cpp.o
[ 66%] Building CXX object CMakeFiles/whole_array.dir/scratch/luisr/mlir-aie/runtime_lib/test_lib/test_utils.cpp.o
[100%] Linking CXX executable whole_array
gmake[3]: Leaving directory '/scratch/luisr/mlir-aie/programming_examples/basic/block_datatypes/matrix_multiplication/whole_array/_build'
[100%] Built target whole_array
gmake[2]: Leaving directory '/scratch/luisr/mlir-aie/programming_examples/basic/block_datatypes/matrix_multiplication/whole_array/_build'
gmake[1]: Leaving directory '/scratch/luisr/mlir-aie/programming_examples/basic/block_datatypes/matrix_multiplication/whole_array/_build'
cp _build/whole_array whole_array.exe 
mkdir -p build
python3 /scratch/luisr/mlir-aie/programming_examples/basic/block_datatypes/matrix_multiplication/whole_array/whole_array.py --n-aie-cols 8 -m 64 -k 64 -n 64 -M 8192 -K 4096 -N 512 > build/aie_8192x4096x512_64x64x64.mlir
mkdir -p build
cd build && xchesscc_wrapper aie2p -I /proj/xbuilds/2024.2_INT_1113_1001/installs/all_platforms/Vitis/2024.2/aietools/include  -DDIM_M=64 -DDIM_K=64 -DDIM_N=64 -c /scratch/luisr/mlir-aie/programming_examples/basic/block_datatypes/matrix_multiplication/whole_array/../mm.cc -o mm_64x64x64.o
WARNING: Default location for XILINX_VIVADO_IP_OVERRIDE not found: /build/xfndry/IP_2024.2_INTEGRATION_VERIFIED/customer/vivado/data/ip
mkdir -p build
cd build && aiecc.py --alloc-scheme= --aie-generate-xclbin --no-compile-host --xclbin-name=final_8192x4096x512_64x64x64.xclbin \
			 --dynamic-objFifos \
			--aie-generate-npu-insts --npu-insts-name=insts_8192x4096x512_64x64x64.txt ../build/aie_8192x4096x512_64x64x64.mlir

Generating: /scratch/luisr/mlir-aie/programming_examples/basic/block_datatypes/matrix_multiplication/whole_array/build/aie_8192x4096x512_64x64x64.mlir.prj/aie_cdo_elfs.bin
Generating: /scratch/luisr/mlir-aie/programming_examples/basic/block_datatypes/matrix_multiplication/whole_array/build/aie_8192x4096x512_64x64x64.mlir.prj/aie_cdo_init.bin
Generating: /scratch/luisr/mlir-aie/programming_examples/basic/block_datatypes/matrix_multiplication/whole_array/build/aie_8192x4096x512_64x64x64.mlir.prj/aie_cdo_enable.bin
export XRT_HACK_UNSECURE_LOADING_XCLBIN=1 && \
 ./whole_array.exe -x build/final_8192x4096x512_64x64x64.xclbin -i build/insts_8192x4096x512_64x64x64.txt -k MLIR_AIE -M 8192 -K 4096 -N 512 -w 64 -y 64 -z 64 --iters 40 --warmup 10 --verify 0

Avg NPU matmul time: 6799.33us.
Avg NPU gflops: 5053.4

Min NPU matmul time: 6384us.
Max NPU gflops: 5382.16

Max NPU matmul time: 7409us.
Min NPU gflops: 4637.57

Shuffle time: 161651us.

PASS!

rm -rf build _build whole_array.exe
rm -rf _build
mkdir -p _build
cd _build &&  cmake -E env CXXFLAGS="-std=c++23 -ggdb -DDTYPE_IN= -DDTYPE_OUT= -DDTYPE_ACC=" \
	cmake `echo /scratch/luisr/mlir-aie/programming_examples/basic/block_datatypes/matrix_multiplication/whole_array/..` -D CMAKE_C_COMPILER=gcc-13 -D CMAKE_CXX_COMPILER=g++-13 -DTARGET_NAME=whole_array -Dhostsrc=/scratch/luisr/mlir-aie/programming_examples/basic/block_datatypes/matrix_multiplication/whole_array/../bfp_test.cpp
CMake Deprecation Warning at CMakeLists.txt:13 (cmake_minimum_required):
  Compatibility with CMake < 3.10 will be removed from a future version of
  CMake.

  Update the VERSION argument <min> value.  Or, use the <min>...<max> syntax
  to tell CMake that the project requires at least <min> but has been updated
  to work with policies introduced by <max> or earlier.


-- The C compiler identification is GNU 13.3.0
-- The CXX compiler identification is GNU 13.3.0
-- Detecting C compiler ABI info
-- Detecting C compiler ABI info - done
-- Check for working C compiler: /usr/bin/gcc-13 - skipped
-- Detecting C compile features
-- Detecting C compile features - done
-- Detecting CXX compiler ABI info
-- Detecting CXX compiler ABI info - done
-- Check for working CXX compiler: /usr/bin/g++-13 - skipped
-- Detecting CXX compile features
-- Detecting CXX compile features - done
-- Configuring done (0.3s)
-- Generating done (0.0s)
-- Build files have been written to: /scratch/luisr/mlir-aie/programming_examples/basic/block_datatypes/matrix_multiplication/whole_array/_build
cd _build &&  cmake --build . --config Release
gmake[1]: Entering directory '/scratch/luisr/mlir-aie/programming_examples/basic/block_datatypes/matrix_multiplication/whole_array/_build'
gmake[2]: Entering directory '/scratch/luisr/mlir-aie/programming_examples/basic/block_datatypes/matrix_multiplication/whole_array/_build'
gmake[3]: Entering directory '/scratch/luisr/mlir-aie/programming_examples/basic/block_datatypes/matrix_multiplication/whole_array/_build'
gmake[3]: Leaving directory '/scratch/luisr/mlir-aie/programming_examples/basic/block_datatypes/matrix_multiplication/whole_array/_build'
gmake[3]: Entering directory '/scratch/luisr/mlir-aie/programming_examples/basic/block_datatypes/matrix_multiplication/whole_array/_build'
[ 33%] Building CXX object CMakeFiles/whole_array.dir/bfp_test.cpp.o
[ 66%] Building CXX object CMakeFiles/whole_array.dir/scratch/luisr/mlir-aie/runtime_lib/test_lib/test_utils.cpp.o
[100%] Linking CXX executable whole_array
gmake[3]: Leaving directory '/scratch/luisr/mlir-aie/programming_examples/basic/block_datatypes/matrix_multiplication/whole_array/_build'
[100%] Built target whole_array
gmake[2]: Leaving directory '/scratch/luisr/mlir-aie/programming_examples/basic/block_datatypes/matrix_multiplication/whole_array/_build'
gmake[1]: Leaving directory '/scratch/luisr/mlir-aie/programming_examples/basic/block_datatypes/matrix_multiplication/whole_array/_build'
cp _build/whole_array whole_array.exe 
mkdir -p build
python3 /scratch/luisr/mlir-aie/programming_examples/basic/block_datatypes/matrix_multiplication/whole_array/whole_array.py --n-aie-cols 8 -m 64 -k 64 -n 64 -M 8192 -K 4096 -N 1024 > build/aie_8192x4096x1024_64x64x64.mlir
mkdir -p build
cd build && xchesscc_wrapper aie2p -I /proj/xbuilds/2024.2_INT_1113_1001/installs/all_platforms/Vitis/2024.2/aietools/include  -DDIM_M=64 -DDIM_K=64 -DDIM_N=64 -c /scratch/luisr/mlir-aie/programming_examples/basic/block_datatypes/matrix_multiplication/whole_array/../mm.cc -o mm_64x64x64.o
WARNING: Default location for XILINX_VIVADO_IP_OVERRIDE not found: /build/xfndry/IP_2024.2_INTEGRATION_VERIFIED/customer/vivado/data/ip
mkdir -p build
cd build && aiecc.py --alloc-scheme= --aie-generate-xclbin --no-compile-host --xclbin-name=final_8192x4096x1024_64x64x64.xclbin \
			 --dynamic-objFifos \
			--aie-generate-npu-insts --npu-insts-name=insts_8192x4096x1024_64x64x64.txt ../build/aie_8192x4096x1024_64x64x64.mlir

Generating: /scratch/luisr/mlir-aie/programming_examples/basic/block_datatypes/matrix_multiplication/whole_array/build/aie_8192x4096x1024_64x64x64.mlir.prj/aie_cdo_elfs.bin
Generating: /scratch/luisr/mlir-aie/programming_examples/basic/block_datatypes/matrix_multiplication/whole_array/build/aie_8192x4096x1024_64x64x64.mlir.prj/aie_cdo_init.bin
Generating: /scratch/luisr/mlir-aie/programming_examples/basic/block_datatypes/matrix_multiplication/whole_array/build/aie_8192x4096x1024_64x64x64.mlir.prj/aie_cdo_enable.bin
export XRT_HACK_UNSECURE_LOADING_XCLBIN=1 && \
 ./whole_array.exe -x build/final_8192x4096x1024_64x64x64.xclbin -i build/insts_8192x4096x1024_64x64x64.txt -k MLIR_AIE -M 8192 -K 4096 -N 1024 -w 64 -y 64 -z 64 --iters 40 --warmup 10 --verify 0

Avg NPU matmul time: 13400us.
Avg NPU gflops: 5128.33

Min NPU matmul time: 12610us.
Max NPU gflops: 5449.6

Max NPU matmul time: 13964us.
Min NPU gflops: 4921.19

Shuffle time: 166578us.

PASS!

rm -rf build _build whole_array.exe
rm -rf _build
mkdir -p _build
cd _build &&  cmake -E env CXXFLAGS="-std=c++23 -ggdb -DDTYPE_IN= -DDTYPE_OUT= -DDTYPE_ACC=" \
	cmake `echo /scratch/luisr/mlir-aie/programming_examples/basic/block_datatypes/matrix_multiplication/whole_array/..` -D CMAKE_C_COMPILER=gcc-13 -D CMAKE_CXX_COMPILER=g++-13 -DTARGET_NAME=whole_array -Dhostsrc=/scratch/luisr/mlir-aie/programming_examples/basic/block_datatypes/matrix_multiplication/whole_array/../bfp_test.cpp
CMake Deprecation Warning at CMakeLists.txt:13 (cmake_minimum_required):
  Compatibility with CMake < 3.10 will be removed from a future version of
  CMake.

  Update the VERSION argument <min> value.  Or, use the <min>...<max> syntax
  to tell CMake that the project requires at least <min> but has been updated
  to work with policies introduced by <max> or earlier.


-- The C compiler identification is GNU 13.3.0
-- The CXX compiler identification is GNU 13.3.0
-- Detecting C compiler ABI info
-- Detecting C compiler ABI info - done
-- Check for working C compiler: /usr/bin/gcc-13 - skipped
-- Detecting C compile features
-- Detecting C compile features - done
-- Detecting CXX compiler ABI info
-- Detecting CXX compiler ABI info - done
-- Check for working CXX compiler: /usr/bin/g++-13 - skipped
-- Detecting CXX compile features
-- Detecting CXX compile features - done
-- Configuring done (0.2s)
-- Generating done (0.0s)
-- Build files have been written to: /scratch/luisr/mlir-aie/programming_examples/basic/block_datatypes/matrix_multiplication/whole_array/_build
cd _build &&  cmake --build . --config Release
gmake[1]: Entering directory '/scratch/luisr/mlir-aie/programming_examples/basic/block_datatypes/matrix_multiplication/whole_array/_build'
gmake[2]: Entering directory '/scratch/luisr/mlir-aie/programming_examples/basic/block_datatypes/matrix_multiplication/whole_array/_build'
gmake[3]: Entering directory '/scratch/luisr/mlir-aie/programming_examples/basic/block_datatypes/matrix_multiplication/whole_array/_build'
gmake[3]: Leaving directory '/scratch/luisr/mlir-aie/programming_examples/basic/block_datatypes/matrix_multiplication/whole_array/_build'
gmake[3]: Entering directory '/scratch/luisr/mlir-aie/programming_examples/basic/block_datatypes/matrix_multiplication/whole_array/_build'
[ 33%] Building CXX object CMakeFiles/whole_array.dir/bfp_test.cpp.o
[ 66%] Building CXX object CMakeFiles/whole_array.dir/scratch/luisr/mlir-aie/runtime_lib/test_lib/test_utils.cpp.o
[100%] Linking CXX executable whole_array
gmake[3]: Leaving directory '/scratch/luisr/mlir-aie/programming_examples/basic/block_datatypes/matrix_multiplication/whole_array/_build'
[100%] Built target whole_array
gmake[2]: Leaving directory '/scratch/luisr/mlir-aie/programming_examples/basic/block_datatypes/matrix_multiplication/whole_array/_build'
gmake[1]: Leaving directory '/scratch/luisr/mlir-aie/programming_examples/basic/block_datatypes/matrix_multiplication/whole_array/_build'
cp _build/whole_array whole_array.exe 
mkdir -p build
python3 /scratch/luisr/mlir-aie/programming_examples/basic/block_datatypes/matrix_multiplication/whole_array/whole_array.py --n-aie-cols 8 -m 64 -k 64 -n 64 -M 8192 -K 4096 -N 4096 > build/aie_8192x4096x4096_64x64x64.mlir
mkdir -p build
cd build && xchesscc_wrapper aie2p -I /proj/xbuilds/2024.2_INT_1113_1001/installs/all_platforms/Vitis/2024.2/aietools/include  -DDIM_M=64 -DDIM_K=64 -DDIM_N=64 -c /scratch/luisr/mlir-aie/programming_examples/basic/block_datatypes/matrix_multiplication/whole_array/../mm.cc -o mm_64x64x64.o
WARNING: Default location for XILINX_VIVADO_IP_OVERRIDE not found: /build/xfndry/IP_2024.2_INTEGRATION_VERIFIED/customer/vivado/data/ip
mkdir -p build
cd build && aiecc.py --alloc-scheme= --aie-generate-xclbin --no-compile-host --xclbin-name=final_8192x4096x4096_64x64x64.xclbin \
			 --dynamic-objFifos \
			--aie-generate-npu-insts --npu-insts-name=insts_8192x4096x4096_64x64x64.txt ../build/aie_8192x4096x4096_64x64x64.mlir

Generating: /scratch/luisr/mlir-aie/programming_examples/basic/block_datatypes/matrix_multiplication/whole_array/build/aie_8192x4096x4096_64x64x64.mlir.prj/aie_cdo_elfs.bin
Generating: /scratch/luisr/mlir-aie/programming_examples/basic/block_datatypes/matrix_multiplication/whole_array/build/aie_8192x4096x4096_64x64x64.mlir.prj/aie_cdo_init.bin
Generating: /scratch/luisr/mlir-aie/programming_examples/basic/block_datatypes/matrix_multiplication/whole_array/build/aie_8192x4096x4096_64x64x64.mlir.prj/aie_cdo_enable.bin
export XRT_HACK_UNSECURE_LOADING_XCLBIN=1 && \
 ./whole_array.exe -x build/final_8192x4096x4096_64x64x64.xclbin -i build/insts_8192x4096x4096_64x64x64.txt -k MLIR_AIE -M 8192 -K 4096 -N 4096 -w 64 -y 64 -z 64 --iters 40 --warmup 10 --verify 0

Avg NPU matmul time: 50840.2us.
Avg NPU gflops: 5406.71

Min NPU matmul time: 50126us.
Max NPU gflops: 5483.74

Max NPU matmul time: 51683us.
Min NPU gflops: 5318.54

Shuffle time: 225496us.

PASS!

rm -rf build _build whole_array.exe
rm -rf _build
mkdir -p _build
cd _build &&  cmake -E env CXXFLAGS="-std=c++23 -ggdb -DDTYPE_IN= -DDTYPE_OUT= -DDTYPE_ACC=" \
	cmake `echo /scratch/luisr/mlir-aie/programming_examples/basic/block_datatypes/matrix_multiplication/whole_array/..` -D CMAKE_C_COMPILER=gcc-13 -D CMAKE_CXX_COMPILER=g++-13 -DTARGET_NAME=whole_array -Dhostsrc=/scratch/luisr/mlir-aie/programming_examples/basic/block_datatypes/matrix_multiplication/whole_array/../bfp_test.cpp
CMake Deprecation Warning at CMakeLists.txt:13 (cmake_minimum_required):
  Compatibility with CMake < 3.10 will be removed from a future version of
  CMake.

  Update the VERSION argument <min> value.  Or, use the <min>...<max> syntax
  to tell CMake that the project requires at least <min> but has been updated
  to work with policies introduced by <max> or earlier.


-- The C compiler identification is GNU 13.3.0
-- The CXX compiler identification is GNU 13.3.0
-- Detecting C compiler ABI info
-- Detecting C compiler ABI info - done
-- Check for working C compiler: /usr/bin/gcc-13 - skipped
-- Detecting C compile features
-- Detecting C compile features - done
-- Detecting CXX compiler ABI info
-- Detecting CXX compiler ABI info - done
-- Check for working CXX compiler: /usr/bin/g++-13 - skipped
-- Detecting CXX compile features
-- Detecting CXX compile features - done
-- Configuring done (0.2s)
-- Generating done (0.0s)
-- Build files have been written to: /scratch/luisr/mlir-aie/programming_examples/basic/block_datatypes/matrix_multiplication/whole_array/_build
cd _build &&  cmake --build . --config Release
gmake[1]: Entering directory '/scratch/luisr/mlir-aie/programming_examples/basic/block_datatypes/matrix_multiplication/whole_array/_build'
gmake[2]: Entering directory '/scratch/luisr/mlir-aie/programming_examples/basic/block_datatypes/matrix_multiplication/whole_array/_build'
gmake[3]: Entering directory '/scratch/luisr/mlir-aie/programming_examples/basic/block_datatypes/matrix_multiplication/whole_array/_build'
gmake[3]: Leaving directory '/scratch/luisr/mlir-aie/programming_examples/basic/block_datatypes/matrix_multiplication/whole_array/_build'
gmake[3]: Entering directory '/scratch/luisr/mlir-aie/programming_examples/basic/block_datatypes/matrix_multiplication/whole_array/_build'
[ 33%] Building CXX object CMakeFiles/whole_array.dir/bfp_test.cpp.o
[ 66%] Building CXX object CMakeFiles/whole_array.dir/scratch/luisr/mlir-aie/runtime_lib/test_lib/test_utils.cpp.o
[100%] Linking CXX executable whole_array
gmake[3]: Leaving directory '/scratch/luisr/mlir-aie/programming_examples/basic/block_datatypes/matrix_multiplication/whole_array/_build'
[100%] Built target whole_array
gmake[2]: Leaving directory '/scratch/luisr/mlir-aie/programming_examples/basic/block_datatypes/matrix_multiplication/whole_array/_build'
gmake[1]: Leaving directory '/scratch/luisr/mlir-aie/programming_examples/basic/block_datatypes/matrix_multiplication/whole_array/_build'
cp _build/whole_array whole_array.exe 
mkdir -p build
python3 /scratch/luisr/mlir-aie/programming_examples/basic/block_datatypes/matrix_multiplication/whole_array/whole_array.py --n-aie-cols 8 -m 64 -k 64 -n 64 -M 8192 -K 4096 -N 8192 > build/aie_8192x4096x8192_64x64x64.mlir
mkdir -p build
cd build && xchesscc_wrapper aie2p -I /proj/xbuilds/2024.2_INT_1113_1001/installs/all_platforms/Vitis/2024.2/aietools/include  -DDIM_M=64 -DDIM_K=64 -DDIM_N=64 -c /scratch/luisr/mlir-aie/programming_examples/basic/block_datatypes/matrix_multiplication/whole_array/../mm.cc -o mm_64x64x64.o
WARNING: Default location for XILINX_VIVADO_IP_OVERRIDE not found: /build/xfndry/IP_2024.2_INTEGRATION_VERIFIED/customer/vivado/data/ip
mkdir -p build
cd build && aiecc.py --alloc-scheme= --aie-generate-xclbin --no-compile-host --xclbin-name=final_8192x4096x8192_64x64x64.xclbin \
			 --dynamic-objFifos \
			--aie-generate-npu-insts --npu-insts-name=insts_8192x4096x8192_64x64x64.txt ../build/aie_8192x4096x8192_64x64x64.mlir

Generating: /scratch/luisr/mlir-aie/programming_examples/basic/block_datatypes/matrix_multiplication/whole_array/build/aie_8192x4096x8192_64x64x64.mlir.prj/aie_cdo_elfs.bin
Generating: /scratch/luisr/mlir-aie/programming_examples/basic/block_datatypes/matrix_multiplication/whole_array/build/aie_8192x4096x8192_64x64x64.mlir.prj/aie_cdo_init.bin
Generating: /scratch/luisr/mlir-aie/programming_examples/basic/block_datatypes/matrix_multiplication/whole_array/build/aie_8192x4096x8192_64x64x64.mlir.prj/aie_cdo_enable.bin
export XRT_HACK_UNSECURE_LOADING_XCLBIN=1 && \
 ./whole_array.exe -x build/final_8192x4096x8192_64x64x64.xclbin -i build/insts_8192x4096x8192_64x64x64.txt -k MLIR_AIE -M 8192 -K 4096 -N 8192 -w 64 -y 64 -z 64 --iters 40 --warmup 10 --verify 0

Avg NPU matmul time: 102591us.
Avg NPU gflops: 5358.72

Min NPU matmul time: 102055us.
Max NPU gflops: 5386.86

Max NPU matmul time: 102994us.
Min NPU gflops: 5337.75

Shuffle time: 298257us.

PASS!

rm -rf build _build whole_array.exe
rm -rf _build
mkdir -p _build
cd _build &&  cmake -E env CXXFLAGS="-std=c++23 -ggdb -DDTYPE_IN= -DDTYPE_OUT= -DDTYPE_ACC=" \
	cmake `echo /scratch/luisr/mlir-aie/programming_examples/basic/block_datatypes/matrix_multiplication/whole_array/..` -D CMAKE_C_COMPILER=gcc-13 -D CMAKE_CXX_COMPILER=g++-13 -DTARGET_NAME=whole_array -Dhostsrc=/scratch/luisr/mlir-aie/programming_examples/basic/block_datatypes/matrix_multiplication/whole_array/../bfp_test.cpp
CMake Deprecation Warning at CMakeLists.txt:13 (cmake_minimum_required):
  Compatibility with CMake < 3.10 will be removed from a future version of
  CMake.

  Update the VERSION argument <min> value.  Or, use the <min>...<max> syntax
  to tell CMake that the project requires at least <min> but has been updated
  to work with policies introduced by <max> or earlier.


-- The C compiler identification is GNU 13.3.0
-- The CXX compiler identification is GNU 13.3.0
-- Detecting C compiler ABI info
-- Detecting C compiler ABI info - done
-- Check for working C compiler: /usr/bin/gcc-13 - skipped
-- Detecting C compile features
-- Detecting C compile features - done
-- Detecting CXX compiler ABI info
-- Detecting CXX compiler ABI info - done
-- Check for working CXX compiler: /usr/bin/g++-13 - skipped
-- Detecting CXX compile features
-- Detecting CXX compile features - done
-- Configuring done (0.3s)
-- Generating done (0.0s)
-- Build files have been written to: /scratch/luisr/mlir-aie/programming_examples/basic/block_datatypes/matrix_multiplication/whole_array/_build
cd _build &&  cmake --build . --config Release
gmake[1]: Entering directory '/scratch/luisr/mlir-aie/programming_examples/basic/block_datatypes/matrix_multiplication/whole_array/_build'
gmake[2]: Entering directory '/scratch/luisr/mlir-aie/programming_examples/basic/block_datatypes/matrix_multiplication/whole_array/_build'
gmake[3]: Entering directory '/scratch/luisr/mlir-aie/programming_examples/basic/block_datatypes/matrix_multiplication/whole_array/_build'
gmake[3]: Leaving directory '/scratch/luisr/mlir-aie/programming_examples/basic/block_datatypes/matrix_multiplication/whole_array/_build'
gmake[3]: Entering directory '/scratch/luisr/mlir-aie/programming_examples/basic/block_datatypes/matrix_multiplication/whole_array/_build'
[ 33%] Building CXX object CMakeFiles/whole_array.dir/bfp_test.cpp.o
[ 66%] Building CXX object CMakeFiles/whole_array.dir/scratch/luisr/mlir-aie/runtime_lib/test_lib/test_utils.cpp.o
[100%] Linking CXX executable whole_array
gmake[3]: Leaving directory '/scratch/luisr/mlir-aie/programming_examples/basic/block_datatypes/matrix_multiplication/whole_array/_build'
[100%] Built target whole_array
gmake[2]: Leaving directory '/scratch/luisr/mlir-aie/programming_examples/basic/block_datatypes/matrix_multiplication/whole_array/_build'
gmake[1]: Leaving directory '/scratch/luisr/mlir-aie/programming_examples/basic/block_datatypes/matrix_multiplication/whole_array/_build'
cp _build/whole_array whole_array.exe 
mkdir -p build
python3 /scratch/luisr/mlir-aie/programming_examples/basic/block_datatypes/matrix_multiplication/whole_array/whole_array.py --n-aie-cols 8 -m 64 -k 64 -n 64 -M 8192 -K 6144 -N 512 > build/aie_8192x6144x512_64x64x64.mlir
mkdir -p build
cd build && xchesscc_wrapper aie2p -I /proj/xbuilds/2024.2_INT_1113_1001/installs/all_platforms/Vitis/2024.2/aietools/include  -DDIM_M=64 -DDIM_K=64 -DDIM_N=64 -c /scratch/luisr/mlir-aie/programming_examples/basic/block_datatypes/matrix_multiplication/whole_array/../mm.cc -o mm_64x64x64.o
WARNING: Default location for XILINX_VIVADO_IP_OVERRIDE not found: /build/xfndry/IP_2024.2_INTEGRATION_VERIFIED/customer/vivado/data/ip
mkdir -p build
cd build && aiecc.py --alloc-scheme= --aie-generate-xclbin --no-compile-host --xclbin-name=final_8192x6144x512_64x64x64.xclbin \
			 --dynamic-objFifos \
			--aie-generate-npu-insts --npu-insts-name=insts_8192x6144x512_64x64x64.txt ../build/aie_8192x6144x512_64x64x64.mlir

Generating: /scratch/luisr/mlir-aie/programming_examples/basic/block_datatypes/matrix_multiplication/whole_array/build/aie_8192x6144x512_64x64x64.mlir.prj/aie_cdo_elfs.bin
Generating: /scratch/luisr/mlir-aie/programming_examples/basic/block_datatypes/matrix_multiplication/whole_array/build/aie_8192x6144x512_64x64x64.mlir.prj/aie_cdo_init.bin
Generating: /scratch/luisr/mlir-aie/programming_examples/basic/block_datatypes/matrix_multiplication/whole_array/build/aie_8192x6144x512_64x64x64.mlir.prj/aie_cdo_enable.bin
export XRT_HACK_UNSECURE_LOADING_XCLBIN=1 && \
 ./whole_array.exe -x build/final_8192x6144x512_64x64x64.xclbin -i build/insts_8192x6144x512_64x64x64.txt -k MLIR_AIE -M 8192 -K 6144 -N 512 -w 64 -y 64 -z 64 --iters 40 --warmup 10 --verify 0

Avg NPU matmul time: 13516.3us.
Avg NPU gflops: 3813.14

Min NPU matmul time: 12858us.
Max NPU gflops: 4008.37

Max NPU matmul time: 14519us.
Min NPU gflops: 3549.8

Shuffle time: 253251us.

PASS!

rm -rf build _build whole_array.exe
rm -rf _build
mkdir -p _build
cd _build &&  cmake -E env CXXFLAGS="-std=c++23 -ggdb -DDTYPE_IN= -DDTYPE_OUT= -DDTYPE_ACC=" \
	cmake `echo /scratch/luisr/mlir-aie/programming_examples/basic/block_datatypes/matrix_multiplication/whole_array/..` -D CMAKE_C_COMPILER=gcc-13 -D CMAKE_CXX_COMPILER=g++-13 -DTARGET_NAME=whole_array -Dhostsrc=/scratch/luisr/mlir-aie/programming_examples/basic/block_datatypes/matrix_multiplication/whole_array/../bfp_test.cpp
CMake Deprecation Warning at CMakeLists.txt:13 (cmake_minimum_required):
  Compatibility with CMake < 3.10 will be removed from a future version of
  CMake.

  Update the VERSION argument <min> value.  Or, use the <min>...<max> syntax
  to tell CMake that the project requires at least <min> but has been updated
  to work with policies introduced by <max> or earlier.


-- The C compiler identification is GNU 13.3.0
-- The CXX compiler identification is GNU 13.3.0
-- Detecting C compiler ABI info
-- Detecting C compiler ABI info - done
-- Check for working C compiler: /usr/bin/gcc-13 - skipped
-- Detecting C compile features
-- Detecting C compile features - done
-- Detecting CXX compiler ABI info
-- Detecting CXX compiler ABI info - done
-- Check for working CXX compiler: /usr/bin/g++-13 - skipped
-- Detecting CXX compile features
-- Detecting CXX compile features - done
-- Configuring done (0.2s)
-- Generating done (0.0s)
-- Build files have been written to: /scratch/luisr/mlir-aie/programming_examples/basic/block_datatypes/matrix_multiplication/whole_array/_build
cd _build &&  cmake --build . --config Release
gmake[1]: Entering directory '/scratch/luisr/mlir-aie/programming_examples/basic/block_datatypes/matrix_multiplication/whole_array/_build'
gmake[2]: Entering directory '/scratch/luisr/mlir-aie/programming_examples/basic/block_datatypes/matrix_multiplication/whole_array/_build'
gmake[3]: Entering directory '/scratch/luisr/mlir-aie/programming_examples/basic/block_datatypes/matrix_multiplication/whole_array/_build'
gmake[3]: Leaving directory '/scratch/luisr/mlir-aie/programming_examples/basic/block_datatypes/matrix_multiplication/whole_array/_build'
gmake[3]: Entering directory '/scratch/luisr/mlir-aie/programming_examples/basic/block_datatypes/matrix_multiplication/whole_array/_build'
[ 33%] Building CXX object CMakeFiles/whole_array.dir/bfp_test.cpp.o
[ 66%] Building CXX object CMakeFiles/whole_array.dir/scratch/luisr/mlir-aie/runtime_lib/test_lib/test_utils.cpp.o
[100%] Linking CXX executable whole_array
gmake[3]: Leaving directory '/scratch/luisr/mlir-aie/programming_examples/basic/block_datatypes/matrix_multiplication/whole_array/_build'
[100%] Built target whole_array
gmake[2]: Leaving directory '/scratch/luisr/mlir-aie/programming_examples/basic/block_datatypes/matrix_multiplication/whole_array/_build'
gmake[1]: Leaving directory '/scratch/luisr/mlir-aie/programming_examples/basic/block_datatypes/matrix_multiplication/whole_array/_build'
cp _build/whole_array whole_array.exe 
mkdir -p build
python3 /scratch/luisr/mlir-aie/programming_examples/basic/block_datatypes/matrix_multiplication/whole_array/whole_array.py --n-aie-cols 8 -m 64 -k 64 -n 64 -M 8192 -K 6144 -N 1024 > build/aie_8192x6144x1024_64x64x64.mlir
mkdir -p build
cd build && xchesscc_wrapper aie2p -I /proj/xbuilds/2024.2_INT_1113_1001/installs/all_platforms/Vitis/2024.2/aietools/include  -DDIM_M=64 -DDIM_K=64 -DDIM_N=64 -c /scratch/luisr/mlir-aie/programming_examples/basic/block_datatypes/matrix_multiplication/whole_array/../mm.cc -o mm_64x64x64.o
WARNING: Default location for XILINX_VIVADO_IP_OVERRIDE not found: /build/xfndry/IP_2024.2_INTEGRATION_VERIFIED/customer/vivado/data/ip
mkdir -p build
cd build && aiecc.py --alloc-scheme= --aie-generate-xclbin --no-compile-host --xclbin-name=final_8192x6144x1024_64x64x64.xclbin \
			 --dynamic-objFifos \
			--aie-generate-npu-insts --npu-insts-name=insts_8192x6144x1024_64x64x64.txt ../build/aie_8192x6144x1024_64x64x64.mlir

Generating: /scratch/luisr/mlir-aie/programming_examples/basic/block_datatypes/matrix_multiplication/whole_array/build/aie_8192x6144x1024_64x64x64.mlir.prj/aie_cdo_elfs.bin
Generating: /scratch/luisr/mlir-aie/programming_examples/basic/block_datatypes/matrix_multiplication/whole_array/build/aie_8192x6144x1024_64x64x64.mlir.prj/aie_cdo_init.bin
Generating: /scratch/luisr/mlir-aie/programming_examples/basic/block_datatypes/matrix_multiplication/whole_array/build/aie_8192x6144x1024_64x64x64.mlir.prj/aie_cdo_enable.bin
export XRT_HACK_UNSECURE_LOADING_XCLBIN=1 && \
 ./whole_array.exe -x build/final_8192x6144x1024_64x64x64.xclbin -i build/insts_8192x6144x1024_64x64x64.txt -k MLIR_AIE -M 8192 -K 6144 -N 1024 -w 64 -y 64 -z 64 --iters 40 --warmup 10 --verify 0

Avg NPU matmul time: 25399.7us.
Avg NPU gflops: 4058.28

Min NPU matmul time: 24815us.
Max NPU gflops: 4153.91

Max NPU matmul time: 26318us.
Min NPU gflops: 3916.68

Shuffle time: 264506us.

PASS!

rm -rf build _build whole_array.exe
rm -rf _build
mkdir -p _build
cd _build &&  cmake -E env CXXFLAGS="-std=c++23 -ggdb -DDTYPE_IN= -DDTYPE_OUT= -DDTYPE_ACC=" \
	cmake `echo /scratch/luisr/mlir-aie/programming_examples/basic/block_datatypes/matrix_multiplication/whole_array/..` -D CMAKE_C_COMPILER=gcc-13 -D CMAKE_CXX_COMPILER=g++-13 -DTARGET_NAME=whole_array -Dhostsrc=/scratch/luisr/mlir-aie/programming_examples/basic/block_datatypes/matrix_multiplication/whole_array/../bfp_test.cpp
CMake Deprecation Warning at CMakeLists.txt:13 (cmake_minimum_required):
  Compatibility with CMake < 3.10 will be removed from a future version of
  CMake.

  Update the VERSION argument <min> value.  Or, use the <min>...<max> syntax
  to tell CMake that the project requires at least <min> but has been updated
  to work with policies introduced by <max> or earlier.


-- The C compiler identification is GNU 13.3.0
-- The CXX compiler identification is GNU 13.3.0
-- Detecting C compiler ABI info
-- Detecting C compiler ABI info - done
-- Check for working C compiler: /usr/bin/gcc-13 - skipped
-- Detecting C compile features
-- Detecting C compile features - done
-- Detecting CXX compiler ABI info
-- Detecting CXX compiler ABI info - done
-- Check for working CXX compiler: /usr/bin/g++-13 - skipped
-- Detecting CXX compile features
-- Detecting CXX compile features - done
-- Configuring done (0.2s)
-- Generating done (0.0s)
-- Build files have been written to: /scratch/luisr/mlir-aie/programming_examples/basic/block_datatypes/matrix_multiplication/whole_array/_build
cd _build &&  cmake --build . --config Release
gmake[1]: Entering directory '/scratch/luisr/mlir-aie/programming_examples/basic/block_datatypes/matrix_multiplication/whole_array/_build'
gmake[2]: Entering directory '/scratch/luisr/mlir-aie/programming_examples/basic/block_datatypes/matrix_multiplication/whole_array/_build'
gmake[3]: Entering directory '/scratch/luisr/mlir-aie/programming_examples/basic/block_datatypes/matrix_multiplication/whole_array/_build'
gmake[3]: Leaving directory '/scratch/luisr/mlir-aie/programming_examples/basic/block_datatypes/matrix_multiplication/whole_array/_build'
gmake[3]: Entering directory '/scratch/luisr/mlir-aie/programming_examples/basic/block_datatypes/matrix_multiplication/whole_array/_build'
[ 33%] Building CXX object CMakeFiles/whole_array.dir/bfp_test.cpp.o
[ 66%] Building CXX object CMakeFiles/whole_array.dir/scratch/luisr/mlir-aie/runtime_lib/test_lib/test_utils.cpp.o
[100%] Linking CXX executable whole_array
gmake[3]: Leaving directory '/scratch/luisr/mlir-aie/programming_examples/basic/block_datatypes/matrix_multiplication/whole_array/_build'
[100%] Built target whole_array
gmake[2]: Leaving directory '/scratch/luisr/mlir-aie/programming_examples/basic/block_datatypes/matrix_multiplication/whole_array/_build'
gmake[1]: Leaving directory '/scratch/luisr/mlir-aie/programming_examples/basic/block_datatypes/matrix_multiplication/whole_array/_build'
cp _build/whole_array whole_array.exe 
mkdir -p build
python3 /scratch/luisr/mlir-aie/programming_examples/basic/block_datatypes/matrix_multiplication/whole_array/whole_array.py --n-aie-cols 8 -m 64 -k 64 -n 64 -M 8192 -K 6144 -N 4096 > build/aie_8192x6144x4096_64x64x64.mlir
mkdir -p build
cd build && xchesscc_wrapper aie2p -I /proj/xbuilds/2024.2_INT_1113_1001/installs/all_platforms/Vitis/2024.2/aietools/include  -DDIM_M=64 -DDIM_K=64 -DDIM_N=64 -c /scratch/luisr/mlir-aie/programming_examples/basic/block_datatypes/matrix_multiplication/whole_array/../mm.cc -o mm_64x64x64.o
WARNING: Default location for XILINX_VIVADO_IP_OVERRIDE not found: /build/xfndry/IP_2024.2_INTEGRATION_VERIFIED/customer/vivado/data/ip
mkdir -p build
cd build && aiecc.py --alloc-scheme= --aie-generate-xclbin --no-compile-host --xclbin-name=final_8192x6144x4096_64x64x64.xclbin \
			 --dynamic-objFifos \
			--aie-generate-npu-insts --npu-insts-name=insts_8192x6144x4096_64x64x64.txt ../build/aie_8192x6144x4096_64x64x64.mlir

Generating: /scratch/luisr/mlir-aie/programming_examples/basic/block_datatypes/matrix_multiplication/whole_array/build/aie_8192x6144x4096_64x64x64.mlir.prj/aie_cdo_elfs.bin
Generating: /scratch/luisr/mlir-aie/programming_examples/basic/block_datatypes/matrix_multiplication/whole_array/build/aie_8192x6144x4096_64x64x64.mlir.prj/aie_cdo_init.bin
Generating: /scratch/luisr/mlir-aie/programming_examples/basic/block_datatypes/matrix_multiplication/whole_array/build/aie_8192x6144x4096_64x64x64.mlir.prj/aie_cdo_enable.bin
export XRT_HACK_UNSECURE_LOADING_XCLBIN=1 && \
 ./whole_array.exe -x build/final_8192x6144x4096_64x64x64.xclbin -i build/insts_8192x6144x4096_64x64x64.txt -k MLIR_AIE -M 8192 -K 6144 -N 4096 -w 64 -y 64 -z 64 --iters 40 --warmup 10 --verify 0

Avg NPU matmul time: 103086us.
Avg NPU gflops: 3999.74

Min NPU matmul time: 102315us.
Max NPU gflops: 4029.88

Max NPU matmul time: 104495us.
Min NPU gflops: 3945.8

Shuffle time: 350679us.

PASS!

rm -rf build _build whole_array.exe
rm -rf _build
mkdir -p _build
cd _build &&  cmake -E env CXXFLAGS="-std=c++23 -ggdb -DDTYPE_IN= -DDTYPE_OUT= -DDTYPE_ACC=" \
	cmake `echo /scratch/luisr/mlir-aie/programming_examples/basic/block_datatypes/matrix_multiplication/whole_array/..` -D CMAKE_C_COMPILER=gcc-13 -D CMAKE_CXX_COMPILER=g++-13 -DTARGET_NAME=whole_array -Dhostsrc=/scratch/luisr/mlir-aie/programming_examples/basic/block_datatypes/matrix_multiplication/whole_array/../bfp_test.cpp
CMake Deprecation Warning at CMakeLists.txt:13 (cmake_minimum_required):
  Compatibility with CMake < 3.10 will be removed from a future version of
  CMake.

  Update the VERSION argument <min> value.  Or, use the <min>...<max> syntax
  to tell CMake that the project requires at least <min> but has been updated
  to work with policies introduced by <max> or earlier.


-- The C compiler identification is GNU 13.3.0
-- The CXX compiler identification is GNU 13.3.0
-- Detecting C compiler ABI info
-- Detecting C compiler ABI info - done
-- Check for working C compiler: /usr/bin/gcc-13 - skipped
-- Detecting C compile features
-- Detecting C compile features - done
-- Detecting CXX compiler ABI info
-- Detecting CXX compiler ABI info - done
-- Check for working CXX compiler: /usr/bin/g++-13 - skipped
-- Detecting CXX compile features
-- Detecting CXX compile features - done
-- Configuring done (0.3s)
-- Generating done (0.0s)
-- Build files have been written to: /scratch/luisr/mlir-aie/programming_examples/basic/block_datatypes/matrix_multiplication/whole_array/_build
cd _build &&  cmake --build . --config Release
gmake[1]: Entering directory '/scratch/luisr/mlir-aie/programming_examples/basic/block_datatypes/matrix_multiplication/whole_array/_build'
gmake[2]: Entering directory '/scratch/luisr/mlir-aie/programming_examples/basic/block_datatypes/matrix_multiplication/whole_array/_build'
gmake[3]: Entering directory '/scratch/luisr/mlir-aie/programming_examples/basic/block_datatypes/matrix_multiplication/whole_array/_build'
gmake[3]: Leaving directory '/scratch/luisr/mlir-aie/programming_examples/basic/block_datatypes/matrix_multiplication/whole_array/_build'
gmake[3]: Entering directory '/scratch/luisr/mlir-aie/programming_examples/basic/block_datatypes/matrix_multiplication/whole_array/_build'
[ 33%] Building CXX object CMakeFiles/whole_array.dir/bfp_test.cpp.o
[ 66%] Building CXX object CMakeFiles/whole_array.dir/scratch/luisr/mlir-aie/runtime_lib/test_lib/test_utils.cpp.o
[100%] Linking CXX executable whole_array
gmake[3]: Leaving directory '/scratch/luisr/mlir-aie/programming_examples/basic/block_datatypes/matrix_multiplication/whole_array/_build'
[100%] Built target whole_array
gmake[2]: Leaving directory '/scratch/luisr/mlir-aie/programming_examples/basic/block_datatypes/matrix_multiplication/whole_array/_build'
gmake[1]: Leaving directory '/scratch/luisr/mlir-aie/programming_examples/basic/block_datatypes/matrix_multiplication/whole_array/_build'
cp _build/whole_array whole_array.exe 
mkdir -p build
python3 /scratch/luisr/mlir-aie/programming_examples/basic/block_datatypes/matrix_multiplication/whole_array/whole_array.py --n-aie-cols 8 -m 64 -k 64 -n 64 -M 8192 -K 6144 -N 8192 > build/aie_8192x6144x8192_64x64x64.mlir
mkdir -p build
cd build && xchesscc_wrapper aie2p -I /proj/xbuilds/2024.2_INT_1113_1001/installs/all_platforms/Vitis/2024.2/aietools/include  -DDIM_M=64 -DDIM_K=64 -DDIM_N=64 -c /scratch/luisr/mlir-aie/programming_examples/basic/block_datatypes/matrix_multiplication/whole_array/../mm.cc -o mm_64x64x64.o
WARNING: Default location for XILINX_VIVADO_IP_OVERRIDE not found: /build/xfndry/IP_2024.2_INTEGRATION_VERIFIED/customer/vivado/data/ip
mkdir -p build
cd build && aiecc.py --alloc-scheme= --aie-generate-xclbin --no-compile-host --xclbin-name=final_8192x6144x8192_64x64x64.xclbin \
			 --dynamic-objFifos \
			--aie-generate-npu-insts --npu-insts-name=insts_8192x6144x8192_64x64x64.txt ../build/aie_8192x6144x8192_64x64x64.mlir

Generating: /scratch/luisr/mlir-aie/programming_examples/basic/block_datatypes/matrix_multiplication/whole_array/build/aie_8192x6144x8192_64x64x64.mlir.prj/aie_cdo_elfs.bin
Generating: /scratch/luisr/mlir-aie/programming_examples/basic/block_datatypes/matrix_multiplication/whole_array/build/aie_8192x6144x8192_64x64x64.mlir.prj/aie_cdo_init.bin
Generating: /scratch/luisr/mlir-aie/programming_examples/basic/block_datatypes/matrix_multiplication/whole_array/build/aie_8192x6144x8192_64x64x64.mlir.prj/aie_cdo_enable.bin
export XRT_HACK_UNSECURE_LOADING_XCLBIN=1 && \
 ./whole_array.exe -x build/final_8192x6144x8192_64x64x64.xclbin -i build/insts_8192x6144x8192_64x64x64.txt -k MLIR_AIE -M 8192 -K 6144 -N 8192 -w 64 -y 64 -z 64 --iters 40 --warmup 10 --verify 0

Avg NPU matmul time: 210275us.
Avg NPU gflops: 3921.69

Min NPU matmul time: 209385us.
Max NPU gflops: 3938.36

Max NPU matmul time: 211256us.
Min NPU gflops: 3903.48

Shuffle time: 466787us.

PASS!

