XILINX_LOC=/proj/xbuilds/2024.2_INT_daily_latest/installs/lin64/Vitis/2024.2
SHELL=/bin/csh
MYXILINX_VER=2024.2
HISTCONTROL=ignoreboth:erasedups
TERM_PROGRAM_VERSION=3.4
GROUP=newhiredefaultgrp
MACHTYPE=x86_64
TMUX=/tmp/tmux-50093633/default,2175750,0
AIETOOLS_ROOT=/proj/xbuilds/2024.2_INT_daily_latest/installs/lin64/Vitis/2024.2/aietools
XILINX_XRT=/opt/xilinx/xrt
n_aie_cols=8
PWD=/scratch/luisr/mlir-aie/programming_examples/basic/matrix_multiplication/whole_array
LOGNAME=lromeror
NPU2=1
XDG_SESSION_TYPE=tty
MLIR_AIE_INSTALL_DIR=/scratch/luisr/mlir-aie/install
N=8192
M=8192
K=6144
n=64
m=64
k=88
HOME=/home/lromeror
LANG=en_US.UTF-8
PEANO_INSTALL_DIR=/scratch/luisr/mlir-aie/ironenv/lib/python3.12/site-packages/llvm-aie
VIRTUAL_ENV=/scratch/luisr/mlir-aie/ironenv
OSTYPE=linux
SSH_CONNECTION=172.21.39.59 54406 172.20.10.58 22
XDG_SESSION_CLASS=user
PYTHONPATH=/scratch/luisr/mlir-aie/install/python:/opt/xilinx/xrt/python:/scratch/luisr/mlir-aie/install/python:/opt/xilinx/xrt/python
TERM=tmux-256color
HOST=xcoradaie213
USER=lromeror
use_chess=1
TMUX_PANE=%0
emulate_bfloat16_mmul_with_bfp16=1
SHLVL=4
XDG_SESSION_ID=2023
VIRTUAL_ENV_PROMPT=(ironenv) 
LM_LICENSE_FILE=2100@aiengine
LD_LIBRARY_PATH=/scratch/luisr/mlir-aie/install/lib:/opt/xilinx/xrt/lib:/scratch/luisr/mlir-aie/install/lib:/opt/xilinx/xrt/lib
XDG_RUNTIME_DIR=/run/user/50093633
MYXILINX_BASE=/proj/xbuilds/2024.2_INT_daily_latest
dtype_out=bf16
SSH_CLIENT=172.21.39.59 54406 22
NLSPATH=/usr/share/locale/%L/LC_MESSAGES/%N.cat:/usr/share/locale/%l/LC_MESSAGES/%N.cat
VENDOR=unknown
PATH=/scratch/luisr/mlir-aie/install/bin:/scratch/luisr/mlir-aie/ironenv/bin:/opt/xilinx/xrt/bin:/scratch/luisr/mlir-aie/install/bin:/scratch/luisr/mlir-aie/ironenv/bin:/opt/xilinx/xrt/bin:/usr/local/sbin:/usr/local/bin:/usr/sbin:/usr/bin:/sbin:/bin:/usr/games:/usr/local/games:/snap/bin:/proj/xbuilds/2024.2_INT_daily_latest/installs/lin64/Vitis/2024.2/aietools/bin:/proj/xbuilds/2024.2_INT_daily_latest/installs/lin64/Vitis/2024.2/bin:/proj/xbuilds/2024.2_INT_daily_latest/installs/lin64/Vitis/2024.2/aietools/bin:/proj/xbuilds/2024.2_INT_daily_latest/installs/lin64/Vitis/2024.2/bin
dtype_in=bf16
DBUS_SESSION_BUS_ADDRESS=unix:path=/run/user/50093633/bus
opt_perf=0
SSH_TTY=/dev/pts/1
HOSTTYPE=x86_64-linux
REMOTEHOST=172.21.39.59
OLDPWD=/scratch/luisr/mlir-aie/programming_examples/basic/block_datatypes/matrix_multiplication/whole_array_mixed
runargs=--iters 40 --warmup 10 --verify 0
TERM_PROGRAM=tmux
_=/usr/bin/env
##===- Makefile -----------------------------------------------------------===##
# 
# This file licensed under the Apache License v2.0 with LLVM Exceptions.
# See https://llvm.org/LICENSE.txt for license information.
# SPDX-License-Identifier: Apache-2.0 WITH LLVM-exception
#
# Copyright (C) 2025, Advanced Micro Devices, Inc.
# 
##===----------------------------------------------------------------------===##
srcdir := $(shell dirname $(realpath $(firstword $(MAKEFILE_LIST))))
subdir=whole_array
targetname=whole_array


# M, K, N: final GEMM dimensions
M?=512
K?=512
N?=512

# m, k, n: single AIE core GEMM dimensions
m?=32
k?=32
n?=32

n_aie_cols?=4
b_col_maj?=0

kernels=mm_${m}x${k}x${n}
aieargs+=-m $m -k $k -n $n --n-aie-cols ${n_aie_cols} --b-col-maj ${b_col_maj}
runargs+=--b_col_maj ${b_col_maj}
target_suffix=${M}x${K}x${N}_${m}x${k}x${n}_${n_aie_cols}c
use_placed?=0
use_iron?=0

# set this flag to 1 for linear buffer allocation
# else, 0 for bank-aware
use_linear_buf_alloc?=1

ifeq (${use_linear_buf_alloc}, 1)
buffer_aloc_flag=basic-sequential
else
buffer_aloc_flag=bank-aware
endif

ifeq (${use_placed}, 1)
aie_py_src=${targetname}_placed.py
ifeq (${use_iron}, 1)
$(error Cannot specify both placed design and IRON)
endif
endif

ifeq (${use_iron}, 1)
aie_py_src=${targetname}_iron.py
endif

KERNEL_DEFINES=-D${dtype_in}_${dtype_out}_ONLY -DDIM_M=${m} -DDIM_K=${k} -DDIM_N=${n}
ifeq (${b_col_maj}, 1)
	KERNEL_DEFINES+=-DB_COL_MAJ
endif

include ${srcdir}/../makefile-common

build/mm_${m}x${k}x${n}.o: ${kernels_dir}/mm.cc
	mkdir -p ${@D}
	cd ${@D} && ${KERNEL_CC} ${KERNEL_CFLAGS} ${KERNEL_DEFINES} -c $< -o ${@F}
rm -rf tmpTrace parse*.json trace*json trace.txt
rm -rf build _build whole_array.exe
rm -rf _build
mkdir -p _build
cd _build &&  cmake -E env CXXFLAGS="-std=c++23 -ggdb -DDTYPE_IN=std::bfloat16_t -DDTYPE_OUT=std::bfloat16_t -DDTYPE_ACC=float" \
	cmake `echo /scratch/luisr/mlir-aie/programming_examples/basic/matrix_multiplication/whole_array/..` -D CMAKE_C_COMPILER=gcc-13 -D CMAKE_CXX_COMPILER=g++-13 -DTARGET_NAME=whole_array -Dsubdir=whole_array
-- The C compiler identification is GNU 13.3.0
-- The CXX compiler identification is GNU 13.3.0
-- Detecting C compiler ABI info
-- Detecting C compiler ABI info - done
-- Check for working C compiler: /usr/bin/gcc-13 - skipped
-- Detecting C compile features
-- Detecting C compile features - done
-- Detecting CXX compiler ABI info
-- Detecting CXX compiler ABI info - done
-- Check for working CXX compiler: /usr/bin/g++-13 - skipped
-- Detecting CXX compile features
-- Detecting CXX compile features - done
-- Configuring done (0.2s)
-- Generating done (0.0s)
-- Build files have been written to: /scratch/luisr/mlir-aie/programming_examples/basic/matrix_multiplication/whole_array/_build
cd _build &&  cmake --build . --config Release
gmake[1]: Entering directory '/scratch/luisr/mlir-aie/programming_examples/basic/matrix_multiplication/whole_array/_build'
gmake[2]: Entering directory '/scratch/luisr/mlir-aie/programming_examples/basic/matrix_multiplication/whole_array/_build'
gmake[3]: Entering directory '/scratch/luisr/mlir-aie/programming_examples/basic/matrix_multiplication/whole_array/_build'
gmake[3]: Leaving directory '/scratch/luisr/mlir-aie/programming_examples/basic/matrix_multiplication/whole_array/_build'
gmake[3]: Entering directory '/scratch/luisr/mlir-aie/programming_examples/basic/matrix_multiplication/whole_array/_build'
[ 33%] Building CXX object CMakeFiles/whole_array.dir/scratch/luisr/mlir-aie/runtime_lib/test_lib/test_utils.cpp.o
[ 66%] Building CXX object CMakeFiles/whole_array.dir/whole_array/test.cpp.o
[100%] Linking CXX executable whole_array
gmake[3]: Leaving directory '/scratch/luisr/mlir-aie/programming_examples/basic/matrix_multiplication/whole_array/_build'
[100%] Built target whole_array
gmake[2]: Leaving directory '/scratch/luisr/mlir-aie/programming_examples/basic/matrix_multiplication/whole_array/_build'
gmake[1]: Leaving directory '/scratch/luisr/mlir-aie/programming_examples/basic/matrix_multiplication/whole_array/_build'
cp _build/whole_array whole_array.exe 
mkdir -p build
python3 /scratch/luisr/mlir-aie/programming_examples/basic/matrix_multiplication/whole_array/whole_array.py -m 64 -k 88 -n 64 --n-aie-cols 8 --b-col-maj 0 --dev npu2 -M 512 -K 704 -N 512 --dtype_in bf16 --dtype_out bf16 --emulate-bf16-mmul-with-bfp16 true --trace_size 0 > build/aie_512x704x512_64x88x64_8c.mlir
mkdir -p build
cd build && xchesscc_wrapper aie2p -I /proj/xbuilds/2024.2_INT_1113_1001/installs/all_platforms/Vitis/2024.2/aietools/include  -Dbf16_bf16_ONLY -DDIM_M=64 -DDIM_K=88 -DDIM_N=64 -DAIE_API_EMULATE_BFLOAT16_MMUL_WITH_BFP16 -c /scratch/luisr/mlir-aie/programming_examples/basic/matrix_multiplication/whole_array/../../../../aie_kernels/aie2p/mm.cc -o mm_64x88x64.o
WARNING: Default location for XILINX_VIVADO_IP_OVERRIDE not found: /build/xfndry/IP_2024.2_INTEGRATION_VERIFIED/customer/vivado/data/ip
mkdir -p build
cd build && aiecc.py --alloc-scheme=basic-sequential --aie-generate-xclbin --no-compile-host --xclbin-name=final_512x704x512_64x88x64_8c.xclbin \
			 \
			--aie-generate-npu-insts --npu-insts-name=insts_512x704x512_64x88x64_8c.txt ../build/aie_512x704x512_64x88x64_8c.mlir

Generating: /scratch/luisr/mlir-aie/programming_examples/basic/matrix_multiplication/whole_array/build/aie_512x704x512_64x88x64_8c.mlir.prj/aie_cdo_elfs.bin
Generating: /scratch/luisr/mlir-aie/programming_examples/basic/matrix_multiplication/whole_array/build/aie_512x704x512_64x88x64_8c.mlir.prj/aie_cdo_init.bin
Generating: /scratch/luisr/mlir-aie/programming_examples/basic/matrix_multiplication/whole_array/build/aie_512x704x512_64x88x64_8c.mlir.prj/aie_cdo_enable.bin
export XRT_HACK_UNSECURE_LOADING_XCLBIN=1 && \
 ./whole_array.exe -x build/final_512x704x512_64x88x64_8c.xclbin -i build/insts_512x704x512_64x88x64_8c.txt -k MLIR_AIE -M 512 -K 704 -N 512 --iters 40 --warmup 10 --verify 0 --b_col_maj 0

Avg NPU matmul time: 176.575us.
Avg NPU gflops: 2090.32

Min NPU matmul time: 172us.
Max NPU gflops: 2145.92

Max NPU matmul time: 208us.
Min NPU gflops: 1774.51

PASS!

rm -rf tmpTrace parse*.json trace*json trace.txt
rm -rf build _build whole_array.exe
rm -rf _build
mkdir -p _build
cd _build &&  cmake -E env CXXFLAGS="-std=c++23 -ggdb -DDTYPE_IN=std::bfloat16_t -DDTYPE_OUT=std::bfloat16_t -DDTYPE_ACC=float" \
	cmake `echo /scratch/luisr/mlir-aie/programming_examples/basic/matrix_multiplication/whole_array/..` -D CMAKE_C_COMPILER=gcc-13 -D CMAKE_CXX_COMPILER=g++-13 -DTARGET_NAME=whole_array -Dsubdir=whole_array
-- The C compiler identification is GNU 13.3.0
-- The CXX compiler identification is GNU 13.3.0
-- Detecting C compiler ABI info
-- Detecting C compiler ABI info - done
-- Check for working C compiler: /usr/bin/gcc-13 - skipped
-- Detecting C compile features
-- Detecting C compile features - done
-- Detecting CXX compiler ABI info
-- Detecting CXX compiler ABI info - done
-- Check for working CXX compiler: /usr/bin/g++-13 - skipped
-- Detecting CXX compile features
-- Detecting CXX compile features - done
-- Configuring done (0.3s)
-- Generating done (0.0s)
-- Build files have been written to: /scratch/luisr/mlir-aie/programming_examples/basic/matrix_multiplication/whole_array/_build
cd _build &&  cmake --build . --config Release
gmake[1]: Entering directory '/scratch/luisr/mlir-aie/programming_examples/basic/matrix_multiplication/whole_array/_build'
gmake[2]: Entering directory '/scratch/luisr/mlir-aie/programming_examples/basic/matrix_multiplication/whole_array/_build'
gmake[3]: Entering directory '/scratch/luisr/mlir-aie/programming_examples/basic/matrix_multiplication/whole_array/_build'
gmake[3]: Leaving directory '/scratch/luisr/mlir-aie/programming_examples/basic/matrix_multiplication/whole_array/_build'
gmake[3]: Entering directory '/scratch/luisr/mlir-aie/programming_examples/basic/matrix_multiplication/whole_array/_build'
[ 33%] Building CXX object CMakeFiles/whole_array.dir/scratch/luisr/mlir-aie/runtime_lib/test_lib/test_utils.cpp.o
[ 66%] Building CXX object CMakeFiles/whole_array.dir/whole_array/test.cpp.o
[100%] Linking CXX executable whole_array
gmake[3]: Leaving directory '/scratch/luisr/mlir-aie/programming_examples/basic/matrix_multiplication/whole_array/_build'
[100%] Built target whole_array
gmake[2]: Leaving directory '/scratch/luisr/mlir-aie/programming_examples/basic/matrix_multiplication/whole_array/_build'
gmake[1]: Leaving directory '/scratch/luisr/mlir-aie/programming_examples/basic/matrix_multiplication/whole_array/_build'
cp _build/whole_array whole_array.exe 
mkdir -p build
python3 /scratch/luisr/mlir-aie/programming_examples/basic/matrix_multiplication/whole_array/whole_array.py -m 64 -k 88 -n 64 --n-aie-cols 8 --b-col-maj 0 --dev npu2 -M 512 -K 704 -N 1024 --dtype_in bf16 --dtype_out bf16 --emulate-bf16-mmul-with-bfp16 true --trace_size 0 > build/aie_512x704x1024_64x88x64_8c.mlir
mkdir -p build
cd build && xchesscc_wrapper aie2p -I /proj/xbuilds/2024.2_INT_1113_1001/installs/all_platforms/Vitis/2024.2/aietools/include  -Dbf16_bf16_ONLY -DDIM_M=64 -DDIM_K=88 -DDIM_N=64 -DAIE_API_EMULATE_BFLOAT16_MMUL_WITH_BFP16 -c /scratch/luisr/mlir-aie/programming_examples/basic/matrix_multiplication/whole_array/../../../../aie_kernels/aie2p/mm.cc -o mm_64x88x64.o
WARNING: Default location for XILINX_VIVADO_IP_OVERRIDE not found: /build/xfndry/IP_2024.2_INTEGRATION_VERIFIED/customer/vivado/data/ip
mkdir -p build
cd build && aiecc.py --alloc-scheme=basic-sequential --aie-generate-xclbin --no-compile-host --xclbin-name=final_512x704x1024_64x88x64_8c.xclbin \
			 \
			--aie-generate-npu-insts --npu-insts-name=insts_512x704x1024_64x88x64_8c.txt ../build/aie_512x704x1024_64x88x64_8c.mlir

Generating: /scratch/luisr/mlir-aie/programming_examples/basic/matrix_multiplication/whole_array/build/aie_512x704x1024_64x88x64_8c.mlir.prj/aie_cdo_elfs.bin
Generating: /scratch/luisr/mlir-aie/programming_examples/basic/matrix_multiplication/whole_array/build/aie_512x704x1024_64x88x64_8c.mlir.prj/aie_cdo_init.bin
Generating: /scratch/luisr/mlir-aie/programming_examples/basic/matrix_multiplication/whole_array/build/aie_512x704x1024_64x88x64_8c.mlir.prj/aie_cdo_enable.bin
export XRT_HACK_UNSECURE_LOADING_XCLBIN=1 && \
 ./whole_array.exe -x build/final_512x704x1024_64x88x64_8c.xclbin -i build/insts_512x704x1024_64x88x64_8c.txt -k MLIR_AIE -M 512 -K 704 -N 1024 --iters 40 --warmup 10 --verify 0 --b_col_maj 0

Avg NPU matmul time: 251.525us.
Avg NPU gflops: 2934.89

Min NPU matmul time: 238us.
Max NPU gflops: 3101.67

Max NPU matmul time: 298us.
Min NPU gflops: 2477.17

PASS!

rm -rf tmpTrace parse*.json trace*json trace.txt
rm -rf build _build whole_array.exe
rm -rf _build
mkdir -p _build
cd _build &&  cmake -E env CXXFLAGS="-std=c++23 -ggdb -DDTYPE_IN=std::bfloat16_t -DDTYPE_OUT=std::bfloat16_t -DDTYPE_ACC=float" \
	cmake `echo /scratch/luisr/mlir-aie/programming_examples/basic/matrix_multiplication/whole_array/..` -D CMAKE_C_COMPILER=gcc-13 -D CMAKE_CXX_COMPILER=g++-13 -DTARGET_NAME=whole_array -Dsubdir=whole_array
-- The C compiler identification is GNU 13.3.0
-- The CXX compiler identification is GNU 13.3.0
-- Detecting C compiler ABI info
-- Detecting C compiler ABI info - done
-- Check for working C compiler: /usr/bin/gcc-13 - skipped
-- Detecting C compile features
-- Detecting C compile features - done
-- Detecting CXX compiler ABI info
-- Detecting CXX compiler ABI info - done
-- Check for working CXX compiler: /usr/bin/g++-13 - skipped
-- Detecting CXX compile features
-- Detecting CXX compile features - done
-- Configuring done (0.3s)
-- Generating done (0.0s)
-- Build files have been written to: /scratch/luisr/mlir-aie/programming_examples/basic/matrix_multiplication/whole_array/_build
cd _build &&  cmake --build . --config Release
gmake[1]: Entering directory '/scratch/luisr/mlir-aie/programming_examples/basic/matrix_multiplication/whole_array/_build'
gmake[2]: Entering directory '/scratch/luisr/mlir-aie/programming_examples/basic/matrix_multiplication/whole_array/_build'
gmake[3]: Entering directory '/scratch/luisr/mlir-aie/programming_examples/basic/matrix_multiplication/whole_array/_build'
gmake[3]: Leaving directory '/scratch/luisr/mlir-aie/programming_examples/basic/matrix_multiplication/whole_array/_build'
gmake[3]: Entering directory '/scratch/luisr/mlir-aie/programming_examples/basic/matrix_multiplication/whole_array/_build'
[ 33%] Building CXX object CMakeFiles/whole_array.dir/scratch/luisr/mlir-aie/runtime_lib/test_lib/test_utils.cpp.o
[ 66%] Building CXX object CMakeFiles/whole_array.dir/whole_array/test.cpp.o
[100%] Linking CXX executable whole_array
gmake[3]: Leaving directory '/scratch/luisr/mlir-aie/programming_examples/basic/matrix_multiplication/whole_array/_build'
[100%] Built target whole_array
gmake[2]: Leaving directory '/scratch/luisr/mlir-aie/programming_examples/basic/matrix_multiplication/whole_array/_build'
gmake[1]: Leaving directory '/scratch/luisr/mlir-aie/programming_examples/basic/matrix_multiplication/whole_array/_build'
cp _build/whole_array whole_array.exe 
mkdir -p build
python3 /scratch/luisr/mlir-aie/programming_examples/basic/matrix_multiplication/whole_array/whole_array.py -m 64 -k 88 -n 64 --n-aie-cols 8 --b-col-maj 0 --dev npu2 -M 512 -K 704 -N 4096 --dtype_in bf16 --dtype_out bf16 --emulate-bf16-mmul-with-bfp16 true --trace_size 0 > build/aie_512x704x4096_64x88x64_8c.mlir
mkdir -p build
cd build && xchesscc_wrapper aie2p -I /proj/xbuilds/2024.2_INT_1113_1001/installs/all_platforms/Vitis/2024.2/aietools/include  -Dbf16_bf16_ONLY -DDIM_M=64 -DDIM_K=88 -DDIM_N=64 -DAIE_API_EMULATE_BFLOAT16_MMUL_WITH_BFP16 -c /scratch/luisr/mlir-aie/programming_examples/basic/matrix_multiplication/whole_array/../../../../aie_kernels/aie2p/mm.cc -o mm_64x88x64.o
WARNING: Default location for XILINX_VIVADO_IP_OVERRIDE not found: /build/xfndry/IP_2024.2_INTEGRATION_VERIFIED/customer/vivado/data/ip
mkdir -p build
cd build && aiecc.py --alloc-scheme=basic-sequential --aie-generate-xclbin --no-compile-host --xclbin-name=final_512x704x4096_64x88x64_8c.xclbin \
			 \
			--aie-generate-npu-insts --npu-insts-name=insts_512x704x4096_64x88x64_8c.txt ../build/aie_512x704x4096_64x88x64_8c.mlir

Generating: /scratch/luisr/mlir-aie/programming_examples/basic/matrix_multiplication/whole_array/build/aie_512x704x4096_64x88x64_8c.mlir.prj/aie_cdo_elfs.bin
Generating: /scratch/luisr/mlir-aie/programming_examples/basic/matrix_multiplication/whole_array/build/aie_512x704x4096_64x88x64_8c.mlir.prj/aie_cdo_init.bin
Generating: /scratch/luisr/mlir-aie/programming_examples/basic/matrix_multiplication/whole_array/build/aie_512x704x4096_64x88x64_8c.mlir.prj/aie_cdo_enable.bin
export XRT_HACK_UNSECURE_LOADING_XCLBIN=1 && \
 ./whole_array.exe -x build/final_512x704x4096_64x88x64_8c.xclbin -i build/insts_512x704x4096_64x88x64_8c.txt -k MLIR_AIE -M 512 -K 704 -N 4096 --iters 40 --warmup 10 --verify 0 --b_col_maj 0

Avg NPU matmul time: 741.5us.
Avg NPU gflops: 3982.18

Min NPU matmul time: 729us.
Max NPU gflops: 4050.47

Max NPU matmul time: 758us.
Min NPU gflops: 3895.5

PASS!

rm -rf tmpTrace parse*.json trace*json trace.txt
rm -rf build _build whole_array.exe
rm -rf _build
mkdir -p _build
cd _build &&  cmake -E env CXXFLAGS="-std=c++23 -ggdb -DDTYPE_IN=std::bfloat16_t -DDTYPE_OUT=std::bfloat16_t -DDTYPE_ACC=float" \
	cmake `echo /scratch/luisr/mlir-aie/programming_examples/basic/matrix_multiplication/whole_array/..` -D CMAKE_C_COMPILER=gcc-13 -D CMAKE_CXX_COMPILER=g++-13 -DTARGET_NAME=whole_array -Dsubdir=whole_array
-- The C compiler identification is GNU 13.3.0
-- The CXX compiler identification is GNU 13.3.0
-- Detecting C compiler ABI info
-- Detecting C compiler ABI info - done
-- Check for working C compiler: /usr/bin/gcc-13 - skipped
-- Detecting C compile features
-- Detecting C compile features - done
-- Detecting CXX compiler ABI info
-- Detecting CXX compiler ABI info - done
-- Check for working CXX compiler: /usr/bin/g++-13 - skipped
-- Detecting CXX compile features
-- Detecting CXX compile features - done
-- Configuring done (0.3s)
-- Generating done (0.0s)
-- Build files have been written to: /scratch/luisr/mlir-aie/programming_examples/basic/matrix_multiplication/whole_array/_build
cd _build &&  cmake --build . --config Release
gmake[1]: Entering directory '/scratch/luisr/mlir-aie/programming_examples/basic/matrix_multiplication/whole_array/_build'
gmake[2]: Entering directory '/scratch/luisr/mlir-aie/programming_examples/basic/matrix_multiplication/whole_array/_build'
gmake[3]: Entering directory '/scratch/luisr/mlir-aie/programming_examples/basic/matrix_multiplication/whole_array/_build'
gmake[3]: Leaving directory '/scratch/luisr/mlir-aie/programming_examples/basic/matrix_multiplication/whole_array/_build'
gmake[3]: Entering directory '/scratch/luisr/mlir-aie/programming_examples/basic/matrix_multiplication/whole_array/_build'
[ 33%] Building CXX object CMakeFiles/whole_array.dir/scratch/luisr/mlir-aie/runtime_lib/test_lib/test_utils.cpp.o
[ 66%] Building CXX object CMakeFiles/whole_array.dir/whole_array/test.cpp.o
[100%] Linking CXX executable whole_array
gmake[3]: Leaving directory '/scratch/luisr/mlir-aie/programming_examples/basic/matrix_multiplication/whole_array/_build'
[100%] Built target whole_array
gmake[2]: Leaving directory '/scratch/luisr/mlir-aie/programming_examples/basic/matrix_multiplication/whole_array/_build'
gmake[1]: Leaving directory '/scratch/luisr/mlir-aie/programming_examples/basic/matrix_multiplication/whole_array/_build'
cp _build/whole_array whole_array.exe 
mkdir -p build
python3 /scratch/luisr/mlir-aie/programming_examples/basic/matrix_multiplication/whole_array/whole_array.py -m 64 -k 88 -n 64 --n-aie-cols 8 --b-col-maj 0 --dev npu2 -M 512 -K 704 -N 8192 --dtype_in bf16 --dtype_out bf16 --emulate-bf16-mmul-with-bfp16 true --trace_size 0 > build/aie_512x704x8192_64x88x64_8c.mlir
mkdir -p build
cd build && xchesscc_wrapper aie2p -I /proj/xbuilds/2024.2_INT_1113_1001/installs/all_platforms/Vitis/2024.2/aietools/include  -Dbf16_bf16_ONLY -DDIM_M=64 -DDIM_K=88 -DDIM_N=64 -DAIE_API_EMULATE_BFLOAT16_MMUL_WITH_BFP16 -c /scratch/luisr/mlir-aie/programming_examples/basic/matrix_multiplication/whole_array/../../../../aie_kernels/aie2p/mm.cc -o mm_64x88x64.o
WARNING: Default location for XILINX_VIVADO_IP_OVERRIDE not found: /build/xfndry/IP_2024.2_INTEGRATION_VERIFIED/customer/vivado/data/ip
mkdir -p build
cd build && aiecc.py --alloc-scheme=basic-sequential --aie-generate-xclbin --no-compile-host --xclbin-name=final_512x704x8192_64x88x64_8c.xclbin \
			 \
			--aie-generate-npu-insts --npu-insts-name=insts_512x704x8192_64x88x64_8c.txt ../build/aie_512x704x8192_64x88x64_8c.mlir

Generating: /scratch/luisr/mlir-aie/programming_examples/basic/matrix_multiplication/whole_array/build/aie_512x704x8192_64x88x64_8c.mlir.prj/aie_cdo_elfs.bin
Generating: /scratch/luisr/mlir-aie/programming_examples/basic/matrix_multiplication/whole_array/build/aie_512x704x8192_64x88x64_8c.mlir.prj/aie_cdo_init.bin
Generating: /scratch/luisr/mlir-aie/programming_examples/basic/matrix_multiplication/whole_array/build/aie_512x704x8192_64x88x64_8c.mlir.prj/aie_cdo_enable.bin
export XRT_HACK_UNSECURE_LOADING_XCLBIN=1 && \
 ./whole_array.exe -x build/final_512x704x8192_64x88x64_8c.xclbin -i build/insts_512x704x8192_64x88x64_8c.txt -k MLIR_AIE -M 512 -K 704 -N 8192 --iters 40 --warmup 10 --verify 0 --b_col_maj 0

Avg NPU matmul time: 1732.47us.
Avg NPU gflops: 3408.75

Min NPU matmul time: 1538us.
Max NPU gflops: 3839.78

Max NPU matmul time: 2374us.
Min NPU gflops: 2487.61

PASS!

rm -rf tmpTrace parse*.json trace*json trace.txt
rm -rf build _build whole_array.exe
rm -rf _build
mkdir -p _build
cd _build &&  cmake -E env CXXFLAGS="-std=c++23 -ggdb -DDTYPE_IN=std::bfloat16_t -DDTYPE_OUT=std::bfloat16_t -DDTYPE_ACC=float" \
	cmake `echo /scratch/luisr/mlir-aie/programming_examples/basic/matrix_multiplication/whole_array/..` -D CMAKE_C_COMPILER=gcc-13 -D CMAKE_CXX_COMPILER=g++-13 -DTARGET_NAME=whole_array -Dsubdir=whole_array
-- The C compiler identification is GNU 13.3.0
-- The CXX compiler identification is GNU 13.3.0
-- Detecting C compiler ABI info
-- Detecting C compiler ABI info - done
-- Check for working C compiler: /usr/bin/gcc-13 - skipped
-- Detecting C compile features
-- Detecting C compile features - done
-- Detecting CXX compiler ABI info
-- Detecting CXX compiler ABI info - done
-- Check for working CXX compiler: /usr/bin/g++-13 - skipped
-- Detecting CXX compile features
-- Detecting CXX compile features - done
-- Configuring done (0.2s)
-- Generating done (0.0s)
-- Build files have been written to: /scratch/luisr/mlir-aie/programming_examples/basic/matrix_multiplication/whole_array/_build
cd _build &&  cmake --build . --config Release
gmake[1]: Entering directory '/scratch/luisr/mlir-aie/programming_examples/basic/matrix_multiplication/whole_array/_build'
gmake[2]: Entering directory '/scratch/luisr/mlir-aie/programming_examples/basic/matrix_multiplication/whole_array/_build'
gmake[3]: Entering directory '/scratch/luisr/mlir-aie/programming_examples/basic/matrix_multiplication/whole_array/_build'
gmake[3]: Leaving directory '/scratch/luisr/mlir-aie/programming_examples/basic/matrix_multiplication/whole_array/_build'
gmake[3]: Entering directory '/scratch/luisr/mlir-aie/programming_examples/basic/matrix_multiplication/whole_array/_build'
[ 33%] Building CXX object CMakeFiles/whole_array.dir/scratch/luisr/mlir-aie/runtime_lib/test_lib/test_utils.cpp.o
[ 66%] Building CXX object CMakeFiles/whole_array.dir/whole_array/test.cpp.o
[100%] Linking CXX executable whole_array
gmake[3]: Leaving directory '/scratch/luisr/mlir-aie/programming_examples/basic/matrix_multiplication/whole_array/_build'
[100%] Built target whole_array
gmake[2]: Leaving directory '/scratch/luisr/mlir-aie/programming_examples/basic/matrix_multiplication/whole_array/_build'
gmake[1]: Leaving directory '/scratch/luisr/mlir-aie/programming_examples/basic/matrix_multiplication/whole_array/_build'
cp _build/whole_array whole_array.exe 
mkdir -p build
python3 /scratch/luisr/mlir-aie/programming_examples/basic/matrix_multiplication/whole_array/whole_array.py -m 64 -k 88 -n 64 --n-aie-cols 8 --b-col-maj 0 --dev npu2 -M 512 -K 1408 -N 512 --dtype_in bf16 --dtype_out bf16 --emulate-bf16-mmul-with-bfp16 true --trace_size 0 > build/aie_512x1408x512_64x88x64_8c.mlir
mkdir -p build
cd build && xchesscc_wrapper aie2p -I /proj/xbuilds/2024.2_INT_1113_1001/installs/all_platforms/Vitis/2024.2/aietools/include  -Dbf16_bf16_ONLY -DDIM_M=64 -DDIM_K=88 -DDIM_N=64 -DAIE_API_EMULATE_BFLOAT16_MMUL_WITH_BFP16 -c /scratch/luisr/mlir-aie/programming_examples/basic/matrix_multiplication/whole_array/../../../../aie_kernels/aie2p/mm.cc -o mm_64x88x64.o
WARNING: Default location for XILINX_VIVADO_IP_OVERRIDE not found: /build/xfndry/IP_2024.2_INTEGRATION_VERIFIED/customer/vivado/data/ip
mkdir -p build
cd build && aiecc.py --alloc-scheme=basic-sequential --aie-generate-xclbin --no-compile-host --xclbin-name=final_512x1408x512_64x88x64_8c.xclbin \
			 \
			--aie-generate-npu-insts --npu-insts-name=insts_512x1408x512_64x88x64_8c.txt ../build/aie_512x1408x512_64x88x64_8c.mlir

Generating: /scratch/luisr/mlir-aie/programming_examples/basic/matrix_multiplication/whole_array/build/aie_512x1408x512_64x88x64_8c.mlir.prj/aie_cdo_elfs.bin
rm -rf tmpTrace parse*.json trace*json trace.txt
rm -rf build _build whole_array.exe
rm -rf _build
mkdir -p _build
cd _build &&  cmake -E env CXXFLAGS="-std=c++23 -ggdb -DDTYPE_IN=std::bfloat16_t -DDTYPE_OUT=std::bfloat16_t -DDTYPE_ACC=float" \
	cmake `echo /scratch/luisr/mlir-aie/programming_examples/basic/matrix_multiplication/whole_array/..` -D CMAKE_C_COMPILER=gcc-13 -D CMAKE_CXX_COMPILER=g++-13 -DTARGET_NAME=whole_array -Dsubdir=whole_array
-- The C compiler identification is GNU 13.3.0
-- The CXX compiler identification is GNU 13.3.0
-- Detecting C compiler ABI info
-- Detecting C compiler ABI info - done
-- Check for working C compiler: /usr/bin/gcc-13 - skipped
-- Detecting C compile features
-- Detecting C compile features - done
-- Detecting CXX compiler ABI info
-- Detecting CXX compiler ABI info - done
-- Check for working CXX compiler: /usr/bin/g++-13 - skipped
-- Detecting CXX compile features
-- Detecting CXX compile features - done
-- Configuring done (0.3s)
-- Generating done (0.0s)
-- Build files have been written to: /scratch/luisr/mlir-aie/programming_examples/basic/matrix_multiplication/whole_array/_build
cd _build &&  cmake --build . --config Release
gmake[1]: Entering directory '/scratch/luisr/mlir-aie/programming_examples/basic/matrix_multiplication/whole_array/_build'
gmake[2]: Entering directory '/scratch/luisr/mlir-aie/programming_examples/basic/matrix_multiplication/whole_array/_build'
gmake[3]: Entering directory '/scratch/luisr/mlir-aie/programming_examples/basic/matrix_multiplication/whole_array/_build'
gmake[3]: Leaving directory '/scratch/luisr/mlir-aie/programming_examples/basic/matrix_multiplication/whole_array/_build'
gmake[3]: Entering directory '/scratch/luisr/mlir-aie/programming_examples/basic/matrix_multiplication/whole_array/_build'
[ 33%] Building CXX object CMakeFiles/whole_array.dir/scratch/luisr/mlir-aie/runtime_lib/test_lib/test_utils.cpp.o
[ 66%] Building CXX object CMakeFiles/whole_array.dir/whole_array/test.cpp.o
[100%] Linking CXX executable whole_array
gmake[3]: Leaving directory '/scratch/luisr/mlir-aie/programming_examples/basic/matrix_multiplication/whole_array/_build'
[100%] Built target whole_array
gmake[2]: Leaving directory '/scratch/luisr/mlir-aie/programming_examples/basic/matrix_multiplication/whole_array/_build'
gmake[1]: Leaving directory '/scratch/luisr/mlir-aie/programming_examples/basic/matrix_multiplication/whole_array/_build'
cp _build/whole_array whole_array.exe 
mkdir -p build
python3 /scratch/luisr/mlir-aie/programming_examples/basic/matrix_multiplication/whole_array/whole_array.py -m 64 -k 88 -n 64 --n-aie-cols 8 --b-col-maj 0 --dev npu2 -M 512 -K 1408 -N 1024 --dtype_in bf16 --dtype_out bf16 --emulate-bf16-mmul-with-bfp16 true --trace_size 0 > build/aie_512x1408x1024_64x88x64_8c.mlir
mkdir -p build
cd build && xchesscc_wrapper aie2p -I /proj/xbuilds/2024.2_INT_1113_1001/installs/all_platforms/Vitis/2024.2/aietools/include  -Dbf16_bf16_ONLY -DDIM_M=64 -DDIM_K=88 -DDIM_N=64 -DAIE_API_EMULATE_BFLOAT16_MMUL_WITH_BFP16 -c /scratch/luisr/mlir-aie/programming_examples/basic/matrix_multiplication/whole_array/../../../../aie_kernels/aie2p/mm.cc -o mm_64x88x64.o
WARNING: Default location for XILINX_VIVADO_IP_OVERRIDE not found: /build/xfndry/IP_2024.2_INTEGRATION_VERIFIED/customer/vivado/data/ip
mkdir -p build
cd build && aiecc.py --alloc-scheme=basic-sequential --aie-generate-xclbin --no-compile-host --xclbin-name=final_512x1408x1024_64x88x64_8c.xclbin \
			 \
			--aie-generate-npu-insts --npu-insts-name=insts_512x1408x1024_64x88x64_8c.txt ../build/aie_512x1408x1024_64x88x64_8c.mlir

Generating: /scratch/luisr/mlir-aie/programming_examples/basic/matrix_multiplication/whole_array/build/aie_512x1408x1024_64x88x64_8c.mlir.prj/aie_cdo_elfs.bin
Generating: /scratch/luisr/mlir-aie/programming_examples/basic/matrix_multiplication/whole_array/build/aie_512x1408x1024_64x88x64_8c.mlir.prj/aie_cdo_init.bin
Generating: /scratch/luisr/mlir-aie/programming_examples/basic/matrix_multiplication/whole_array/build/aie_512x1408x1024_64x88x64_8c.mlir.prj/aie_cdo_enable.bin
export XRT_HACK_UNSECURE_LOADING_XCLBIN=1 && \
 ./whole_array.exe -x build/final_512x1408x1024_64x88x64_8c.xclbin -i build/insts_512x1408x1024_64x88x64_8c.txt -k MLIR_AIE -M 512 -K 1408 -N 1024 --iters 40 --warmup 10 --verify 0 --b_col_maj 0

Avg NPU matmul time: 396.6us.
Avg NPU gflops: 3722.63

Min NPU matmul time: 390us.
Max NPU gflops: 3785.63

Max NPU matmul time: 401us.
Min NPU gflops: 3681.78

PASS!

rm -rf tmpTrace parse*.json trace*json trace.txt
rm -rf build _build whole_array.exe
rm -rf _build
mkdir -p _build
cd _build &&  cmake -E env CXXFLAGS="-std=c++23 -ggdb -DDTYPE_IN=std::bfloat16_t -DDTYPE_OUT=std::bfloat16_t -DDTYPE_ACC=float" \
	cmake `echo /scratch/luisr/mlir-aie/programming_examples/basic/matrix_multiplication/whole_array/..` -D CMAKE_C_COMPILER=gcc-13 -D CMAKE_CXX_COMPILER=g++-13 -DTARGET_NAME=whole_array -Dsubdir=whole_array
-- The C compiler identification is GNU 13.3.0
-- The CXX compiler identification is GNU 13.3.0
-- Detecting C compiler ABI info
-- Detecting C compiler ABI info - done
-- Check for working C compiler: /usr/bin/gcc-13 - skipped
-- Detecting C compile features
-- Detecting C compile features - done
-- Detecting CXX compiler ABI info
-- Detecting CXX compiler ABI info - done
-- Check for working CXX compiler: /usr/bin/g++-13 - skipped
-- Detecting CXX compile features
-- Detecting CXX compile features - done
-- Configuring done (0.2s)
-- Generating done (0.0s)
-- Build files have been written to: /scratch/luisr/mlir-aie/programming_examples/basic/matrix_multiplication/whole_array/_build
cd _build &&  cmake --build . --config Release
gmake[1]: Entering directory '/scratch/luisr/mlir-aie/programming_examples/basic/matrix_multiplication/whole_array/_build'
gmake[2]: Entering directory '/scratch/luisr/mlir-aie/programming_examples/basic/matrix_multiplication/whole_array/_build'
gmake[3]: Entering directory '/scratch/luisr/mlir-aie/programming_examples/basic/matrix_multiplication/whole_array/_build'
gmake[3]: Leaving directory '/scratch/luisr/mlir-aie/programming_examples/basic/matrix_multiplication/whole_array/_build'
gmake[3]: Entering directory '/scratch/luisr/mlir-aie/programming_examples/basic/matrix_multiplication/whole_array/_build'
[ 33%] Building CXX object CMakeFiles/whole_array.dir/scratch/luisr/mlir-aie/runtime_lib/test_lib/test_utils.cpp.o
[ 66%] Building CXX object CMakeFiles/whole_array.dir/whole_array/test.cpp.o
[100%] Linking CXX executable whole_array
gmake[3]: Leaving directory '/scratch/luisr/mlir-aie/programming_examples/basic/matrix_multiplication/whole_array/_build'
[100%] Built target whole_array
gmake[2]: Leaving directory '/scratch/luisr/mlir-aie/programming_examples/basic/matrix_multiplication/whole_array/_build'
gmake[1]: Leaving directory '/scratch/luisr/mlir-aie/programming_examples/basic/matrix_multiplication/whole_array/_build'
cp _build/whole_array whole_array.exe 
mkdir -p build
python3 /scratch/luisr/mlir-aie/programming_examples/basic/matrix_multiplication/whole_array/whole_array.py -m 64 -k 88 -n 64 --n-aie-cols 8 --b-col-maj 0 --dev npu2 -M 512 -K 1408 -N 4096 --dtype_in bf16 --dtype_out bf16 --emulate-bf16-mmul-with-bfp16 true --trace_size 0 > build/aie_512x1408x4096_64x88x64_8c.mlir
mkdir -p build
cd build && xchesscc_wrapper aie2p -I /proj/xbuilds/2024.2_INT_1113_1001/installs/all_platforms/Vitis/2024.2/aietools/include  -Dbf16_bf16_ONLY -DDIM_M=64 -DDIM_K=88 -DDIM_N=64 -DAIE_API_EMULATE_BFLOAT16_MMUL_WITH_BFP16 -c /scratch/luisr/mlir-aie/programming_examples/basic/matrix_multiplication/whole_array/../../../../aie_kernels/aie2p/mm.cc -o mm_64x88x64.o
WARNING: Default location for XILINX_VIVADO_IP_OVERRIDE not found: /build/xfndry/IP_2024.2_INTEGRATION_VERIFIED/customer/vivado/data/ip
mkdir -p build
cd build && aiecc.py --alloc-scheme=basic-sequential --aie-generate-xclbin --no-compile-host --xclbin-name=final_512x1408x4096_64x88x64_8c.xclbin \
			 \
			--aie-generate-npu-insts --npu-insts-name=insts_512x1408x4096_64x88x64_8c.txt ../build/aie_512x1408x4096_64x88x64_8c.mlir

Generating: /scratch/luisr/mlir-aie/programming_examples/basic/matrix_multiplication/whole_array/build/aie_512x1408x4096_64x88x64_8c.mlir.prj/aie_cdo_elfs.bin
Generating: /scratch/luisr/mlir-aie/programming_examples/basic/matrix_multiplication/whole_array/build/aie_512x1408x4096_64x88x64_8c.mlir.prj/aie_cdo_init.bin
Generating: /scratch/luisr/mlir-aie/programming_examples/basic/matrix_multiplication/whole_array/build/aie_512x1408x4096_64x88x64_8c.mlir.prj/aie_cdo_enable.bin
export XRT_HACK_UNSECURE_LOADING_XCLBIN=1 && \
 ./whole_array.exe -x build/final_512x1408x4096_64x88x64_8c.xclbin -i build/insts_512x1408x4096_64x88x64_8c.txt -k MLIR_AIE -M 512 -K 1408 -N 4096 --iters 40 --warmup 10 --verify 0 --b_col_maj 0

Avg NPU matmul time: 1720.85us.
Avg NPU gflops: 3431.78

Min NPU matmul time: 1362us.
Max NPU gflops: 4335.96

Max NPU matmul time: 2153us.
Min NPU gflops: 2742.95

PASS!

rm -rf tmpTrace parse*.json trace*json trace.txt
rm -rf build _build whole_array.exe
rm -rf _build
mkdir -p _build
cd _build &&  cmake -E env CXXFLAGS="-std=c++23 -ggdb -DDTYPE_IN=std::bfloat16_t -DDTYPE_OUT=std::bfloat16_t -DDTYPE_ACC=float" \
	cmake `echo /scratch/luisr/mlir-aie/programming_examples/basic/matrix_multiplication/whole_array/..` -D CMAKE_C_COMPILER=gcc-13 -D CMAKE_CXX_COMPILER=g++-13 -DTARGET_NAME=whole_array -Dsubdir=whole_array
-- The C compiler identification is GNU 13.3.0
-- The CXX compiler identification is GNU 13.3.0
-- Detecting C compiler ABI info
-- Detecting C compiler ABI info - done
-- Check for working C compiler: /usr/bin/gcc-13 - skipped
-- Detecting C compile features
-- Detecting C compile features - done
-- Detecting CXX compiler ABI info
-- Detecting CXX compiler ABI info - done
-- Check for working CXX compiler: /usr/bin/g++-13 - skipped
-- Detecting CXX compile features
-- Detecting CXX compile features - done
-- Configuring done (0.3s)
-- Generating done (0.0s)
-- Build files have been written to: /scratch/luisr/mlir-aie/programming_examples/basic/matrix_multiplication/whole_array/_build
cd _build &&  cmake --build . --config Release
gmake[1]: Entering directory '/scratch/luisr/mlir-aie/programming_examples/basic/matrix_multiplication/whole_array/_build'
gmake[2]: Entering directory '/scratch/luisr/mlir-aie/programming_examples/basic/matrix_multiplication/whole_array/_build'
gmake[3]: Entering directory '/scratch/luisr/mlir-aie/programming_examples/basic/matrix_multiplication/whole_array/_build'
gmake[3]: Leaving directory '/scratch/luisr/mlir-aie/programming_examples/basic/matrix_multiplication/whole_array/_build'
gmake[3]: Entering directory '/scratch/luisr/mlir-aie/programming_examples/basic/matrix_multiplication/whole_array/_build'
[ 33%] Building CXX object CMakeFiles/whole_array.dir/scratch/luisr/mlir-aie/runtime_lib/test_lib/test_utils.cpp.o
[ 66%] Building CXX object CMakeFiles/whole_array.dir/whole_array/test.cpp.o
[100%] Linking CXX executable whole_array
gmake[3]: Leaving directory '/scratch/luisr/mlir-aie/programming_examples/basic/matrix_multiplication/whole_array/_build'
[100%] Built target whole_array
gmake[2]: Leaving directory '/scratch/luisr/mlir-aie/programming_examples/basic/matrix_multiplication/whole_array/_build'
gmake[1]: Leaving directory '/scratch/luisr/mlir-aie/programming_examples/basic/matrix_multiplication/whole_array/_build'
cp _build/whole_array whole_array.exe 
mkdir -p build
python3 /scratch/luisr/mlir-aie/programming_examples/basic/matrix_multiplication/whole_array/whole_array.py -m 64 -k 88 -n 64 --n-aie-cols 8 --b-col-maj 0 --dev npu2 -M 512 -K 1408 -N 8192 --dtype_in bf16 --dtype_out bf16 --emulate-bf16-mmul-with-bfp16 true --trace_size 0 > build/aie_512x1408x8192_64x88x64_8c.mlir
mkdir -p build
cd build && xchesscc_wrapper aie2p -I /proj/xbuilds/2024.2_INT_1113_1001/installs/all_platforms/Vitis/2024.2/aietools/include  -Dbf16_bf16_ONLY -DDIM_M=64 -DDIM_K=88 -DDIM_N=64 -DAIE_API_EMULATE_BFLOAT16_MMUL_WITH_BFP16 -c /scratch/luisr/mlir-aie/programming_examples/basic/matrix_multiplication/whole_array/../../../../aie_kernels/aie2p/mm.cc -o mm_64x88x64.o
WARNING: Default location for XILINX_VIVADO_IP_OVERRIDE not found: /build/xfndry/IP_2024.2_INTEGRATION_VERIFIED/customer/vivado/data/ip
mkdir -p build
cd build && aiecc.py --alloc-scheme=basic-sequential --aie-generate-xclbin --no-compile-host --xclbin-name=final_512x1408x8192_64x88x64_8c.xclbin \
			 \
			--aie-generate-npu-insts --npu-insts-name=insts_512x1408x8192_64x88x64_8c.txt ../build/aie_512x1408x8192_64x88x64_8c.mlir

Generating: /scratch/luisr/mlir-aie/programming_examples/basic/matrix_multiplication/whole_array/build/aie_512x1408x8192_64x88x64_8c.mlir.prj/aie_cdo_elfs.bin
Generating: /scratch/luisr/mlir-aie/programming_examples/basic/matrix_multiplication/whole_array/build/aie_512x1408x8192_64x88x64_8c.mlir.prj/aie_cdo_init.bin
Generating: /scratch/luisr/mlir-aie/programming_examples/basic/matrix_multiplication/whole_array/build/aie_512x1408x8192_64x88x64_8c.mlir.prj/aie_cdo_enable.bin
export XRT_HACK_UNSECURE_LOADING_XCLBIN=1 && \
 ./whole_array.exe -x build/final_512x1408x8192_64x88x64_8c.xclbin -i build/insts_512x1408x8192_64x88x64_8c.txt -k MLIR_AIE -M 512 -K 1408 -N 8192 --iters 40 --warmup 10 --verify 0 --b_col_maj 0

Avg NPU matmul time: 3345.25us.
Avg NPU gflops: 3530.73

Min NPU matmul time: 2948us.
Max NPU gflops: 4006.5

Max NPU matmul time: 4152us.
Min NPU gflops: 2844.69

PASS!

rm -rf tmpTrace parse*.json trace*json trace.txt
rm -rf build _build whole_array.exe
rm -rf _build
mkdir -p _build
cd _build &&  cmake -E env CXXFLAGS="-std=c++23 -ggdb -DDTYPE_IN=std::bfloat16_t -DDTYPE_OUT=std::bfloat16_t -DDTYPE_ACC=float" \
	cmake `echo /scratch/luisr/mlir-aie/programming_examples/basic/matrix_multiplication/whole_array/..` -D CMAKE_C_COMPILER=gcc-13 -D CMAKE_CXX_COMPILER=g++-13 -DTARGET_NAME=whole_array -Dsubdir=whole_array
-- The C compiler identification is GNU 13.3.0
-- The CXX compiler identification is GNU 13.3.0
-- Detecting C compiler ABI info
-- Detecting C compiler ABI info - done
-- Check for working C compiler: /usr/bin/gcc-13 - skipped
-- Detecting C compile features
-- Detecting C compile features - done
-- Detecting CXX compiler ABI info
-- Detecting CXX compiler ABI info - done
-- Check for working CXX compiler: /usr/bin/g++-13 - skipped
-- Detecting CXX compile features
-- Detecting CXX compile features - done
-- Configuring done (0.3s)
-- Generating done (0.0s)
-- Build files have been written to: /scratch/luisr/mlir-aie/programming_examples/basic/matrix_multiplication/whole_array/_build
cd _build &&  cmake --build . --config Release
gmake[1]: Entering directory '/scratch/luisr/mlir-aie/programming_examples/basic/matrix_multiplication/whole_array/_build'
gmake[2]: Entering directory '/scratch/luisr/mlir-aie/programming_examples/basic/matrix_multiplication/whole_array/_build'
gmake[3]: Entering directory '/scratch/luisr/mlir-aie/programming_examples/basic/matrix_multiplication/whole_array/_build'
gmake[3]: Leaving directory '/scratch/luisr/mlir-aie/programming_examples/basic/matrix_multiplication/whole_array/_build'
gmake[3]: Entering directory '/scratch/luisr/mlir-aie/programming_examples/basic/matrix_multiplication/whole_array/_build'
[ 33%] Building CXX object CMakeFiles/whole_array.dir/scratch/luisr/mlir-aie/runtime_lib/test_lib/test_utils.cpp.o
[ 66%] Building CXX object CMakeFiles/whole_array.dir/whole_array/test.cpp.o
[100%] Linking CXX executable whole_array
gmake[3]: Leaving directory '/scratch/luisr/mlir-aie/programming_examples/basic/matrix_multiplication/whole_array/_build'
[100%] Built target whole_array
gmake[2]: Leaving directory '/scratch/luisr/mlir-aie/programming_examples/basic/matrix_multiplication/whole_array/_build'
gmake[1]: Leaving directory '/scratch/luisr/mlir-aie/programming_examples/basic/matrix_multiplication/whole_array/_build'
cp _build/whole_array whole_array.exe 
mkdir -p build
python3 /scratch/luisr/mlir-aie/programming_examples/basic/matrix_multiplication/whole_array/whole_array.py -m 64 -k 88 -n 64 --n-aie-cols 8 --b-col-maj 0 --dev npu2 -M 512 -K 4224 -N 512 --dtype_in bf16 --dtype_out bf16 --emulate-bf16-mmul-with-bfp16 true --trace_size 0 > build/aie_512x4224x512_64x88x64_8c.mlir
mkdir -p build
cd build && xchesscc_wrapper aie2p -I /proj/xbuilds/2024.2_INT_1113_1001/installs/all_platforms/Vitis/2024.2/aietools/include  -Dbf16_bf16_ONLY -DDIM_M=64 -DDIM_K=88 -DDIM_N=64 -DAIE_API_EMULATE_BFLOAT16_MMUL_WITH_BFP16 -c /scratch/luisr/mlir-aie/programming_examples/basic/matrix_multiplication/whole_array/../../../../aie_kernels/aie2p/mm.cc -o mm_64x88x64.o
WARNING: Default location for XILINX_VIVADO_IP_OVERRIDE not found: /build/xfndry/IP_2024.2_INTEGRATION_VERIFIED/customer/vivado/data/ip
mkdir -p build
cd build && aiecc.py --alloc-scheme=basic-sequential --aie-generate-xclbin --no-compile-host --xclbin-name=final_512x4224x512_64x88x64_8c.xclbin \
			 \
			--aie-generate-npu-insts --npu-insts-name=insts_512x4224x512_64x88x64_8c.txt ../build/aie_512x4224x512_64x88x64_8c.mlir

Generating: /scratch/luisr/mlir-aie/programming_examples/basic/matrix_multiplication/whole_array/build/aie_512x4224x512_64x88x64_8c.mlir.prj/aie_cdo_elfs.bin
Generating: /scratch/luisr/mlir-aie/programming_examples/basic/matrix_multiplication/whole_array/build/aie_512x4224x512_64x88x64_8c.mlir.prj/aie_cdo_init.bin
Generating: /scratch/luisr/mlir-aie/programming_examples/basic/matrix_multiplication/whole_array/build/aie_512x4224x512_64x88x64_8c.mlir.prj/aie_cdo_enable.bin
export XRT_HACK_UNSECURE_LOADING_XCLBIN=1 && \
 ./whole_array.exe -x build/final_512x4224x512_64x88x64_8c.xclbin -i build/insts_512x4224x512_64x88x64_8c.txt -k MLIR_AIE -M 512 -K 4224 -N 512 --iters 40 --warmup 10 --verify 0 --b_col_maj 0

Avg NPU matmul time: 564.7us.
Avg NPU gflops: 3921.72

Min NPU matmul time: 544us.
Max NPU gflops: 4070.94

Max NPU matmul time: 602us.
Min NPU gflops: 3678.73

PASS!

rm -rf tmpTrace parse*.json trace*json trace.txt
rm -rf build _build whole_array.exe
rm -rf _build
mkdir -p _build
cd _build &&  cmake -E env CXXFLAGS="-std=c++23 -ggdb -DDTYPE_IN=std::bfloat16_t -DDTYPE_OUT=std::bfloat16_t -DDTYPE_ACC=float" \
	cmake `echo /scratch/luisr/mlir-aie/programming_examples/basic/matrix_multiplication/whole_array/..` -D CMAKE_C_COMPILER=gcc-13 -D CMAKE_CXX_COMPILER=g++-13 -DTARGET_NAME=whole_array -Dsubdir=whole_array
-- The C compiler identification is GNU 13.3.0
-- The CXX compiler identification is GNU 13.3.0
-- Detecting C compiler ABI info
-- Detecting C compiler ABI info - done
-- Check for working C compiler: /usr/bin/gcc-13 - skipped
-- Detecting C compile features
-- Detecting C compile features - done
-- Detecting CXX compiler ABI info
-- Detecting CXX compiler ABI info - done
-- Check for working CXX compiler: /usr/bin/g++-13 - skipped
-- Detecting CXX compile features
-- Detecting CXX compile features - done
-- Configuring done (0.3s)
-- Generating done (0.0s)
-- Build files have been written to: /scratch/luisr/mlir-aie/programming_examples/basic/matrix_multiplication/whole_array/_build
cd _build &&  cmake --build . --config Release
gmake[1]: Entering directory '/scratch/luisr/mlir-aie/programming_examples/basic/matrix_multiplication/whole_array/_build'
gmake[2]: Entering directory '/scratch/luisr/mlir-aie/programming_examples/basic/matrix_multiplication/whole_array/_build'
gmake[3]: Entering directory '/scratch/luisr/mlir-aie/programming_examples/basic/matrix_multiplication/whole_array/_build'
gmake[3]: Leaving directory '/scratch/luisr/mlir-aie/programming_examples/basic/matrix_multiplication/whole_array/_build'
gmake[3]: Entering directory '/scratch/luisr/mlir-aie/programming_examples/basic/matrix_multiplication/whole_array/_build'
[ 33%] Building CXX object CMakeFiles/whole_array.dir/scratch/luisr/mlir-aie/runtime_lib/test_lib/test_utils.cpp.o
[ 66%] Building CXX object CMakeFiles/whole_array.dir/whole_array/test.cpp.o
[100%] Linking CXX executable whole_array
gmake[3]: Leaving directory '/scratch/luisr/mlir-aie/programming_examples/basic/matrix_multiplication/whole_array/_build'
[100%] Built target whole_array
gmake[2]: Leaving directory '/scratch/luisr/mlir-aie/programming_examples/basic/matrix_multiplication/whole_array/_build'
gmake[1]: Leaving directory '/scratch/luisr/mlir-aie/programming_examples/basic/matrix_multiplication/whole_array/_build'
cp _build/whole_array whole_array.exe 
mkdir -p build
python3 /scratch/luisr/mlir-aie/programming_examples/basic/matrix_multiplication/whole_array/whole_array.py -m 64 -k 88 -n 64 --n-aie-cols 8 --b-col-maj 0 --dev npu2 -M 512 -K 4224 -N 1024 --dtype_in bf16 --dtype_out bf16 --emulate-bf16-mmul-with-bfp16 true --trace_size 0 > build/aie_512x4224x1024_64x88x64_8c.mlir
mkdir -p build
cd build && xchesscc_wrapper aie2p -I /proj/xbuilds/2024.2_INT_1113_1001/installs/all_platforms/Vitis/2024.2/aietools/include  -Dbf16_bf16_ONLY -DDIM_M=64 -DDIM_K=88 -DDIM_N=64 -DAIE_API_EMULATE_BFLOAT16_MMUL_WITH_BFP16 -c /scratch/luisr/mlir-aie/programming_examples/basic/matrix_multiplication/whole_array/../../../../aie_kernels/aie2p/mm.cc -o mm_64x88x64.o
WARNING: Default location for XILINX_VIVADO_IP_OVERRIDE not found: /build/xfndry/IP_2024.2_INTEGRATION_VERIFIED/customer/vivado/data/ip
mkdir -p build
cd build && aiecc.py --alloc-scheme=basic-sequential --aie-generate-xclbin --no-compile-host --xclbin-name=final_512x4224x1024_64x88x64_8c.xclbin \
			 \
			--aie-generate-npu-insts --npu-insts-name=insts_512x4224x1024_64x88x64_8c.txt ../build/aie_512x4224x1024_64x88x64_8c.mlir

Generating: /scratch/luisr/mlir-aie/programming_examples/basic/matrix_multiplication/whole_array/build/aie_512x4224x1024_64x88x64_8c.mlir.prj/aie_cdo_elfs.bin
Generating: /scratch/luisr/mlir-aie/programming_examples/basic/matrix_multiplication/whole_array/build/aie_512x4224x1024_64x88x64_8c.mlir.prj/aie_cdo_init.bin
Generating: /scratch/luisr/mlir-aie/programming_examples/basic/matrix_multiplication/whole_array/build/aie_512x4224x1024_64x88x64_8c.mlir.prj/aie_cdo_enable.bin
export XRT_HACK_UNSECURE_LOADING_XCLBIN=1 && \
 ./whole_array.exe -x build/final_512x4224x1024_64x88x64_8c.xclbin -i build/insts_512x4224x1024_64x88x64_8c.txt -k MLIR_AIE -M 512 -K 4224 -N 1024 --iters 40 --warmup 10 --verify 0 --b_col_maj 0

Avg NPU matmul time: 1012us.
Avg NPU gflops: 4376.67

Min NPU matmul time: 1004us.
Max NPU gflops: 4411.54

Max NPU matmul time: 1019us.
Min NPU gflops: 4346.6

PASS!

rm -rf tmpTrace parse*.json trace*json trace.txt
rm -rf build _build whole_array.exe
rm -rf _build
mkdir -p _build
cd _build &&  cmake -E env CXXFLAGS="-std=c++23 -ggdb -DDTYPE_IN=std::bfloat16_t -DDTYPE_OUT=std::bfloat16_t -DDTYPE_ACC=float" \
	cmake `echo /scratch/luisr/mlir-aie/programming_examples/basic/matrix_multiplication/whole_array/..` -D CMAKE_C_COMPILER=gcc-13 -D CMAKE_CXX_COMPILER=g++-13 -DTARGET_NAME=whole_array -Dsubdir=whole_array
-- The C compiler identification is GNU 13.3.0
-- The CXX compiler identification is GNU 13.3.0
-- Detecting C compiler ABI info
-- Detecting C compiler ABI info - done
-- Check for working C compiler: /usr/bin/gcc-13 - skipped
-- Detecting C compile features
-- Detecting C compile features - done
-- Detecting CXX compiler ABI info
-- Detecting CXX compiler ABI info - done
-- Check for working CXX compiler: /usr/bin/g++-13 - skipped
-- Detecting CXX compile features
-- Detecting CXX compile features - done
-- Configuring done (0.3s)
-- Generating done (0.0s)
-- Build files have been written to: /scratch/luisr/mlir-aie/programming_examples/basic/matrix_multiplication/whole_array/_build
cd _build &&  cmake --build . --config Release
gmake[1]: Entering directory '/scratch/luisr/mlir-aie/programming_examples/basic/matrix_multiplication/whole_array/_build'
gmake[2]: Entering directory '/scratch/luisr/mlir-aie/programming_examples/basic/matrix_multiplication/whole_array/_build'
gmake[3]: Entering directory '/scratch/luisr/mlir-aie/programming_examples/basic/matrix_multiplication/whole_array/_build'
gmake[3]: Leaving directory '/scratch/luisr/mlir-aie/programming_examples/basic/matrix_multiplication/whole_array/_build'
gmake[3]: Entering directory '/scratch/luisr/mlir-aie/programming_examples/basic/matrix_multiplication/whole_array/_build'
[ 33%] Building CXX object CMakeFiles/whole_array.dir/scratch/luisr/mlir-aie/runtime_lib/test_lib/test_utils.cpp.o
[ 66%] Building CXX object CMakeFiles/whole_array.dir/whole_array/test.cpp.o
[100%] Linking CXX executable whole_array
gmake[3]: Leaving directory '/scratch/luisr/mlir-aie/programming_examples/basic/matrix_multiplication/whole_array/_build'
[100%] Built target whole_array
gmake[2]: Leaving directory '/scratch/luisr/mlir-aie/programming_examples/basic/matrix_multiplication/whole_array/_build'
gmake[1]: Leaving directory '/scratch/luisr/mlir-aie/programming_examples/basic/matrix_multiplication/whole_array/_build'
cp _build/whole_array whole_array.exe 
mkdir -p build
python3 /scratch/luisr/mlir-aie/programming_examples/basic/matrix_multiplication/whole_array/whole_array.py -m 64 -k 88 -n 64 --n-aie-cols 8 --b-col-maj 0 --dev npu2 -M 512 -K 4224 -N 4096 --dtype_in bf16 --dtype_out bf16 --emulate-bf16-mmul-with-bfp16 true --trace_size 0 > build/aie_512x4224x4096_64x88x64_8c.mlir
mkdir -p build
cd build && xchesscc_wrapper aie2p -I /proj/xbuilds/2024.2_INT_1113_1001/installs/all_platforms/Vitis/2024.2/aietools/include  -Dbf16_bf16_ONLY -DDIM_M=64 -DDIM_K=88 -DDIM_N=64 -DAIE_API_EMULATE_BFLOAT16_MMUL_WITH_BFP16 -c /scratch/luisr/mlir-aie/programming_examples/basic/matrix_multiplication/whole_array/../../../../aie_kernels/aie2p/mm.cc -o mm_64x88x64.o
WARNING: Default location for XILINX_VIVADO_IP_OVERRIDE not found: /build/xfndry/IP_2024.2_INTEGRATION_VERIFIED/customer/vivado/data/ip
mkdir -p build
cd build && aiecc.py --alloc-scheme=basic-sequential --aie-generate-xclbin --no-compile-host --xclbin-name=final_512x4224x4096_64x88x64_8c.xclbin \
			 \
			--aie-generate-npu-insts --npu-insts-name=insts_512x4224x4096_64x88x64_8c.txt ../build/aie_512x4224x4096_64x88x64_8c.mlir

Generating: /scratch/luisr/mlir-aie/programming_examples/basic/matrix_multiplication/whole_array/build/aie_512x4224x4096_64x88x64_8c.mlir.prj/aie_cdo_elfs.bin
Generating: /scratch/luisr/mlir-aie/programming_examples/basic/matrix_multiplication/whole_array/build/aie_512x4224x4096_64x88x64_8c.mlir.prj/aie_cdo_init.bin
Generating: /scratch/luisr/mlir-aie/programming_examples/basic/matrix_multiplication/whole_array/build/aie_512x4224x4096_64x88x64_8c.mlir.prj/aie_cdo_enable.bin
export XRT_HACK_UNSECURE_LOADING_XCLBIN=1 && \
 ./whole_array.exe -x build/final_512x4224x4096_64x88x64_8c.xclbin -i build/insts_512x4224x4096_64x88x64_8c.txt -k MLIR_AIE -M 512 -K 4224 -N 4096 --iters 40 --warmup 10 --verify 0 --b_col_maj 0

Avg NPU matmul time: 4272.2us.
Avg NPU gflops: 4146.98

Min NPU matmul time: 4083us.
Max NPU gflops: 4339.15

Max NPU matmul time: 5007us.
Min NPU gflops: 3538.39

PASS!

rm -rf tmpTrace parse*.json trace*json trace.txt
rm -rf build _build whole_array.exe
rm -rf _build
mkdir -p _build
cd _build &&  cmake -E env CXXFLAGS="-std=c++23 -ggdb -DDTYPE_IN=std::bfloat16_t -DDTYPE_OUT=std::bfloat16_t -DDTYPE_ACC=float" \
	cmake `echo /scratch/luisr/mlir-aie/programming_examples/basic/matrix_multiplication/whole_array/..` -D CMAKE_C_COMPILER=gcc-13 -D CMAKE_CXX_COMPILER=g++-13 -DTARGET_NAME=whole_array -Dsubdir=whole_array
-- The C compiler identification is GNU 13.3.0
-- The CXX compiler identification is GNU 13.3.0
-- Detecting C compiler ABI info
-- Detecting C compiler ABI info - done
-- Check for working C compiler: /usr/bin/gcc-13 - skipped
-- Detecting C compile features
-- Detecting C compile features - done
-- Detecting CXX compiler ABI info
-- Detecting CXX compiler ABI info - done
-- Check for working CXX compiler: /usr/bin/g++-13 - skipped
-- Detecting CXX compile features
-- Detecting CXX compile features - done
-- Configuring done (0.3s)
-- Generating done (0.0s)
-- Build files have been written to: /scratch/luisr/mlir-aie/programming_examples/basic/matrix_multiplication/whole_array/_build
cd _build &&  cmake --build . --config Release
gmake[1]: Entering directory '/scratch/luisr/mlir-aie/programming_examples/basic/matrix_multiplication/whole_array/_build'
gmake[2]: Entering directory '/scratch/luisr/mlir-aie/programming_examples/basic/matrix_multiplication/whole_array/_build'
gmake[3]: Entering directory '/scratch/luisr/mlir-aie/programming_examples/basic/matrix_multiplication/whole_array/_build'
gmake[3]: Leaving directory '/scratch/luisr/mlir-aie/programming_examples/basic/matrix_multiplication/whole_array/_build'
gmake[3]: Entering directory '/scratch/luisr/mlir-aie/programming_examples/basic/matrix_multiplication/whole_array/_build'
[ 33%] Building CXX object CMakeFiles/whole_array.dir/scratch/luisr/mlir-aie/runtime_lib/test_lib/test_utils.cpp.o
[ 66%] Building CXX object CMakeFiles/whole_array.dir/whole_array/test.cpp.o
[100%] Linking CXX executable whole_array
gmake[3]: Leaving directory '/scratch/luisr/mlir-aie/programming_examples/basic/matrix_multiplication/whole_array/_build'
[100%] Built target whole_array
gmake[2]: Leaving directory '/scratch/luisr/mlir-aie/programming_examples/basic/matrix_multiplication/whole_array/_build'
gmake[1]: Leaving directory '/scratch/luisr/mlir-aie/programming_examples/basic/matrix_multiplication/whole_array/_build'
cp _build/whole_array whole_array.exe 
mkdir -p build
python3 /scratch/luisr/mlir-aie/programming_examples/basic/matrix_multiplication/whole_array/whole_array.py -m 64 -k 88 -n 64 --n-aie-cols 8 --b-col-maj 0 --dev npu2 -M 512 -K 4224 -N 8192 --dtype_in bf16 --dtype_out bf16 --emulate-bf16-mmul-with-bfp16 true --trace_size 0 > build/aie_512x4224x8192_64x88x64_8c.mlir
mkdir -p build
cd build && xchesscc_wrapper aie2p -I /proj/xbuilds/2024.2_INT_1113_1001/installs/all_platforms/Vitis/2024.2/aietools/include  -Dbf16_bf16_ONLY -DDIM_M=64 -DDIM_K=88 -DDIM_N=64 -DAIE_API_EMULATE_BFLOAT16_MMUL_WITH_BFP16 -c /scratch/luisr/mlir-aie/programming_examples/basic/matrix_multiplication/whole_array/../../../../aie_kernels/aie2p/mm.cc -o mm_64x88x64.o
WARNING: Default location for XILINX_VIVADO_IP_OVERRIDE not found: /build/xfndry/IP_2024.2_INTEGRATION_VERIFIED/customer/vivado/data/ip
mkdir -p build
cd build && aiecc.py --alloc-scheme=basic-sequential --aie-generate-xclbin --no-compile-host --xclbin-name=final_512x4224x8192_64x88x64_8c.xclbin \
			 \
			--aie-generate-npu-insts --npu-insts-name=insts_512x4224x8192_64x88x64_8c.txt ../build/aie_512x4224x8192_64x88x64_8c.mlir

Generating: /scratch/luisr/mlir-aie/programming_examples/basic/matrix_multiplication/whole_array/build/aie_512x4224x8192_64x88x64_8c.mlir.prj/aie_cdo_elfs.bin
Generating: /scratch/luisr/mlir-aie/programming_examples/basic/matrix_multiplication/whole_array/build/aie_512x4224x8192_64x88x64_8c.mlir.prj/aie_cdo_init.bin
Generating: /scratch/luisr/mlir-aie/programming_examples/basic/matrix_multiplication/whole_array/build/aie_512x4224x8192_64x88x64_8c.mlir.prj/aie_cdo_enable.bin
export XRT_HACK_UNSECURE_LOADING_XCLBIN=1 && \
 ./whole_array.exe -x build/final_512x4224x8192_64x88x64_8c.xclbin -i build/insts_512x4224x8192_64x88x64_8c.txt -k MLIR_AIE -M 512 -K 4224 -N 8192 --iters 40 --warmup 10 --verify 0 --b_col_maj 0

Avg NPU matmul time: 9108.4us.
Avg NPU gflops: 3890.2

Min NPU matmul time: 8536us.
Max NPU gflops: 4151.06

Max NPU matmul time: 10319us.
Min NPU gflops: 3433.81

PASS!

rm -rf tmpTrace parse*.json trace*json trace.txt
rm -rf build _build whole_array.exe
rm -rf _build
mkdir -p _build
cd _build &&  cmake -E env CXXFLAGS="-std=c++23 -ggdb -DDTYPE_IN=std::bfloat16_t -DDTYPE_OUT=std::bfloat16_t -DDTYPE_ACC=float" \
	cmake `echo /scratch/luisr/mlir-aie/programming_examples/basic/matrix_multiplication/whole_array/..` -D CMAKE_C_COMPILER=gcc-13 -D CMAKE_CXX_COMPILER=g++-13 -DTARGET_NAME=whole_array -Dsubdir=whole_array
-- The C compiler identification is GNU 13.3.0
-- The CXX compiler identification is GNU 13.3.0
-- Detecting C compiler ABI info
-- Detecting C compiler ABI info - done
-- Check for working C compiler: /usr/bin/gcc-13 - skipped
-- Detecting C compile features
-- Detecting C compile features - done
-- Detecting CXX compiler ABI info
-- Detecting CXX compiler ABI info - done
-- Check for working CXX compiler: /usr/bin/g++-13 - skipped
-- Detecting CXX compile features
-- Detecting CXX compile features - done
-- Configuring done (0.3s)
-- Generating done (0.0s)
-- Build files have been written to: /scratch/luisr/mlir-aie/programming_examples/basic/matrix_multiplication/whole_array/_build
cd _build &&  cmake --build . --config Release
gmake[1]: Entering directory '/scratch/luisr/mlir-aie/programming_examples/basic/matrix_multiplication/whole_array/_build'
gmake[2]: Entering directory '/scratch/luisr/mlir-aie/programming_examples/basic/matrix_multiplication/whole_array/_build'
gmake[3]: Entering directory '/scratch/luisr/mlir-aie/programming_examples/basic/matrix_multiplication/whole_array/_build'
gmake[3]: Leaving directory '/scratch/luisr/mlir-aie/programming_examples/basic/matrix_multiplication/whole_array/_build'
gmake[3]: Entering directory '/scratch/luisr/mlir-aie/programming_examples/basic/matrix_multiplication/whole_array/_build'
[ 33%] Building CXX object CMakeFiles/whole_array.dir/scratch/luisr/mlir-aie/runtime_lib/test_lib/test_utils.cpp.o
[ 66%] Building CXX object CMakeFiles/whole_array.dir/whole_array/test.cpp.o
[100%] Linking CXX executable whole_array
gmake[3]: Leaving directory '/scratch/luisr/mlir-aie/programming_examples/basic/matrix_multiplication/whole_array/_build'
[100%] Built target whole_array
gmake[2]: Leaving directory '/scratch/luisr/mlir-aie/programming_examples/basic/matrix_multiplication/whole_array/_build'
gmake[1]: Leaving directory '/scratch/luisr/mlir-aie/programming_examples/basic/matrix_multiplication/whole_array/_build'
cp _build/whole_array whole_array.exe 
mkdir -p build
python3 /scratch/luisr/mlir-aie/programming_examples/basic/matrix_multiplication/whole_array/whole_array.py -m 64 -k 88 -n 64 --n-aie-cols 8 --b-col-maj 0 --dev npu2 -M 512 -K 5632 -N 512 --dtype_in bf16 --dtype_out bf16 --emulate-bf16-mmul-with-bfp16 true --trace_size 0 > build/aie_512x5632x512_64x88x64_8c.mlir
mkdir -p build
cd build && xchesscc_wrapper aie2p -I /proj/xbuilds/2024.2_INT_1113_1001/installs/all_platforms/Vitis/2024.2/aietools/include  -Dbf16_bf16_ONLY -DDIM_M=64 -DDIM_K=88 -DDIM_N=64 -DAIE_API_EMULATE_BFLOAT16_MMUL_WITH_BFP16 -c /scratch/luisr/mlir-aie/programming_examples/basic/matrix_multiplication/whole_array/../../../../aie_kernels/aie2p/mm.cc -o mm_64x88x64.o
WARNING: Default location for XILINX_VIVADO_IP_OVERRIDE not found: /build/xfndry/IP_2024.2_INTEGRATION_VERIFIED/customer/vivado/data/ip
mkdir -p build
cd build && aiecc.py --alloc-scheme=basic-sequential --aie-generate-xclbin --no-compile-host --xclbin-name=final_512x5632x512_64x88x64_8c.xclbin \
			 \
			--aie-generate-npu-insts --npu-insts-name=insts_512x5632x512_64x88x64_8c.txt ../build/aie_512x5632x512_64x88x64_8c.mlir

Generating: /scratch/luisr/mlir-aie/programming_examples/basic/matrix_multiplication/whole_array/build/aie_512x5632x512_64x88x64_8c.mlir.prj/aie_cdo_elfs.bin
Generating: /scratch/luisr/mlir-aie/programming_examples/basic/matrix_multiplication/whole_array/build/aie_512x5632x512_64x88x64_8c.mlir.prj/aie_cdo_init.bin
Generating: /scratch/luisr/mlir-aie/programming_examples/basic/matrix_multiplication/whole_array/build/aie_512x5632x512_64x88x64_8c.mlir.prj/aie_cdo_enable.bin
export XRT_HACK_UNSECURE_LOADING_XCLBIN=1 && \
 ./whole_array.exe -x build/final_512x5632x512_64x88x64_8c.xclbin -i build/insts_512x5632x512_64x88x64_8c.txt -k MLIR_AIE -M 512 -K 5632 -N 512 --iters 40 --warmup 10 --verify 0 --b_col_maj 0

Avg NPU matmul time: 738.875us.
Avg NPU gflops: 3996.33

Min NPU matmul time: 717us.
Max NPU gflops: 4118.26

Max NPU matmul time: 750us.
Min NPU gflops: 3937.05

PASS!

rm -rf tmpTrace parse*.json trace*json trace.txt
rm -rf build _build whole_array.exe
rm -rf _build
mkdir -p _build
cd _build &&  cmake -E env CXXFLAGS="-std=c++23 -ggdb -DDTYPE_IN=std::bfloat16_t -DDTYPE_OUT=std::bfloat16_t -DDTYPE_ACC=float" \
	cmake `echo /scratch/luisr/mlir-aie/programming_examples/basic/matrix_multiplication/whole_array/..` -D CMAKE_C_COMPILER=gcc-13 -D CMAKE_CXX_COMPILER=g++-13 -DTARGET_NAME=whole_array -Dsubdir=whole_array
-- The C compiler identification is GNU 13.3.0
-- The CXX compiler identification is GNU 13.3.0
-- Detecting C compiler ABI info
-- Detecting C compiler ABI info - done
-- Check for working C compiler: /usr/bin/gcc-13 - skipped
-- Detecting C compile features
-- Detecting C compile features - done
-- Detecting CXX compiler ABI info
-- Detecting CXX compiler ABI info - done
-- Check for working CXX compiler: /usr/bin/g++-13 - skipped
-- Detecting CXX compile features
-- Detecting CXX compile features - done
-- Configuring done (0.3s)
-- Generating done (0.0s)
-- Build files have been written to: /scratch/luisr/mlir-aie/programming_examples/basic/matrix_multiplication/whole_array/_build
cd _build &&  cmake --build . --config Release
gmake[1]: Entering directory '/scratch/luisr/mlir-aie/programming_examples/basic/matrix_multiplication/whole_array/_build'
gmake[2]: Entering directory '/scratch/luisr/mlir-aie/programming_examples/basic/matrix_multiplication/whole_array/_build'
gmake[3]: Entering directory '/scratch/luisr/mlir-aie/programming_examples/basic/matrix_multiplication/whole_array/_build'
gmake[3]: Leaving directory '/scratch/luisr/mlir-aie/programming_examples/basic/matrix_multiplication/whole_array/_build'
gmake[3]: Entering directory '/scratch/luisr/mlir-aie/programming_examples/basic/matrix_multiplication/whole_array/_build'
[ 33%] Building CXX object CMakeFiles/whole_array.dir/scratch/luisr/mlir-aie/runtime_lib/test_lib/test_utils.cpp.o
[ 66%] Building CXX object CMakeFiles/whole_array.dir/whole_array/test.cpp.o
[100%] Linking CXX executable whole_array
gmake[3]: Leaving directory '/scratch/luisr/mlir-aie/programming_examples/basic/matrix_multiplication/whole_array/_build'
[100%] Built target whole_array
gmake[2]: Leaving directory '/scratch/luisr/mlir-aie/programming_examples/basic/matrix_multiplication/whole_array/_build'
gmake[1]: Leaving directory '/scratch/luisr/mlir-aie/programming_examples/basic/matrix_multiplication/whole_array/_build'
cp _build/whole_array whole_array.exe 
mkdir -p build
python3 /scratch/luisr/mlir-aie/programming_examples/basic/matrix_multiplication/whole_array/whole_array.py -m 64 -k 88 -n 64 --n-aie-cols 8 --b-col-maj 0 --dev npu2 -M 512 -K 5632 -N 1024 --dtype_in bf16 --dtype_out bf16 --emulate-bf16-mmul-with-bfp16 true --trace_size 0 > build/aie_512x5632x1024_64x88x64_8c.mlir
mkdir -p build
cd build && xchesscc_wrapper aie2p -I /proj/xbuilds/2024.2_INT_1113_1001/installs/all_platforms/Vitis/2024.2/aietools/include  -Dbf16_bf16_ONLY -DDIM_M=64 -DDIM_K=88 -DDIM_N=64 -DAIE_API_EMULATE_BFLOAT16_MMUL_WITH_BFP16 -c /scratch/luisr/mlir-aie/programming_examples/basic/matrix_multiplication/whole_array/../../../../aie_kernels/aie2p/mm.cc -o mm_64x88x64.o
WARNING: Default location for XILINX_VIVADO_IP_OVERRIDE not found: /build/xfndry/IP_2024.2_INTEGRATION_VERIFIED/customer/vivado/data/ip
mkdir -p build
cd build && aiecc.py --alloc-scheme=basic-sequential --aie-generate-xclbin --no-compile-host --xclbin-name=final_512x5632x1024_64x88x64_8c.xclbin \
			 \
			--aie-generate-npu-insts --npu-insts-name=insts_512x5632x1024_64x88x64_8c.txt ../build/aie_512x5632x1024_64x88x64_8c.mlir

Generating: /scratch/luisr/mlir-aie/programming_examples/basic/matrix_multiplication/whole_array/build/aie_512x5632x1024_64x88x64_8c.mlir.prj/aie_cdo_elfs.bin
Generating: /scratch/luisr/mlir-aie/programming_examples/basic/matrix_multiplication/whole_array/build/aie_512x5632x1024_64x88x64_8c.mlir.prj/aie_cdo_init.bin
Generating: /scratch/luisr/mlir-aie/programming_examples/basic/matrix_multiplication/whole_array/build/aie_512x5632x1024_64x88x64_8c.mlir.prj/aie_cdo_enable.bin
export XRT_HACK_UNSECURE_LOADING_XCLBIN=1 && \
 ./whole_array.exe -x build/final_512x5632x1024_64x88x64_8c.xclbin -i build/insts_512x5632x1024_64x88x64_8c.txt -k MLIR_AIE -M 512 -K 5632 -N 1024 --iters 40 --warmup 10 --verify 0 --b_col_maj 0

Avg NPU matmul time: 1646.28us.
Avg NPU gflops: 3587.24

Min NPU matmul time: 1337us.
Max NPU gflops: 4417.04

Max NPU matmul time: 2422us.
Min NPU gflops: 2438.31

PASS!

rm -rf tmpTrace parse*.json trace*json trace.txt
rm -rf build _build whole_array.exe
rm -rf _build
mkdir -p _build
cd _build &&  cmake -E env CXXFLAGS="-std=c++23 -ggdb -DDTYPE_IN=std::bfloat16_t -DDTYPE_OUT=std::bfloat16_t -DDTYPE_ACC=float" \
	cmake `echo /scratch/luisr/mlir-aie/programming_examples/basic/matrix_multiplication/whole_array/..` -D CMAKE_C_COMPILER=gcc-13 -D CMAKE_CXX_COMPILER=g++-13 -DTARGET_NAME=whole_array -Dsubdir=whole_array
-- The C compiler identification is GNU 13.3.0
-- The CXX compiler identification is GNU 13.3.0
-- Detecting C compiler ABI info
-- Detecting C compiler ABI info - done
-- Check for working C compiler: /usr/bin/gcc-13 - skipped
-- Detecting C compile features
-- Detecting C compile features - done
-- Detecting CXX compiler ABI info
-- Detecting CXX compiler ABI info - done
-- Check for working CXX compiler: /usr/bin/g++-13 - skipped
-- Detecting CXX compile features
-- Detecting CXX compile features - done
-- Configuring done (0.2s)
-- Generating done (0.0s)
-- Build files have been written to: /scratch/luisr/mlir-aie/programming_examples/basic/matrix_multiplication/whole_array/_build
cd _build &&  cmake --build . --config Release
gmake[1]: Entering directory '/scratch/luisr/mlir-aie/programming_examples/basic/matrix_multiplication/whole_array/_build'
gmake[2]: Entering directory '/scratch/luisr/mlir-aie/programming_examples/basic/matrix_multiplication/whole_array/_build'
gmake[3]: Entering directory '/scratch/luisr/mlir-aie/programming_examples/basic/matrix_multiplication/whole_array/_build'
gmake[3]: Leaving directory '/scratch/luisr/mlir-aie/programming_examples/basic/matrix_multiplication/whole_array/_build'
gmake[3]: Entering directory '/scratch/luisr/mlir-aie/programming_examples/basic/matrix_multiplication/whole_array/_build'
[ 33%] Building CXX object CMakeFiles/whole_array.dir/scratch/luisr/mlir-aie/runtime_lib/test_lib/test_utils.cpp.o
[ 66%] Building CXX object CMakeFiles/whole_array.dir/whole_array/test.cpp.o
[100%] Linking CXX executable whole_array
gmake[3]: Leaving directory '/scratch/luisr/mlir-aie/programming_examples/basic/matrix_multiplication/whole_array/_build'
[100%] Built target whole_array
gmake[2]: Leaving directory '/scratch/luisr/mlir-aie/programming_examples/basic/matrix_multiplication/whole_array/_build'
gmake[1]: Leaving directory '/scratch/luisr/mlir-aie/programming_examples/basic/matrix_multiplication/whole_array/_build'
cp _build/whole_array whole_array.exe 
mkdir -p build
python3 /scratch/luisr/mlir-aie/programming_examples/basic/matrix_multiplication/whole_array/whole_array.py -m 64 -k 88 -n 64 --n-aie-cols 8 --b-col-maj 0 --dev npu2 -M 512 -K 5632 -N 4096 --dtype_in bf16 --dtype_out bf16 --emulate-bf16-mmul-with-bfp16 true --trace_size 0 > build/aie_512x5632x4096_64x88x64_8c.mlir
mkdir -p build
cd build && xchesscc_wrapper aie2p -I /proj/xbuilds/2024.2_INT_1113_1001/installs/all_platforms/Vitis/2024.2/aietools/include  -Dbf16_bf16_ONLY -DDIM_M=64 -DDIM_K=88 -DDIM_N=64 -DAIE_API_EMULATE_BFLOAT16_MMUL_WITH_BFP16 -c /scratch/luisr/mlir-aie/programming_examples/basic/matrix_multiplication/whole_array/../../../../aie_kernels/aie2p/mm.cc -o mm_64x88x64.o
WARNING: Default location for XILINX_VIVADO_IP_OVERRIDE not found: /build/xfndry/IP_2024.2_INTEGRATION_VERIFIED/customer/vivado/data/ip
mkdir -p build
cd build && aiecc.py --alloc-scheme=basic-sequential --aie-generate-xclbin --no-compile-host --xclbin-name=final_512x5632x4096_64x88x64_8c.xclbin \
			 \
			--aie-generate-npu-insts --npu-insts-name=insts_512x5632x4096_64x88x64_8c.txt ../build/aie_512x5632x4096_64x88x64_8c.mlir

Generating: /scratch/luisr/mlir-aie/programming_examples/basic/matrix_multiplication/whole_array/build/aie_512x5632x4096_64x88x64_8c.mlir.prj/aie_cdo_elfs.bin
Generating: /scratch/luisr/mlir-aie/programming_examples/basic/matrix_multiplication/whole_array/build/aie_512x5632x4096_64x88x64_8c.mlir.prj/aie_cdo_init.bin
Generating: /scratch/luisr/mlir-aie/programming_examples/basic/matrix_multiplication/whole_array/build/aie_512x5632x4096_64x88x64_8c.mlir.prj/aie_cdo_enable.bin
export XRT_HACK_UNSECURE_LOADING_XCLBIN=1 && \
 ./whole_array.exe -x build/final_512x5632x4096_64x88x64_8c.xclbin -i build/insts_512x5632x4096_64x88x64_8c.txt -k MLIR_AIE -M 512 -K 5632 -N 4096 --iters 40 --warmup 10 --verify 0 --b_col_maj 0

Avg NPU matmul time: 5842.08us.
Avg NPU gflops: 4043.48

Min NPU matmul time: 5354us.
Max NPU gflops: 4412.09

Max NPU matmul time: 6869us.
Min NPU gflops: 3438.98

PASS!

rm -rf tmpTrace parse*.json trace*json trace.txt
rm -rf build _build whole_array.exe
rm -rf _build
mkdir -p _build
cd _build &&  cmake -E env CXXFLAGS="-std=c++23 -ggdb -DDTYPE_IN=std::bfloat16_t -DDTYPE_OUT=std::bfloat16_t -DDTYPE_ACC=float" \
	cmake `echo /scratch/luisr/mlir-aie/programming_examples/basic/matrix_multiplication/whole_array/..` -D CMAKE_C_COMPILER=gcc-13 -D CMAKE_CXX_COMPILER=g++-13 -DTARGET_NAME=whole_array -Dsubdir=whole_array
-- The C compiler identification is GNU 13.3.0
-- The CXX compiler identification is GNU 13.3.0
-- Detecting C compiler ABI info
-- Detecting C compiler ABI info - done
-- Check for working C compiler: /usr/bin/gcc-13 - skipped
-- Detecting C compile features
-- Detecting C compile features - done
-- Detecting CXX compiler ABI info
-- Detecting CXX compiler ABI info - done
-- Check for working CXX compiler: /usr/bin/g++-13 - skipped
-- Detecting CXX compile features
-- Detecting CXX compile features - done
-- Configuring done (0.3s)
-- Generating done (0.0s)
-- Build files have been written to: /scratch/luisr/mlir-aie/programming_examples/basic/matrix_multiplication/whole_array/_build
cd _build &&  cmake --build . --config Release
gmake[1]: Entering directory '/scratch/luisr/mlir-aie/programming_examples/basic/matrix_multiplication/whole_array/_build'
gmake[2]: Entering directory '/scratch/luisr/mlir-aie/programming_examples/basic/matrix_multiplication/whole_array/_build'
gmake[3]: Entering directory '/scratch/luisr/mlir-aie/programming_examples/basic/matrix_multiplication/whole_array/_build'
gmake[3]: Leaving directory '/scratch/luisr/mlir-aie/programming_examples/basic/matrix_multiplication/whole_array/_build'
gmake[3]: Entering directory '/scratch/luisr/mlir-aie/programming_examples/basic/matrix_multiplication/whole_array/_build'
[ 33%] Building CXX object CMakeFiles/whole_array.dir/scratch/luisr/mlir-aie/runtime_lib/test_lib/test_utils.cpp.o
[ 66%] Building CXX object CMakeFiles/whole_array.dir/whole_array/test.cpp.o
[100%] Linking CXX executable whole_array
gmake[3]: Leaving directory '/scratch/luisr/mlir-aie/programming_examples/basic/matrix_multiplication/whole_array/_build'
[100%] Built target whole_array
gmake[2]: Leaving directory '/scratch/luisr/mlir-aie/programming_examples/basic/matrix_multiplication/whole_array/_build'
gmake[1]: Leaving directory '/scratch/luisr/mlir-aie/programming_examples/basic/matrix_multiplication/whole_array/_build'
cp _build/whole_array whole_array.exe 
mkdir -p build
python3 /scratch/luisr/mlir-aie/programming_examples/basic/matrix_multiplication/whole_array/whole_array.py -m 64 -k 88 -n 64 --n-aie-cols 8 --b-col-maj 0 --dev npu2 -M 512 -K 5632 -N 8192 --dtype_in bf16 --dtype_out bf16 --emulate-bf16-mmul-with-bfp16 true --trace_size 0 > build/aie_512x5632x8192_64x88x64_8c.mlir
mkdir -p build
cd build && xchesscc_wrapper aie2p -I /proj/xbuilds/2024.2_INT_1113_1001/installs/all_platforms/Vitis/2024.2/aietools/include  -Dbf16_bf16_ONLY -DDIM_M=64 -DDIM_K=88 -DDIM_N=64 -DAIE_API_EMULATE_BFLOAT16_MMUL_WITH_BFP16 -c /scratch/luisr/mlir-aie/programming_examples/basic/matrix_multiplication/whole_array/../../../../aie_kernels/aie2p/mm.cc -o mm_64x88x64.o
WARNING: Default location for XILINX_VIVADO_IP_OVERRIDE not found: /build/xfndry/IP_2024.2_INTEGRATION_VERIFIED/customer/vivado/data/ip
mkdir -p build
cd build && aiecc.py --alloc-scheme=basic-sequential --aie-generate-xclbin --no-compile-host --xclbin-name=final_512x5632x8192_64x88x64_8c.xclbin \
			 \
			--aie-generate-npu-insts --npu-insts-name=insts_512x5632x8192_64x88x64_8c.txt ../build/aie_512x5632x8192_64x88x64_8c.mlir

Generating: /scratch/luisr/mlir-aie/programming_examples/basic/matrix_multiplication/whole_array/build/aie_512x5632x8192_64x88x64_8c.mlir.prj/aie_cdo_elfs.bin
Generating: /scratch/luisr/mlir-aie/programming_examples/basic/matrix_multiplication/whole_array/build/aie_512x5632x8192_64x88x64_8c.mlir.prj/aie_cdo_init.bin
Generating: /scratch/luisr/mlir-aie/programming_examples/basic/matrix_multiplication/whole_array/build/aie_512x5632x8192_64x88x64_8c.mlir.prj/aie_cdo_enable.bin
export XRT_HACK_UNSECURE_LOADING_XCLBIN=1 && \
 ./whole_array.exe -x build/final_512x5632x8192_64x88x64_8c.xclbin -i build/insts_512x5632x8192_64x88x64_8c.txt -k MLIR_AIE -M 512 -K 5632 -N 8192 --iters 40 --warmup 10 --verify 0 --b_col_maj 0

Avg NPU matmul time: 12340.5us.
Avg NPU gflops: 3828.42

Min NPU matmul time: 11677us.
Max NPU gflops: 4045.96

Max NPU matmul time: 13002us.
Min NPU gflops: 3633.64

PASS!

rm -rf tmpTrace parse*.json trace*json trace.txt
rm -rf build _build whole_array.exe
rm -rf _build
mkdir -p _build
cd _build &&  cmake -E env CXXFLAGS="-std=c++23 -ggdb -DDTYPE_IN=std::bfloat16_t -DDTYPE_OUT=std::bfloat16_t -DDTYPE_ACC=float" \
	cmake `echo /scratch/luisr/mlir-aie/programming_examples/basic/matrix_multiplication/whole_array/..` -D CMAKE_C_COMPILER=gcc-13 -D CMAKE_CXX_COMPILER=g++-13 -DTARGET_NAME=whole_array -Dsubdir=whole_array
-- The C compiler identification is GNU 13.3.0
-- The CXX compiler identification is GNU 13.3.0
-- Detecting C compiler ABI info
-- Detecting C compiler ABI info - done
-- Check for working C compiler: /usr/bin/gcc-13 - skipped
-- Detecting C compile features
-- Detecting C compile features - done
-- Detecting CXX compiler ABI info
-- Detecting CXX compiler ABI info - done
-- Check for working CXX compiler: /usr/bin/g++-13 - skipped
-- Detecting CXX compile features
-- Detecting CXX compile features - done
-- Configuring done (0.3s)
-- Generating done (0.0s)
-- Build files have been written to: /scratch/luisr/mlir-aie/programming_examples/basic/matrix_multiplication/whole_array/_build
cd _build &&  cmake --build . --config Release
gmake[1]: Entering directory '/scratch/luisr/mlir-aie/programming_examples/basic/matrix_multiplication/whole_array/_build'
gmake[2]: Entering directory '/scratch/luisr/mlir-aie/programming_examples/basic/matrix_multiplication/whole_array/_build'
gmake[3]: Entering directory '/scratch/luisr/mlir-aie/programming_examples/basic/matrix_multiplication/whole_array/_build'
gmake[3]: Leaving directory '/scratch/luisr/mlir-aie/programming_examples/basic/matrix_multiplication/whole_array/_build'
gmake[3]: Entering directory '/scratch/luisr/mlir-aie/programming_examples/basic/matrix_multiplication/whole_array/_build'
[ 33%] Building CXX object CMakeFiles/whole_array.dir/scratch/luisr/mlir-aie/runtime_lib/test_lib/test_utils.cpp.o
[ 66%] Building CXX object CMakeFiles/whole_array.dir/whole_array/test.cpp.o
[100%] Linking CXX executable whole_array
gmake[3]: Leaving directory '/scratch/luisr/mlir-aie/programming_examples/basic/matrix_multiplication/whole_array/_build'
[100%] Built target whole_array
gmake[2]: Leaving directory '/scratch/luisr/mlir-aie/programming_examples/basic/matrix_multiplication/whole_array/_build'
gmake[1]: Leaving directory '/scratch/luisr/mlir-aie/programming_examples/basic/matrix_multiplication/whole_array/_build'
cp _build/whole_array whole_array.exe 
mkdir -p build
python3 /scratch/luisr/mlir-aie/programming_examples/basic/matrix_multiplication/whole_array/whole_array.py -m 64 -k 88 -n 64 --n-aie-cols 8 --b-col-maj 0 --dev npu2 -M 1024 -K 704 -N 512 --dtype_in bf16 --dtype_out bf16 --emulate-bf16-mmul-with-bfp16 true --trace_size 0 > build/aie_1024x704x512_64x88x64_8c.mlir
mkdir -p build
cd build && xchesscc_wrapper aie2p -I /proj/xbuilds/2024.2_INT_1113_1001/installs/all_platforms/Vitis/2024.2/aietools/include  -Dbf16_bf16_ONLY -DDIM_M=64 -DDIM_K=88 -DDIM_N=64 -DAIE_API_EMULATE_BFLOAT16_MMUL_WITH_BFP16 -c /scratch/luisr/mlir-aie/programming_examples/basic/matrix_multiplication/whole_array/../../../../aie_kernels/aie2p/mm.cc -o mm_64x88x64.o
WARNING: Default location for XILINX_VIVADO_IP_OVERRIDE not found: /build/xfndry/IP_2024.2_INTEGRATION_VERIFIED/customer/vivado/data/ip
mkdir -p build
cd build && aiecc.py --alloc-scheme=basic-sequential --aie-generate-xclbin --no-compile-host --xclbin-name=final_1024x704x512_64x88x64_8c.xclbin \
			 \
			--aie-generate-npu-insts --npu-insts-name=insts_1024x704x512_64x88x64_8c.txt ../build/aie_1024x704x512_64x88x64_8c.mlir

Generating: /scratch/luisr/mlir-aie/programming_examples/basic/matrix_multiplication/whole_array/build/aie_1024x704x512_64x88x64_8c.mlir.prj/aie_cdo_elfs.bin
Generating: /scratch/luisr/mlir-aie/programming_examples/basic/matrix_multiplication/whole_array/build/aie_1024x704x512_64x88x64_8c.mlir.prj/aie_cdo_init.bin
Generating: /scratch/luisr/mlir-aie/programming_examples/basic/matrix_multiplication/whole_array/build/aie_1024x704x512_64x88x64_8c.mlir.prj/aie_cdo_enable.bin
export XRT_HACK_UNSECURE_LOADING_XCLBIN=1 && \
 ./whole_array.exe -x build/final_1024x704x512_64x88x64_8c.xclbin -i build/insts_1024x704x512_64x88x64_8c.txt -k MLIR_AIE -M 1024 -K 704 -N 512 --iters 40 --warmup 10 --verify 0 --b_col_maj 0

Avg NPU matmul time: 245.5us.
Avg NPU gflops: 3006.91

Min NPU matmul time: 227us.
Max NPU gflops: 3251.97

Max NPU matmul time: 299us.
Min NPU gflops: 2468.89

PASS!

rm -rf tmpTrace parse*.json trace*json trace.txt
rm -rf build _build whole_array.exe
rm -rf _build
mkdir -p _build
cd _build &&  cmake -E env CXXFLAGS="-std=c++23 -ggdb -DDTYPE_IN=std::bfloat16_t -DDTYPE_OUT=std::bfloat16_t -DDTYPE_ACC=float" \
	cmake `echo /scratch/luisr/mlir-aie/programming_examples/basic/matrix_multiplication/whole_array/..` -D CMAKE_C_COMPILER=gcc-13 -D CMAKE_CXX_COMPILER=g++-13 -DTARGET_NAME=whole_array -Dsubdir=whole_array
-- The C compiler identification is GNU 13.3.0
-- The CXX compiler identification is GNU 13.3.0
-- Detecting C compiler ABI info
-- Detecting C compiler ABI info - done
-- Check for working C compiler: /usr/bin/gcc-13 - skipped
-- Detecting C compile features
-- Detecting C compile features - done
-- Detecting CXX compiler ABI info
-- Detecting CXX compiler ABI info - done
-- Check for working CXX compiler: /usr/bin/g++-13 - skipped
-- Detecting CXX compile features
-- Detecting CXX compile features - done
-- Configuring done (0.2s)
-- Generating done (0.0s)
-- Build files have been written to: /scratch/luisr/mlir-aie/programming_examples/basic/matrix_multiplication/whole_array/_build
cd _build &&  cmake --build . --config Release
gmake[1]: Entering directory '/scratch/luisr/mlir-aie/programming_examples/basic/matrix_multiplication/whole_array/_build'
gmake[2]: Entering directory '/scratch/luisr/mlir-aie/programming_examples/basic/matrix_multiplication/whole_array/_build'
gmake[3]: Entering directory '/scratch/luisr/mlir-aie/programming_examples/basic/matrix_multiplication/whole_array/_build'
gmake[3]: Leaving directory '/scratch/luisr/mlir-aie/programming_examples/basic/matrix_multiplication/whole_array/_build'
gmake[3]: Entering directory '/scratch/luisr/mlir-aie/programming_examples/basic/matrix_multiplication/whole_array/_build'
[ 33%] Building CXX object CMakeFiles/whole_array.dir/scratch/luisr/mlir-aie/runtime_lib/test_lib/test_utils.cpp.o
[ 66%] Building CXX object CMakeFiles/whole_array.dir/whole_array/test.cpp.o
[100%] Linking CXX executable whole_array
gmake[3]: Leaving directory '/scratch/luisr/mlir-aie/programming_examples/basic/matrix_multiplication/whole_array/_build'
[100%] Built target whole_array
gmake[2]: Leaving directory '/scratch/luisr/mlir-aie/programming_examples/basic/matrix_multiplication/whole_array/_build'
gmake[1]: Leaving directory '/scratch/luisr/mlir-aie/programming_examples/basic/matrix_multiplication/whole_array/_build'
cp _build/whole_array whole_array.exe 
mkdir -p build
python3 /scratch/luisr/mlir-aie/programming_examples/basic/matrix_multiplication/whole_array/whole_array.py -m 64 -k 88 -n 64 --n-aie-cols 8 --b-col-maj 0 --dev npu2 -M 1024 -K 704 -N 1024 --dtype_in bf16 --dtype_out bf16 --emulate-bf16-mmul-with-bfp16 true --trace_size 0 > build/aie_1024x704x1024_64x88x64_8c.mlir
mkdir -p build
cd build && xchesscc_wrapper aie2p -I /proj/xbuilds/2024.2_INT_1113_1001/installs/all_platforms/Vitis/2024.2/aietools/include  -Dbf16_bf16_ONLY -DDIM_M=64 -DDIM_K=88 -DDIM_N=64 -DAIE_API_EMULATE_BFLOAT16_MMUL_WITH_BFP16 -c /scratch/luisr/mlir-aie/programming_examples/basic/matrix_multiplication/whole_array/../../../../aie_kernels/aie2p/mm.cc -o mm_64x88x64.o
WARNING: Default location for XILINX_VIVADO_IP_OVERRIDE not found: /build/xfndry/IP_2024.2_INTEGRATION_VERIFIED/customer/vivado/data/ip
mkdir -p build
cd build && aiecc.py --alloc-scheme=basic-sequential --aie-generate-xclbin --no-compile-host --xclbin-name=final_1024x704x1024_64x88x64_8c.xclbin \
			 \
			--aie-generate-npu-insts --npu-insts-name=insts_1024x704x1024_64x88x64_8c.txt ../build/aie_1024x704x1024_64x88x64_8c.mlir

Generating: /scratch/luisr/mlir-aie/programming_examples/basic/matrix_multiplication/whole_array/build/aie_1024x704x1024_64x88x64_8c.mlir.prj/aie_cdo_elfs.bin
Generating: /scratch/luisr/mlir-aie/programming_examples/basic/matrix_multiplication/whole_array/build/aie_1024x704x1024_64x88x64_8c.mlir.prj/aie_cdo_init.bin
Generating: /scratch/luisr/mlir-aie/programming_examples/basic/matrix_multiplication/whole_array/build/aie_1024x704x1024_64x88x64_8c.mlir.prj/aie_cdo_enable.bin
export XRT_HACK_UNSECURE_LOADING_XCLBIN=1 && \
 ./whole_array.exe -x build/final_1024x704x1024_64x88x64_8c.xclbin -i build/insts_1024x704x1024_64x88x64_8c.txt -k MLIR_AIE -M 1024 -K 704 -N 1024 --iters 40 --warmup 10 --verify 0 --b_col_maj 0

Avg NPU matmul time: 413.375us.
Avg NPU gflops: 3571.56

Min NPU matmul time: 385us.
Max NPU gflops: 3834.79

Max NPU matmul time: 468us.
Min NPU gflops: 3154.69

PASS!

rm -rf tmpTrace parse*.json trace*json trace.txt
rm -rf build _build whole_array.exe
rm -rf _build
mkdir -p _build
cd _build &&  cmake -E env CXXFLAGS="-std=c++23 -ggdb -DDTYPE_IN=std::bfloat16_t -DDTYPE_OUT=std::bfloat16_t -DDTYPE_ACC=float" \
	cmake `echo /scratch/luisr/mlir-aie/programming_examples/basic/matrix_multiplication/whole_array/..` -D CMAKE_C_COMPILER=gcc-13 -D CMAKE_CXX_COMPILER=g++-13 -DTARGET_NAME=whole_array -Dsubdir=whole_array
-- The C compiler identification is GNU 13.3.0
-- The CXX compiler identification is GNU 13.3.0
-- Detecting C compiler ABI info
-- Detecting C compiler ABI info - done
-- Check for working C compiler: /usr/bin/gcc-13 - skipped
-- Detecting C compile features
-- Detecting C compile features - done
-- Detecting CXX compiler ABI info
-- Detecting CXX compiler ABI info - done
-- Check for working CXX compiler: /usr/bin/g++-13 - skipped
-- Detecting CXX compile features
-- Detecting CXX compile features - done
-- Configuring done (0.3s)
-- Generating done (0.0s)
-- Build files have been written to: /scratch/luisr/mlir-aie/programming_examples/basic/matrix_multiplication/whole_array/_build
cd _build &&  cmake --build . --config Release
gmake[1]: Entering directory '/scratch/luisr/mlir-aie/programming_examples/basic/matrix_multiplication/whole_array/_build'
gmake[2]: Entering directory '/scratch/luisr/mlir-aie/programming_examples/basic/matrix_multiplication/whole_array/_build'
gmake[3]: Entering directory '/scratch/luisr/mlir-aie/programming_examples/basic/matrix_multiplication/whole_array/_build'
gmake[3]: Leaving directory '/scratch/luisr/mlir-aie/programming_examples/basic/matrix_multiplication/whole_array/_build'
gmake[3]: Entering directory '/scratch/luisr/mlir-aie/programming_examples/basic/matrix_multiplication/whole_array/_build'
[ 33%] Building CXX object CMakeFiles/whole_array.dir/scratch/luisr/mlir-aie/runtime_lib/test_lib/test_utils.cpp.o
[ 66%] Building CXX object CMakeFiles/whole_array.dir/whole_array/test.cpp.o
[100%] Linking CXX executable whole_array
gmake[3]: Leaving directory '/scratch/luisr/mlir-aie/programming_examples/basic/matrix_multiplication/whole_array/_build'
[100%] Built target whole_array
gmake[2]: Leaving directory '/scratch/luisr/mlir-aie/programming_examples/basic/matrix_multiplication/whole_array/_build'
gmake[1]: Leaving directory '/scratch/luisr/mlir-aie/programming_examples/basic/matrix_multiplication/whole_array/_build'
cp _build/whole_array whole_array.exe 
mkdir -p build
python3 /scratch/luisr/mlir-aie/programming_examples/basic/matrix_multiplication/whole_array/whole_array.py -m 64 -k 88 -n 64 --n-aie-cols 8 --b-col-maj 0 --dev npu2 -M 1024 -K 704 -N 4096 --dtype_in bf16 --dtype_out bf16 --emulate-bf16-mmul-with-bfp16 true --trace_size 0 > build/aie_1024x704x4096_64x88x64_8c.mlir
mkdir -p build
cd build && xchesscc_wrapper aie2p -I /proj/xbuilds/2024.2_INT_1113_1001/installs/all_platforms/Vitis/2024.2/aietools/include  -Dbf16_bf16_ONLY -DDIM_M=64 -DDIM_K=88 -DDIM_N=64 -DAIE_API_EMULATE_BFLOAT16_MMUL_WITH_BFP16 -c /scratch/luisr/mlir-aie/programming_examples/basic/matrix_multiplication/whole_array/../../../../aie_kernels/aie2p/mm.cc -o mm_64x88x64.o
WARNING: Default location for XILINX_VIVADO_IP_OVERRIDE not found: /build/xfndry/IP_2024.2_INTEGRATION_VERIFIED/customer/vivado/data/ip
mkdir -p build
cd build && aiecc.py --alloc-scheme=basic-sequential --aie-generate-xclbin --no-compile-host --xclbin-name=final_1024x704x4096_64x88x64_8c.xclbin \
			 \
			--aie-generate-npu-insts --npu-insts-name=insts_1024x704x4096_64x88x64_8c.txt ../build/aie_1024x704x4096_64x88x64_8c.mlir

Generating: /scratch/luisr/mlir-aie/programming_examples/basic/matrix_multiplication/whole_array/build/aie_1024x704x4096_64x88x64_8c.mlir.prj/aie_cdo_elfs.bin
Generating: /scratch/luisr/mlir-aie/programming_examples/basic/matrix_multiplication/whole_array/build/aie_1024x704x4096_64x88x64_8c.mlir.prj/aie_cdo_init.bin
Generating: /scratch/luisr/mlir-aie/programming_examples/basic/matrix_multiplication/whole_array/build/aie_1024x704x4096_64x88x64_8c.mlir.prj/aie_cdo_enable.bin
export XRT_HACK_UNSECURE_LOADING_XCLBIN=1 && \
 ./whole_array.exe -x build/final_1024x704x4096_64x88x64_8c.xclbin -i build/insts_1024x704x4096_64x88x64_8c.txt -k MLIR_AIE -M 1024 -K 704 -N 4096 --iters 40 --warmup 10 --verify 0 --b_col_maj 0

Avg NPU matmul time: 1673.38us.
Avg NPU gflops: 3529.14

Min NPU matmul time: 1366us.
Max NPU gflops: 4323.27

Max NPU matmul time: 2037us.
Min NPU gflops: 2899.16

PASS!

rm -rf tmpTrace parse*.json trace*json trace.txt
rm -rf build _build whole_array.exe
rm -rf _build
mkdir -p _build
cd _build &&  cmake -E env CXXFLAGS="-std=c++23 -ggdb -DDTYPE_IN=std::bfloat16_t -DDTYPE_OUT=std::bfloat16_t -DDTYPE_ACC=float" \
	cmake `echo /scratch/luisr/mlir-aie/programming_examples/basic/matrix_multiplication/whole_array/..` -D CMAKE_C_COMPILER=gcc-13 -D CMAKE_CXX_COMPILER=g++-13 -DTARGET_NAME=whole_array -Dsubdir=whole_array
-- The C compiler identification is GNU 13.3.0
-- The CXX compiler identification is GNU 13.3.0
-- Detecting C compiler ABI info
-- Detecting C compiler ABI info - done
-- Check for working C compiler: /usr/bin/gcc-13 - skipped
-- Detecting C compile features
-- Detecting C compile features - done
-- Detecting CXX compiler ABI info
-- Detecting CXX compiler ABI info - done
-- Check for working CXX compiler: /usr/bin/g++-13 - skipped
-- Detecting CXX compile features
-- Detecting CXX compile features - done
-- Configuring done (0.3s)
-- Generating done (0.0s)
-- Build files have been written to: /scratch/luisr/mlir-aie/programming_examples/basic/matrix_multiplication/whole_array/_build
cd _build &&  cmake --build . --config Release
gmake[1]: Entering directory '/scratch/luisr/mlir-aie/programming_examples/basic/matrix_multiplication/whole_array/_build'
gmake[2]: Entering directory '/scratch/luisr/mlir-aie/programming_examples/basic/matrix_multiplication/whole_array/_build'
gmake[3]: Entering directory '/scratch/luisr/mlir-aie/programming_examples/basic/matrix_multiplication/whole_array/_build'
gmake[3]: Leaving directory '/scratch/luisr/mlir-aie/programming_examples/basic/matrix_multiplication/whole_array/_build'
gmake[3]: Entering directory '/scratch/luisr/mlir-aie/programming_examples/basic/matrix_multiplication/whole_array/_build'
[ 33%] Building CXX object CMakeFiles/whole_array.dir/scratch/luisr/mlir-aie/runtime_lib/test_lib/test_utils.cpp.o
[ 66%] Building CXX object CMakeFiles/whole_array.dir/whole_array/test.cpp.o
[100%] Linking CXX executable whole_array
gmake[3]: Leaving directory '/scratch/luisr/mlir-aie/programming_examples/basic/matrix_multiplication/whole_array/_build'
[100%] Built target whole_array
gmake[2]: Leaving directory '/scratch/luisr/mlir-aie/programming_examples/basic/matrix_multiplication/whole_array/_build'
gmake[1]: Leaving directory '/scratch/luisr/mlir-aie/programming_examples/basic/matrix_multiplication/whole_array/_build'
cp _build/whole_array whole_array.exe 
mkdir -p build
python3 /scratch/luisr/mlir-aie/programming_examples/basic/matrix_multiplication/whole_array/whole_array.py -m 64 -k 88 -n 64 --n-aie-cols 8 --b-col-maj 0 --dev npu2 -M 1024 -K 704 -N 8192 --dtype_in bf16 --dtype_out bf16 --emulate-bf16-mmul-with-bfp16 true --trace_size 0 > build/aie_1024x704x8192_64x88x64_8c.mlir
mkdir -p build
cd build && xchesscc_wrapper aie2p -I /proj/xbuilds/2024.2_INT_1113_1001/installs/all_platforms/Vitis/2024.2/aietools/include  -Dbf16_bf16_ONLY -DDIM_M=64 -DDIM_K=88 -DDIM_N=64 -DAIE_API_EMULATE_BFLOAT16_MMUL_WITH_BFP16 -c /scratch/luisr/mlir-aie/programming_examples/basic/matrix_multiplication/whole_array/../../../../aie_kernels/aie2p/mm.cc -o mm_64x88x64.o
WARNING: Default location for XILINX_VIVADO_IP_OVERRIDE not found: /build/xfndry/IP_2024.2_INTEGRATION_VERIFIED/customer/vivado/data/ip
mkdir -p build
cd build && aiecc.py --alloc-scheme=basic-sequential --aie-generate-xclbin --no-compile-host --xclbin-name=final_1024x704x8192_64x88x64_8c.xclbin \
			 \
			--aie-generate-npu-insts --npu-insts-name=insts_1024x704x8192_64x88x64_8c.txt ../build/aie_1024x704x8192_64x88x64_8c.mlir

Generating: /scratch/luisr/mlir-aie/programming_examples/basic/matrix_multiplication/whole_array/build/aie_1024x704x8192_64x88x64_8c.mlir.prj/aie_cdo_elfs.bin
Generating: /scratch/luisr/mlir-aie/programming_examples/basic/matrix_multiplication/whole_array/build/aie_1024x704x8192_64x88x64_8c.mlir.prj/aie_cdo_init.bin
Generating: /scratch/luisr/mlir-aie/programming_examples/basic/matrix_multiplication/whole_array/build/aie_1024x704x8192_64x88x64_8c.mlir.prj/aie_cdo_enable.bin
export XRT_HACK_UNSECURE_LOADING_XCLBIN=1 && \
 ./whole_array.exe -x build/final_1024x704x8192_64x88x64_8c.xclbin -i build/insts_1024x704x8192_64x88x64_8c.txt -k MLIR_AIE -M 1024 -K 704 -N 8192 --iters 40 --warmup 10 --verify 0 --b_col_maj 0

Avg NPU matmul time: 3220.85us.
Avg NPU gflops: 3667.09

Min NPU matmul time: 2876us.
Max NPU gflops: 4106.8

Max NPU matmul time: 3744us.
Min NPU gflops: 3154.69

PASS!

rm -rf tmpTrace parse*.json trace*json trace.txt
rm -rf build _build whole_array.exe
rm -rf _build
mkdir -p _build
cd _build &&  cmake -E env CXXFLAGS="-std=c++23 -ggdb -DDTYPE_IN=std::bfloat16_t -DDTYPE_OUT=std::bfloat16_t -DDTYPE_ACC=float" \
	cmake `echo /scratch/luisr/mlir-aie/programming_examples/basic/matrix_multiplication/whole_array/..` -D CMAKE_C_COMPILER=gcc-13 -D CMAKE_CXX_COMPILER=g++-13 -DTARGET_NAME=whole_array -Dsubdir=whole_array
-- The C compiler identification is GNU 13.3.0
-- The CXX compiler identification is GNU 13.3.0
-- Detecting C compiler ABI info
-- Detecting C compiler ABI info - done
-- Check for working C compiler: /usr/bin/gcc-13 - skipped
-- Detecting C compile features
-- Detecting C compile features - done
-- Detecting CXX compiler ABI info
-- Detecting CXX compiler ABI info - done
-- Check for working CXX compiler: /usr/bin/g++-13 - skipped
-- Detecting CXX compile features
-- Detecting CXX compile features - done
-- Configuring done (0.3s)
-- Generating done (0.0s)
-- Build files have been written to: /scratch/luisr/mlir-aie/programming_examples/basic/matrix_multiplication/whole_array/_build
cd _build &&  cmake --build . --config Release
gmake[1]: Entering directory '/scratch/luisr/mlir-aie/programming_examples/basic/matrix_multiplication/whole_array/_build'
gmake[2]: Entering directory '/scratch/luisr/mlir-aie/programming_examples/basic/matrix_multiplication/whole_array/_build'
gmake[3]: Entering directory '/scratch/luisr/mlir-aie/programming_examples/basic/matrix_multiplication/whole_array/_build'
gmake[3]: Leaving directory '/scratch/luisr/mlir-aie/programming_examples/basic/matrix_multiplication/whole_array/_build'
gmake[3]: Entering directory '/scratch/luisr/mlir-aie/programming_examples/basic/matrix_multiplication/whole_array/_build'
[ 33%] Building CXX object CMakeFiles/whole_array.dir/scratch/luisr/mlir-aie/runtime_lib/test_lib/test_utils.cpp.o
[ 66%] Building CXX object CMakeFiles/whole_array.dir/whole_array/test.cpp.o
[100%] Linking CXX executable whole_array
gmake[3]: Leaving directory '/scratch/luisr/mlir-aie/programming_examples/basic/matrix_multiplication/whole_array/_build'
[100%] Built target whole_array
gmake[2]: Leaving directory '/scratch/luisr/mlir-aie/programming_examples/basic/matrix_multiplication/whole_array/_build'
gmake[1]: Leaving directory '/scratch/luisr/mlir-aie/programming_examples/basic/matrix_multiplication/whole_array/_build'
cp _build/whole_array whole_array.exe 
mkdir -p build
python3 /scratch/luisr/mlir-aie/programming_examples/basic/matrix_multiplication/whole_array/whole_array.py -m 64 -k 88 -n 64 --n-aie-cols 8 --b-col-maj 0 --dev npu2 -M 1024 -K 1408 -N 512 --dtype_in bf16 --dtype_out bf16 --emulate-bf16-mmul-with-bfp16 true --trace_size 0 > build/aie_1024x1408x512_64x88x64_8c.mlir
mkdir -p build
cd build && xchesscc_wrapper aie2p -I /proj/xbuilds/2024.2_INT_1113_1001/installs/all_platforms/Vitis/2024.2/aietools/include  -Dbf16_bf16_ONLY -DDIM_M=64 -DDIM_K=88 -DDIM_N=64 -DAIE_API_EMULATE_BFLOAT16_MMUL_WITH_BFP16 -c /scratch/luisr/mlir-aie/programming_examples/basic/matrix_multiplication/whole_array/../../../../aie_kernels/aie2p/mm.cc -o mm_64x88x64.o
WARNING: Default location for XILINX_VIVADO_IP_OVERRIDE not found: /build/xfndry/IP_2024.2_INTEGRATION_VERIFIED/customer/vivado/data/ip
mkdir -p build
cd build && aiecc.py --alloc-scheme=basic-sequential --aie-generate-xclbin --no-compile-host --xclbin-name=final_1024x1408x512_64x88x64_8c.xclbin \
			 \
			--aie-generate-npu-insts --npu-insts-name=insts_1024x1408x512_64x88x64_8c.txt ../build/aie_1024x1408x512_64x88x64_8c.mlir

Generating: /scratch/luisr/mlir-aie/programming_examples/basic/matrix_multiplication/whole_array/build/aie_1024x1408x512_64x88x64_8c.mlir.prj/aie_cdo_elfs.bin
Generating: /scratch/luisr/mlir-aie/programming_examples/basic/matrix_multiplication/whole_array/build/aie_1024x1408x512_64x88x64_8c.mlir.prj/aie_cdo_init.bin
Generating: /scratch/luisr/mlir-aie/programming_examples/basic/matrix_multiplication/whole_array/build/aie_1024x1408x512_64x88x64_8c.mlir.prj/aie_cdo_enable.bin
export XRT_HACK_UNSECURE_LOADING_XCLBIN=1 && \
 ./whole_array.exe -x build/final_1024x1408x512_64x88x64_8c.xclbin -i build/insts_1024x1408x512_64x88x64_8c.txt -k MLIR_AIE -M 1024 -K 1408 -N 512 --iters 40 --warmup 10 --verify 0 --b_col_maj 0

Avg NPU matmul time: 396.175us.
Avg NPU gflops: 3726.62

Min NPU matmul time: 386us.
Max NPU gflops: 3824.86

Max NPU matmul time: 453us.
Min NPU gflops: 3259.15

PASS!

rm -rf tmpTrace parse*.json trace*json trace.txt
rm -rf build _build whole_array.exe
rm -rf _build
mkdir -p _build
cd _build &&  cmake -E env CXXFLAGS="-std=c++23 -ggdb -DDTYPE_IN=std::bfloat16_t -DDTYPE_OUT=std::bfloat16_t -DDTYPE_ACC=float" \
	cmake `echo /scratch/luisr/mlir-aie/programming_examples/basic/matrix_multiplication/whole_array/..` -D CMAKE_C_COMPILER=gcc-13 -D CMAKE_CXX_COMPILER=g++-13 -DTARGET_NAME=whole_array -Dsubdir=whole_array
-- The C compiler identification is GNU 13.3.0
-- The CXX compiler identification is GNU 13.3.0
-- Detecting C compiler ABI info
-- Detecting C compiler ABI info - done
-- Check for working C compiler: /usr/bin/gcc-13 - skipped
-- Detecting C compile features
-- Detecting C compile features - done
-- Detecting CXX compiler ABI info
-- Detecting CXX compiler ABI info - done
-- Check for working CXX compiler: /usr/bin/g++-13 - skipped
-- Detecting CXX compile features
-- Detecting CXX compile features - done
-- Configuring done (0.3s)
-- Generating done (0.0s)
-- Build files have been written to: /scratch/luisr/mlir-aie/programming_examples/basic/matrix_multiplication/whole_array/_build
cd _build &&  cmake --build . --config Release
gmake[1]: Entering directory '/scratch/luisr/mlir-aie/programming_examples/basic/matrix_multiplication/whole_array/_build'
gmake[2]: Entering directory '/scratch/luisr/mlir-aie/programming_examples/basic/matrix_multiplication/whole_array/_build'
gmake[3]: Entering directory '/scratch/luisr/mlir-aie/programming_examples/basic/matrix_multiplication/whole_array/_build'
gmake[3]: Leaving directory '/scratch/luisr/mlir-aie/programming_examples/basic/matrix_multiplication/whole_array/_build'
gmake[3]: Entering directory '/scratch/luisr/mlir-aie/programming_examples/basic/matrix_multiplication/whole_array/_build'
[ 33%] Building CXX object CMakeFiles/whole_array.dir/scratch/luisr/mlir-aie/runtime_lib/test_lib/test_utils.cpp.o
[ 66%] Building CXX object CMakeFiles/whole_array.dir/whole_array/test.cpp.o
[100%] Linking CXX executable whole_array
gmake[3]: Leaving directory '/scratch/luisr/mlir-aie/programming_examples/basic/matrix_multiplication/whole_array/_build'
[100%] Built target whole_array
gmake[2]: Leaving directory '/scratch/luisr/mlir-aie/programming_examples/basic/matrix_multiplication/whole_array/_build'
gmake[1]: Leaving directory '/scratch/luisr/mlir-aie/programming_examples/basic/matrix_multiplication/whole_array/_build'
cp _build/whole_array whole_array.exe 
mkdir -p build
python3 /scratch/luisr/mlir-aie/programming_examples/basic/matrix_multiplication/whole_array/whole_array.py -m 64 -k 88 -n 64 --n-aie-cols 8 --b-col-maj 0 --dev npu2 -M 1024 -K 1408 -N 1024 --dtype_in bf16 --dtype_out bf16 --emulate-bf16-mmul-with-bfp16 true --trace_size 0 > build/aie_1024x1408x1024_64x88x64_8c.mlir
mkdir -p build
cd build && xchesscc_wrapper aie2p -I /proj/xbuilds/2024.2_INT_1113_1001/installs/all_platforms/Vitis/2024.2/aietools/include  -Dbf16_bf16_ONLY -DDIM_M=64 -DDIM_K=88 -DDIM_N=64 -DAIE_API_EMULATE_BFLOAT16_MMUL_WITH_BFP16 -c /scratch/luisr/mlir-aie/programming_examples/basic/matrix_multiplication/whole_array/../../../../aie_kernels/aie2p/mm.cc -o mm_64x88x64.o
WARNING: Default location for XILINX_VIVADO_IP_OVERRIDE not found: /build/xfndry/IP_2024.2_INTEGRATION_VERIFIED/customer/vivado/data/ip
mkdir -p build
cd build && aiecc.py --alloc-scheme=basic-sequential --aie-generate-xclbin --no-compile-host --xclbin-name=final_1024x1408x1024_64x88x64_8c.xclbin \
			 \
			--aie-generate-npu-insts --npu-insts-name=insts_1024x1408x1024_64x88x64_8c.txt ../build/aie_1024x1408x1024_64x88x64_8c.mlir

Generating: /scratch/luisr/mlir-aie/programming_examples/basic/matrix_multiplication/whole_array/build/aie_1024x1408x1024_64x88x64_8c.mlir.prj/aie_cdo_elfs.bin
Generating: /scratch/luisr/mlir-aie/programming_examples/basic/matrix_multiplication/whole_array/build/aie_1024x1408x1024_64x88x64_8c.mlir.prj/aie_cdo_init.bin
Generating: /scratch/luisr/mlir-aie/programming_examples/basic/matrix_multiplication/whole_array/build/aie_1024x1408x1024_64x88x64_8c.mlir.prj/aie_cdo_enable.bin
export XRT_HACK_UNSECURE_LOADING_XCLBIN=1 && \
 ./whole_array.exe -x build/final_1024x1408x1024_64x88x64_8c.xclbin -i build/insts_1024x1408x1024_64x88x64_8c.txt -k MLIR_AIE -M 1024 -K 1408 -N 1024 --iters 40 --warmup 10 --verify 0 --b_col_maj 0

Avg NPU matmul time: 720.8us.
Avg NPU gflops: 4096.55

Min NPU matmul time: 703us.
Max NPU gflops: 4200.27

Max NPU matmul time: 761us.
Min NPU gflops: 3880.14

PASS!

rm -rf tmpTrace parse*.json trace*json trace.txt
rm -rf build _build whole_array.exe
rm -rf _build
mkdir -p _build
cd _build &&  cmake -E env CXXFLAGS="-std=c++23 -ggdb -DDTYPE_IN=std::bfloat16_t -DDTYPE_OUT=std::bfloat16_t -DDTYPE_ACC=float" \
	cmake `echo /scratch/luisr/mlir-aie/programming_examples/basic/matrix_multiplication/whole_array/..` -D CMAKE_C_COMPILER=gcc-13 -D CMAKE_CXX_COMPILER=g++-13 -DTARGET_NAME=whole_array -Dsubdir=whole_array
-- The C compiler identification is GNU 13.3.0
-- The CXX compiler identification is GNU 13.3.0
-- Detecting C compiler ABI info
-- Detecting C compiler ABI info - done
-- Check for working C compiler: /usr/bin/gcc-13 - skipped
-- Detecting C compile features
-- Detecting C compile features - done
-- Detecting CXX compiler ABI info
-- Detecting CXX compiler ABI info - done
-- Check for working CXX compiler: /usr/bin/g++-13 - skipped
-- Detecting CXX compile features
-- Detecting CXX compile features - done
-- Configuring done (0.3s)
-- Generating done (0.0s)
-- Build files have been written to: /scratch/luisr/mlir-aie/programming_examples/basic/matrix_multiplication/whole_array/_build
cd _build &&  cmake --build . --config Release
gmake[1]: Entering directory '/scratch/luisr/mlir-aie/programming_examples/basic/matrix_multiplication/whole_array/_build'
gmake[2]: Entering directory '/scratch/luisr/mlir-aie/programming_examples/basic/matrix_multiplication/whole_array/_build'
gmake[3]: Entering directory '/scratch/luisr/mlir-aie/programming_examples/basic/matrix_multiplication/whole_array/_build'
gmake[3]: Leaving directory '/scratch/luisr/mlir-aie/programming_examples/basic/matrix_multiplication/whole_array/_build'
gmake[3]: Entering directory '/scratch/luisr/mlir-aie/programming_examples/basic/matrix_multiplication/whole_array/_build'
[ 33%] Building CXX object CMakeFiles/whole_array.dir/scratch/luisr/mlir-aie/runtime_lib/test_lib/test_utils.cpp.o
[ 66%] Building CXX object CMakeFiles/whole_array.dir/whole_array/test.cpp.o
[100%] Linking CXX executable whole_array
gmake[3]: Leaving directory '/scratch/luisr/mlir-aie/programming_examples/basic/matrix_multiplication/whole_array/_build'
[100%] Built target whole_array
gmake[2]: Leaving directory '/scratch/luisr/mlir-aie/programming_examples/basic/matrix_multiplication/whole_array/_build'
gmake[1]: Leaving directory '/scratch/luisr/mlir-aie/programming_examples/basic/matrix_multiplication/whole_array/_build'
cp _build/whole_array whole_array.exe 
mkdir -p build
python3 /scratch/luisr/mlir-aie/programming_examples/basic/matrix_multiplication/whole_array/whole_array.py -m 64 -k 88 -n 64 --n-aie-cols 8 --b-col-maj 0 --dev npu2 -M 1024 -K 1408 -N 4096 --dtype_in bf16 --dtype_out bf16 --emulate-bf16-mmul-with-bfp16 true --trace_size 0 > build/aie_1024x1408x4096_64x88x64_8c.mlir
mkdir -p build
cd build && xchesscc_wrapper aie2p -I /proj/xbuilds/2024.2_INT_1113_1001/installs/all_platforms/Vitis/2024.2/aietools/include  -Dbf16_bf16_ONLY -DDIM_M=64 -DDIM_K=88 -DDIM_N=64 -DAIE_API_EMULATE_BFLOAT16_MMUL_WITH_BFP16 -c /scratch/luisr/mlir-aie/programming_examples/basic/matrix_multiplication/whole_array/../../../../aie_kernels/aie2p/mm.cc -o mm_64x88x64.o
WARNING: Default location for XILINX_VIVADO_IP_OVERRIDE not found: /build/xfndry/IP_2024.2_INTEGRATION_VERIFIED/customer/vivado/data/ip
mkdir -p build
cd build && aiecc.py --alloc-scheme=basic-sequential --aie-generate-xclbin --no-compile-host --xclbin-name=final_1024x1408x4096_64x88x64_8c.xclbin \
			 \
			--aie-generate-npu-insts --npu-insts-name=insts_1024x1408x4096_64x88x64_8c.txt ../build/aie_1024x1408x4096_64x88x64_8c.mlir

Generating: /scratch/luisr/mlir-aie/programming_examples/basic/matrix_multiplication/whole_array/build/aie_1024x1408x4096_64x88x64_8c.mlir.prj/aie_cdo_elfs.bin
Generating: /scratch/luisr/mlir-aie/programming_examples/basic/matrix_multiplication/whole_array/build/aie_1024x1408x4096_64x88x64_8c.mlir.prj/aie_cdo_init.bin
Generating: /scratch/luisr/mlir-aie/programming_examples/basic/matrix_multiplication/whole_array/build/aie_1024x1408x4096_64x88x64_8c.mlir.prj/aie_cdo_enable.bin
export XRT_HACK_UNSECURE_LOADING_XCLBIN=1 && \
 ./whole_array.exe -x build/final_1024x1408x4096_64x88x64_8c.xclbin -i build/insts_1024x1408x4096_64x88x64_8c.txt -k MLIR_AIE -M 1024 -K 1408 -N 4096 --iters 40 --warmup 10 --verify 0 --b_col_maj 0

Avg NPU matmul time: 3128.52us.
Avg NPU gflops: 3775.31

Min NPU matmul time: 2671us.
Max NPU gflops: 4422

Max NPU matmul time: 3889us.
Min NPU gflops: 3037.07

PASS!

rm -rf tmpTrace parse*.json trace*json trace.txt
rm -rf build _build whole_array.exe
rm -rf _build
mkdir -p _build
cd _build &&  cmake -E env CXXFLAGS="-std=c++23 -ggdb -DDTYPE_IN=std::bfloat16_t -DDTYPE_OUT=std::bfloat16_t -DDTYPE_ACC=float" \
	cmake `echo /scratch/luisr/mlir-aie/programming_examples/basic/matrix_multiplication/whole_array/..` -D CMAKE_C_COMPILER=gcc-13 -D CMAKE_CXX_COMPILER=g++-13 -DTARGET_NAME=whole_array -Dsubdir=whole_array
-- The C compiler identification is GNU 13.3.0
-- The CXX compiler identification is GNU 13.3.0
-- Detecting C compiler ABI info
-- Detecting C compiler ABI info - done
-- Check for working C compiler: /usr/bin/gcc-13 - skipped
-- Detecting C compile features
-- Detecting C compile features - done
-- Detecting CXX compiler ABI info
-- Detecting CXX compiler ABI info - done
-- Check for working CXX compiler: /usr/bin/g++-13 - skipped
-- Detecting CXX compile features
-- Detecting CXX compile features - done
-- Configuring done (0.3s)
-- Generating done (0.0s)
-- Build files have been written to: /scratch/luisr/mlir-aie/programming_examples/basic/matrix_multiplication/whole_array/_build
cd _build &&  cmake --build . --config Release
gmake[1]: Entering directory '/scratch/luisr/mlir-aie/programming_examples/basic/matrix_multiplication/whole_array/_build'
gmake[2]: Entering directory '/scratch/luisr/mlir-aie/programming_examples/basic/matrix_multiplication/whole_array/_build'
gmake[3]: Entering directory '/scratch/luisr/mlir-aie/programming_examples/basic/matrix_multiplication/whole_array/_build'
gmake[3]: Leaving directory '/scratch/luisr/mlir-aie/programming_examples/basic/matrix_multiplication/whole_array/_build'
gmake[3]: Entering directory '/scratch/luisr/mlir-aie/programming_examples/basic/matrix_multiplication/whole_array/_build'
[ 33%] Building CXX object CMakeFiles/whole_array.dir/scratch/luisr/mlir-aie/runtime_lib/test_lib/test_utils.cpp.o
[ 66%] Building CXX object CMakeFiles/whole_array.dir/whole_array/test.cpp.o
[100%] Linking CXX executable whole_array
gmake[3]: Leaving directory '/scratch/luisr/mlir-aie/programming_examples/basic/matrix_multiplication/whole_array/_build'
[100%] Built target whole_array
gmake[2]: Leaving directory '/scratch/luisr/mlir-aie/programming_examples/basic/matrix_multiplication/whole_array/_build'
gmake[1]: Leaving directory '/scratch/luisr/mlir-aie/programming_examples/basic/matrix_multiplication/whole_array/_build'
cp _build/whole_array whole_array.exe 
mkdir -p build
python3 /scratch/luisr/mlir-aie/programming_examples/basic/matrix_multiplication/whole_array/whole_array.py -m 64 -k 88 -n 64 --n-aie-cols 8 --b-col-maj 0 --dev npu2 -M 1024 -K 1408 -N 8192 --dtype_in bf16 --dtype_out bf16 --emulate-bf16-mmul-with-bfp16 true --trace_size 0 > build/aie_1024x1408x8192_64x88x64_8c.mlir
mkdir -p build
cd build && xchesscc_wrapper aie2p -I /proj/xbuilds/2024.2_INT_1113_1001/installs/all_platforms/Vitis/2024.2/aietools/include  -Dbf16_bf16_ONLY -DDIM_M=64 -DDIM_K=88 -DDIM_N=64 -DAIE_API_EMULATE_BFLOAT16_MMUL_WITH_BFP16 -c /scratch/luisr/mlir-aie/programming_examples/basic/matrix_multiplication/whole_array/../../../../aie_kernels/aie2p/mm.cc -o mm_64x88x64.o
WARNING: Default location for XILINX_VIVADO_IP_OVERRIDE not found: /build/xfndry/IP_2024.2_INTEGRATION_VERIFIED/customer/vivado/data/ip
mkdir -p build
cd build && aiecc.py --alloc-scheme=basic-sequential --aie-generate-xclbin --no-compile-host --xclbin-name=final_1024x1408x8192_64x88x64_8c.xclbin \
			 \
			--aie-generate-npu-insts --npu-insts-name=insts_1024x1408x8192_64x88x64_8c.txt ../build/aie_1024x1408x8192_64x88x64_8c.mlir

Generating: /scratch/luisr/mlir-aie/programming_examples/basic/matrix_multiplication/whole_array/build/aie_1024x1408x8192_64x88x64_8c.mlir.prj/aie_cdo_elfs.bin
Generating: /scratch/luisr/mlir-aie/programming_examples/basic/matrix_multiplication/whole_array/build/aie_1024x1408x8192_64x88x64_8c.mlir.prj/aie_cdo_init.bin
Generating: /scratch/luisr/mlir-aie/programming_examples/basic/matrix_multiplication/whole_array/build/aie_1024x1408x8192_64x88x64_8c.mlir.prj/aie_cdo_enable.bin
export XRT_HACK_UNSECURE_LOADING_XCLBIN=1 && \
 ./whole_array.exe -x build/final_1024x1408x8192_64x88x64_8c.xclbin -i build/insts_1024x1408x8192_64x88x64_8c.txt -k MLIR_AIE -M 1024 -K 1408 -N 8192 --iters 40 --warmup 10 --verify 0 --b_col_maj 0

Avg NPU matmul time: 5782.98us.
Avg NPU gflops: 4084.8

Min NPU matmul time: 5466us.
Max NPU gflops: 4321.68

Max NPU matmul time: 6666us.
Min NPU gflops: 3543.7

PASS!

rm -rf tmpTrace parse*.json trace*json trace.txt
rm -rf build _build whole_array.exe
rm -rf _build
mkdir -p _build
cd _build &&  cmake -E env CXXFLAGS="-std=c++23 -ggdb -DDTYPE_IN=std::bfloat16_t -DDTYPE_OUT=std::bfloat16_t -DDTYPE_ACC=float" \
	cmake `echo /scratch/luisr/mlir-aie/programming_examples/basic/matrix_multiplication/whole_array/..` -D CMAKE_C_COMPILER=gcc-13 -D CMAKE_CXX_COMPILER=g++-13 -DTARGET_NAME=whole_array -Dsubdir=whole_array
-- The C compiler identification is GNU 13.3.0
-- The CXX compiler identification is GNU 13.3.0
-- Detecting C compiler ABI info
-- Detecting C compiler ABI info - done
-- Check for working C compiler: /usr/bin/gcc-13 - skipped
-- Detecting C compile features
-- Detecting C compile features - done
-- Detecting CXX compiler ABI info
-- Detecting CXX compiler ABI info - done
-- Check for working CXX compiler: /usr/bin/g++-13 - skipped
-- Detecting CXX compile features
-- Detecting CXX compile features - done
-- Configuring done (0.2s)
-- Generating done (0.0s)
-- Build files have been written to: /scratch/luisr/mlir-aie/programming_examples/basic/matrix_multiplication/whole_array/_build
cd _build &&  cmake --build . --config Release
gmake[1]: Entering directory '/scratch/luisr/mlir-aie/programming_examples/basic/matrix_multiplication/whole_array/_build'
gmake[2]: Entering directory '/scratch/luisr/mlir-aie/programming_examples/basic/matrix_multiplication/whole_array/_build'
gmake[3]: Entering directory '/scratch/luisr/mlir-aie/programming_examples/basic/matrix_multiplication/whole_array/_build'
gmake[3]: Leaving directory '/scratch/luisr/mlir-aie/programming_examples/basic/matrix_multiplication/whole_array/_build'
gmake[3]: Entering directory '/scratch/luisr/mlir-aie/programming_examples/basic/matrix_multiplication/whole_array/_build'
[ 33%] Building CXX object CMakeFiles/whole_array.dir/scratch/luisr/mlir-aie/runtime_lib/test_lib/test_utils.cpp.o
[ 66%] Building CXX object CMakeFiles/whole_array.dir/whole_array/test.cpp.o
[100%] Linking CXX executable whole_array
gmake[3]: Leaving directory '/scratch/luisr/mlir-aie/programming_examples/basic/matrix_multiplication/whole_array/_build'
[100%] Built target whole_array
gmake[2]: Leaving directory '/scratch/luisr/mlir-aie/programming_examples/basic/matrix_multiplication/whole_array/_build'
gmake[1]: Leaving directory '/scratch/luisr/mlir-aie/programming_examples/basic/matrix_multiplication/whole_array/_build'
cp _build/whole_array whole_array.exe 
mkdir -p build
python3 /scratch/luisr/mlir-aie/programming_examples/basic/matrix_multiplication/whole_array/whole_array.py -m 64 -k 88 -n 64 --n-aie-cols 8 --b-col-maj 0 --dev npu2 -M 1024 -K 4224 -N 512 --dtype_in bf16 --dtype_out bf16 --emulate-bf16-mmul-with-bfp16 true --trace_size 0 > build/aie_1024x4224x512_64x88x64_8c.mlir
mkdir -p build
cd build && xchesscc_wrapper aie2p -I /proj/xbuilds/2024.2_INT_1113_1001/installs/all_platforms/Vitis/2024.2/aietools/include  -Dbf16_bf16_ONLY -DDIM_M=64 -DDIM_K=88 -DDIM_N=64 -DAIE_API_EMULATE_BFLOAT16_MMUL_WITH_BFP16 -c /scratch/luisr/mlir-aie/programming_examples/basic/matrix_multiplication/whole_array/../../../../aie_kernels/aie2p/mm.cc -o mm_64x88x64.o
WARNING: Default location for XILINX_VIVADO_IP_OVERRIDE not found: /build/xfndry/IP_2024.2_INTEGRATION_VERIFIED/customer/vivado/data/ip
mkdir -p build
cd build && aiecc.py --alloc-scheme=basic-sequential --aie-generate-xclbin --no-compile-host --xclbin-name=final_1024x4224x512_64x88x64_8c.xclbin \
			 \
			--aie-generate-npu-insts --npu-insts-name=insts_1024x4224x512_64x88x64_8c.txt ../build/aie_1024x4224x512_64x88x64_8c.mlir

Generating: /scratch/luisr/mlir-aie/programming_examples/basic/matrix_multiplication/whole_array/build/aie_1024x4224x512_64x88x64_8c.mlir.prj/aie_cdo_elfs.bin
Generating: /scratch/luisr/mlir-aie/programming_examples/basic/matrix_multiplication/whole_array/build/aie_1024x4224x512_64x88x64_8c.mlir.prj/aie_cdo_init.bin
Generating: /scratch/luisr/mlir-aie/programming_examples/basic/matrix_multiplication/whole_array/build/aie_1024x4224x512_64x88x64_8c.mlir.prj/aie_cdo_enable.bin
export XRT_HACK_UNSECURE_LOADING_XCLBIN=1 && \
 ./whole_array.exe -x build/final_1024x4224x512_64x88x64_8c.xclbin -i build/insts_1024x4224x512_64x88x64_8c.txt -k MLIR_AIE -M 1024 -K 4224 -N 512 --iters 40 --warmup 10 --verify 0 --b_col_maj 0

Avg NPU matmul time: 1010.17us.
Avg NPU gflops: 4384.57

Min NPU matmul time: 1005us.
Max NPU gflops: 4407.15

Max NPU matmul time: 1023us.
Min NPU gflops: 4329.6

PASS!

rm -rf tmpTrace parse*.json trace*json trace.txt
rm -rf build _build whole_array.exe
rm -rf _build
mkdir -p _build
cd _build &&  cmake -E env CXXFLAGS="-std=c++23 -ggdb -DDTYPE_IN=std::bfloat16_t -DDTYPE_OUT=std::bfloat16_t -DDTYPE_ACC=float" \
	cmake `echo /scratch/luisr/mlir-aie/programming_examples/basic/matrix_multiplication/whole_array/..` -D CMAKE_C_COMPILER=gcc-13 -D CMAKE_CXX_COMPILER=g++-13 -DTARGET_NAME=whole_array -Dsubdir=whole_array
-- The C compiler identification is GNU 13.3.0
-- The CXX compiler identification is GNU 13.3.0
-- Detecting C compiler ABI info
-- Detecting C compiler ABI info - done
-- Check for working C compiler: /usr/bin/gcc-13 - skipped
-- Detecting C compile features
-- Detecting C compile features - done
-- Detecting CXX compiler ABI info
-- Detecting CXX compiler ABI info - done
-- Check for working CXX compiler: /usr/bin/g++-13 - skipped
-- Detecting CXX compile features
-- Detecting CXX compile features - done
-- Configuring done (0.3s)
-- Generating done (0.0s)
-- Build files have been written to: /scratch/luisr/mlir-aie/programming_examples/basic/matrix_multiplication/whole_array/_build
cd _build &&  cmake --build . --config Release
gmake[1]: Entering directory '/scratch/luisr/mlir-aie/programming_examples/basic/matrix_multiplication/whole_array/_build'
gmake[2]: Entering directory '/scratch/luisr/mlir-aie/programming_examples/basic/matrix_multiplication/whole_array/_build'
gmake[3]: Entering directory '/scratch/luisr/mlir-aie/programming_examples/basic/matrix_multiplication/whole_array/_build'
gmake[3]: Leaving directory '/scratch/luisr/mlir-aie/programming_examples/basic/matrix_multiplication/whole_array/_build'
gmake[3]: Entering directory '/scratch/luisr/mlir-aie/programming_examples/basic/matrix_multiplication/whole_array/_build'
[ 33%] Building CXX object CMakeFiles/whole_array.dir/scratch/luisr/mlir-aie/runtime_lib/test_lib/test_utils.cpp.o
[ 66%] Building CXX object CMakeFiles/whole_array.dir/whole_array/test.cpp.o
[100%] Linking CXX executable whole_array
gmake[3]: Leaving directory '/scratch/luisr/mlir-aie/programming_examples/basic/matrix_multiplication/whole_array/_build'
[100%] Built target whole_array
gmake[2]: Leaving directory '/scratch/luisr/mlir-aie/programming_examples/basic/matrix_multiplication/whole_array/_build'
gmake[1]: Leaving directory '/scratch/luisr/mlir-aie/programming_examples/basic/matrix_multiplication/whole_array/_build'
cp _build/whole_array whole_array.exe 
mkdir -p build
python3 /scratch/luisr/mlir-aie/programming_examples/basic/matrix_multiplication/whole_array/whole_array.py -m 64 -k 88 -n 64 --n-aie-cols 8 --b-col-maj 0 --dev npu2 -M 1024 -K 4224 -N 1024 --dtype_in bf16 --dtype_out bf16 --emulate-bf16-mmul-with-bfp16 true --trace_size 0 > build/aie_1024x4224x1024_64x88x64_8c.mlir
mkdir -p build
cd build && xchesscc_wrapper aie2p -I /proj/xbuilds/2024.2_INT_1113_1001/installs/all_platforms/Vitis/2024.2/aietools/include  -Dbf16_bf16_ONLY -DDIM_M=64 -DDIM_K=88 -DDIM_N=64 -DAIE_API_EMULATE_BFLOAT16_MMUL_WITH_BFP16 -c /scratch/luisr/mlir-aie/programming_examples/basic/matrix_multiplication/whole_array/../../../../aie_kernels/aie2p/mm.cc -o mm_64x88x64.o
WARNING: Default location for XILINX_VIVADO_IP_OVERRIDE not found: /build/xfndry/IP_2024.2_INTEGRATION_VERIFIED/customer/vivado/data/ip
mkdir -p build
cd build && aiecc.py --alloc-scheme=basic-sequential --aie-generate-xclbin --no-compile-host --xclbin-name=final_1024x4224x1024_64x88x64_8c.xclbin \
			 \
			--aie-generate-npu-insts --npu-insts-name=insts_1024x4224x1024_64x88x64_8c.txt ../build/aie_1024x4224x1024_64x88x64_8c.mlir

Generating: /scratch/luisr/mlir-aie/programming_examples/basic/matrix_multiplication/whole_array/build/aie_1024x4224x1024_64x88x64_8c.mlir.prj/aie_cdo_elfs.bin
Generating: /scratch/luisr/mlir-aie/programming_examples/basic/matrix_multiplication/whole_array/build/aie_1024x4224x1024_64x88x64_8c.mlir.prj/aie_cdo_init.bin
Generating: /scratch/luisr/mlir-aie/programming_examples/basic/matrix_multiplication/whole_array/build/aie_1024x4224x1024_64x88x64_8c.mlir.prj/aie_cdo_enable.bin
export XRT_HACK_UNSECURE_LOADING_XCLBIN=1 && \
 ./whole_array.exe -x build/final_1024x4224x1024_64x88x64_8c.xclbin -i build/insts_1024x4224x1024_64x88x64_8c.txt -k MLIR_AIE -M 1024 -K 4224 -N 1024 --iters 40 --warmup 10 --verify 0 --b_col_maj 0

Avg NPU matmul time: 1951.75us.
Avg NPU gflops: 4538.68

Min NPU matmul time: 1936us.
Max NPU gflops: 4575.6

Max NPU matmul time: 1970us.
Min NPU gflops: 4496.63

PASS!

rm -rf tmpTrace parse*.json trace*json trace.txt
rm -rf build _build whole_array.exe
rm -rf _build
mkdir -p _build
cd _build &&  cmake -E env CXXFLAGS="-std=c++23 -ggdb -DDTYPE_IN=std::bfloat16_t -DDTYPE_OUT=std::bfloat16_t -DDTYPE_ACC=float" \
	cmake `echo /scratch/luisr/mlir-aie/programming_examples/basic/matrix_multiplication/whole_array/..` -D CMAKE_C_COMPILER=gcc-13 -D CMAKE_CXX_COMPILER=g++-13 -DTARGET_NAME=whole_array -Dsubdir=whole_array
-- The C compiler identification is GNU 13.3.0
-- The CXX compiler identification is GNU 13.3.0
-- Detecting C compiler ABI info
-- Detecting C compiler ABI info - done
-- Check for working C compiler: /usr/bin/gcc-13 - skipped
-- Detecting C compile features
-- Detecting C compile features - done
-- Detecting CXX compiler ABI info
-- Detecting CXX compiler ABI info - done
-- Check for working CXX compiler: /usr/bin/g++-13 - skipped
-- Detecting CXX compile features
-- Detecting CXX compile features - done
-- Configuring done (0.3s)
-- Generating done (0.0s)
-- Build files have been written to: /scratch/luisr/mlir-aie/programming_examples/basic/matrix_multiplication/whole_array/_build
cd _build &&  cmake --build . --config Release
gmake[1]: Entering directory '/scratch/luisr/mlir-aie/programming_examples/basic/matrix_multiplication/whole_array/_build'
gmake[2]: Entering directory '/scratch/luisr/mlir-aie/programming_examples/basic/matrix_multiplication/whole_array/_build'
gmake[3]: Entering directory '/scratch/luisr/mlir-aie/programming_examples/basic/matrix_multiplication/whole_array/_build'
gmake[3]: Leaving directory '/scratch/luisr/mlir-aie/programming_examples/basic/matrix_multiplication/whole_array/_build'
gmake[3]: Entering directory '/scratch/luisr/mlir-aie/programming_examples/basic/matrix_multiplication/whole_array/_build'
[ 33%] Building CXX object CMakeFiles/whole_array.dir/scratch/luisr/mlir-aie/runtime_lib/test_lib/test_utils.cpp.o
[ 66%] Building CXX object CMakeFiles/whole_array.dir/whole_array/test.cpp.o
[100%] Linking CXX executable whole_array
gmake[3]: Leaving directory '/scratch/luisr/mlir-aie/programming_examples/basic/matrix_multiplication/whole_array/_build'
[100%] Built target whole_array
gmake[2]: Leaving directory '/scratch/luisr/mlir-aie/programming_examples/basic/matrix_multiplication/whole_array/_build'
gmake[1]: Leaving directory '/scratch/luisr/mlir-aie/programming_examples/basic/matrix_multiplication/whole_array/_build'
cp _build/whole_array whole_array.exe 
mkdir -p build
python3 /scratch/luisr/mlir-aie/programming_examples/basic/matrix_multiplication/whole_array/whole_array.py -m 64 -k 88 -n 64 --n-aie-cols 8 --b-col-maj 0 --dev npu2 -M 1024 -K 4224 -N 4096 --dtype_in bf16 --dtype_out bf16 --emulate-bf16-mmul-with-bfp16 true --trace_size 0 > build/aie_1024x4224x4096_64x88x64_8c.mlir
mkdir -p build
cd build && xchesscc_wrapper aie2p -I /proj/xbuilds/2024.2_INT_1113_1001/installs/all_platforms/Vitis/2024.2/aietools/include  -Dbf16_bf16_ONLY -DDIM_M=64 -DDIM_K=88 -DDIM_N=64 -DAIE_API_EMULATE_BFLOAT16_MMUL_WITH_BFP16 -c /scratch/luisr/mlir-aie/programming_examples/basic/matrix_multiplication/whole_array/../../../../aie_kernels/aie2p/mm.cc -o mm_64x88x64.o
WARNING: Default location for XILINX_VIVADO_IP_OVERRIDE not found: /build/xfndry/IP_2024.2_INTEGRATION_VERIFIED/customer/vivado/data/ip
mkdir -p build
cd build && aiecc.py --alloc-scheme=basic-sequential --aie-generate-xclbin --no-compile-host --xclbin-name=final_1024x4224x4096_64x88x64_8c.xclbin \
			 \
			--aie-generate-npu-insts --npu-insts-name=insts_1024x4224x4096_64x88x64_8c.txt ../build/aie_1024x4224x4096_64x88x64_8c.mlir

Generating: /scratch/luisr/mlir-aie/programming_examples/basic/matrix_multiplication/whole_array/build/aie_1024x4224x4096_64x88x64_8c.mlir.prj/aie_cdo_elfs.bin
Generating: /scratch/luisr/mlir-aie/programming_examples/basic/matrix_multiplication/whole_array/build/aie_1024x4224x4096_64x88x64_8c.mlir.prj/aie_cdo_init.bin
Generating: /scratch/luisr/mlir-aie/programming_examples/basic/matrix_multiplication/whole_array/build/aie_1024x4224x4096_64x88x64_8c.mlir.prj/aie_cdo_enable.bin
export XRT_HACK_UNSECURE_LOADING_XCLBIN=1 && \
 ./whole_array.exe -x build/final_1024x4224x4096_64x88x64_8c.xclbin -i build/insts_1024x4224x4096_64x88x64_8c.txt -k MLIR_AIE -M 1024 -K 4224 -N 4096 --iters 40 --warmup 10 --verify 0 --b_col_maj 0

Avg NPU matmul time: 7933.35us.
Avg NPU gflops: 4466.4

Min NPU matmul time: 7587us.
Max NPU gflops: 4670.29

Max NPU matmul time: 8521us.
Min NPU gflops: 4158.37

PASS!

rm -rf tmpTrace parse*.json trace*json trace.txt
rm -rf build _build whole_array.exe
rm -rf _build
mkdir -p _build
cd _build &&  cmake -E env CXXFLAGS="-std=c++23 -ggdb -DDTYPE_IN=std::bfloat16_t -DDTYPE_OUT=std::bfloat16_t -DDTYPE_ACC=float" \
	cmake `echo /scratch/luisr/mlir-aie/programming_examples/basic/matrix_multiplication/whole_array/..` -D CMAKE_C_COMPILER=gcc-13 -D CMAKE_CXX_COMPILER=g++-13 -DTARGET_NAME=whole_array -Dsubdir=whole_array
-- The C compiler identification is GNU 13.3.0
-- The CXX compiler identification is GNU 13.3.0
-- Detecting C compiler ABI info
-- Detecting C compiler ABI info - done
-- Check for working C compiler: /usr/bin/gcc-13 - skipped
-- Detecting C compile features
-- Detecting C compile features - done
-- Detecting CXX compiler ABI info
-- Detecting CXX compiler ABI info - done
-- Check for working CXX compiler: /usr/bin/g++-13 - skipped
-- Detecting CXX compile features
-- Detecting CXX compile features - done
-- Configuring done (0.3s)
-- Generating done (0.0s)
-- Build files have been written to: /scratch/luisr/mlir-aie/programming_examples/basic/matrix_multiplication/whole_array/_build
cd _build &&  cmake --build . --config Release
gmake[1]: Entering directory '/scratch/luisr/mlir-aie/programming_examples/basic/matrix_multiplication/whole_array/_build'
gmake[2]: Entering directory '/scratch/luisr/mlir-aie/programming_examples/basic/matrix_multiplication/whole_array/_build'
gmake[3]: Entering directory '/scratch/luisr/mlir-aie/programming_examples/basic/matrix_multiplication/whole_array/_build'
gmake[3]: Leaving directory '/scratch/luisr/mlir-aie/programming_examples/basic/matrix_multiplication/whole_array/_build'
gmake[3]: Entering directory '/scratch/luisr/mlir-aie/programming_examples/basic/matrix_multiplication/whole_array/_build'
[ 33%] Building CXX object CMakeFiles/whole_array.dir/scratch/luisr/mlir-aie/runtime_lib/test_lib/test_utils.cpp.o
[ 66%] Building CXX object CMakeFiles/whole_array.dir/whole_array/test.cpp.o
[100%] Linking CXX executable whole_array
gmake[3]: Leaving directory '/scratch/luisr/mlir-aie/programming_examples/basic/matrix_multiplication/whole_array/_build'
[100%] Built target whole_array
gmake[2]: Leaving directory '/scratch/luisr/mlir-aie/programming_examples/basic/matrix_multiplication/whole_array/_build'
gmake[1]: Leaving directory '/scratch/luisr/mlir-aie/programming_examples/basic/matrix_multiplication/whole_array/_build'
cp _build/whole_array whole_array.exe 
mkdir -p build
python3 /scratch/luisr/mlir-aie/programming_examples/basic/matrix_multiplication/whole_array/whole_array.py -m 64 -k 88 -n 64 --n-aie-cols 8 --b-col-maj 0 --dev npu2 -M 1024 -K 4224 -N 8192 --dtype_in bf16 --dtype_out bf16 --emulate-bf16-mmul-with-bfp16 true --trace_size 0 > build/aie_1024x4224x8192_64x88x64_8c.mlir
mkdir -p build
cd build && xchesscc_wrapper aie2p -I /proj/xbuilds/2024.2_INT_1113_1001/installs/all_platforms/Vitis/2024.2/aietools/include  -Dbf16_bf16_ONLY -DDIM_M=64 -DDIM_K=88 -DDIM_N=64 -DAIE_API_EMULATE_BFLOAT16_MMUL_WITH_BFP16 -c /scratch/luisr/mlir-aie/programming_examples/basic/matrix_multiplication/whole_array/../../../../aie_kernels/aie2p/mm.cc -o mm_64x88x64.o
WARNING: Default location for XILINX_VIVADO_IP_OVERRIDE not found: /build/xfndry/IP_2024.2_INTEGRATION_VERIFIED/customer/vivado/data/ip
mkdir -p build
cd build && aiecc.py --alloc-scheme=basic-sequential --aie-generate-xclbin --no-compile-host --xclbin-name=final_1024x4224x8192_64x88x64_8c.xclbin \
			 \
			--aie-generate-npu-insts --npu-insts-name=insts_1024x4224x8192_64x88x64_8c.txt ../build/aie_1024x4224x8192_64x88x64_8c.mlir

Generating: /scratch/luisr/mlir-aie/programming_examples/basic/matrix_multiplication/whole_array/build/aie_1024x4224x8192_64x88x64_8c.mlir.prj/aie_cdo_elfs.bin
Generating: /scratch/luisr/mlir-aie/programming_examples/basic/matrix_multiplication/whole_array/build/aie_1024x4224x8192_64x88x64_8c.mlir.prj/aie_cdo_init.bin
Generating: /scratch/luisr/mlir-aie/programming_examples/basic/matrix_multiplication/whole_array/build/aie_1024x4224x8192_64x88x64_8c.mlir.prj/aie_cdo_enable.bin
export XRT_HACK_UNSECURE_LOADING_XCLBIN=1 && \
 ./whole_array.exe -x build/final_1024x4224x8192_64x88x64_8c.xclbin -i build/insts_1024x4224x8192_64x88x64_8c.txt -k MLIR_AIE -M 1024 -K 4224 -N 8192 --iters 40 --warmup 10 --verify 0 --b_col_maj 0

Avg NPU matmul time: 17376.6us.
Avg NPU gflops: 4078.3

Min NPU matmul time: 16487us.
Max NPU gflops: 4298.35

Max NPU matmul time: 18137us.
Min NPU gflops: 3907.31

PASS!

rm -rf tmpTrace parse*.json trace*json trace.txt
rm -rf build _build whole_array.exe
rm -rf _build
mkdir -p _build
cd _build &&  cmake -E env CXXFLAGS="-std=c++23 -ggdb -DDTYPE_IN=std::bfloat16_t -DDTYPE_OUT=std::bfloat16_t -DDTYPE_ACC=float" \
	cmake `echo /scratch/luisr/mlir-aie/programming_examples/basic/matrix_multiplication/whole_array/..` -D CMAKE_C_COMPILER=gcc-13 -D CMAKE_CXX_COMPILER=g++-13 -DTARGET_NAME=whole_array -Dsubdir=whole_array
-- The C compiler identification is GNU 13.3.0
-- The CXX compiler identification is GNU 13.3.0
-- Detecting C compiler ABI info
-- Detecting C compiler ABI info - done
-- Check for working C compiler: /usr/bin/gcc-13 - skipped
-- Detecting C compile features
-- Detecting C compile features - done
-- Detecting CXX compiler ABI info
-- Detecting CXX compiler ABI info - done
-- Check for working CXX compiler: /usr/bin/g++-13 - skipped
-- Detecting CXX compile features
-- Detecting CXX compile features - done
-- Configuring done (0.3s)
-- Generating done (0.0s)
-- Build files have been written to: /scratch/luisr/mlir-aie/programming_examples/basic/matrix_multiplication/whole_array/_build
cd _build &&  cmake --build . --config Release
gmake[1]: Entering directory '/scratch/luisr/mlir-aie/programming_examples/basic/matrix_multiplication/whole_array/_build'
gmake[2]: Entering directory '/scratch/luisr/mlir-aie/programming_examples/basic/matrix_multiplication/whole_array/_build'
gmake[3]: Entering directory '/scratch/luisr/mlir-aie/programming_examples/basic/matrix_multiplication/whole_array/_build'
gmake[3]: Leaving directory '/scratch/luisr/mlir-aie/programming_examples/basic/matrix_multiplication/whole_array/_build'
gmake[3]: Entering directory '/scratch/luisr/mlir-aie/programming_examples/basic/matrix_multiplication/whole_array/_build'
[ 33%] Building CXX object CMakeFiles/whole_array.dir/scratch/luisr/mlir-aie/runtime_lib/test_lib/test_utils.cpp.o
[ 66%] Building CXX object CMakeFiles/whole_array.dir/whole_array/test.cpp.o
[100%] Linking CXX executable whole_array
gmake[3]: Leaving directory '/scratch/luisr/mlir-aie/programming_examples/basic/matrix_multiplication/whole_array/_build'
[100%] Built target whole_array
gmake[2]: Leaving directory '/scratch/luisr/mlir-aie/programming_examples/basic/matrix_multiplication/whole_array/_build'
gmake[1]: Leaving directory '/scratch/luisr/mlir-aie/programming_examples/basic/matrix_multiplication/whole_array/_build'
cp _build/whole_array whole_array.exe 
mkdir -p build
python3 /scratch/luisr/mlir-aie/programming_examples/basic/matrix_multiplication/whole_array/whole_array.py -m 64 -k 88 -n 64 --n-aie-cols 8 --b-col-maj 0 --dev npu2 -M 1024 -K 5632 -N 512 --dtype_in bf16 --dtype_out bf16 --emulate-bf16-mmul-with-bfp16 true --trace_size 0 > build/aie_1024x5632x512_64x88x64_8c.mlir
mkdir -p build
cd build && xchesscc_wrapper aie2p -I /proj/xbuilds/2024.2_INT_1113_1001/installs/all_platforms/Vitis/2024.2/aietools/include  -Dbf16_bf16_ONLY -DDIM_M=64 -DDIM_K=88 -DDIM_N=64 -DAIE_API_EMULATE_BFLOAT16_MMUL_WITH_BFP16 -c /scratch/luisr/mlir-aie/programming_examples/basic/matrix_multiplication/whole_array/../../../../aie_kernels/aie2p/mm.cc -o mm_64x88x64.o
WARNING: Default location for XILINX_VIVADO_IP_OVERRIDE not found: /build/xfndry/IP_2024.2_INTEGRATION_VERIFIED/customer/vivado/data/ip
mkdir -p build
cd build && aiecc.py --alloc-scheme=basic-sequential --aie-generate-xclbin --no-compile-host --xclbin-name=final_1024x5632x512_64x88x64_8c.xclbin \
			 \
			--aie-generate-npu-insts --npu-insts-name=insts_1024x5632x512_64x88x64_8c.txt ../build/aie_1024x5632x512_64x88x64_8c.mlir

Generating: /scratch/luisr/mlir-aie/programming_examples/basic/matrix_multiplication/whole_array/build/aie_1024x5632x512_64x88x64_8c.mlir.prj/aie_cdo_elfs.bin
Generating: /scratch/luisr/mlir-aie/programming_examples/basic/matrix_multiplication/whole_array/build/aie_1024x5632x512_64x88x64_8c.mlir.prj/aie_cdo_init.bin
Generating: /scratch/luisr/mlir-aie/programming_examples/basic/matrix_multiplication/whole_array/build/aie_1024x5632x512_64x88x64_8c.mlir.prj/aie_cdo_enable.bin
export XRT_HACK_UNSECURE_LOADING_XCLBIN=1 && \
 ./whole_array.exe -x build/final_1024x5632x512_64x88x64_8c.xclbin -i build/insts_1024x5632x512_64x88x64_8c.txt -k MLIR_AIE -M 1024 -K 5632 -N 512 --iters 40 --warmup 10 --verify 0 --b_col_maj 0

Avg NPU matmul time: 1313.53us.
Avg NPU gflops: 4495.98

Min NPU matmul time: 1305us.
Max NPU gflops: 4525.35

Max NPU matmul time: 1338us.
Min NPU gflops: 4413.74

PASS!

rm -rf tmpTrace parse*.json trace*json trace.txt
rm -rf build _build whole_array.exe
rm -rf _build
mkdir -p _build
cd _build &&  cmake -E env CXXFLAGS="-std=c++23 -ggdb -DDTYPE_IN=std::bfloat16_t -DDTYPE_OUT=std::bfloat16_t -DDTYPE_ACC=float" \
	cmake `echo /scratch/luisr/mlir-aie/programming_examples/basic/matrix_multiplication/whole_array/..` -D CMAKE_C_COMPILER=gcc-13 -D CMAKE_CXX_COMPILER=g++-13 -DTARGET_NAME=whole_array -Dsubdir=whole_array
-- The C compiler identification is GNU 13.3.0
-- The CXX compiler identification is GNU 13.3.0
-- Detecting C compiler ABI info
-- Detecting C compiler ABI info - done
-- Check for working C compiler: /usr/bin/gcc-13 - skipped
-- Detecting C compile features
-- Detecting C compile features - done
-- Detecting CXX compiler ABI info
-- Detecting CXX compiler ABI info - done
-- Check for working CXX compiler: /usr/bin/g++-13 - skipped
-- Detecting CXX compile features
-- Detecting CXX compile features - done
-- Configuring done (0.3s)
-- Generating done (0.0s)
-- Build files have been written to: /scratch/luisr/mlir-aie/programming_examples/basic/matrix_multiplication/whole_array/_build
cd _build &&  cmake --build . --config Release
gmake[1]: Entering directory '/scratch/luisr/mlir-aie/programming_examples/basic/matrix_multiplication/whole_array/_build'
gmake[2]: Entering directory '/scratch/luisr/mlir-aie/programming_examples/basic/matrix_multiplication/whole_array/_build'
gmake[3]: Entering directory '/scratch/luisr/mlir-aie/programming_examples/basic/matrix_multiplication/whole_array/_build'
gmake[3]: Leaving directory '/scratch/luisr/mlir-aie/programming_examples/basic/matrix_multiplication/whole_array/_build'
gmake[3]: Entering directory '/scratch/luisr/mlir-aie/programming_examples/basic/matrix_multiplication/whole_array/_build'
[ 33%] Building CXX object CMakeFiles/whole_array.dir/scratch/luisr/mlir-aie/runtime_lib/test_lib/test_utils.cpp.o
[ 66%] Building CXX object CMakeFiles/whole_array.dir/whole_array/test.cpp.o
[100%] Linking CXX executable whole_array
gmake[3]: Leaving directory '/scratch/luisr/mlir-aie/programming_examples/basic/matrix_multiplication/whole_array/_build'
[100%] Built target whole_array
gmake[2]: Leaving directory '/scratch/luisr/mlir-aie/programming_examples/basic/matrix_multiplication/whole_array/_build'
gmake[1]: Leaving directory '/scratch/luisr/mlir-aie/programming_examples/basic/matrix_multiplication/whole_array/_build'
cp _build/whole_array whole_array.exe 
mkdir -p build
python3 /scratch/luisr/mlir-aie/programming_examples/basic/matrix_multiplication/whole_array/whole_array.py -m 64 -k 88 -n 64 --n-aie-cols 8 --b-col-maj 0 --dev npu2 -M 1024 -K 5632 -N 1024 --dtype_in bf16 --dtype_out bf16 --emulate-bf16-mmul-with-bfp16 true --trace_size 0 > build/aie_1024x5632x1024_64x88x64_8c.mlir
mkdir -p build
cd build && xchesscc_wrapper aie2p -I /proj/xbuilds/2024.2_INT_1113_1001/installs/all_platforms/Vitis/2024.2/aietools/include  -Dbf16_bf16_ONLY -DDIM_M=64 -DDIM_K=88 -DDIM_N=64 -DAIE_API_EMULATE_BFLOAT16_MMUL_WITH_BFP16 -c /scratch/luisr/mlir-aie/programming_examples/basic/matrix_multiplication/whole_array/../../../../aie_kernels/aie2p/mm.cc -o mm_64x88x64.o
WARNING: Default location for XILINX_VIVADO_IP_OVERRIDE not found: /build/xfndry/IP_2024.2_INTEGRATION_VERIFIED/customer/vivado/data/ip
mkdir -p build
cd build && aiecc.py --alloc-scheme=basic-sequential --aie-generate-xclbin --no-compile-host --xclbin-name=final_1024x5632x1024_64x88x64_8c.xclbin \
			 \
			--aie-generate-npu-insts --npu-insts-name=insts_1024x5632x1024_64x88x64_8c.txt ../build/aie_1024x5632x1024_64x88x64_8c.mlir

Generating: /scratch/luisr/mlir-aie/programming_examples/basic/matrix_multiplication/whole_array/build/aie_1024x5632x1024_64x88x64_8c.mlir.prj/aie_cdo_elfs.bin
Generating: /scratch/luisr/mlir-aie/programming_examples/basic/matrix_multiplication/whole_array/build/aie_1024x5632x1024_64x88x64_8c.mlir.prj/aie_cdo_init.bin
Generating: /scratch/luisr/mlir-aie/programming_examples/basic/matrix_multiplication/whole_array/build/aie_1024x5632x1024_64x88x64_8c.mlir.prj/aie_cdo_enable.bin
export XRT_HACK_UNSECURE_LOADING_XCLBIN=1 && \
 ./whole_array.exe -x build/final_1024x5632x1024_64x88x64_8c.xclbin -i build/insts_1024x5632x1024_64x88x64_8c.txt -k MLIR_AIE -M 1024 -K 5632 -N 1024 --iters 40 --warmup 10 --verify 0 --b_col_maj 0

Avg NPU matmul time: 2619.73us.
Avg NPU gflops: 4508.55

Min NPU matmul time: 2533us.
Max NPU gflops: 4662.91

Max NPU matmul time: 3145us.
Min NPU gflops: 3755.54

PASS!

rm -rf tmpTrace parse*.json trace*json trace.txt
rm -rf build _build whole_array.exe
rm -rf _build
mkdir -p _build
cd _build &&  cmake -E env CXXFLAGS="-std=c++23 -ggdb -DDTYPE_IN=std::bfloat16_t -DDTYPE_OUT=std::bfloat16_t -DDTYPE_ACC=float" \
	cmake `echo /scratch/luisr/mlir-aie/programming_examples/basic/matrix_multiplication/whole_array/..` -D CMAKE_C_COMPILER=gcc-13 -D CMAKE_CXX_COMPILER=g++-13 -DTARGET_NAME=whole_array -Dsubdir=whole_array
-- The C compiler identification is GNU 13.3.0
-- The CXX compiler identification is GNU 13.3.0
-- Detecting C compiler ABI info
-- Detecting C compiler ABI info - done
-- Check for working C compiler: /usr/bin/gcc-13 - skipped
-- Detecting C compile features
-- Detecting C compile features - done
-- Detecting CXX compiler ABI info
-- Detecting CXX compiler ABI info - done
-- Check for working CXX compiler: /usr/bin/g++-13 - skipped
-- Detecting CXX compile features
-- Detecting CXX compile features - done
-- Configuring done (0.3s)
-- Generating done (0.0s)
-- Build files have been written to: /scratch/luisr/mlir-aie/programming_examples/basic/matrix_multiplication/whole_array/_build
cd _build &&  cmake --build . --config Release
gmake[1]: Entering directory '/scratch/luisr/mlir-aie/programming_examples/basic/matrix_multiplication/whole_array/_build'
gmake[2]: Entering directory '/scratch/luisr/mlir-aie/programming_examples/basic/matrix_multiplication/whole_array/_build'
gmake[3]: Entering directory '/scratch/luisr/mlir-aie/programming_examples/basic/matrix_multiplication/whole_array/_build'
gmake[3]: Leaving directory '/scratch/luisr/mlir-aie/programming_examples/basic/matrix_multiplication/whole_array/_build'
gmake[3]: Entering directory '/scratch/luisr/mlir-aie/programming_examples/basic/matrix_multiplication/whole_array/_build'
[ 33%] Building CXX object CMakeFiles/whole_array.dir/scratch/luisr/mlir-aie/runtime_lib/test_lib/test_utils.cpp.o
[ 66%] Building CXX object CMakeFiles/whole_array.dir/whole_array/test.cpp.o
[100%] Linking CXX executable whole_array
gmake[3]: Leaving directory '/scratch/luisr/mlir-aie/programming_examples/basic/matrix_multiplication/whole_array/_build'
[100%] Built target whole_array
gmake[2]: Leaving directory '/scratch/luisr/mlir-aie/programming_examples/basic/matrix_multiplication/whole_array/_build'
gmake[1]: Leaving directory '/scratch/luisr/mlir-aie/programming_examples/basic/matrix_multiplication/whole_array/_build'
cp _build/whole_array whole_array.exe 
mkdir -p build
python3 /scratch/luisr/mlir-aie/programming_examples/basic/matrix_multiplication/whole_array/whole_array.py -m 64 -k 88 -n 64 --n-aie-cols 8 --b-col-maj 0 --dev npu2 -M 1024 -K 5632 -N 4096 --dtype_in bf16 --dtype_out bf16 --emulate-bf16-mmul-with-bfp16 true --trace_size 0 > build/aie_1024x5632x4096_64x88x64_8c.mlir
mkdir -p build
cd build && xchesscc_wrapper aie2p -I /proj/xbuilds/2024.2_INT_1113_1001/installs/all_platforms/Vitis/2024.2/aietools/include  -Dbf16_bf16_ONLY -DDIM_M=64 -DDIM_K=88 -DDIM_N=64 -DAIE_API_EMULATE_BFLOAT16_MMUL_WITH_BFP16 -c /scratch/luisr/mlir-aie/programming_examples/basic/matrix_multiplication/whole_array/../../../../aie_kernels/aie2p/mm.cc -o mm_64x88x64.o
WARNING: Default location for XILINX_VIVADO_IP_OVERRIDE not found: /build/xfndry/IP_2024.2_INTEGRATION_VERIFIED/customer/vivado/data/ip
mkdir -p build
cd build && aiecc.py --alloc-scheme=basic-sequential --aie-generate-xclbin --no-compile-host --xclbin-name=final_1024x5632x4096_64x88x64_8c.xclbin \
			 \
			--aie-generate-npu-insts --npu-insts-name=insts_1024x5632x4096_64x88x64_8c.txt ../build/aie_1024x5632x4096_64x88x64_8c.mlir

Generating: /scratch/luisr/mlir-aie/programming_examples/basic/matrix_multiplication/whole_array/build/aie_1024x5632x4096_64x88x64_8c.mlir.prj/aie_cdo_elfs.bin
Generating: /scratch/luisr/mlir-aie/programming_examples/basic/matrix_multiplication/whole_array/build/aie_1024x5632x4096_64x88x64_8c.mlir.prj/aie_cdo_init.bin
Generating: /scratch/luisr/mlir-aie/programming_examples/basic/matrix_multiplication/whole_array/build/aie_1024x5632x4096_64x88x64_8c.mlir.prj/aie_cdo_enable.bin
export XRT_HACK_UNSECURE_LOADING_XCLBIN=1 && \
 ./whole_array.exe -x build/final_1024x5632x4096_64x88x64_8c.xclbin -i build/insts_1024x5632x4096_64x88x64_8c.txt -k MLIR_AIE -M 1024 -K 5632 -N 4096 --iters 40 --warmup 10 --verify 0 --b_col_maj 0

Avg NPU matmul time: 10881.2us.
Avg NPU gflops: 4341.86

Min NPU matmul time: 10359us.
Max NPU gflops: 4560.73

Max NPU matmul time: 11397us.
Min NPU gflops: 4145.36

PASS!

rm -rf tmpTrace parse*.json trace*json trace.txt
rm -rf build _build whole_array.exe
rm -rf _build
mkdir -p _build
cd _build &&  cmake -E env CXXFLAGS="-std=c++23 -ggdb -DDTYPE_IN=std::bfloat16_t -DDTYPE_OUT=std::bfloat16_t -DDTYPE_ACC=float" \
	cmake `echo /scratch/luisr/mlir-aie/programming_examples/basic/matrix_multiplication/whole_array/..` -D CMAKE_C_COMPILER=gcc-13 -D CMAKE_CXX_COMPILER=g++-13 -DTARGET_NAME=whole_array -Dsubdir=whole_array
-- The C compiler identification is GNU 13.3.0
-- The CXX compiler identification is GNU 13.3.0
-- Detecting C compiler ABI info
-- Detecting C compiler ABI info - done
-- Check for working C compiler: /usr/bin/gcc-13 - skipped
-- Detecting C compile features
-- Detecting C compile features - done
-- Detecting CXX compiler ABI info
-- Detecting CXX compiler ABI info - done
-- Check for working CXX compiler: /usr/bin/g++-13 - skipped
-- Detecting CXX compile features
-- Detecting CXX compile features - done
-- Configuring done (0.3s)
-- Generating done (0.0s)
-- Build files have been written to: /scratch/luisr/mlir-aie/programming_examples/basic/matrix_multiplication/whole_array/_build
cd _build &&  cmake --build . --config Release
gmake[1]: Entering directory '/scratch/luisr/mlir-aie/programming_examples/basic/matrix_multiplication/whole_array/_build'
gmake[2]: Entering directory '/scratch/luisr/mlir-aie/programming_examples/basic/matrix_multiplication/whole_array/_build'
gmake[3]: Entering directory '/scratch/luisr/mlir-aie/programming_examples/basic/matrix_multiplication/whole_array/_build'
gmake[3]: Leaving directory '/scratch/luisr/mlir-aie/programming_examples/basic/matrix_multiplication/whole_array/_build'
gmake[3]: Entering directory '/scratch/luisr/mlir-aie/programming_examples/basic/matrix_multiplication/whole_array/_build'
[ 33%] Building CXX object CMakeFiles/whole_array.dir/scratch/luisr/mlir-aie/runtime_lib/test_lib/test_utils.cpp.o
[ 66%] Building CXX object CMakeFiles/whole_array.dir/whole_array/test.cpp.o
[100%] Linking CXX executable whole_array
gmake[3]: Leaving directory '/scratch/luisr/mlir-aie/programming_examples/basic/matrix_multiplication/whole_array/_build'
[100%] Built target whole_array
gmake[2]: Leaving directory '/scratch/luisr/mlir-aie/programming_examples/basic/matrix_multiplication/whole_array/_build'
gmake[1]: Leaving directory '/scratch/luisr/mlir-aie/programming_examples/basic/matrix_multiplication/whole_array/_build'
cp _build/whole_array whole_array.exe 
mkdir -p build
python3 /scratch/luisr/mlir-aie/programming_examples/basic/matrix_multiplication/whole_array/whole_array.py -m 64 -k 88 -n 64 --n-aie-cols 8 --b-col-maj 0 --dev npu2 -M 1024 -K 5632 -N 8192 --dtype_in bf16 --dtype_out bf16 --emulate-bf16-mmul-with-bfp16 true --trace_size 0 > build/aie_1024x5632x8192_64x88x64_8c.mlir
mkdir -p build
cd build && xchesscc_wrapper aie2p -I /proj/xbuilds/2024.2_INT_1113_1001/installs/all_platforms/Vitis/2024.2/aietools/include  -Dbf16_bf16_ONLY -DDIM_M=64 -DDIM_K=88 -DDIM_N=64 -DAIE_API_EMULATE_BFLOAT16_MMUL_WITH_BFP16 -c /scratch/luisr/mlir-aie/programming_examples/basic/matrix_multiplication/whole_array/../../../../aie_kernels/aie2p/mm.cc -o mm_64x88x64.o
WARNING: Default location for XILINX_VIVADO_IP_OVERRIDE not found: /build/xfndry/IP_2024.2_INTEGRATION_VERIFIED/customer/vivado/data/ip
mkdir -p build
cd build && aiecc.py --alloc-scheme=basic-sequential --aie-generate-xclbin --no-compile-host --xclbin-name=final_1024x5632x8192_64x88x64_8c.xclbin \
			 \
			--aie-generate-npu-insts --npu-insts-name=insts_1024x5632x8192_64x88x64_8c.txt ../build/aie_1024x5632x8192_64x88x64_8c.mlir

Generating: /scratch/luisr/mlir-aie/programming_examples/basic/matrix_multiplication/whole_array/build/aie_1024x5632x8192_64x88x64_8c.mlir.prj/aie_cdo_elfs.bin
Generating: /scratch/luisr/mlir-aie/programming_examples/basic/matrix_multiplication/whole_array/build/aie_1024x5632x8192_64x88x64_8c.mlir.prj/aie_cdo_init.bin
Generating: /scratch/luisr/mlir-aie/programming_examples/basic/matrix_multiplication/whole_array/build/aie_1024x5632x8192_64x88x64_8c.mlir.prj/aie_cdo_enable.bin
export XRT_HACK_UNSECURE_LOADING_XCLBIN=1 && \
 ./whole_array.exe -x build/final_1024x5632x8192_64x88x64_8c.xclbin -i build/insts_1024x5632x8192_64x88x64_8c.txt -k MLIR_AIE -M 1024 -K 5632 -N 8192 --iters 40 --warmup 10 --verify 0 --b_col_maj 0

Avg NPU matmul time: 22891.9us.
Avg NPU gflops: 4127.63

Min NPU matmul time: 22149us.
Max NPU gflops: 4266.07

Max NPU matmul time: 23390us.
Min NPU gflops: 4039.73

PASS!

rm -rf tmpTrace parse*.json trace*json trace.txt
rm -rf build _build whole_array.exe
rm -rf _build
mkdir -p _build
cd _build &&  cmake -E env CXXFLAGS="-std=c++23 -ggdb -DDTYPE_IN=std::bfloat16_t -DDTYPE_OUT=std::bfloat16_t -DDTYPE_ACC=float" \
	cmake `echo /scratch/luisr/mlir-aie/programming_examples/basic/matrix_multiplication/whole_array/..` -D CMAKE_C_COMPILER=gcc-13 -D CMAKE_CXX_COMPILER=g++-13 -DTARGET_NAME=whole_array -Dsubdir=whole_array
-- The C compiler identification is GNU 13.3.0
-- The CXX compiler identification is GNU 13.3.0
-- Detecting C compiler ABI info
-- Detecting C compiler ABI info - done
-- Check for working C compiler: /usr/bin/gcc-13 - skipped
-- Detecting C compile features
-- Detecting C compile features - done
-- Detecting CXX compiler ABI info
-- Detecting CXX compiler ABI info - done
-- Check for working CXX compiler: /usr/bin/g++-13 - skipped
-- Detecting CXX compile features
-- Detecting CXX compile features - done
-- Configuring done (0.3s)
-- Generating done (0.0s)
-- Build files have been written to: /scratch/luisr/mlir-aie/programming_examples/basic/matrix_multiplication/whole_array/_build
cd _build &&  cmake --build . --config Release
gmake[1]: Entering directory '/scratch/luisr/mlir-aie/programming_examples/basic/matrix_multiplication/whole_array/_build'
gmake[2]: Entering directory '/scratch/luisr/mlir-aie/programming_examples/basic/matrix_multiplication/whole_array/_build'
gmake[3]: Entering directory '/scratch/luisr/mlir-aie/programming_examples/basic/matrix_multiplication/whole_array/_build'
gmake[3]: Leaving directory '/scratch/luisr/mlir-aie/programming_examples/basic/matrix_multiplication/whole_array/_build'
gmake[3]: Entering directory '/scratch/luisr/mlir-aie/programming_examples/basic/matrix_multiplication/whole_array/_build'
[ 33%] Building CXX object CMakeFiles/whole_array.dir/scratch/luisr/mlir-aie/runtime_lib/test_lib/test_utils.cpp.o
[ 66%] Building CXX object CMakeFiles/whole_array.dir/whole_array/test.cpp.o
[100%] Linking CXX executable whole_array
gmake[3]: Leaving directory '/scratch/luisr/mlir-aie/programming_examples/basic/matrix_multiplication/whole_array/_build'
[100%] Built target whole_array
gmake[2]: Leaving directory '/scratch/luisr/mlir-aie/programming_examples/basic/matrix_multiplication/whole_array/_build'
gmake[1]: Leaving directory '/scratch/luisr/mlir-aie/programming_examples/basic/matrix_multiplication/whole_array/_build'
cp _build/whole_array whole_array.exe 
mkdir -p build
python3 /scratch/luisr/mlir-aie/programming_examples/basic/matrix_multiplication/whole_array/whole_array.py -m 64 -k 88 -n 64 --n-aie-cols 8 --b-col-maj 0 --dev npu2 -M 4096 -K 704 -N 512 --dtype_in bf16 --dtype_out bf16 --emulate-bf16-mmul-with-bfp16 true --trace_size 0 > build/aie_4096x704x512_64x88x64_8c.mlir
mkdir -p build
cd build && xchesscc_wrapper aie2p -I /proj/xbuilds/2024.2_INT_1113_1001/installs/all_platforms/Vitis/2024.2/aietools/include  -Dbf16_bf16_ONLY -DDIM_M=64 -DDIM_K=88 -DDIM_N=64 -DAIE_API_EMULATE_BFLOAT16_MMUL_WITH_BFP16 -c /scratch/luisr/mlir-aie/programming_examples/basic/matrix_multiplication/whole_array/../../../../aie_kernels/aie2p/mm.cc -o mm_64x88x64.o
WARNING: Default location for XILINX_VIVADO_IP_OVERRIDE not found: /build/xfndry/IP_2024.2_INTEGRATION_VERIFIED/customer/vivado/data/ip
mkdir -p build
cd build && aiecc.py --alloc-scheme=basic-sequential --aie-generate-xclbin --no-compile-host --xclbin-name=final_4096x704x512_64x88x64_8c.xclbin \
			 \
			--aie-generate-npu-insts --npu-insts-name=insts_4096x704x512_64x88x64_8c.txt ../build/aie_4096x704x512_64x88x64_8c.mlir

Generating: /scratch/luisr/mlir-aie/programming_examples/basic/matrix_multiplication/whole_array/build/aie_4096x704x512_64x88x64_8c.mlir.prj/aie_cdo_elfs.bin
Generating: /scratch/luisr/mlir-aie/programming_examples/basic/matrix_multiplication/whole_array/build/aie_4096x704x512_64x88x64_8c.mlir.prj/aie_cdo_init.bin
Generating: /scratch/luisr/mlir-aie/programming_examples/basic/matrix_multiplication/whole_array/build/aie_4096x704x512_64x88x64_8c.mlir.prj/aie_cdo_enable.bin
export XRT_HACK_UNSECURE_LOADING_XCLBIN=1 && \
 ./whole_array.exe -x build/final_4096x704x512_64x88x64_8c.xclbin -i build/insts_4096x704x512_64x88x64_8c.txt -k MLIR_AIE -M 4096 -K 704 -N 512 --iters 40 --warmup 10 --verify 0 --b_col_maj 0

Avg NPU matmul time: 705.475us.
Avg NPU gflops: 4185.53

Min NPU matmul time: 701us.
Max NPU gflops: 4212.25

Max NPU matmul time: 711us.
Min NPU gflops: 4153.01

PASS!

rm -rf tmpTrace parse*.json trace*json trace.txt
rm -rf build _build whole_array.exe
rm -rf _build
mkdir -p _build
cd _build &&  cmake -E env CXXFLAGS="-std=c++23 -ggdb -DDTYPE_IN=std::bfloat16_t -DDTYPE_OUT=std::bfloat16_t -DDTYPE_ACC=float" \
	cmake `echo /scratch/luisr/mlir-aie/programming_examples/basic/matrix_multiplication/whole_array/..` -D CMAKE_C_COMPILER=gcc-13 -D CMAKE_CXX_COMPILER=g++-13 -DTARGET_NAME=whole_array -Dsubdir=whole_array
-- The C compiler identification is GNU 13.3.0
-- The CXX compiler identification is GNU 13.3.0
-- Detecting C compiler ABI info
-- Detecting C compiler ABI info - done
-- Check for working C compiler: /usr/bin/gcc-13 - skipped
-- Detecting C compile features
-- Detecting C compile features - done
-- Detecting CXX compiler ABI info
-- Detecting CXX compiler ABI info - done
-- Check for working CXX compiler: /usr/bin/g++-13 - skipped
-- Detecting CXX compile features
-- Detecting CXX compile features - done
-- Configuring done (0.3s)
-- Generating done (0.0s)
-- Build files have been written to: /scratch/luisr/mlir-aie/programming_examples/basic/matrix_multiplication/whole_array/_build
cd _build &&  cmake --build . --config Release
gmake[1]: Entering directory '/scratch/luisr/mlir-aie/programming_examples/basic/matrix_multiplication/whole_array/_build'
gmake[2]: Entering directory '/scratch/luisr/mlir-aie/programming_examples/basic/matrix_multiplication/whole_array/_build'
gmake[3]: Entering directory '/scratch/luisr/mlir-aie/programming_examples/basic/matrix_multiplication/whole_array/_build'
gmake[3]: Leaving directory '/scratch/luisr/mlir-aie/programming_examples/basic/matrix_multiplication/whole_array/_build'
gmake[3]: Entering directory '/scratch/luisr/mlir-aie/programming_examples/basic/matrix_multiplication/whole_array/_build'
[ 33%] Building CXX object CMakeFiles/whole_array.dir/scratch/luisr/mlir-aie/runtime_lib/test_lib/test_utils.cpp.o
[ 66%] Building CXX object CMakeFiles/whole_array.dir/whole_array/test.cpp.o
[100%] Linking CXX executable whole_array
gmake[3]: Leaving directory '/scratch/luisr/mlir-aie/programming_examples/basic/matrix_multiplication/whole_array/_build'
[100%] Built target whole_array
gmake[2]: Leaving directory '/scratch/luisr/mlir-aie/programming_examples/basic/matrix_multiplication/whole_array/_build'
gmake[1]: Leaving directory '/scratch/luisr/mlir-aie/programming_examples/basic/matrix_multiplication/whole_array/_build'
cp _build/whole_array whole_array.exe 
mkdir -p build
python3 /scratch/luisr/mlir-aie/programming_examples/basic/matrix_multiplication/whole_array/whole_array.py -m 64 -k 88 -n 64 --n-aie-cols 8 --b-col-maj 0 --dev npu2 -M 4096 -K 704 -N 1024 --dtype_in bf16 --dtype_out bf16 --emulate-bf16-mmul-with-bfp16 true --trace_size 0 > build/aie_4096x704x1024_64x88x64_8c.mlir
mkdir -p build
cd build && xchesscc_wrapper aie2p -I /proj/xbuilds/2024.2_INT_1113_1001/installs/all_platforms/Vitis/2024.2/aietools/include  -Dbf16_bf16_ONLY -DDIM_M=64 -DDIM_K=88 -DDIM_N=64 -DAIE_API_EMULATE_BFLOAT16_MMUL_WITH_BFP16 -c /scratch/luisr/mlir-aie/programming_examples/basic/matrix_multiplication/whole_array/../../../../aie_kernels/aie2p/mm.cc -o mm_64x88x64.o
WARNING: Default location for XILINX_VIVADO_IP_OVERRIDE not found: /build/xfndry/IP_2024.2_INTEGRATION_VERIFIED/customer/vivado/data/ip
mkdir -p build
cd build && aiecc.py --alloc-scheme=basic-sequential --aie-generate-xclbin --no-compile-host --xclbin-name=final_4096x704x1024_64x88x64_8c.xclbin \
			 \
			--aie-generate-npu-insts --npu-insts-name=insts_4096x704x1024_64x88x64_8c.txt ../build/aie_4096x704x1024_64x88x64_8c.mlir

Generating: /scratch/luisr/mlir-aie/programming_examples/basic/matrix_multiplication/whole_array/build/aie_4096x704x1024_64x88x64_8c.mlir.prj/aie_cdo_elfs.bin
Generating: /scratch/luisr/mlir-aie/programming_examples/basic/matrix_multiplication/whole_array/build/aie_4096x704x1024_64x88x64_8c.mlir.prj/aie_cdo_init.bin
Generating: /scratch/luisr/mlir-aie/programming_examples/basic/matrix_multiplication/whole_array/build/aie_4096x704x1024_64x88x64_8c.mlir.prj/aie_cdo_enable.bin
export XRT_HACK_UNSECURE_LOADING_XCLBIN=1 && \
 ./whole_array.exe -x build/final_4096x704x1024_64x88x64_8c.xclbin -i build/insts_4096x704x1024_64x88x64_8c.txt -k MLIR_AIE -M 4096 -K 704 -N 1024 --iters 40 --warmup 10 --verify 0 --b_col_maj 0

Avg NPU matmul time: 1674.53us.
Avg NPU gflops: 3526.72

Min NPU matmul time: 1375us.
Max NPU gflops: 4294.97

Max NPU matmul time: 2266us.
Min NPU gflops: 2606.17

PASS!

rm -rf tmpTrace parse*.json trace*json trace.txt
rm -rf build _build whole_array.exe
rm -rf _build
mkdir -p _build
cd _build &&  cmake -E env CXXFLAGS="-std=c++23 -ggdb -DDTYPE_IN=std::bfloat16_t -DDTYPE_OUT=std::bfloat16_t -DDTYPE_ACC=float" \
	cmake `echo /scratch/luisr/mlir-aie/programming_examples/basic/matrix_multiplication/whole_array/..` -D CMAKE_C_COMPILER=gcc-13 -D CMAKE_CXX_COMPILER=g++-13 -DTARGET_NAME=whole_array -Dsubdir=whole_array
-- The C compiler identification is GNU 13.3.0
-- The CXX compiler identification is GNU 13.3.0
-- Detecting C compiler ABI info
-- Detecting C compiler ABI info - done
-- Check for working C compiler: /usr/bin/gcc-13 - skipped
-- Detecting C compile features
-- Detecting C compile features - done
-- Detecting CXX compiler ABI info
-- Detecting CXX compiler ABI info - done
-- Check for working CXX compiler: /usr/bin/g++-13 - skipped
-- Detecting CXX compile features
-- Detecting CXX compile features - done
-- Configuring done (0.2s)
-- Generating done (0.0s)
-- Build files have been written to: /scratch/luisr/mlir-aie/programming_examples/basic/matrix_multiplication/whole_array/_build
cd _build &&  cmake --build . --config Release
gmake[1]: Entering directory '/scratch/luisr/mlir-aie/programming_examples/basic/matrix_multiplication/whole_array/_build'
gmake[2]: Entering directory '/scratch/luisr/mlir-aie/programming_examples/basic/matrix_multiplication/whole_array/_build'
gmake[3]: Entering directory '/scratch/luisr/mlir-aie/programming_examples/basic/matrix_multiplication/whole_array/_build'
gmake[3]: Leaving directory '/scratch/luisr/mlir-aie/programming_examples/basic/matrix_multiplication/whole_array/_build'
gmake[3]: Entering directory '/scratch/luisr/mlir-aie/programming_examples/basic/matrix_multiplication/whole_array/_build'
[ 33%] Building CXX object CMakeFiles/whole_array.dir/scratch/luisr/mlir-aie/runtime_lib/test_lib/test_utils.cpp.o
[ 66%] Building CXX object CMakeFiles/whole_array.dir/whole_array/test.cpp.o
[100%] Linking CXX executable whole_array
gmake[3]: Leaving directory '/scratch/luisr/mlir-aie/programming_examples/basic/matrix_multiplication/whole_array/_build'
[100%] Built target whole_array
gmake[2]: Leaving directory '/scratch/luisr/mlir-aie/programming_examples/basic/matrix_multiplication/whole_array/_build'
gmake[1]: Leaving directory '/scratch/luisr/mlir-aie/programming_examples/basic/matrix_multiplication/whole_array/_build'
cp _build/whole_array whole_array.exe 
mkdir -p build
python3 /scratch/luisr/mlir-aie/programming_examples/basic/matrix_multiplication/whole_array/whole_array.py -m 64 -k 88 -n 64 --n-aie-cols 8 --b-col-maj 0 --dev npu2 -M 4096 -K 704 -N 4096 --dtype_in bf16 --dtype_out bf16 --emulate-bf16-mmul-with-bfp16 true --trace_size 0 > build/aie_4096x704x4096_64x88x64_8c.mlir
mkdir -p build
cd build && xchesscc_wrapper aie2p -I /proj/xbuilds/2024.2_INT_1113_1001/installs/all_platforms/Vitis/2024.2/aietools/include  -Dbf16_bf16_ONLY -DDIM_M=64 -DDIM_K=88 -DDIM_N=64 -DAIE_API_EMULATE_BFLOAT16_MMUL_WITH_BFP16 -c /scratch/luisr/mlir-aie/programming_examples/basic/matrix_multiplication/whole_array/../../../../aie_kernels/aie2p/mm.cc -o mm_64x88x64.o
WARNING: Default location for XILINX_VIVADO_IP_OVERRIDE not found: /build/xfndry/IP_2024.2_INTEGRATION_VERIFIED/customer/vivado/data/ip
mkdir -p build
cd build && aiecc.py --alloc-scheme=basic-sequential --aie-generate-xclbin --no-compile-host --xclbin-name=final_4096x704x4096_64x88x64_8c.xclbin \
			 \
			--aie-generate-npu-insts --npu-insts-name=insts_4096x704x4096_64x88x64_8c.txt ../build/aie_4096x704x4096_64x88x64_8c.mlir

Generating: /scratch/luisr/mlir-aie/programming_examples/basic/matrix_multiplication/whole_array/build/aie_4096x704x4096_64x88x64_8c.mlir.prj/aie_cdo_elfs.bin
Generating: /scratch/luisr/mlir-aie/programming_examples/basic/matrix_multiplication/whole_array/build/aie_4096x704x4096_64x88x64_8c.mlir.prj/aie_cdo_init.bin
Generating: /scratch/luisr/mlir-aie/programming_examples/basic/matrix_multiplication/whole_array/build/aie_4096x704x4096_64x88x64_8c.mlir.prj/aie_cdo_enable.bin
export XRT_HACK_UNSECURE_LOADING_XCLBIN=1 && \
 ./whole_array.exe -x build/final_4096x704x4096_64x88x64_8c.xclbin -i build/insts_4096x704x4096_64x88x64_8c.txt -k MLIR_AIE -M 4096 -K 704 -N 4096 --iters 40 --warmup 10 --verify 0 --b_col_maj 0

Avg NPU matmul time: 5256.02us.
Avg NPU gflops: 4494.33

Min NPU matmul time: 5118us.
Max NPU gflops: 4615.54

Max NPU matmul time: 5724us.
Min NPU gflops: 4126.89

PASS!

rm -rf tmpTrace parse*.json trace*json trace.txt
rm -rf build _build whole_array.exe
rm -rf _build
mkdir -p _build
cd _build &&  cmake -E env CXXFLAGS="-std=c++23 -ggdb -DDTYPE_IN=std::bfloat16_t -DDTYPE_OUT=std::bfloat16_t -DDTYPE_ACC=float" \
	cmake `echo /scratch/luisr/mlir-aie/programming_examples/basic/matrix_multiplication/whole_array/..` -D CMAKE_C_COMPILER=gcc-13 -D CMAKE_CXX_COMPILER=g++-13 -DTARGET_NAME=whole_array -Dsubdir=whole_array
-- The C compiler identification is GNU 13.3.0
-- The CXX compiler identification is GNU 13.3.0
-- Detecting C compiler ABI info
-- Detecting C compiler ABI info - done
-- Check for working C compiler: /usr/bin/gcc-13 - skipped
-- Detecting C compile features
-- Detecting C compile features - done
-- Detecting CXX compiler ABI info
-- Detecting CXX compiler ABI info - done
-- Check for working CXX compiler: /usr/bin/g++-13 - skipped
-- Detecting CXX compile features
-- Detecting CXX compile features - done
-- Configuring done (0.3s)
-- Generating done (0.0s)
-- Build files have been written to: /scratch/luisr/mlir-aie/programming_examples/basic/matrix_multiplication/whole_array/_build
cd _build &&  cmake --build . --config Release
gmake[1]: Entering directory '/scratch/luisr/mlir-aie/programming_examples/basic/matrix_multiplication/whole_array/_build'
gmake[2]: Entering directory '/scratch/luisr/mlir-aie/programming_examples/basic/matrix_multiplication/whole_array/_build'
gmake[3]: Entering directory '/scratch/luisr/mlir-aie/programming_examples/basic/matrix_multiplication/whole_array/_build'
gmake[3]: Leaving directory '/scratch/luisr/mlir-aie/programming_examples/basic/matrix_multiplication/whole_array/_build'
gmake[3]: Entering directory '/scratch/luisr/mlir-aie/programming_examples/basic/matrix_multiplication/whole_array/_build'
[ 33%] Building CXX object CMakeFiles/whole_array.dir/scratch/luisr/mlir-aie/runtime_lib/test_lib/test_utils.cpp.o
[ 66%] Building CXX object CMakeFiles/whole_array.dir/whole_array/test.cpp.o
[100%] Linking CXX executable whole_array
gmake[3]: Leaving directory '/scratch/luisr/mlir-aie/programming_examples/basic/matrix_multiplication/whole_array/_build'
[100%] Built target whole_array
gmake[2]: Leaving directory '/scratch/luisr/mlir-aie/programming_examples/basic/matrix_multiplication/whole_array/_build'
gmake[1]: Leaving directory '/scratch/luisr/mlir-aie/programming_examples/basic/matrix_multiplication/whole_array/_build'
cp _build/whole_array whole_array.exe 
mkdir -p build
python3 /scratch/luisr/mlir-aie/programming_examples/basic/matrix_multiplication/whole_array/whole_array.py -m 64 -k 88 -n 64 --n-aie-cols 8 --b-col-maj 0 --dev npu2 -M 4096 -K 704 -N 8192 --dtype_in bf16 --dtype_out bf16 --emulate-bf16-mmul-with-bfp16 true --trace_size 0 > build/aie_4096x704x8192_64x88x64_8c.mlir
mkdir -p build
cd build && xchesscc_wrapper aie2p -I /proj/xbuilds/2024.2_INT_1113_1001/installs/all_platforms/Vitis/2024.2/aietools/include  -Dbf16_bf16_ONLY -DDIM_M=64 -DDIM_K=88 -DDIM_N=64 -DAIE_API_EMULATE_BFLOAT16_MMUL_WITH_BFP16 -c /scratch/luisr/mlir-aie/programming_examples/basic/matrix_multiplication/whole_array/../../../../aie_kernels/aie2p/mm.cc -o mm_64x88x64.o
WARNING: Default location for XILINX_VIVADO_IP_OVERRIDE not found: /build/xfndry/IP_2024.2_INTEGRATION_VERIFIED/customer/vivado/data/ip
mkdir -p build
cd build && aiecc.py --alloc-scheme=basic-sequential --aie-generate-xclbin --no-compile-host --xclbin-name=final_4096x704x8192_64x88x64_8c.xclbin \
			 \
			--aie-generate-npu-insts --npu-insts-name=insts_4096x704x8192_64x88x64_8c.txt ../build/aie_4096x704x8192_64x88x64_8c.mlir

Generating: /scratch/luisr/mlir-aie/programming_examples/basic/matrix_multiplication/whole_array/build/aie_4096x704x8192_64x88x64_8c.mlir.prj/aie_cdo_elfs.bin
Generating: /scratch/luisr/mlir-aie/programming_examples/basic/matrix_multiplication/whole_array/build/aie_4096x704x8192_64x88x64_8c.mlir.prj/aie_cdo_init.bin
Generating: /scratch/luisr/mlir-aie/programming_examples/basic/matrix_multiplication/whole_array/build/aie_4096x704x8192_64x88x64_8c.mlir.prj/aie_cdo_enable.bin
export XRT_HACK_UNSECURE_LOADING_XCLBIN=1 && \
 ./whole_array.exe -x build/final_4096x704x8192_64x88x64_8c.xclbin -i build/insts_4096x704x8192_64x88x64_8c.txt -k MLIR_AIE -M 4096 -K 704 -N 8192 --iters 40 --warmup 10 --verify 0 --b_col_maj 0

Avg NPU matmul time: 11331.6us.
Avg NPU gflops: 4169.29

Min NPU matmul time: 10578us.
Max NPU gflops: 4466.31

Max NPU matmul time: 12713us.
Min NPU gflops: 3716.25

PASS!

rm -rf tmpTrace parse*.json trace*json trace.txt
rm -rf build _build whole_array.exe
rm -rf _build
mkdir -p _build
cd _build &&  cmake -E env CXXFLAGS="-std=c++23 -ggdb -DDTYPE_IN=std::bfloat16_t -DDTYPE_OUT=std::bfloat16_t -DDTYPE_ACC=float" \
	cmake `echo /scratch/luisr/mlir-aie/programming_examples/basic/matrix_multiplication/whole_array/..` -D CMAKE_C_COMPILER=gcc-13 -D CMAKE_CXX_COMPILER=g++-13 -DTARGET_NAME=whole_array -Dsubdir=whole_array
-- The C compiler identification is GNU 13.3.0
-- The CXX compiler identification is GNU 13.3.0
-- Detecting C compiler ABI info
-- Detecting C compiler ABI info - done
-- Check for working C compiler: /usr/bin/gcc-13 - skipped
-- Detecting C compile features
-- Detecting C compile features - done
-- Detecting CXX compiler ABI info
-- Detecting CXX compiler ABI info - done
-- Check for working CXX compiler: /usr/bin/g++-13 - skipped
-- Detecting CXX compile features
-- Detecting CXX compile features - done
-- Configuring done (0.3s)
-- Generating done (0.0s)
-- Build files have been written to: /scratch/luisr/mlir-aie/programming_examples/basic/matrix_multiplication/whole_array/_build
cd _build &&  cmake --build . --config Release
gmake[1]: Entering directory '/scratch/luisr/mlir-aie/programming_examples/basic/matrix_multiplication/whole_array/_build'
gmake[2]: Entering directory '/scratch/luisr/mlir-aie/programming_examples/basic/matrix_multiplication/whole_array/_build'
gmake[3]: Entering directory '/scratch/luisr/mlir-aie/programming_examples/basic/matrix_multiplication/whole_array/_build'
gmake[3]: Leaving directory '/scratch/luisr/mlir-aie/programming_examples/basic/matrix_multiplication/whole_array/_build'
gmake[3]: Entering directory '/scratch/luisr/mlir-aie/programming_examples/basic/matrix_multiplication/whole_array/_build'
[ 33%] Building CXX object CMakeFiles/whole_array.dir/scratch/luisr/mlir-aie/runtime_lib/test_lib/test_utils.cpp.o
[ 66%] Building CXX object CMakeFiles/whole_array.dir/whole_array/test.cpp.o
[100%] Linking CXX executable whole_array
gmake[3]: Leaving directory '/scratch/luisr/mlir-aie/programming_examples/basic/matrix_multiplication/whole_array/_build'
[100%] Built target whole_array
gmake[2]: Leaving directory '/scratch/luisr/mlir-aie/programming_examples/basic/matrix_multiplication/whole_array/_build'
gmake[1]: Leaving directory '/scratch/luisr/mlir-aie/programming_examples/basic/matrix_multiplication/whole_array/_build'
cp _build/whole_array whole_array.exe 
mkdir -p build
python3 /scratch/luisr/mlir-aie/programming_examples/basic/matrix_multiplication/whole_array/whole_array.py -m 64 -k 88 -n 64 --n-aie-cols 8 --b-col-maj 0 --dev npu2 -M 4096 -K 1408 -N 512 --dtype_in bf16 --dtype_out bf16 --emulate-bf16-mmul-with-bfp16 true --trace_size 0 > build/aie_4096x1408x512_64x88x64_8c.mlir
mkdir -p build
cd build && xchesscc_wrapper aie2p -I /proj/xbuilds/2024.2_INT_1113_1001/installs/all_platforms/Vitis/2024.2/aietools/include  -Dbf16_bf16_ONLY -DDIM_M=64 -DDIM_K=88 -DDIM_N=64 -DAIE_API_EMULATE_BFLOAT16_MMUL_WITH_BFP16 -c /scratch/luisr/mlir-aie/programming_examples/basic/matrix_multiplication/whole_array/../../../../aie_kernels/aie2p/mm.cc -o mm_64x88x64.o
WARNING: Default location for XILINX_VIVADO_IP_OVERRIDE not found: /build/xfndry/IP_2024.2_INTEGRATION_VERIFIED/customer/vivado/data/ip
mkdir -p build
cd build && aiecc.py --alloc-scheme=basic-sequential --aie-generate-xclbin --no-compile-host --xclbin-name=final_4096x1408x512_64x88x64_8c.xclbin \
			 \
			--aie-generate-npu-insts --npu-insts-name=insts_4096x1408x512_64x88x64_8c.txt ../build/aie_4096x1408x512_64x88x64_8c.mlir

Generating: /scratch/luisr/mlir-aie/programming_examples/basic/matrix_multiplication/whole_array/build/aie_4096x1408x512_64x88x64_8c.mlir.prj/aie_cdo_elfs.bin
Generating: /scratch/luisr/mlir-aie/programming_examples/basic/matrix_multiplication/whole_array/build/aie_4096x1408x512_64x88x64_8c.mlir.prj/aie_cdo_init.bin
Generating: /scratch/luisr/mlir-aie/programming_examples/basic/matrix_multiplication/whole_array/build/aie_4096x1408x512_64x88x64_8c.mlir.prj/aie_cdo_enable.bin
export XRT_HACK_UNSECURE_LOADING_XCLBIN=1 && \
 ./whole_array.exe -x build/final_4096x1408x512_64x88x64_8c.xclbin -i build/insts_4096x1408x512_64x88x64_8c.txt -k MLIR_AIE -M 4096 -K 1408 -N 512 --iters 40 --warmup 10 --verify 0 --b_col_maj 0

Avg NPU matmul time: 1479.95us.
Avg NPU gflops: 3990.39

Min NPU matmul time: 1309us.
Max NPU gflops: 4511.52

Max NPU matmul time: 1850us.
Min NPU gflops: 3192.21

PASS!

rm -rf tmpTrace parse*.json trace*json trace.txt
rm -rf build _build whole_array.exe
rm -rf _build
mkdir -p _build
cd _build &&  cmake -E env CXXFLAGS="-std=c++23 -ggdb -DDTYPE_IN=std::bfloat16_t -DDTYPE_OUT=std::bfloat16_t -DDTYPE_ACC=float" \
	cmake `echo /scratch/luisr/mlir-aie/programming_examples/basic/matrix_multiplication/whole_array/..` -D CMAKE_C_COMPILER=gcc-13 -D CMAKE_CXX_COMPILER=g++-13 -DTARGET_NAME=whole_array -Dsubdir=whole_array
-- The C compiler identification is GNU 13.3.0
-- The CXX compiler identification is GNU 13.3.0
-- Detecting C compiler ABI info
-- Detecting C compiler ABI info - done
-- Check for working C compiler: /usr/bin/gcc-13 - skipped
-- Detecting C compile features
-- Detecting C compile features - done
-- Detecting CXX compiler ABI info
-- Detecting CXX compiler ABI info - done
-- Check for working CXX compiler: /usr/bin/g++-13 - skipped
-- Detecting CXX compile features
-- Detecting CXX compile features - done
-- Configuring done (0.3s)
-- Generating done (0.0s)
-- Build files have been written to: /scratch/luisr/mlir-aie/programming_examples/basic/matrix_multiplication/whole_array/_build
cd _build &&  cmake --build . --config Release
gmake[1]: Entering directory '/scratch/luisr/mlir-aie/programming_examples/basic/matrix_multiplication/whole_array/_build'
gmake[2]: Entering directory '/scratch/luisr/mlir-aie/programming_examples/basic/matrix_multiplication/whole_array/_build'
gmake[3]: Entering directory '/scratch/luisr/mlir-aie/programming_examples/basic/matrix_multiplication/whole_array/_build'
gmake[3]: Leaving directory '/scratch/luisr/mlir-aie/programming_examples/basic/matrix_multiplication/whole_array/_build'
gmake[3]: Entering directory '/scratch/luisr/mlir-aie/programming_examples/basic/matrix_multiplication/whole_array/_build'
[ 33%] Building CXX object CMakeFiles/whole_array.dir/scratch/luisr/mlir-aie/runtime_lib/test_lib/test_utils.cpp.o
[ 66%] Building CXX object CMakeFiles/whole_array.dir/whole_array/test.cpp.o
[100%] Linking CXX executable whole_array
gmake[3]: Leaving directory '/scratch/luisr/mlir-aie/programming_examples/basic/matrix_multiplication/whole_array/_build'
[100%] Built target whole_array
gmake[2]: Leaving directory '/scratch/luisr/mlir-aie/programming_examples/basic/matrix_multiplication/whole_array/_build'
gmake[1]: Leaving directory '/scratch/luisr/mlir-aie/programming_examples/basic/matrix_multiplication/whole_array/_build'
cp _build/whole_array whole_array.exe 
mkdir -p build
python3 /scratch/luisr/mlir-aie/programming_examples/basic/matrix_multiplication/whole_array/whole_array.py -m 64 -k 88 -n 64 --n-aie-cols 8 --b-col-maj 0 --dev npu2 -M 4096 -K 1408 -N 1024 --dtype_in bf16 --dtype_out bf16 --emulate-bf16-mmul-with-bfp16 true --trace_size 0 > build/aie_4096x1408x1024_64x88x64_8c.mlir
mkdir -p build
cd build && xchesscc_wrapper aie2p -I /proj/xbuilds/2024.2_INT_1113_1001/installs/all_platforms/Vitis/2024.2/aietools/include  -Dbf16_bf16_ONLY -DDIM_M=64 -DDIM_K=88 -DDIM_N=64 -DAIE_API_EMULATE_BFLOAT16_MMUL_WITH_BFP16 -c /scratch/luisr/mlir-aie/programming_examples/basic/matrix_multiplication/whole_array/../../../../aie_kernels/aie2p/mm.cc -o mm_64x88x64.o
WARNING: Default location for XILINX_VIVADO_IP_OVERRIDE not found: /build/xfndry/IP_2024.2_INTEGRATION_VERIFIED/customer/vivado/data/ip
mkdir -p build
cd build && aiecc.py --alloc-scheme=basic-sequential --aie-generate-xclbin --no-compile-host --xclbin-name=final_4096x1408x1024_64x88x64_8c.xclbin \
			 \
			--aie-generate-npu-insts --npu-insts-name=insts_4096x1408x1024_64x88x64_8c.txt ../build/aie_4096x1408x1024_64x88x64_8c.mlir

Generating: /scratch/luisr/mlir-aie/programming_examples/basic/matrix_multiplication/whole_array/build/aie_4096x1408x1024_64x88x64_8c.mlir.prj/aie_cdo_elfs.bin
Generating: /scratch/luisr/mlir-aie/programming_examples/basic/matrix_multiplication/whole_array/build/aie_4096x1408x1024_64x88x64_8c.mlir.prj/aie_cdo_init.bin
Generating: /scratch/luisr/mlir-aie/programming_examples/basic/matrix_multiplication/whole_array/build/aie_4096x1408x1024_64x88x64_8c.mlir.prj/aie_cdo_enable.bin
export XRT_HACK_UNSECURE_LOADING_XCLBIN=1 && \
 ./whole_array.exe -x build/final_4096x1408x1024_64x88x64_8c.xclbin -i build/insts_4096x1408x1024_64x88x64_8c.txt -k MLIR_AIE -M 4096 -K 1408 -N 1024 --iters 40 --warmup 10 --verify 0 --b_col_maj 0

Avg NPU matmul time: 2606.57us.
Avg NPU gflops: 4531.29

Min NPU matmul time: 2507us.
Max NPU gflops: 4711.27

Max NPU matmul time: 3124us.
Min NPU gflops: 3780.78

PASS!

rm -rf tmpTrace parse*.json trace*json trace.txt
rm -rf build _build whole_array.exe
rm -rf _build
mkdir -p _build
cd _build &&  cmake -E env CXXFLAGS="-std=c++23 -ggdb -DDTYPE_IN=std::bfloat16_t -DDTYPE_OUT=std::bfloat16_t -DDTYPE_ACC=float" \
	cmake `echo /scratch/luisr/mlir-aie/programming_examples/basic/matrix_multiplication/whole_array/..` -D CMAKE_C_COMPILER=gcc-13 -D CMAKE_CXX_COMPILER=g++-13 -DTARGET_NAME=whole_array -Dsubdir=whole_array
-- The C compiler identification is GNU 13.3.0
-- The CXX compiler identification is GNU 13.3.0
-- Detecting C compiler ABI info
-- Detecting C compiler ABI info - done
-- Check for working C compiler: /usr/bin/gcc-13 - skipped
-- Detecting C compile features
-- Detecting C compile features - done
-- Detecting CXX compiler ABI info
-- Detecting CXX compiler ABI info - done
-- Check for working CXX compiler: /usr/bin/g++-13 - skipped
-- Detecting CXX compile features
-- Detecting CXX compile features - done
-- Configuring done (0.3s)
-- Generating done (0.0s)
-- Build files have been written to: /scratch/luisr/mlir-aie/programming_examples/basic/matrix_multiplication/whole_array/_build
cd _build &&  cmake --build . --config Release
gmake[1]: Entering directory '/scratch/luisr/mlir-aie/programming_examples/basic/matrix_multiplication/whole_array/_build'
gmake[2]: Entering directory '/scratch/luisr/mlir-aie/programming_examples/basic/matrix_multiplication/whole_array/_build'
gmake[3]: Entering directory '/scratch/luisr/mlir-aie/programming_examples/basic/matrix_multiplication/whole_array/_build'
gmake[3]: Leaving directory '/scratch/luisr/mlir-aie/programming_examples/basic/matrix_multiplication/whole_array/_build'
gmake[3]: Entering directory '/scratch/luisr/mlir-aie/programming_examples/basic/matrix_multiplication/whole_array/_build'
[ 33%] Building CXX object CMakeFiles/whole_array.dir/scratch/luisr/mlir-aie/runtime_lib/test_lib/test_utils.cpp.o
[ 66%] Building CXX object CMakeFiles/whole_array.dir/whole_array/test.cpp.o
[100%] Linking CXX executable whole_array
gmake[3]: Leaving directory '/scratch/luisr/mlir-aie/programming_examples/basic/matrix_multiplication/whole_array/_build'
[100%] Built target whole_array
gmake[2]: Leaving directory '/scratch/luisr/mlir-aie/programming_examples/basic/matrix_multiplication/whole_array/_build'
gmake[1]: Leaving directory '/scratch/luisr/mlir-aie/programming_examples/basic/matrix_multiplication/whole_array/_build'
cp _build/whole_array whole_array.exe 
mkdir -p build
python3 /scratch/luisr/mlir-aie/programming_examples/basic/matrix_multiplication/whole_array/whole_array.py -m 64 -k 88 -n 64 --n-aie-cols 8 --b-col-maj 0 --dev npu2 -M 4096 -K 1408 -N 4096 --dtype_in bf16 --dtype_out bf16 --emulate-bf16-mmul-with-bfp16 true --trace_size 0 > build/aie_4096x1408x4096_64x88x64_8c.mlir
mkdir -p build
cd build && xchesscc_wrapper aie2p -I /proj/xbuilds/2024.2_INT_1113_1001/installs/all_platforms/Vitis/2024.2/aietools/include  -Dbf16_bf16_ONLY -DDIM_M=64 -DDIM_K=88 -DDIM_N=64 -DAIE_API_EMULATE_BFLOAT16_MMUL_WITH_BFP16 -c /scratch/luisr/mlir-aie/programming_examples/basic/matrix_multiplication/whole_array/../../../../aie_kernels/aie2p/mm.cc -o mm_64x88x64.o
WARNING: Default location for XILINX_VIVADO_IP_OVERRIDE not found: /build/xfndry/IP_2024.2_INTEGRATION_VERIFIED/customer/vivado/data/ip
mkdir -p build
cd build && aiecc.py --alloc-scheme=basic-sequential --aie-generate-xclbin --no-compile-host --xclbin-name=final_4096x1408x4096_64x88x64_8c.xclbin \
			 \
			--aie-generate-npu-insts --npu-insts-name=insts_4096x1408x4096_64x88x64_8c.txt ../build/aie_4096x1408x4096_64x88x64_8c.mlir

Generating: /scratch/luisr/mlir-aie/programming_examples/basic/matrix_multiplication/whole_array/build/aie_4096x1408x4096_64x88x64_8c.mlir.prj/aie_cdo_elfs.bin
Generating: /scratch/luisr/mlir-aie/programming_examples/basic/matrix_multiplication/whole_array/build/aie_4096x1408x4096_64x88x64_8c.mlir.prj/aie_cdo_init.bin
Generating: /scratch/luisr/mlir-aie/programming_examples/basic/matrix_multiplication/whole_array/build/aie_4096x1408x4096_64x88x64_8c.mlir.prj/aie_cdo_enable.bin
export XRT_HACK_UNSECURE_LOADING_XCLBIN=1 && \
 ./whole_array.exe -x build/final_4096x1408x4096_64x88x64_8c.xclbin -i build/insts_4096x1408x4096_64x88x64_8c.txt -k MLIR_AIE -M 4096 -K 1408 -N 4096 --iters 40 --warmup 10 --verify 0 --b_col_maj 0

Avg NPU matmul time: 10589.8us.
Avg NPU gflops: 4461.36

Min NPU matmul time: 10080us.
Max NPU gflops: 4686.97

Max NPU matmul time: 11765us.
Min NPU gflops: 4015.69

PASS!

rm -rf tmpTrace parse*.json trace*json trace.txt
rm -rf build _build whole_array.exe
rm -rf _build
mkdir -p _build
cd _build &&  cmake -E env CXXFLAGS="-std=c++23 -ggdb -DDTYPE_IN=std::bfloat16_t -DDTYPE_OUT=std::bfloat16_t -DDTYPE_ACC=float" \
	cmake `echo /scratch/luisr/mlir-aie/programming_examples/basic/matrix_multiplication/whole_array/..` -D CMAKE_C_COMPILER=gcc-13 -D CMAKE_CXX_COMPILER=g++-13 -DTARGET_NAME=whole_array -Dsubdir=whole_array
-- The C compiler identification is GNU 13.3.0
-- The CXX compiler identification is GNU 13.3.0
-- Detecting C compiler ABI info
-- Detecting C compiler ABI info - done
-- Check for working C compiler: /usr/bin/gcc-13 - skipped
-- Detecting C compile features
-- Detecting C compile features - done
-- Detecting CXX compiler ABI info
-- Detecting CXX compiler ABI info - done
-- Check for working CXX compiler: /usr/bin/g++-13 - skipped
-- Detecting CXX compile features
-- Detecting CXX compile features - done
-- Configuring done (0.2s)
-- Generating done (0.0s)
-- Build files have been written to: /scratch/luisr/mlir-aie/programming_examples/basic/matrix_multiplication/whole_array/_build
cd _build &&  cmake --build . --config Release
gmake[1]: Entering directory '/scratch/luisr/mlir-aie/programming_examples/basic/matrix_multiplication/whole_array/_build'
gmake[2]: Entering directory '/scratch/luisr/mlir-aie/programming_examples/basic/matrix_multiplication/whole_array/_build'
gmake[3]: Entering directory '/scratch/luisr/mlir-aie/programming_examples/basic/matrix_multiplication/whole_array/_build'
gmake[3]: Leaving directory '/scratch/luisr/mlir-aie/programming_examples/basic/matrix_multiplication/whole_array/_build'
gmake[3]: Entering directory '/scratch/luisr/mlir-aie/programming_examples/basic/matrix_multiplication/whole_array/_build'
[ 33%] Building CXX object CMakeFiles/whole_array.dir/scratch/luisr/mlir-aie/runtime_lib/test_lib/test_utils.cpp.o
[ 66%] Building CXX object CMakeFiles/whole_array.dir/whole_array/test.cpp.o
[100%] Linking CXX executable whole_array
gmake[3]: Leaving directory '/scratch/luisr/mlir-aie/programming_examples/basic/matrix_multiplication/whole_array/_build'
[100%] Built target whole_array
gmake[2]: Leaving directory '/scratch/luisr/mlir-aie/programming_examples/basic/matrix_multiplication/whole_array/_build'
gmake[1]: Leaving directory '/scratch/luisr/mlir-aie/programming_examples/basic/matrix_multiplication/whole_array/_build'
cp _build/whole_array whole_array.exe 
mkdir -p build
python3 /scratch/luisr/mlir-aie/programming_examples/basic/matrix_multiplication/whole_array/whole_array.py -m 64 -k 88 -n 64 --n-aie-cols 8 --b-col-maj 0 --dev npu2 -M 4096 -K 1408 -N 8192 --dtype_in bf16 --dtype_out bf16 --emulate-bf16-mmul-with-bfp16 true --trace_size 0 > build/aie_4096x1408x8192_64x88x64_8c.mlir
mkdir -p build
cd build && xchesscc_wrapper aie2p -I /proj/xbuilds/2024.2_INT_1113_1001/installs/all_platforms/Vitis/2024.2/aietools/include  -Dbf16_bf16_ONLY -DDIM_M=64 -DDIM_K=88 -DDIM_N=64 -DAIE_API_EMULATE_BFLOAT16_MMUL_WITH_BFP16 -c /scratch/luisr/mlir-aie/programming_examples/basic/matrix_multiplication/whole_array/../../../../aie_kernels/aie2p/mm.cc -o mm_64x88x64.o
WARNING: Default location for XILINX_VIVADO_IP_OVERRIDE not found: /build/xfndry/IP_2024.2_INTEGRATION_VERIFIED/customer/vivado/data/ip
mkdir -p build
cd build && aiecc.py --alloc-scheme=basic-sequential --aie-generate-xclbin --no-compile-host --xclbin-name=final_4096x1408x8192_64x88x64_8c.xclbin \
			 \
			--aie-generate-npu-insts --npu-insts-name=insts_4096x1408x8192_64x88x64_8c.txt ../build/aie_4096x1408x8192_64x88x64_8c.mlir

Generating: /scratch/luisr/mlir-aie/programming_examples/basic/matrix_multiplication/whole_array/build/aie_4096x1408x8192_64x88x64_8c.mlir.prj/aie_cdo_elfs.bin
Generating: /scratch/luisr/mlir-aie/programming_examples/basic/matrix_multiplication/whole_array/build/aie_4096x1408x8192_64x88x64_8c.mlir.prj/aie_cdo_init.bin
Generating: /scratch/luisr/mlir-aie/programming_examples/basic/matrix_multiplication/whole_array/build/aie_4096x1408x8192_64x88x64_8c.mlir.prj/aie_cdo_enable.bin
export XRT_HACK_UNSECURE_LOADING_XCLBIN=1 && \
 ./whole_array.exe -x build/final_4096x1408x8192_64x88x64_8c.xclbin -i build/insts_4096x1408x8192_64x88x64_8c.txt -k MLIR_AIE -M 4096 -K 1408 -N 8192 --iters 40 --warmup 10 --verify 0 --b_col_maj 0

Avg NPU matmul time: 21686.2us.
Avg NPU gflops: 4357.12

Min NPU matmul time: 20849us.
Max NPU gflops: 4532.08

Max NPU matmul time: 23361us.
Min NPU gflops: 4044.74

PASS!

rm -rf tmpTrace parse*.json trace*json trace.txt
rm -rf build _build whole_array.exe
rm -rf _build
mkdir -p _build
cd _build &&  cmake -E env CXXFLAGS="-std=c++23 -ggdb -DDTYPE_IN=std::bfloat16_t -DDTYPE_OUT=std::bfloat16_t -DDTYPE_ACC=float" \
	cmake `echo /scratch/luisr/mlir-aie/programming_examples/basic/matrix_multiplication/whole_array/..` -D CMAKE_C_COMPILER=gcc-13 -D CMAKE_CXX_COMPILER=g++-13 -DTARGET_NAME=whole_array -Dsubdir=whole_array
-- The C compiler identification is GNU 13.3.0
-- The CXX compiler identification is GNU 13.3.0
-- Detecting C compiler ABI info
-- Detecting C compiler ABI info - done
-- Check for working C compiler: /usr/bin/gcc-13 - skipped
-- Detecting C compile features
-- Detecting C compile features - done
-- Detecting CXX compiler ABI info
-- Detecting CXX compiler ABI info - done
-- Check for working CXX compiler: /usr/bin/g++-13 - skipped
-- Detecting CXX compile features
-- Detecting CXX compile features - done
-- Configuring done (0.3s)
-- Generating done (0.0s)
-- Build files have been written to: /scratch/luisr/mlir-aie/programming_examples/basic/matrix_multiplication/whole_array/_build
cd _build &&  cmake --build . --config Release
gmake[1]: Entering directory '/scratch/luisr/mlir-aie/programming_examples/basic/matrix_multiplication/whole_array/_build'
gmake[2]: Entering directory '/scratch/luisr/mlir-aie/programming_examples/basic/matrix_multiplication/whole_array/_build'
gmake[3]: Entering directory '/scratch/luisr/mlir-aie/programming_examples/basic/matrix_multiplication/whole_array/_build'
gmake[3]: Leaving directory '/scratch/luisr/mlir-aie/programming_examples/basic/matrix_multiplication/whole_array/_build'
gmake[3]: Entering directory '/scratch/luisr/mlir-aie/programming_examples/basic/matrix_multiplication/whole_array/_build'
[ 33%] Building CXX object CMakeFiles/whole_array.dir/scratch/luisr/mlir-aie/runtime_lib/test_lib/test_utils.cpp.o
[ 66%] Building CXX object CMakeFiles/whole_array.dir/whole_array/test.cpp.o
[100%] Linking CXX executable whole_array
gmake[3]: Leaving directory '/scratch/luisr/mlir-aie/programming_examples/basic/matrix_multiplication/whole_array/_build'
[100%] Built target whole_array
gmake[2]: Leaving directory '/scratch/luisr/mlir-aie/programming_examples/basic/matrix_multiplication/whole_array/_build'
gmake[1]: Leaving directory '/scratch/luisr/mlir-aie/programming_examples/basic/matrix_multiplication/whole_array/_build'
cp _build/whole_array whole_array.exe 
mkdir -p build
python3 /scratch/luisr/mlir-aie/programming_examples/basic/matrix_multiplication/whole_array/whole_array.py -m 64 -k 88 -n 64 --n-aie-cols 8 --b-col-maj 0 --dev npu2 -M 4096 -K 4224 -N 512 --dtype_in bf16 --dtype_out bf16 --emulate-bf16-mmul-with-bfp16 true --trace_size 0 > build/aie_4096x4224x512_64x88x64_8c.mlir
mkdir -p build
cd build && xchesscc_wrapper aie2p -I /proj/xbuilds/2024.2_INT_1113_1001/installs/all_platforms/Vitis/2024.2/aietools/include  -Dbf16_bf16_ONLY -DDIM_M=64 -DDIM_K=88 -DDIM_N=64 -DAIE_API_EMULATE_BFLOAT16_MMUL_WITH_BFP16 -c /scratch/luisr/mlir-aie/programming_examples/basic/matrix_multiplication/whole_array/../../../../aie_kernels/aie2p/mm.cc -o mm_64x88x64.o
WARNING: Default location for XILINX_VIVADO_IP_OVERRIDE not found: /build/xfndry/IP_2024.2_INTEGRATION_VERIFIED/customer/vivado/data/ip
mkdir -p build
cd build && aiecc.py --alloc-scheme=basic-sequential --aie-generate-xclbin --no-compile-host --xclbin-name=final_4096x4224x512_64x88x64_8c.xclbin \
			 \
			--aie-generate-npu-insts --npu-insts-name=insts_4096x4224x512_64x88x64_8c.txt ../build/aie_4096x4224x512_64x88x64_8c.mlir

Generating: /scratch/luisr/mlir-aie/programming_examples/basic/matrix_multiplication/whole_array/build/aie_4096x4224x512_64x88x64_8c.mlir.prj/aie_cdo_elfs.bin
Generating: /scratch/luisr/mlir-aie/programming_examples/basic/matrix_multiplication/whole_array/build/aie_4096x4224x512_64x88x64_8c.mlir.prj/aie_cdo_init.bin
Generating: /scratch/luisr/mlir-aie/programming_examples/basic/matrix_multiplication/whole_array/build/aie_4096x4224x512_64x88x64_8c.mlir.prj/aie_cdo_enable.bin
export XRT_HACK_UNSECURE_LOADING_XCLBIN=1 && \
 ./whole_array.exe -x build/final_4096x4224x512_64x88x64_8c.xclbin -i build/insts_4096x4224x512_64x88x64_8c.txt -k MLIR_AIE -M 4096 -K 4224 -N 512 --iters 40 --warmup 10 --verify 0 --b_col_maj 0

Avg NPU matmul time: 3994.88us.
Avg NPU gflops: 4434.87

Min NPU matmul time: 3840us.
Max NPU gflops: 4613.73

Max NPU matmul time: 4342us.
Min NPU gflops: 4080.32

PASS!

rm -rf tmpTrace parse*.json trace*json trace.txt
rm -rf build _build whole_array.exe
rm -rf _build
mkdir -p _build
cd _build &&  cmake -E env CXXFLAGS="-std=c++23 -ggdb -DDTYPE_IN=std::bfloat16_t -DDTYPE_OUT=std::bfloat16_t -DDTYPE_ACC=float" \
	cmake `echo /scratch/luisr/mlir-aie/programming_examples/basic/matrix_multiplication/whole_array/..` -D CMAKE_C_COMPILER=gcc-13 -D CMAKE_CXX_COMPILER=g++-13 -DTARGET_NAME=whole_array -Dsubdir=whole_array
-- The C compiler identification is GNU 13.3.0
-- The CXX compiler identification is GNU 13.3.0
-- Detecting C compiler ABI info
-- Detecting C compiler ABI info - done
-- Check for working C compiler: /usr/bin/gcc-13 - skipped
-- Detecting C compile features
-- Detecting C compile features - done
-- Detecting CXX compiler ABI info
-- Detecting CXX compiler ABI info - done
-- Check for working CXX compiler: /usr/bin/g++-13 - skipped
-- Detecting CXX compile features
-- Detecting CXX compile features - done
-- Configuring done (0.3s)
-- Generating done (0.0s)
-- Build files have been written to: /scratch/luisr/mlir-aie/programming_examples/basic/matrix_multiplication/whole_array/_build
cd _build &&  cmake --build . --config Release
gmake[1]: Entering directory '/scratch/luisr/mlir-aie/programming_examples/basic/matrix_multiplication/whole_array/_build'
gmake[2]: Entering directory '/scratch/luisr/mlir-aie/programming_examples/basic/matrix_multiplication/whole_array/_build'
gmake[3]: Entering directory '/scratch/luisr/mlir-aie/programming_examples/basic/matrix_multiplication/whole_array/_build'
gmake[3]: Leaving directory '/scratch/luisr/mlir-aie/programming_examples/basic/matrix_multiplication/whole_array/_build'
gmake[3]: Entering directory '/scratch/luisr/mlir-aie/programming_examples/basic/matrix_multiplication/whole_array/_build'
[ 33%] Building CXX object CMakeFiles/whole_array.dir/scratch/luisr/mlir-aie/runtime_lib/test_lib/test_utils.cpp.o
[ 66%] Building CXX object CMakeFiles/whole_array.dir/whole_array/test.cpp.o
[100%] Linking CXX executable whole_array
gmake[3]: Leaving directory '/scratch/luisr/mlir-aie/programming_examples/basic/matrix_multiplication/whole_array/_build'
[100%] Built target whole_array
gmake[2]: Leaving directory '/scratch/luisr/mlir-aie/programming_examples/basic/matrix_multiplication/whole_array/_build'
gmake[1]: Leaving directory '/scratch/luisr/mlir-aie/programming_examples/basic/matrix_multiplication/whole_array/_build'
cp _build/whole_array whole_array.exe 
mkdir -p build
python3 /scratch/luisr/mlir-aie/programming_examples/basic/matrix_multiplication/whole_array/whole_array.py -m 64 -k 88 -n 64 --n-aie-cols 8 --b-col-maj 0 --dev npu2 -M 4096 -K 4224 -N 1024 --dtype_in bf16 --dtype_out bf16 --emulate-bf16-mmul-with-bfp16 true --trace_size 0 > build/aie_4096x4224x1024_64x88x64_8c.mlir
mkdir -p build
cd build && xchesscc_wrapper aie2p -I /proj/xbuilds/2024.2_INT_1113_1001/installs/all_platforms/Vitis/2024.2/aietools/include  -Dbf16_bf16_ONLY -DDIM_M=64 -DDIM_K=88 -DDIM_N=64 -DAIE_API_EMULATE_BFLOAT16_MMUL_WITH_BFP16 -c /scratch/luisr/mlir-aie/programming_examples/basic/matrix_multiplication/whole_array/../../../../aie_kernels/aie2p/mm.cc -o mm_64x88x64.o
WARNING: Default location for XILINX_VIVADO_IP_OVERRIDE not found: /build/xfndry/IP_2024.2_INTEGRATION_VERIFIED/customer/vivado/data/ip
mkdir -p build
cd build && aiecc.py --alloc-scheme=basic-sequential --aie-generate-xclbin --no-compile-host --xclbin-name=final_4096x4224x1024_64x88x64_8c.xclbin \
			 \
			--aie-generate-npu-insts --npu-insts-name=insts_4096x4224x1024_64x88x64_8c.txt ../build/aie_4096x4224x1024_64x88x64_8c.mlir

Generating: /scratch/luisr/mlir-aie/programming_examples/basic/matrix_multiplication/whole_array/build/aie_4096x4224x1024_64x88x64_8c.mlir.prj/aie_cdo_elfs.bin
Generating: /scratch/luisr/mlir-aie/programming_examples/basic/matrix_multiplication/whole_array/build/aie_4096x4224x1024_64x88x64_8c.mlir.prj/aie_cdo_init.bin
Generating: /scratch/luisr/mlir-aie/programming_examples/basic/matrix_multiplication/whole_array/build/aie_4096x4224x1024_64x88x64_8c.mlir.prj/aie_cdo_enable.bin
export XRT_HACK_UNSECURE_LOADING_XCLBIN=1 && \
 ./whole_array.exe -x build/final_4096x4224x1024_64x88x64_8c.xclbin -i build/insts_4096x4224x1024_64x88x64_8c.txt -k MLIR_AIE -M 4096 -K 4224 -N 1024 --iters 40 --warmup 10 --verify 0 --b_col_maj 0

Avg NPU matmul time: 7768.42us.
Avg NPU gflops: 4561.22

Min NPU matmul time: 7454us.
Max NPU gflops: 4753.62

Max NPU matmul time: 8206us.
Min NPU gflops: 4318

PASS!

rm -rf tmpTrace parse*.json trace*json trace.txt
rm -rf build _build whole_array.exe
rm -rf _build
mkdir -p _build
cd _build &&  cmake -E env CXXFLAGS="-std=c++23 -ggdb -DDTYPE_IN=std::bfloat16_t -DDTYPE_OUT=std::bfloat16_t -DDTYPE_ACC=float" \
	cmake `echo /scratch/luisr/mlir-aie/programming_examples/basic/matrix_multiplication/whole_array/..` -D CMAKE_C_COMPILER=gcc-13 -D CMAKE_CXX_COMPILER=g++-13 -DTARGET_NAME=whole_array -Dsubdir=whole_array
-- The C compiler identification is GNU 13.3.0
-- The CXX compiler identification is GNU 13.3.0
-- Detecting C compiler ABI info
-- Detecting C compiler ABI info - done
-- Check for working C compiler: /usr/bin/gcc-13 - skipped
-- Detecting C compile features
-- Detecting C compile features - done
-- Detecting CXX compiler ABI info
-- Detecting CXX compiler ABI info - done
-- Check for working CXX compiler: /usr/bin/g++-13 - skipped
-- Detecting CXX compile features
-- Detecting CXX compile features - done
-- Configuring done (0.3s)
-- Generating done (0.0s)
-- Build files have been written to: /scratch/luisr/mlir-aie/programming_examples/basic/matrix_multiplication/whole_array/_build
cd _build &&  cmake --build . --config Release
gmake[1]: Entering directory '/scratch/luisr/mlir-aie/programming_examples/basic/matrix_multiplication/whole_array/_build'
gmake[2]: Entering directory '/scratch/luisr/mlir-aie/programming_examples/basic/matrix_multiplication/whole_array/_build'
gmake[3]: Entering directory '/scratch/luisr/mlir-aie/programming_examples/basic/matrix_multiplication/whole_array/_build'
gmake[3]: Leaving directory '/scratch/luisr/mlir-aie/programming_examples/basic/matrix_multiplication/whole_array/_build'
gmake[3]: Entering directory '/scratch/luisr/mlir-aie/programming_examples/basic/matrix_multiplication/whole_array/_build'
[ 33%] Building CXX object CMakeFiles/whole_array.dir/scratch/luisr/mlir-aie/runtime_lib/test_lib/test_utils.cpp.o
[ 66%] Building CXX object CMakeFiles/whole_array.dir/whole_array/test.cpp.o
[100%] Linking CXX executable whole_array
gmake[3]: Leaving directory '/scratch/luisr/mlir-aie/programming_examples/basic/matrix_multiplication/whole_array/_build'
[100%] Built target whole_array
gmake[2]: Leaving directory '/scratch/luisr/mlir-aie/programming_examples/basic/matrix_multiplication/whole_array/_build'
gmake[1]: Leaving directory '/scratch/luisr/mlir-aie/programming_examples/basic/matrix_multiplication/whole_array/_build'
cp _build/whole_array whole_array.exe 
mkdir -p build
python3 /scratch/luisr/mlir-aie/programming_examples/basic/matrix_multiplication/whole_array/whole_array.py -m 64 -k 88 -n 64 --n-aie-cols 8 --b-col-maj 0 --dev npu2 -M 4096 -K 4224 -N 4096 --dtype_in bf16 --dtype_out bf16 --emulate-bf16-mmul-with-bfp16 true --trace_size 0 > build/aie_4096x4224x4096_64x88x64_8c.mlir
mkdir -p build
cd build && xchesscc_wrapper aie2p -I /proj/xbuilds/2024.2_INT_1113_1001/installs/all_platforms/Vitis/2024.2/aietools/include  -Dbf16_bf16_ONLY -DDIM_M=64 -DDIM_K=88 -DDIM_N=64 -DAIE_API_EMULATE_BFLOAT16_MMUL_WITH_BFP16 -c /scratch/luisr/mlir-aie/programming_examples/basic/matrix_multiplication/whole_array/../../../../aie_kernels/aie2p/mm.cc -o mm_64x88x64.o
WARNING: Default location for XILINX_VIVADO_IP_OVERRIDE not found: /build/xfndry/IP_2024.2_INTEGRATION_VERIFIED/customer/vivado/data/ip
mkdir -p build
cd build && aiecc.py --alloc-scheme=basic-sequential --aie-generate-xclbin --no-compile-host --xclbin-name=final_4096x4224x4096_64x88x64_8c.xclbin \
			 \
			--aie-generate-npu-insts --npu-insts-name=insts_4096x4224x4096_64x88x64_8c.txt ../build/aie_4096x4224x4096_64x88x64_8c.mlir

Generating: /scratch/luisr/mlir-aie/programming_examples/basic/matrix_multiplication/whole_array/build/aie_4096x4224x4096_64x88x64_8c.mlir.prj/aie_cdo_elfs.bin
Generating: /scratch/luisr/mlir-aie/programming_examples/basic/matrix_multiplication/whole_array/build/aie_4096x4224x4096_64x88x64_8c.mlir.prj/aie_cdo_init.bin
Generating: /scratch/luisr/mlir-aie/programming_examples/basic/matrix_multiplication/whole_array/build/aie_4096x4224x4096_64x88x64_8c.mlir.prj/aie_cdo_enable.bin
export XRT_HACK_UNSECURE_LOADING_XCLBIN=1 && \
 ./whole_array.exe -x build/final_4096x4224x4096_64x88x64_8c.xclbin -i build/insts_4096x4224x4096_64x88x64_8c.txt -k MLIR_AIE -M 4096 -K 4224 -N 4096 --iters 40 --warmup 10 --verify 0 --b_col_maj 0

Avg NPU matmul time: 30460.1us.
Avg NPU gflops: 4653.11

Min NPU matmul time: 29944us.
Max NPU gflops: 4733.3

Max NPU matmul time: 30969us.
Min NPU gflops: 4576.64

PASS!

rm -rf tmpTrace parse*.json trace*json trace.txt
rm -rf build _build whole_array.exe
rm -rf _build
mkdir -p _build
cd _build &&  cmake -E env CXXFLAGS="-std=c++23 -ggdb -DDTYPE_IN=std::bfloat16_t -DDTYPE_OUT=std::bfloat16_t -DDTYPE_ACC=float" \
	cmake `echo /scratch/luisr/mlir-aie/programming_examples/basic/matrix_multiplication/whole_array/..` -D CMAKE_C_COMPILER=gcc-13 -D CMAKE_CXX_COMPILER=g++-13 -DTARGET_NAME=whole_array -Dsubdir=whole_array
-- The C compiler identification is GNU 13.3.0
-- The CXX compiler identification is GNU 13.3.0
-- Detecting C compiler ABI info
-- Detecting C compiler ABI info - done
-- Check for working C compiler: /usr/bin/gcc-13 - skipped
-- Detecting C compile features
-- Detecting C compile features - done
-- Detecting CXX compiler ABI info
-- Detecting CXX compiler ABI info - done
-- Check for working CXX compiler: /usr/bin/g++-13 - skipped
-- Detecting CXX compile features
-- Detecting CXX compile features - done
-- Configuring done (0.3s)
-- Generating done (0.0s)
-- Build files have been written to: /scratch/luisr/mlir-aie/programming_examples/basic/matrix_multiplication/whole_array/_build
cd _build &&  cmake --build . --config Release
gmake[1]: Entering directory '/scratch/luisr/mlir-aie/programming_examples/basic/matrix_multiplication/whole_array/_build'
gmake[2]: Entering directory '/scratch/luisr/mlir-aie/programming_examples/basic/matrix_multiplication/whole_array/_build'
gmake[3]: Entering directory '/scratch/luisr/mlir-aie/programming_examples/basic/matrix_multiplication/whole_array/_build'
gmake[3]: Leaving directory '/scratch/luisr/mlir-aie/programming_examples/basic/matrix_multiplication/whole_array/_build'
gmake[3]: Entering directory '/scratch/luisr/mlir-aie/programming_examples/basic/matrix_multiplication/whole_array/_build'
[ 33%] Building CXX object CMakeFiles/whole_array.dir/scratch/luisr/mlir-aie/runtime_lib/test_lib/test_utils.cpp.o
[ 66%] Building CXX object CMakeFiles/whole_array.dir/whole_array/test.cpp.o
[100%] Linking CXX executable whole_array
gmake[3]: Leaving directory '/scratch/luisr/mlir-aie/programming_examples/basic/matrix_multiplication/whole_array/_build'
[100%] Built target whole_array
gmake[2]: Leaving directory '/scratch/luisr/mlir-aie/programming_examples/basic/matrix_multiplication/whole_array/_build'
gmake[1]: Leaving directory '/scratch/luisr/mlir-aie/programming_examples/basic/matrix_multiplication/whole_array/_build'
cp _build/whole_array whole_array.exe 
mkdir -p build
python3 /scratch/luisr/mlir-aie/programming_examples/basic/matrix_multiplication/whole_array/whole_array.py -m 64 -k 88 -n 64 --n-aie-cols 8 --b-col-maj 0 --dev npu2 -M 4096 -K 4224 -N 8192 --dtype_in bf16 --dtype_out bf16 --emulate-bf16-mmul-with-bfp16 true --trace_size 0 > build/aie_4096x4224x8192_64x88x64_8c.mlir
mkdir -p build
cd build && xchesscc_wrapper aie2p -I /proj/xbuilds/2024.2_INT_1113_1001/installs/all_platforms/Vitis/2024.2/aietools/include  -Dbf16_bf16_ONLY -DDIM_M=64 -DDIM_K=88 -DDIM_N=64 -DAIE_API_EMULATE_BFLOAT16_MMUL_WITH_BFP16 -c /scratch/luisr/mlir-aie/programming_examples/basic/matrix_multiplication/whole_array/../../../../aie_kernels/aie2p/mm.cc -o mm_64x88x64.o
WARNING: Default location for XILINX_VIVADO_IP_OVERRIDE not found: /build/xfndry/IP_2024.2_INTEGRATION_VERIFIED/customer/vivado/data/ip
mkdir -p build
cd build && aiecc.py --alloc-scheme=basic-sequential --aie-generate-xclbin --no-compile-host --xclbin-name=final_4096x4224x8192_64x88x64_8c.xclbin \
			 \
			--aie-generate-npu-insts --npu-insts-name=insts_4096x4224x8192_64x88x64_8c.txt ../build/aie_4096x4224x8192_64x88x64_8c.mlir

Generating: /scratch/luisr/mlir-aie/programming_examples/basic/matrix_multiplication/whole_array/build/aie_4096x4224x8192_64x88x64_8c.mlir.prj/aie_cdo_elfs.bin
Generating: /scratch/luisr/mlir-aie/programming_examples/basic/matrix_multiplication/whole_array/build/aie_4096x4224x8192_64x88x64_8c.mlir.prj/aie_cdo_init.bin
Generating: /scratch/luisr/mlir-aie/programming_examples/basic/matrix_multiplication/whole_array/build/aie_4096x4224x8192_64x88x64_8c.mlir.prj/aie_cdo_enable.bin
export XRT_HACK_UNSECURE_LOADING_XCLBIN=1 && \
 ./whole_array.exe -x build/final_4096x4224x8192_64x88x64_8c.xclbin -i build/insts_4096x4224x8192_64x88x64_8c.txt -k MLIR_AIE -M 4096 -K 4224 -N 8192 --iters 40 --warmup 10 --verify 0 --b_col_maj 0

Avg NPU matmul time: 64711.1us.
Avg NPU gflops: 4380.52

Min NPU matmul time: 63486us.
Max NPU gflops: 4465.04

Max NPU matmul time: 67494us.
Min NPU gflops: 4199.9

PASS!

rm -rf tmpTrace parse*.json trace*json trace.txt
rm -rf build _build whole_array.exe
rm -rf _build
mkdir -p _build
cd _build &&  cmake -E env CXXFLAGS="-std=c++23 -ggdb -DDTYPE_IN=std::bfloat16_t -DDTYPE_OUT=std::bfloat16_t -DDTYPE_ACC=float" \
	cmake `echo /scratch/luisr/mlir-aie/programming_examples/basic/matrix_multiplication/whole_array/..` -D CMAKE_C_COMPILER=gcc-13 -D CMAKE_CXX_COMPILER=g++-13 -DTARGET_NAME=whole_array -Dsubdir=whole_array
-- The C compiler identification is GNU 13.3.0
-- The CXX compiler identification is GNU 13.3.0
-- Detecting C compiler ABI info
-- Detecting C compiler ABI info - done
-- Check for working C compiler: /usr/bin/gcc-13 - skipped
-- Detecting C compile features
-- Detecting C compile features - done
-- Detecting CXX compiler ABI info
-- Detecting CXX compiler ABI info - done
-- Check for working CXX compiler: /usr/bin/g++-13 - skipped
-- Detecting CXX compile features
-- Detecting CXX compile features - done
-- Configuring done (0.3s)
-- Generating done (0.0s)
-- Build files have been written to: /scratch/luisr/mlir-aie/programming_examples/basic/matrix_multiplication/whole_array/_build
cd _build &&  cmake --build . --config Release
gmake[1]: Entering directory '/scratch/luisr/mlir-aie/programming_examples/basic/matrix_multiplication/whole_array/_build'
gmake[2]: Entering directory '/scratch/luisr/mlir-aie/programming_examples/basic/matrix_multiplication/whole_array/_build'
gmake[3]: Entering directory '/scratch/luisr/mlir-aie/programming_examples/basic/matrix_multiplication/whole_array/_build'
gmake[3]: Leaving directory '/scratch/luisr/mlir-aie/programming_examples/basic/matrix_multiplication/whole_array/_build'
gmake[3]: Entering directory '/scratch/luisr/mlir-aie/programming_examples/basic/matrix_multiplication/whole_array/_build'
[ 33%] Building CXX object CMakeFiles/whole_array.dir/scratch/luisr/mlir-aie/runtime_lib/test_lib/test_utils.cpp.o
[ 66%] Building CXX object CMakeFiles/whole_array.dir/whole_array/test.cpp.o
[100%] Linking CXX executable whole_array
gmake[3]: Leaving directory '/scratch/luisr/mlir-aie/programming_examples/basic/matrix_multiplication/whole_array/_build'
[100%] Built target whole_array
gmake[2]: Leaving directory '/scratch/luisr/mlir-aie/programming_examples/basic/matrix_multiplication/whole_array/_build'
gmake[1]: Leaving directory '/scratch/luisr/mlir-aie/programming_examples/basic/matrix_multiplication/whole_array/_build'
cp _build/whole_array whole_array.exe 
mkdir -p build
python3 /scratch/luisr/mlir-aie/programming_examples/basic/matrix_multiplication/whole_array/whole_array.py -m 64 -k 88 -n 64 --n-aie-cols 8 --b-col-maj 0 --dev npu2 -M 4096 -K 5632 -N 512 --dtype_in bf16 --dtype_out bf16 --emulate-bf16-mmul-with-bfp16 true --trace_size 0 > build/aie_4096x5632x512_64x88x64_8c.mlir
mkdir -p build
cd build && xchesscc_wrapper aie2p -I /proj/xbuilds/2024.2_INT_1113_1001/installs/all_platforms/Vitis/2024.2/aietools/include  -Dbf16_bf16_ONLY -DDIM_M=64 -DDIM_K=88 -DDIM_N=64 -DAIE_API_EMULATE_BFLOAT16_MMUL_WITH_BFP16 -c /scratch/luisr/mlir-aie/programming_examples/basic/matrix_multiplication/whole_array/../../../../aie_kernels/aie2p/mm.cc -o mm_64x88x64.o
WARNING: Default location for XILINX_VIVADO_IP_OVERRIDE not found: /build/xfndry/IP_2024.2_INTEGRATION_VERIFIED/customer/vivado/data/ip
mkdir -p build
cd build && aiecc.py --alloc-scheme=basic-sequential --aie-generate-xclbin --no-compile-host --xclbin-name=final_4096x5632x512_64x88x64_8c.xclbin \
			 \
			--aie-generate-npu-insts --npu-insts-name=insts_4096x5632x512_64x88x64_8c.txt ../build/aie_4096x5632x512_64x88x64_8c.mlir

Generating: /scratch/luisr/mlir-aie/programming_examples/basic/matrix_multiplication/whole_array/build/aie_4096x5632x512_64x88x64_8c.mlir.prj/aie_cdo_elfs.bin
Generating: /scratch/luisr/mlir-aie/programming_examples/basic/matrix_multiplication/whole_array/build/aie_4096x5632x512_64x88x64_8c.mlir.prj/aie_cdo_init.bin
Generating: /scratch/luisr/mlir-aie/programming_examples/basic/matrix_multiplication/whole_array/build/aie_4096x5632x512_64x88x64_8c.mlir.prj/aie_cdo_enable.bin
export XRT_HACK_UNSECURE_LOADING_XCLBIN=1 && \
 ./whole_array.exe -x build/final_4096x5632x512_64x88x64_8c.xclbin -i build/insts_4096x5632x512_64x88x64_8c.txt -k MLIR_AIE -M 4096 -K 5632 -N 512 --iters 40 --warmup 10 --verify 0 --b_col_maj 0

Avg NPU matmul time: 5422.6us.
Avg NPU gflops: 4356.27

Min NPU matmul time: 5016us.
Max NPU gflops: 4709.39

Max NPU matmul time: 6345us.
Min NPU gflops: 3722.98

PASS!

rm -rf tmpTrace parse*.json trace*json trace.txt
rm -rf build _build whole_array.exe
rm -rf _build
mkdir -p _build
cd _build &&  cmake -E env CXXFLAGS="-std=c++23 -ggdb -DDTYPE_IN=std::bfloat16_t -DDTYPE_OUT=std::bfloat16_t -DDTYPE_ACC=float" \
	cmake `echo /scratch/luisr/mlir-aie/programming_examples/basic/matrix_multiplication/whole_array/..` -D CMAKE_C_COMPILER=gcc-13 -D CMAKE_CXX_COMPILER=g++-13 -DTARGET_NAME=whole_array -Dsubdir=whole_array
-- The C compiler identification is GNU 13.3.0
-- The CXX compiler identification is GNU 13.3.0
-- Detecting C compiler ABI info
-- Detecting C compiler ABI info - done
-- Check for working C compiler: /usr/bin/gcc-13 - skipped
-- Detecting C compile features
-- Detecting C compile features - done
-- Detecting CXX compiler ABI info
-- Detecting CXX compiler ABI info - done
-- Check for working CXX compiler: /usr/bin/g++-13 - skipped
-- Detecting CXX compile features
-- Detecting CXX compile features - done
-- Configuring done (0.3s)
-- Generating done (0.0s)
-- Build files have been written to: /scratch/luisr/mlir-aie/programming_examples/basic/matrix_multiplication/whole_array/_build
cd _build &&  cmake --build . --config Release
gmake[1]: Entering directory '/scratch/luisr/mlir-aie/programming_examples/basic/matrix_multiplication/whole_array/_build'
gmake[2]: Entering directory '/scratch/luisr/mlir-aie/programming_examples/basic/matrix_multiplication/whole_array/_build'
gmake[3]: Entering directory '/scratch/luisr/mlir-aie/programming_examples/basic/matrix_multiplication/whole_array/_build'
gmake[3]: Leaving directory '/scratch/luisr/mlir-aie/programming_examples/basic/matrix_multiplication/whole_array/_build'
gmake[3]: Entering directory '/scratch/luisr/mlir-aie/programming_examples/basic/matrix_multiplication/whole_array/_build'
[ 33%] Building CXX object CMakeFiles/whole_array.dir/scratch/luisr/mlir-aie/runtime_lib/test_lib/test_utils.cpp.o
[ 66%] Building CXX object CMakeFiles/whole_array.dir/whole_array/test.cpp.o
[100%] Linking CXX executable whole_array
gmake[3]: Leaving directory '/scratch/luisr/mlir-aie/programming_examples/basic/matrix_multiplication/whole_array/_build'
[100%] Built target whole_array
gmake[2]: Leaving directory '/scratch/luisr/mlir-aie/programming_examples/basic/matrix_multiplication/whole_array/_build'
gmake[1]: Leaving directory '/scratch/luisr/mlir-aie/programming_examples/basic/matrix_multiplication/whole_array/_build'
cp _build/whole_array whole_array.exe 
mkdir -p build
python3 /scratch/luisr/mlir-aie/programming_examples/basic/matrix_multiplication/whole_array/whole_array.py -m 64 -k 88 -n 64 --n-aie-cols 8 --b-col-maj 0 --dev npu2 -M 4096 -K 5632 -N 1024 --dtype_in bf16 --dtype_out bf16 --emulate-bf16-mmul-with-bfp16 true --trace_size 0 > build/aie_4096x5632x1024_64x88x64_8c.mlir
mkdir -p build
cd build && xchesscc_wrapper aie2p -I /proj/xbuilds/2024.2_INT_1113_1001/installs/all_platforms/Vitis/2024.2/aietools/include  -Dbf16_bf16_ONLY -DDIM_M=64 -DDIM_K=88 -DDIM_N=64 -DAIE_API_EMULATE_BFLOAT16_MMUL_WITH_BFP16 -c /scratch/luisr/mlir-aie/programming_examples/basic/matrix_multiplication/whole_array/../../../../aie_kernels/aie2p/mm.cc -o mm_64x88x64.o
WARNING: Default location for XILINX_VIVADO_IP_OVERRIDE not found: /build/xfndry/IP_2024.2_INTEGRATION_VERIFIED/customer/vivado/data/ip
mkdir -p build
cd build && aiecc.py --alloc-scheme=basic-sequential --aie-generate-xclbin --no-compile-host --xclbin-name=final_4096x5632x1024_64x88x64_8c.xclbin \
			 \
			--aie-generate-npu-insts --npu-insts-name=insts_4096x5632x1024_64x88x64_8c.txt ../build/aie_4096x5632x1024_64x88x64_8c.mlir

Generating: /scratch/luisr/mlir-aie/programming_examples/basic/matrix_multiplication/whole_array/build/aie_4096x5632x1024_64x88x64_8c.mlir.prj/aie_cdo_elfs.bin
Generating: /scratch/luisr/mlir-aie/programming_examples/basic/matrix_multiplication/whole_array/build/aie_4096x5632x1024_64x88x64_8c.mlir.prj/aie_cdo_init.bin
Generating: /scratch/luisr/mlir-aie/programming_examples/basic/matrix_multiplication/whole_array/build/aie_4096x5632x1024_64x88x64_8c.mlir.prj/aie_cdo_enable.bin
export XRT_HACK_UNSECURE_LOADING_XCLBIN=1 && \
 ./whole_array.exe -x build/final_4096x5632x1024_64x88x64_8c.xclbin -i build/insts_4096x5632x1024_64x88x64_8c.txt -k MLIR_AIE -M 4096 -K 5632 -N 1024 --iters 40 --warmup 10 --verify 0 --b_col_maj 0

Avg NPU matmul time: 10609.9us.
Avg NPU gflops: 4452.87

Min NPU matmul time: 9942us.
Max NPU gflops: 4752.03

Max NPU matmul time: 12361us.
Min NPU gflops: 3822.07

PASS!

rm -rf tmpTrace parse*.json trace*json trace.txt
rm -rf build _build whole_array.exe
rm -rf _build
mkdir -p _build
cd _build &&  cmake -E env CXXFLAGS="-std=c++23 -ggdb -DDTYPE_IN=std::bfloat16_t -DDTYPE_OUT=std::bfloat16_t -DDTYPE_ACC=float" \
	cmake `echo /scratch/luisr/mlir-aie/programming_examples/basic/matrix_multiplication/whole_array/..` -D CMAKE_C_COMPILER=gcc-13 -D CMAKE_CXX_COMPILER=g++-13 -DTARGET_NAME=whole_array -Dsubdir=whole_array
-- The C compiler identification is GNU 13.3.0
-- The CXX compiler identification is GNU 13.3.0
-- Detecting C compiler ABI info
-- Detecting C compiler ABI info - done
-- Check for working C compiler: /usr/bin/gcc-13 - skipped
-- Detecting C compile features
-- Detecting C compile features - done
-- Detecting CXX compiler ABI info
-- Detecting CXX compiler ABI info - done
-- Check for working CXX compiler: /usr/bin/g++-13 - skipped
-- Detecting CXX compile features
-- Detecting CXX compile features - done
-- Configuring done (0.3s)
-- Generating done (0.0s)
-- Build files have been written to: /scratch/luisr/mlir-aie/programming_examples/basic/matrix_multiplication/whole_array/_build
cd _build &&  cmake --build . --config Release
gmake[1]: Entering directory '/scratch/luisr/mlir-aie/programming_examples/basic/matrix_multiplication/whole_array/_build'
gmake[2]: Entering directory '/scratch/luisr/mlir-aie/programming_examples/basic/matrix_multiplication/whole_array/_build'
gmake[3]: Entering directory '/scratch/luisr/mlir-aie/programming_examples/basic/matrix_multiplication/whole_array/_build'
gmake[3]: Leaving directory '/scratch/luisr/mlir-aie/programming_examples/basic/matrix_multiplication/whole_array/_build'
gmake[3]: Entering directory '/scratch/luisr/mlir-aie/programming_examples/basic/matrix_multiplication/whole_array/_build'
[ 33%] Building CXX object CMakeFiles/whole_array.dir/scratch/luisr/mlir-aie/runtime_lib/test_lib/test_utils.cpp.o
[ 66%] Building CXX object CMakeFiles/whole_array.dir/whole_array/test.cpp.o
[100%] Linking CXX executable whole_array
gmake[3]: Leaving directory '/scratch/luisr/mlir-aie/programming_examples/basic/matrix_multiplication/whole_array/_build'
[100%] Built target whole_array
gmake[2]: Leaving directory '/scratch/luisr/mlir-aie/programming_examples/basic/matrix_multiplication/whole_array/_build'
gmake[1]: Leaving directory '/scratch/luisr/mlir-aie/programming_examples/basic/matrix_multiplication/whole_array/_build'
cp _build/whole_array whole_array.exe 
mkdir -p build
python3 /scratch/luisr/mlir-aie/programming_examples/basic/matrix_multiplication/whole_array/whole_array.py -m 64 -k 88 -n 64 --n-aie-cols 8 --b-col-maj 0 --dev npu2 -M 4096 -K 5632 -N 4096 --dtype_in bf16 --dtype_out bf16 --emulate-bf16-mmul-with-bfp16 true --trace_size 0 > build/aie_4096x5632x4096_64x88x64_8c.mlir
mkdir -p build
cd build && xchesscc_wrapper aie2p -I /proj/xbuilds/2024.2_INT_1113_1001/installs/all_platforms/Vitis/2024.2/aietools/include  -Dbf16_bf16_ONLY -DDIM_M=64 -DDIM_K=88 -DDIM_N=64 -DAIE_API_EMULATE_BFLOAT16_MMUL_WITH_BFP16 -c /scratch/luisr/mlir-aie/programming_examples/basic/matrix_multiplication/whole_array/../../../../aie_kernels/aie2p/mm.cc -o mm_64x88x64.o
WARNING: Default location for XILINX_VIVADO_IP_OVERRIDE not found: /build/xfndry/IP_2024.2_INTEGRATION_VERIFIED/customer/vivado/data/ip
mkdir -p build
cd build && aiecc.py --alloc-scheme=basic-sequential --aie-generate-xclbin --no-compile-host --xclbin-name=final_4096x5632x4096_64x88x64_8c.xclbin \
			 \
			--aie-generate-npu-insts --npu-insts-name=insts_4096x5632x4096_64x88x64_8c.txt ../build/aie_4096x5632x4096_64x88x64_8c.mlir

Generating: /scratch/luisr/mlir-aie/programming_examples/basic/matrix_multiplication/whole_array/build/aie_4096x5632x4096_64x88x64_8c.mlir.prj/aie_cdo_elfs.bin
Generating: /scratch/luisr/mlir-aie/programming_examples/basic/matrix_multiplication/whole_array/build/aie_4096x5632x4096_64x88x64_8c.mlir.prj/aie_cdo_init.bin
Generating: /scratch/luisr/mlir-aie/programming_examples/basic/matrix_multiplication/whole_array/build/aie_4096x5632x4096_64x88x64_8c.mlir.prj/aie_cdo_enable.bin
export XRT_HACK_UNSECURE_LOADING_XCLBIN=1 && \
 ./whole_array.exe -x build/final_4096x5632x4096_64x88x64_8c.xclbin -i build/insts_4096x5632x4096_64x88x64_8c.txt -k MLIR_AIE -M 4096 -K 5632 -N 4096 --iters 40 --warmup 10 --verify 0 --b_col_maj 0

Avg NPU matmul time: 41125.4us.
Avg NPU gflops: 4595.18

Min NPU matmul time: 40412us.
Max NPU gflops: 4676.3

Max NPU matmul time: 42011us.
Min NPU gflops: 4498.31

PASS!

rm -rf tmpTrace parse*.json trace*json trace.txt
rm -rf build _build whole_array.exe
rm -rf _build
mkdir -p _build
cd _build &&  cmake -E env CXXFLAGS="-std=c++23 -ggdb -DDTYPE_IN=std::bfloat16_t -DDTYPE_OUT=std::bfloat16_t -DDTYPE_ACC=float" \
	cmake `echo /scratch/luisr/mlir-aie/programming_examples/basic/matrix_multiplication/whole_array/..` -D CMAKE_C_COMPILER=gcc-13 -D CMAKE_CXX_COMPILER=g++-13 -DTARGET_NAME=whole_array -Dsubdir=whole_array
-- The C compiler identification is GNU 13.3.0
-- The CXX compiler identification is GNU 13.3.0
-- Detecting C compiler ABI info
-- Detecting C compiler ABI info - done
-- Check for working C compiler: /usr/bin/gcc-13 - skipped
-- Detecting C compile features
-- Detecting C compile features - done
-- Detecting CXX compiler ABI info
-- Detecting CXX compiler ABI info - done
-- Check for working CXX compiler: /usr/bin/g++-13 - skipped
-- Detecting CXX compile features
-- Detecting CXX compile features - done
-- Configuring done (0.3s)
-- Generating done (0.0s)
-- Build files have been written to: /scratch/luisr/mlir-aie/programming_examples/basic/matrix_multiplication/whole_array/_build
cd _build &&  cmake --build . --config Release
gmake[1]: Entering directory '/scratch/luisr/mlir-aie/programming_examples/basic/matrix_multiplication/whole_array/_build'
gmake[2]: Entering directory '/scratch/luisr/mlir-aie/programming_examples/basic/matrix_multiplication/whole_array/_build'
gmake[3]: Entering directory '/scratch/luisr/mlir-aie/programming_examples/basic/matrix_multiplication/whole_array/_build'
gmake[3]: Leaving directory '/scratch/luisr/mlir-aie/programming_examples/basic/matrix_multiplication/whole_array/_build'
gmake[3]: Entering directory '/scratch/luisr/mlir-aie/programming_examples/basic/matrix_multiplication/whole_array/_build'
[ 33%] Building CXX object CMakeFiles/whole_array.dir/scratch/luisr/mlir-aie/runtime_lib/test_lib/test_utils.cpp.o
[ 66%] Building CXX object CMakeFiles/whole_array.dir/whole_array/test.cpp.o
[100%] Linking CXX executable whole_array
gmake[3]: Leaving directory '/scratch/luisr/mlir-aie/programming_examples/basic/matrix_multiplication/whole_array/_build'
[100%] Built target whole_array
gmake[2]: Leaving directory '/scratch/luisr/mlir-aie/programming_examples/basic/matrix_multiplication/whole_array/_build'
gmake[1]: Leaving directory '/scratch/luisr/mlir-aie/programming_examples/basic/matrix_multiplication/whole_array/_build'
cp _build/whole_array whole_array.exe 
mkdir -p build
python3 /scratch/luisr/mlir-aie/programming_examples/basic/matrix_multiplication/whole_array/whole_array.py -m 64 -k 88 -n 64 --n-aie-cols 8 --b-col-maj 0 --dev npu2 -M 4096 -K 5632 -N 8192 --dtype_in bf16 --dtype_out bf16 --emulate-bf16-mmul-with-bfp16 true --trace_size 0 > build/aie_4096x5632x8192_64x88x64_8c.mlir
mkdir -p build
cd build && xchesscc_wrapper aie2p -I /proj/xbuilds/2024.2_INT_1113_1001/installs/all_platforms/Vitis/2024.2/aietools/include  -Dbf16_bf16_ONLY -DDIM_M=64 -DDIM_K=88 -DDIM_N=64 -DAIE_API_EMULATE_BFLOAT16_MMUL_WITH_BFP16 -c /scratch/luisr/mlir-aie/programming_examples/basic/matrix_multiplication/whole_array/../../../../aie_kernels/aie2p/mm.cc -o mm_64x88x64.o
WARNING: Default location for XILINX_VIVADO_IP_OVERRIDE not found: /build/xfndry/IP_2024.2_INTEGRATION_VERIFIED/customer/vivado/data/ip
mkdir -p build
cd build && aiecc.py --alloc-scheme=basic-sequential --aie-generate-xclbin --no-compile-host --xclbin-name=final_4096x5632x8192_64x88x64_8c.xclbin \
			 \
			--aie-generate-npu-insts --npu-insts-name=insts_4096x5632x8192_64x88x64_8c.txt ../build/aie_4096x5632x8192_64x88x64_8c.mlir

Generating: /scratch/luisr/mlir-aie/programming_examples/basic/matrix_multiplication/whole_array/build/aie_4096x5632x8192_64x88x64_8c.mlir.prj/aie_cdo_elfs.bin
Generating: /scratch/luisr/mlir-aie/programming_examples/basic/matrix_multiplication/whole_array/build/aie_4096x5632x8192_64x88x64_8c.mlir.prj/aie_cdo_init.bin
Generating: /scratch/luisr/mlir-aie/programming_examples/basic/matrix_multiplication/whole_array/build/aie_4096x5632x8192_64x88x64_8c.mlir.prj/aie_cdo_enable.bin
export XRT_HACK_UNSECURE_LOADING_XCLBIN=1 && \
 ./whole_array.exe -x build/final_4096x5632x8192_64x88x64_8c.xclbin -i build/insts_4096x5632x8192_64x88x64_8c.txt -k MLIR_AIE -M 4096 -K 5632 -N 8192 --iters 40 --warmup 10 --verify 0 --b_col_maj 0

Avg NPU matmul time: 87408.3us.
Avg NPU gflops: 4324.04

Min NPU matmul time: 84999us.
Max NPU gflops: 4446.61

Max NPU matmul time: 92438us.
Min NPU gflops: 4088.76

PASS!

rm -rf tmpTrace parse*.json trace*json trace.txt
rm -rf build _build whole_array.exe
rm -rf _build
mkdir -p _build
cd _build &&  cmake -E env CXXFLAGS="-std=c++23 -ggdb -DDTYPE_IN=std::bfloat16_t -DDTYPE_OUT=std::bfloat16_t -DDTYPE_ACC=float" \
	cmake `echo /scratch/luisr/mlir-aie/programming_examples/basic/matrix_multiplication/whole_array/..` -D CMAKE_C_COMPILER=gcc-13 -D CMAKE_CXX_COMPILER=g++-13 -DTARGET_NAME=whole_array -Dsubdir=whole_array
-- The C compiler identification is GNU 13.3.0
-- The CXX compiler identification is GNU 13.3.0
-- Detecting C compiler ABI info
-- Detecting C compiler ABI info - done
-- Check for working C compiler: /usr/bin/gcc-13 - skipped
-- Detecting C compile features
-- Detecting C compile features - done
-- Detecting CXX compiler ABI info
-- Detecting CXX compiler ABI info - done
-- Check for working CXX compiler: /usr/bin/g++-13 - skipped
-- Detecting CXX compile features
-- Detecting CXX compile features - done
-- Configuring done (0.3s)
-- Generating done (0.0s)
-- Build files have been written to: /scratch/luisr/mlir-aie/programming_examples/basic/matrix_multiplication/whole_array/_build
cd _build &&  cmake --build . --config Release
gmake[1]: Entering directory '/scratch/luisr/mlir-aie/programming_examples/basic/matrix_multiplication/whole_array/_build'
gmake[2]: Entering directory '/scratch/luisr/mlir-aie/programming_examples/basic/matrix_multiplication/whole_array/_build'
gmake[3]: Entering directory '/scratch/luisr/mlir-aie/programming_examples/basic/matrix_multiplication/whole_array/_build'
gmake[3]: Leaving directory '/scratch/luisr/mlir-aie/programming_examples/basic/matrix_multiplication/whole_array/_build'
gmake[3]: Entering directory '/scratch/luisr/mlir-aie/programming_examples/basic/matrix_multiplication/whole_array/_build'
[ 33%] Building CXX object CMakeFiles/whole_array.dir/scratch/luisr/mlir-aie/runtime_lib/test_lib/test_utils.cpp.o
[ 66%] Building CXX object CMakeFiles/whole_array.dir/whole_array/test.cpp.o
[100%] Linking CXX executable whole_array
gmake[3]: Leaving directory '/scratch/luisr/mlir-aie/programming_examples/basic/matrix_multiplication/whole_array/_build'
[100%] Built target whole_array
gmake[2]: Leaving directory '/scratch/luisr/mlir-aie/programming_examples/basic/matrix_multiplication/whole_array/_build'
gmake[1]: Leaving directory '/scratch/luisr/mlir-aie/programming_examples/basic/matrix_multiplication/whole_array/_build'
cp _build/whole_array whole_array.exe 
mkdir -p build
python3 /scratch/luisr/mlir-aie/programming_examples/basic/matrix_multiplication/whole_array/whole_array.py -m 64 -k 88 -n 64 --n-aie-cols 8 --b-col-maj 0 --dev npu2 -M 8192 -K 704 -N 512 --dtype_in bf16 --dtype_out bf16 --emulate-bf16-mmul-with-bfp16 true --trace_size 0 > build/aie_8192x704x512_64x88x64_8c.mlir
mkdir -p build
cd build && xchesscc_wrapper aie2p -I /proj/xbuilds/2024.2_INT_1113_1001/installs/all_platforms/Vitis/2024.2/aietools/include  -Dbf16_bf16_ONLY -DDIM_M=64 -DDIM_K=88 -DDIM_N=64 -DAIE_API_EMULATE_BFLOAT16_MMUL_WITH_BFP16 -c /scratch/luisr/mlir-aie/programming_examples/basic/matrix_multiplication/whole_array/../../../../aie_kernels/aie2p/mm.cc -o mm_64x88x64.o
WARNING: Default location for XILINX_VIVADO_IP_OVERRIDE not found: /build/xfndry/IP_2024.2_INTEGRATION_VERIFIED/customer/vivado/data/ip
mkdir -p build
cd build && aiecc.py --alloc-scheme=basic-sequential --aie-generate-xclbin --no-compile-host --xclbin-name=final_8192x704x512_64x88x64_8c.xclbin \
			 \
			--aie-generate-npu-insts --npu-insts-name=insts_8192x704x512_64x88x64_8c.txt ../build/aie_8192x704x512_64x88x64_8c.mlir

Generating: /scratch/luisr/mlir-aie/programming_examples/basic/matrix_multiplication/whole_array/build/aie_8192x704x512_64x88x64_8c.mlir.prj/aie_cdo_elfs.bin
Generating: /scratch/luisr/mlir-aie/programming_examples/basic/matrix_multiplication/whole_array/build/aie_8192x704x512_64x88x64_8c.mlir.prj/aie_cdo_init.bin
Generating: /scratch/luisr/mlir-aie/programming_examples/basic/matrix_multiplication/whole_array/build/aie_8192x704x512_64x88x64_8c.mlir.prj/aie_cdo_enable.bin
export XRT_HACK_UNSECURE_LOADING_XCLBIN=1 && \
 ./whole_array.exe -x build/final_8192x704x512_64x88x64_8c.xclbin -i build/insts_8192x704x512_64x88x64_8c.txt -k MLIR_AIE -M 8192 -K 704 -N 512 --iters 40 --warmup 10 --verify 0 --b_col_maj 0

Avg NPU matmul time: 1328.53us.
Avg NPU gflops: 4445.22

Min NPU matmul time: 1298us.
Max NPU gflops: 4549.75

Max NPU matmul time: 1337us.
Min NPU gflops: 4417.04

PASS!

rm -rf tmpTrace parse*.json trace*json trace.txt
rm -rf build _build whole_array.exe
rm -rf _build
mkdir -p _build
cd _build &&  cmake -E env CXXFLAGS="-std=c++23 -ggdb -DDTYPE_IN=std::bfloat16_t -DDTYPE_OUT=std::bfloat16_t -DDTYPE_ACC=float" \
	cmake `echo /scratch/luisr/mlir-aie/programming_examples/basic/matrix_multiplication/whole_array/..` -D CMAKE_C_COMPILER=gcc-13 -D CMAKE_CXX_COMPILER=g++-13 -DTARGET_NAME=whole_array -Dsubdir=whole_array
-- The C compiler identification is GNU 13.3.0
-- The CXX compiler identification is GNU 13.3.0
-- Detecting C compiler ABI info
-- Detecting C compiler ABI info - done
-- Check for working C compiler: /usr/bin/gcc-13 - skipped
-- Detecting C compile features
-- Detecting C compile features - done
-- Detecting CXX compiler ABI info
-- Detecting CXX compiler ABI info - done
-- Check for working CXX compiler: /usr/bin/g++-13 - skipped
-- Detecting CXX compile features
-- Detecting CXX compile features - done
-- Configuring done (0.3s)
-- Generating done (0.0s)
-- Build files have been written to: /scratch/luisr/mlir-aie/programming_examples/basic/matrix_multiplication/whole_array/_build
cd _build &&  cmake --build . --config Release
gmake[1]: Entering directory '/scratch/luisr/mlir-aie/programming_examples/basic/matrix_multiplication/whole_array/_build'
gmake[2]: Entering directory '/scratch/luisr/mlir-aie/programming_examples/basic/matrix_multiplication/whole_array/_build'
gmake[3]: Entering directory '/scratch/luisr/mlir-aie/programming_examples/basic/matrix_multiplication/whole_array/_build'
gmake[3]: Leaving directory '/scratch/luisr/mlir-aie/programming_examples/basic/matrix_multiplication/whole_array/_build'
gmake[3]: Entering directory '/scratch/luisr/mlir-aie/programming_examples/basic/matrix_multiplication/whole_array/_build'
[ 33%] Building CXX object CMakeFiles/whole_array.dir/scratch/luisr/mlir-aie/runtime_lib/test_lib/test_utils.cpp.o
[ 66%] Building CXX object CMakeFiles/whole_array.dir/whole_array/test.cpp.o
[100%] Linking CXX executable whole_array
gmake[3]: Leaving directory '/scratch/luisr/mlir-aie/programming_examples/basic/matrix_multiplication/whole_array/_build'
[100%] Built target whole_array
gmake[2]: Leaving directory '/scratch/luisr/mlir-aie/programming_examples/basic/matrix_multiplication/whole_array/_build'
gmake[1]: Leaving directory '/scratch/luisr/mlir-aie/programming_examples/basic/matrix_multiplication/whole_array/_build'
cp _build/whole_array whole_array.exe 
mkdir -p build
python3 /scratch/luisr/mlir-aie/programming_examples/basic/matrix_multiplication/whole_array/whole_array.py -m 64 -k 88 -n 64 --n-aie-cols 8 --b-col-maj 0 --dev npu2 -M 8192 -K 704 -N 1024 --dtype_in bf16 --dtype_out bf16 --emulate-bf16-mmul-with-bfp16 true --trace_size 0 > build/aie_8192x704x1024_64x88x64_8c.mlir
mkdir -p build
cd build && xchesscc_wrapper aie2p -I /proj/xbuilds/2024.2_INT_1113_1001/installs/all_platforms/Vitis/2024.2/aietools/include  -Dbf16_bf16_ONLY -DDIM_M=64 -DDIM_K=88 -DDIM_N=64 -DAIE_API_EMULATE_BFLOAT16_MMUL_WITH_BFP16 -c /scratch/luisr/mlir-aie/programming_examples/basic/matrix_multiplication/whole_array/../../../../aie_kernels/aie2p/mm.cc -o mm_64x88x64.o
WARNING: Default location for XILINX_VIVADO_IP_OVERRIDE not found: /build/xfndry/IP_2024.2_INTEGRATION_VERIFIED/customer/vivado/data/ip
mkdir -p build
cd build && aiecc.py --alloc-scheme=basic-sequential --aie-generate-xclbin --no-compile-host --xclbin-name=final_8192x704x1024_64x88x64_8c.xclbin \
			 \
			--aie-generate-npu-insts --npu-insts-name=insts_8192x704x1024_64x88x64_8c.txt ../build/aie_8192x704x1024_64x88x64_8c.mlir

Generating: /scratch/luisr/mlir-aie/programming_examples/basic/matrix_multiplication/whole_array/build/aie_8192x704x1024_64x88x64_8c.mlir.prj/aie_cdo_elfs.bin
Generating: /scratch/luisr/mlir-aie/programming_examples/basic/matrix_multiplication/whole_array/build/aie_8192x704x1024_64x88x64_8c.mlir.prj/aie_cdo_init.bin
Generating: /scratch/luisr/mlir-aie/programming_examples/basic/matrix_multiplication/whole_array/build/aie_8192x704x1024_64x88x64_8c.mlir.prj/aie_cdo_enable.bin
export XRT_HACK_UNSECURE_LOADING_XCLBIN=1 && \
 ./whole_array.exe -x build/final_8192x704x1024_64x88x64_8c.xclbin -i build/insts_8192x704x1024_64x88x64_8c.txt -k MLIR_AIE -M 8192 -K 704 -N 1024 --iters 40 --warmup 10 --verify 0 --b_col_maj 0

Avg NPU matmul time: 2531.52us.
Avg NPU gflops: 4665.63

Min NPU matmul time: 2520us.
Max NPU gflops: 4686.97

Max NPU matmul time: 2546us.
Min NPU gflops: 4639.1

PASS!

rm -rf tmpTrace parse*.json trace*json trace.txt
rm -rf build _build whole_array.exe
rm -rf _build
mkdir -p _build
cd _build &&  cmake -E env CXXFLAGS="-std=c++23 -ggdb -DDTYPE_IN=std::bfloat16_t -DDTYPE_OUT=std::bfloat16_t -DDTYPE_ACC=float" \
	cmake `echo /scratch/luisr/mlir-aie/programming_examples/basic/matrix_multiplication/whole_array/..` -D CMAKE_C_COMPILER=gcc-13 -D CMAKE_CXX_COMPILER=g++-13 -DTARGET_NAME=whole_array -Dsubdir=whole_array
-- The C compiler identification is GNU 13.3.0
-- The CXX compiler identification is GNU 13.3.0
-- Detecting C compiler ABI info
-- Detecting C compiler ABI info - done
-- Check for working C compiler: /usr/bin/gcc-13 - skipped
-- Detecting C compile features
-- Detecting C compile features - done
-- Detecting CXX compiler ABI info
-- Detecting CXX compiler ABI info - done
-- Check for working CXX compiler: /usr/bin/g++-13 - skipped
-- Detecting CXX compile features
-- Detecting CXX compile features - done
-- Configuring done (0.3s)
-- Generating done (0.0s)
-- Build files have been written to: /scratch/luisr/mlir-aie/programming_examples/basic/matrix_multiplication/whole_array/_build
cd _build &&  cmake --build . --config Release
gmake[1]: Entering directory '/scratch/luisr/mlir-aie/programming_examples/basic/matrix_multiplication/whole_array/_build'
gmake[2]: Entering directory '/scratch/luisr/mlir-aie/programming_examples/basic/matrix_multiplication/whole_array/_build'
gmake[3]: Entering directory '/scratch/luisr/mlir-aie/programming_examples/basic/matrix_multiplication/whole_array/_build'
gmake[3]: Leaving directory '/scratch/luisr/mlir-aie/programming_examples/basic/matrix_multiplication/whole_array/_build'
gmake[3]: Entering directory '/scratch/luisr/mlir-aie/programming_examples/basic/matrix_multiplication/whole_array/_build'
[ 33%] Building CXX object CMakeFiles/whole_array.dir/scratch/luisr/mlir-aie/runtime_lib/test_lib/test_utils.cpp.o
[ 66%] Building CXX object CMakeFiles/whole_array.dir/whole_array/test.cpp.o
[100%] Linking CXX executable whole_array
gmake[3]: Leaving directory '/scratch/luisr/mlir-aie/programming_examples/basic/matrix_multiplication/whole_array/_build'
[100%] Built target whole_array
gmake[2]: Leaving directory '/scratch/luisr/mlir-aie/programming_examples/basic/matrix_multiplication/whole_array/_build'
gmake[1]: Leaving directory '/scratch/luisr/mlir-aie/programming_examples/basic/matrix_multiplication/whole_array/_build'
cp _build/whole_array whole_array.exe 
mkdir -p build
python3 /scratch/luisr/mlir-aie/programming_examples/basic/matrix_multiplication/whole_array/whole_array.py -m 64 -k 88 -n 64 --n-aie-cols 8 --b-col-maj 0 --dev npu2 -M 8192 -K 704 -N 4096 --dtype_in bf16 --dtype_out bf16 --emulate-bf16-mmul-with-bfp16 true --trace_size 0 > build/aie_8192x704x4096_64x88x64_8c.mlir
mkdir -p build
cd build && xchesscc_wrapper aie2p -I /proj/xbuilds/2024.2_INT_1113_1001/installs/all_platforms/Vitis/2024.2/aietools/include  -Dbf16_bf16_ONLY -DDIM_M=64 -DDIM_K=88 -DDIM_N=64 -DAIE_API_EMULATE_BFLOAT16_MMUL_WITH_BFP16 -c /scratch/luisr/mlir-aie/programming_examples/basic/matrix_multiplication/whole_array/../../../../aie_kernels/aie2p/mm.cc -o mm_64x88x64.o
WARNING: Default location for XILINX_VIVADO_IP_OVERRIDE not found: /build/xfndry/IP_2024.2_INTEGRATION_VERIFIED/customer/vivado/data/ip
mkdir -p build
cd build && aiecc.py --alloc-scheme=basic-sequential --aie-generate-xclbin --no-compile-host --xclbin-name=final_8192x704x4096_64x88x64_8c.xclbin \
			 \
			--aie-generate-npu-insts --npu-insts-name=insts_8192x704x4096_64x88x64_8c.txt ../build/aie_8192x704x4096_64x88x64_8c.mlir

Generating: /scratch/luisr/mlir-aie/programming_examples/basic/matrix_multiplication/whole_array/build/aie_8192x704x4096_64x88x64_8c.mlir.prj/aie_cdo_elfs.bin
Generating: /scratch/luisr/mlir-aie/programming_examples/basic/matrix_multiplication/whole_array/build/aie_8192x704x4096_64x88x64_8c.mlir.prj/aie_cdo_init.bin
Generating: /scratch/luisr/mlir-aie/programming_examples/basic/matrix_multiplication/whole_array/build/aie_8192x704x4096_64x88x64_8c.mlir.prj/aie_cdo_enable.bin
export XRT_HACK_UNSECURE_LOADING_XCLBIN=1 && \
 ./whole_array.exe -x build/final_8192x704x4096_64x88x64_8c.xclbin -i build/insts_8192x704x4096_64x88x64_8c.txt -k MLIR_AIE -M 8192 -K 704 -N 4096 --iters 40 --warmup 10 --verify 0 --b_col_maj 0

Avg NPU matmul time: 10744.8us.
Avg NPU gflops: 4397

Min NPU matmul time: 10101us.
Max NPU gflops: 4677.22

Max NPU matmul time: 11995us.
Min NPU gflops: 3938.69

PASS!

rm -rf tmpTrace parse*.json trace*json trace.txt
rm -rf build _build whole_array.exe
rm -rf _build
mkdir -p _build
cd _build &&  cmake -E env CXXFLAGS="-std=c++23 -ggdb -DDTYPE_IN=std::bfloat16_t -DDTYPE_OUT=std::bfloat16_t -DDTYPE_ACC=float" \
	cmake `echo /scratch/luisr/mlir-aie/programming_examples/basic/matrix_multiplication/whole_array/..` -D CMAKE_C_COMPILER=gcc-13 -D CMAKE_CXX_COMPILER=g++-13 -DTARGET_NAME=whole_array -Dsubdir=whole_array
-- The C compiler identification is GNU 13.3.0
-- The CXX compiler identification is GNU 13.3.0
-- Detecting C compiler ABI info
-- Detecting C compiler ABI info - done
-- Check for working C compiler: /usr/bin/gcc-13 - skipped
-- Detecting C compile features
-- Detecting C compile features - done
-- Detecting CXX compiler ABI info
-- Detecting CXX compiler ABI info - done
-- Check for working CXX compiler: /usr/bin/g++-13 - skipped
-- Detecting CXX compile features
-- Detecting CXX compile features - done
-- Configuring done (0.3s)
-- Generating done (0.0s)
-- Build files have been written to: /scratch/luisr/mlir-aie/programming_examples/basic/matrix_multiplication/whole_array/_build
cd _build &&  cmake --build . --config Release
gmake[1]: Entering directory '/scratch/luisr/mlir-aie/programming_examples/basic/matrix_multiplication/whole_array/_build'
gmake[2]: Entering directory '/scratch/luisr/mlir-aie/programming_examples/basic/matrix_multiplication/whole_array/_build'
gmake[3]: Entering directory '/scratch/luisr/mlir-aie/programming_examples/basic/matrix_multiplication/whole_array/_build'
gmake[3]: Leaving directory '/scratch/luisr/mlir-aie/programming_examples/basic/matrix_multiplication/whole_array/_build'
gmake[3]: Entering directory '/scratch/luisr/mlir-aie/programming_examples/basic/matrix_multiplication/whole_array/_build'
[ 33%] Building CXX object CMakeFiles/whole_array.dir/scratch/luisr/mlir-aie/runtime_lib/test_lib/test_utils.cpp.o
[ 66%] Building CXX object CMakeFiles/whole_array.dir/whole_array/test.cpp.o
[100%] Linking CXX executable whole_array
gmake[3]: Leaving directory '/scratch/luisr/mlir-aie/programming_examples/basic/matrix_multiplication/whole_array/_build'
[100%] Built target whole_array
gmake[2]: Leaving directory '/scratch/luisr/mlir-aie/programming_examples/basic/matrix_multiplication/whole_array/_build'
gmake[1]: Leaving directory '/scratch/luisr/mlir-aie/programming_examples/basic/matrix_multiplication/whole_array/_build'
cp _build/whole_array whole_array.exe 
mkdir -p build
python3 /scratch/luisr/mlir-aie/programming_examples/basic/matrix_multiplication/whole_array/whole_array.py -m 64 -k 88 -n 64 --n-aie-cols 8 --b-col-maj 0 --dev npu2 -M 8192 -K 704 -N 8192 --dtype_in bf16 --dtype_out bf16 --emulate-bf16-mmul-with-bfp16 true --trace_size 0 > build/aie_8192x704x8192_64x88x64_8c.mlir
mkdir -p build
cd build && xchesscc_wrapper aie2p -I /proj/xbuilds/2024.2_INT_1113_1001/installs/all_platforms/Vitis/2024.2/aietools/include  -Dbf16_bf16_ONLY -DDIM_M=64 -DDIM_K=88 -DDIM_N=64 -DAIE_API_EMULATE_BFLOAT16_MMUL_WITH_BFP16 -c /scratch/luisr/mlir-aie/programming_examples/basic/matrix_multiplication/whole_array/../../../../aie_kernels/aie2p/mm.cc -o mm_64x88x64.o
WARNING: Default location for XILINX_VIVADO_IP_OVERRIDE not found: /build/xfndry/IP_2024.2_INTEGRATION_VERIFIED/customer/vivado/data/ip
mkdir -p build
cd build && aiecc.py --alloc-scheme=basic-sequential --aie-generate-xclbin --no-compile-host --xclbin-name=final_8192x704x8192_64x88x64_8c.xclbin \
			 \
			--aie-generate-npu-insts --npu-insts-name=insts_8192x704x8192_64x88x64_8c.txt ../build/aie_8192x704x8192_64x88x64_8c.mlir

Generating: /scratch/luisr/mlir-aie/programming_examples/basic/matrix_multiplication/whole_array/build/aie_8192x704x8192_64x88x64_8c.mlir.prj/aie_cdo_elfs.bin
Generating: /scratch/luisr/mlir-aie/programming_examples/basic/matrix_multiplication/whole_array/build/aie_8192x704x8192_64x88x64_8c.mlir.prj/aie_cdo_init.bin
Generating: /scratch/luisr/mlir-aie/programming_examples/basic/matrix_multiplication/whole_array/build/aie_8192x704x8192_64x88x64_8c.mlir.prj/aie_cdo_enable.bin
export XRT_HACK_UNSECURE_LOADING_XCLBIN=1 && \
 ./whole_array.exe -x build/final_8192x704x8192_64x88x64_8c.xclbin -i build/insts_8192x704x8192_64x88x64_8c.txt -k MLIR_AIE -M 8192 -K 704 -N 8192 --iters 40 --warmup 10 --verify 0 --b_col_maj 0

Avg NPU matmul time: 21855.8us.
Avg NPU gflops: 4323.3

Min NPU matmul time: 21304us.
Max NPU gflops: 4435.28

Max NPU matmul time: 22679us.
Min NPU gflops: 4166.38

PASS!

rm -rf tmpTrace parse*.json trace*json trace.txt
rm -rf build _build whole_array.exe
