XILINX_LOC=/proj/xbuilds/2024.2_INT_daily_latest/installs/lin64/Vitis/2024.2
SHELL=/bin/csh
MYXILINX_VER=2024.2
HISTCONTROL=ignoreboth:erasedups
TERM_PROGRAM_VERSION=3.4
GROUP=newhiredefaultgrp
MACHTYPE=x86_64
TMUX=/tmp/tmux-50093633/default,2175750,0
AIETOOLS_ROOT=/proj/xbuilds/2024.2_INT_daily_latest/installs/lin64/Vitis/2024.2/aietools
XILINX_XRT=/opt/xilinx/xrt
n_aie_cols=8
PWD=/scratch/luisr/mlir-aie/programming_examples/basic/block_datatypes/matrix_multiplication/whole_array_mixed
LOGNAME=lromeror
NPU2=1
XDG_SESSION_TYPE=tty
MLIR_AIE_INSTALL_DIR=/scratch/luisr/mlir-aie/install
N=8192
M=7680
K=6144
n=32
m=80
k=128
HOME=/home/lromeror
LANG=en_US.UTF-8
PEANO_INSTALL_DIR=/scratch/luisr/mlir-aie/ironenv/lib/python3.12/site-packages/llvm-aie
VIRTUAL_ENV=/scratch/luisr/mlir-aie/ironenv
OSTYPE=linux
SSH_CONNECTION=172.21.39.59 54406 172.20.10.58 22
XDG_SESSION_CLASS=user
PYTHONPATH=/scratch/luisr/mlir-aie/install/python:/opt/xilinx/xrt/python:/scratch/luisr/mlir-aie/install/python:/opt/xilinx/xrt/python
TERM=tmux-256color
HOST=xcoradaie213
USER=lromeror
use_chess=1
TMUX_PANE=%0
SHLVL=3
XDG_SESSION_ID=2023
VIRTUAL_ENV_PROMPT=(ironenv) 
LM_LICENSE_FILE=2100@aiengine
LD_LIBRARY_PATH=/scratch/luisr/mlir-aie/install/lib:/opt/xilinx/xrt/lib:/scratch/luisr/mlir-aie/install/lib:/opt/xilinx/xrt/lib
XDG_RUNTIME_DIR=/run/user/50093633
MYXILINX_BASE=/proj/xbuilds/2024.2_INT_daily_latest
dtype_out=bfp16-bf16
SSH_CLIENT=172.21.39.59 54406 22
NLSPATH=/usr/share/locale/%L/LC_MESSAGES/%N.cat:/usr/share/locale/%l/LC_MESSAGES/%N.cat
VENDOR=unknown
PATH=/scratch/luisr/mlir-aie/install/bin:/scratch/luisr/mlir-aie/ironenv/bin:/opt/xilinx/xrt/bin:/scratch/luisr/mlir-aie/install/bin:/scratch/luisr/mlir-aie/ironenv/bin:/opt/xilinx/xrt/bin:/usr/local/sbin:/usr/local/bin:/usr/sbin:/usr/bin:/sbin:/bin:/usr/games:/usr/local/games:/snap/bin:/proj/xbuilds/2024.2_INT_daily_latest/installs/lin64/Vitis/2024.2/aietools/bin:/proj/xbuilds/2024.2_INT_daily_latest/installs/lin64/Vitis/2024.2/bin:/proj/xbuilds/2024.2_INT_daily_latest/installs/lin64/Vitis/2024.2/aietools/bin:/proj/xbuilds/2024.2_INT_daily_latest/installs/lin64/Vitis/2024.2/bin
dtype_in=bfp16-bf16
DBUS_SESSION_BUS_ADDRESS=unix:path=/run/user/50093633/bus
opt_perf=0
SSH_TTY=/dev/pts/1
HOSTTYPE=x86_64-linux
REMOTEHOST=172.21.39.59
OLDPWD=/scratch/luisr/mlir-aie/programming_examples/basic/block_datatypes/matrix_multiplication/whole_array
runargs=--iters 40 --warmup 10 --verify 0
TERM_PROGRAM=tmux
_=/usr/bin/env
##===- Makefile -----------------------------------------------------------===##
# 
# This file licensed under the Apache License v2.0 with LLVM Exceptions.
# See https://llvm.org/LICENSE.txt for license information.
# SPDX-License-Identifier: Apache-2.0 WITH LLVM-exception
#
# Copyright (C) 2025, Advanced Micro Devices, Inc.
# 
##===----------------------------------------------------------------------===##

srcdir := $(shell dirname $(realpath $(firstword $(MAKEFILE_LIST))))
subdir=${srcdir}
targetname=whole_array
devicename=npu2
kernelsrc:= $(firstword $(wildcard ${srcdir}/../*mm2.cc))
hostsrc := $(firstword $(wildcard ${srcdir}/../*mixed_test.cpp))

# M, K, N: final GEMM dimensions
M?=512
K?=512
N?=512

# m, k, n: single AIE core GEMM dimensions
m?=64
k?=64
n?=64

include ${srcdir}/../makefile_common
rm -rf build _build whole_array.exe
rm -rf _build
mkdir -p _build
cd _build &&  cmake -E env CXXFLAGS="-std=c++23 -ggdb -DDTYPE_IN= -DDTYPE_OUT= -DDTYPE_ACC=" \
	cmake `echo /scratch/luisr/mlir-aie/programming_examples/basic/block_datatypes/matrix_multiplication/whole_array_mixed/..` -D CMAKE_C_COMPILER=gcc-13 -D CMAKE_CXX_COMPILER=g++-13 -DTARGET_NAME=whole_array -Dhostsrc=/scratch/luisr/mlir-aie/programming_examples/basic/block_datatypes/matrix_multiplication/whole_array_mixed/../mixed_test.cpp
CMake Deprecation Warning at CMakeLists.txt:13 (cmake_minimum_required):
  Compatibility with CMake < 3.10 will be removed from a future version of
  CMake.

  Update the VERSION argument <min> value.  Or, use the <min>...<max> syntax
  to tell CMake that the project requires at least <min> but has been updated
  to work with policies introduced by <max> or earlier.


-- The C compiler identification is GNU 13.3.0
-- The CXX compiler identification is GNU 13.3.0
-- Detecting C compiler ABI info
-- Detecting C compiler ABI info - done
-- Check for working C compiler: /usr/bin/gcc-13 - skipped
-- Detecting C compile features
-- Detecting C compile features - done
-- Detecting CXX compiler ABI info
-- Detecting CXX compiler ABI info - done
-- Check for working CXX compiler: /usr/bin/g++-13 - skipped
-- Detecting CXX compile features
-- Detecting CXX compile features - done
-- Configuring done (0.3s)
-- Generating done (0.0s)
-- Build files have been written to: /scratch/luisr/mlir-aie/programming_examples/basic/block_datatypes/matrix_multiplication/whole_array_mixed/_build
cd _build &&  cmake --build . --config Release
gmake[1]: Entering directory '/scratch/luisr/mlir-aie/programming_examples/basic/block_datatypes/matrix_multiplication/whole_array_mixed/_build'
gmake[2]: Entering directory '/scratch/luisr/mlir-aie/programming_examples/basic/block_datatypes/matrix_multiplication/whole_array_mixed/_build'
gmake[3]: Entering directory '/scratch/luisr/mlir-aie/programming_examples/basic/block_datatypes/matrix_multiplication/whole_array_mixed/_build'
gmake[3]: Leaving directory '/scratch/luisr/mlir-aie/programming_examples/basic/block_datatypes/matrix_multiplication/whole_array_mixed/_build'
gmake[3]: Entering directory '/scratch/luisr/mlir-aie/programming_examples/basic/block_datatypes/matrix_multiplication/whole_array_mixed/_build'
[ 33%] Building CXX object CMakeFiles/whole_array.dir/mixed_test.cpp.o
[ 66%] Building CXX object CMakeFiles/whole_array.dir/scratch/luisr/mlir-aie/runtime_lib/test_lib/test_utils.cpp.o
[100%] Linking CXX executable whole_array
gmake[3]: Leaving directory '/scratch/luisr/mlir-aie/programming_examples/basic/block_datatypes/matrix_multiplication/whole_array_mixed/_build'
[100%] Built target whole_array
gmake[2]: Leaving directory '/scratch/luisr/mlir-aie/programming_examples/basic/block_datatypes/matrix_multiplication/whole_array_mixed/_build'
gmake[1]: Leaving directory '/scratch/luisr/mlir-aie/programming_examples/basic/block_datatypes/matrix_multiplication/whole_array_mixed/_build'
cp _build/whole_array whole_array.exe 
mkdir -p build
python3 /scratch/luisr/mlir-aie/programming_examples/basic/block_datatypes/matrix_multiplication/whole_array_mixed/whole_array.py -m 80 -k 128 -n 32 -M 640 -K 512 -N 512 > build/aie_640x512x512_80x128x32.mlir
mkdir -p build
cd build && xchesscc_wrapper aie2p -I /proj/xbuilds/2024.2_INT_1113_1001/installs/all_platforms/Vitis/2024.2/aietools/include  -DDIM_M=80 -DDIM_K=128 -DDIM_N=32 -c /scratch/luisr/mlir-aie/programming_examples/basic/block_datatypes/matrix_multiplication/whole_array_mixed/../mm2.cc -o mm_80x128x32.o
WARNING: Default location for XILINX_VIVADO_IP_OVERRIDE not found: /build/xfndry/IP_2024.2_INTEGRATION_VERIFIED/customer/vivado/data/ip
mkdir -p build
cd build && aiecc.py --alloc-scheme= --aie-generate-xclbin --no-compile-host --xclbin-name=final_640x512x512_80x128x32.xclbin \
			 --dynamic-objFifos \
			--aie-generate-npu-insts --npu-insts-name=insts_640x512x512_80x128x32.txt ../build/aie_640x512x512_80x128x32.mlir

Generating: /scratch/luisr/mlir-aie/programming_examples/basic/block_datatypes/matrix_multiplication/whole_array_mixed/build/aie_640x512x512_80x128x32.mlir.prj/aie_cdo_elfs.bin
Generating: /scratch/luisr/mlir-aie/programming_examples/basic/block_datatypes/matrix_multiplication/whole_array_mixed/build/aie_640x512x512_80x128x32.mlir.prj/aie_cdo_init.bin
Generating: /scratch/luisr/mlir-aie/programming_examples/basic/block_datatypes/matrix_multiplication/whole_array_mixed/build/aie_640x512x512_80x128x32.mlir.prj/aie_cdo_enable.bin
export XRT_HACK_UNSECURE_LOADING_XCLBIN=1 && \
 ./whole_array.exe -x build/final_640x512x512_80x128x32.xclbin -i build/insts_640x512x512_80x128x32.txt -k MLIR_AIE -M 640 -K 512 -N 512 -w 80 -y 128 -z 32 --iters 40 --warmup 10 --verify 0

Avg NPU matmul time: 197.5us.
Avg NPU gflops: 1698.96

Min NPU matmul time: 181us.
Max NPU gflops: 1853.84

Max NPU matmul time: 250us.
Min NPU gflops: 1342.18

Shuffle time: 1134us.

PASS!

rm -rf build _build whole_array.exe
rm -rf _build
mkdir -p _build
cd _build &&  cmake -E env CXXFLAGS="-std=c++23 -ggdb -DDTYPE_IN= -DDTYPE_OUT= -DDTYPE_ACC=" \
	cmake `echo /scratch/luisr/mlir-aie/programming_examples/basic/block_datatypes/matrix_multiplication/whole_array_mixed/..` -D CMAKE_C_COMPILER=gcc-13 -D CMAKE_CXX_COMPILER=g++-13 -DTARGET_NAME=whole_array -Dhostsrc=/scratch/luisr/mlir-aie/programming_examples/basic/block_datatypes/matrix_multiplication/whole_array_mixed/../mixed_test.cpp
CMake Deprecation Warning at CMakeLists.txt:13 (cmake_minimum_required):
  Compatibility with CMake < 3.10 will be removed from a future version of
  CMake.

  Update the VERSION argument <min> value.  Or, use the <min>...<max> syntax
  to tell CMake that the project requires at least <min> but has been updated
  to work with policies introduced by <max> or earlier.


-- The C compiler identification is GNU 13.3.0
-- The CXX compiler identification is GNU 13.3.0
-- Detecting C compiler ABI info
-- Detecting C compiler ABI info - done
-- Check for working C compiler: /usr/bin/gcc-13 - skipped
-- Detecting C compile features
-- Detecting C compile features - done
-- Detecting CXX compiler ABI info
-- Detecting CXX compiler ABI info - done
-- Check for working CXX compiler: /usr/bin/g++-13 - skipped
-- Detecting CXX compile features
-- Detecting CXX compile features - done
-- Configuring done (0.3s)
-- Generating done (0.0s)
-- Build files have been written to: /scratch/luisr/mlir-aie/programming_examples/basic/block_datatypes/matrix_multiplication/whole_array_mixed/_build
cd _build &&  cmake --build . --config Release
gmake[1]: Entering directory '/scratch/luisr/mlir-aie/programming_examples/basic/block_datatypes/matrix_multiplication/whole_array_mixed/_build'
gmake[2]: Entering directory '/scratch/luisr/mlir-aie/programming_examples/basic/block_datatypes/matrix_multiplication/whole_array_mixed/_build'
gmake[3]: Entering directory '/scratch/luisr/mlir-aie/programming_examples/basic/block_datatypes/matrix_multiplication/whole_array_mixed/_build'
gmake[3]: Leaving directory '/scratch/luisr/mlir-aie/programming_examples/basic/block_datatypes/matrix_multiplication/whole_array_mixed/_build'
gmake[3]: Entering directory '/scratch/luisr/mlir-aie/programming_examples/basic/block_datatypes/matrix_multiplication/whole_array_mixed/_build'
[ 33%] Building CXX object CMakeFiles/whole_array.dir/mixed_test.cpp.o
[ 66%] Building CXX object CMakeFiles/whole_array.dir/scratch/luisr/mlir-aie/runtime_lib/test_lib/test_utils.cpp.o
[100%] Linking CXX executable whole_array
gmake[3]: Leaving directory '/scratch/luisr/mlir-aie/programming_examples/basic/block_datatypes/matrix_multiplication/whole_array_mixed/_build'
[100%] Built target whole_array
gmake[2]: Leaving directory '/scratch/luisr/mlir-aie/programming_examples/basic/block_datatypes/matrix_multiplication/whole_array_mixed/_build'
gmake[1]: Leaving directory '/scratch/luisr/mlir-aie/programming_examples/basic/block_datatypes/matrix_multiplication/whole_array_mixed/_build'
cp _build/whole_array whole_array.exe 
mkdir -p build
python3 /scratch/luisr/mlir-aie/programming_examples/basic/block_datatypes/matrix_multiplication/whole_array_mixed/whole_array.py -m 80 -k 128 -n 32 -M 640 -K 512 -N 1024 > build/aie_640x512x1024_80x128x32.mlir
mkdir -p build
cd build && xchesscc_wrapper aie2p -I /proj/xbuilds/2024.2_INT_1113_1001/installs/all_platforms/Vitis/2024.2/aietools/include  -DDIM_M=80 -DDIM_K=128 -DDIM_N=32 -c /scratch/luisr/mlir-aie/programming_examples/basic/block_datatypes/matrix_multiplication/whole_array_mixed/../mm2.cc -o mm_80x128x32.o
WARNING: Default location for XILINX_VIVADO_IP_OVERRIDE not found: /build/xfndry/IP_2024.2_INTEGRATION_VERIFIED/customer/vivado/data/ip
mkdir -p build
cd build && aiecc.py --alloc-scheme= --aie-generate-xclbin --no-compile-host --xclbin-name=final_640x512x1024_80x128x32.xclbin \
			 --dynamic-objFifos \
			--aie-generate-npu-insts --npu-insts-name=insts_640x512x1024_80x128x32.txt ../build/aie_640x512x1024_80x128x32.mlir

Generating: /scratch/luisr/mlir-aie/programming_examples/basic/block_datatypes/matrix_multiplication/whole_array_mixed/build/aie_640x512x1024_80x128x32.mlir.prj/aie_cdo_elfs.bin
Generating: /scratch/luisr/mlir-aie/programming_examples/basic/block_datatypes/matrix_multiplication/whole_array_mixed/build/aie_640x512x1024_80x128x32.mlir.prj/aie_cdo_init.bin
Generating: /scratch/luisr/mlir-aie/programming_examples/basic/block_datatypes/matrix_multiplication/whole_array_mixed/build/aie_640x512x1024_80x128x32.mlir.prj/aie_cdo_enable.bin
export XRT_HACK_UNSECURE_LOADING_XCLBIN=1 && \
 ./whole_array.exe -x build/final_640x512x1024_80x128x32.xclbin -i build/insts_640x512x1024_80x128x32.txt -k MLIR_AIE -M 640 -K 512 -N 1024 -w 80 -y 128 -z 32 --iters 40 --warmup 10 --verify 0

Avg NPU matmul time: 309.325us.
Avg NPU gflops: 2169.53

Min NPU matmul time: 304us.
Max NPU gflops: 2207.53

Max NPU matmul time: 332us.
Min NPU gflops: 2021.35

Shuffle time: 2278us.

PASS!

rm -rf build _build whole_array.exe
rm -rf _build
mkdir -p _build
cd _build &&  cmake -E env CXXFLAGS="-std=c++23 -ggdb -DDTYPE_IN= -DDTYPE_OUT= -DDTYPE_ACC=" \
	cmake `echo /scratch/luisr/mlir-aie/programming_examples/basic/block_datatypes/matrix_multiplication/whole_array_mixed/..` -D CMAKE_C_COMPILER=gcc-13 -D CMAKE_CXX_COMPILER=g++-13 -DTARGET_NAME=whole_array -Dhostsrc=/scratch/luisr/mlir-aie/programming_examples/basic/block_datatypes/matrix_multiplication/whole_array_mixed/../mixed_test.cpp
CMake Deprecation Warning at CMakeLists.txt:13 (cmake_minimum_required):
  Compatibility with CMake < 3.10 will be removed from a future version of
  CMake.

  Update the VERSION argument <min> value.  Or, use the <min>...<max> syntax
  to tell CMake that the project requires at least <min> but has been updated
  to work with policies introduced by <max> or earlier.


-- The C compiler identification is GNU 13.3.0
-- The CXX compiler identification is GNU 13.3.0
-- Detecting C compiler ABI info
-- Detecting C compiler ABI info - done
-- Check for working C compiler: /usr/bin/gcc-13 - skipped
-- Detecting C compile features
-- Detecting C compile features - done
-- Detecting CXX compiler ABI info
-- Detecting CXX compiler ABI info - done
-- Check for working CXX compiler: /usr/bin/g++-13 - skipped
-- Detecting CXX compile features
-- Detecting CXX compile features - done
-- Configuring done (0.3s)
-- Generating done (0.0s)
-- Build files have been written to: /scratch/luisr/mlir-aie/programming_examples/basic/block_datatypes/matrix_multiplication/whole_array_mixed/_build
cd _build &&  cmake --build . --config Release
gmake[1]: Entering directory '/scratch/luisr/mlir-aie/programming_examples/basic/block_datatypes/matrix_multiplication/whole_array_mixed/_build'
gmake[2]: Entering directory '/scratch/luisr/mlir-aie/programming_examples/basic/block_datatypes/matrix_multiplication/whole_array_mixed/_build'
gmake[3]: Entering directory '/scratch/luisr/mlir-aie/programming_examples/basic/block_datatypes/matrix_multiplication/whole_array_mixed/_build'
gmake[3]: Leaving directory '/scratch/luisr/mlir-aie/programming_examples/basic/block_datatypes/matrix_multiplication/whole_array_mixed/_build'
gmake[3]: Entering directory '/scratch/luisr/mlir-aie/programming_examples/basic/block_datatypes/matrix_multiplication/whole_array_mixed/_build'
[ 33%] Building CXX object CMakeFiles/whole_array.dir/mixed_test.cpp.o
[ 66%] Building CXX object CMakeFiles/whole_array.dir/scratch/luisr/mlir-aie/runtime_lib/test_lib/test_utils.cpp.o
[100%] Linking CXX executable whole_array
gmake[3]: Leaving directory '/scratch/luisr/mlir-aie/programming_examples/basic/block_datatypes/matrix_multiplication/whole_array_mixed/_build'
[100%] Built target whole_array
gmake[2]: Leaving directory '/scratch/luisr/mlir-aie/programming_examples/basic/block_datatypes/matrix_multiplication/whole_array_mixed/_build'
gmake[1]: Leaving directory '/scratch/luisr/mlir-aie/programming_examples/basic/block_datatypes/matrix_multiplication/whole_array_mixed/_build'
cp _build/whole_array whole_array.exe 
mkdir -p build
python3 /scratch/luisr/mlir-aie/programming_examples/basic/block_datatypes/matrix_multiplication/whole_array_mixed/whole_array.py -m 80 -k 128 -n 32 -M 640 -K 512 -N 4096 > build/aie_640x512x4096_80x128x32.mlir
mkdir -p build
cd build && xchesscc_wrapper aie2p -I /proj/xbuilds/2024.2_INT_1113_1001/installs/all_platforms/Vitis/2024.2/aietools/include  -DDIM_M=80 -DDIM_K=128 -DDIM_N=32 -c /scratch/luisr/mlir-aie/programming_examples/basic/block_datatypes/matrix_multiplication/whole_array_mixed/../mm2.cc -o mm_80x128x32.o
WARNING: Default location for XILINX_VIVADO_IP_OVERRIDE not found: /build/xfndry/IP_2024.2_INTEGRATION_VERIFIED/customer/vivado/data/ip
mkdir -p build
cd build && aiecc.py --alloc-scheme= --aie-generate-xclbin --no-compile-host --xclbin-name=final_640x512x4096_80x128x32.xclbin \
			 --dynamic-objFifos \
			--aie-generate-npu-insts --npu-insts-name=insts_640x512x4096_80x128x32.txt ../build/aie_640x512x4096_80x128x32.mlir

Generating: /scratch/luisr/mlir-aie/programming_examples/basic/block_datatypes/matrix_multiplication/whole_array_mixed/build/aie_640x512x4096_80x128x32.mlir.prj/aie_cdo_elfs.bin
Generating: /scratch/luisr/mlir-aie/programming_examples/basic/block_datatypes/matrix_multiplication/whole_array_mixed/build/aie_640x512x4096_80x128x32.mlir.prj/aie_cdo_init.bin
Generating: /scratch/luisr/mlir-aie/programming_examples/basic/block_datatypes/matrix_multiplication/whole_array_mixed/build/aie_640x512x4096_80x128x32.mlir.prj/aie_cdo_enable.bin
export XRT_HACK_UNSECURE_LOADING_XCLBIN=1 && \
 ./whole_array.exe -x build/final_640x512x4096_80x128x32.xclbin -i build/insts_640x512x4096_80x128x32.txt -k MLIR_AIE -M 640 -K 512 -N 4096 -w 80 -y 128 -z 32 --iters 40 --warmup 10 --verify 0

Avg NPU matmul time: 1323.22us.
Avg NPU gflops: 2028.65

Min NPU matmul time: 1019us.
Max NPU gflops: 2634.3

Max NPU matmul time: 1566us.
Min NPU gflops: 1714.15

Shuffle time: 8479us.

PASS!

rm -rf build _build whole_array.exe
rm -rf _build
mkdir -p _build
cd _build &&  cmake -E env CXXFLAGS="-std=c++23 -ggdb -DDTYPE_IN= -DDTYPE_OUT= -DDTYPE_ACC=" \
	cmake `echo /scratch/luisr/mlir-aie/programming_examples/basic/block_datatypes/matrix_multiplication/whole_array_mixed/..` -D CMAKE_C_COMPILER=gcc-13 -D CMAKE_CXX_COMPILER=g++-13 -DTARGET_NAME=whole_array -Dhostsrc=/scratch/luisr/mlir-aie/programming_examples/basic/block_datatypes/matrix_multiplication/whole_array_mixed/../mixed_test.cpp
CMake Deprecation Warning at CMakeLists.txt:13 (cmake_minimum_required):
  Compatibility with CMake < 3.10 will be removed from a future version of
  CMake.

  Update the VERSION argument <min> value.  Or, use the <min>...<max> syntax
  to tell CMake that the project requires at least <min> but has been updated
  to work with policies introduced by <max> or earlier.


-- The C compiler identification is GNU 13.3.0
-- The CXX compiler identification is GNU 13.3.0
-- Detecting C compiler ABI info
-- Detecting C compiler ABI info - done
-- Check for working C compiler: /usr/bin/gcc-13 - skipped
-- Detecting C compile features
-- Detecting C compile features - done
-- Detecting CXX compiler ABI info
-- Detecting CXX compiler ABI info - done
-- Check for working CXX compiler: /usr/bin/g++-13 - skipped
-- Detecting CXX compile features
-- Detecting CXX compile features - done
-- Configuring done (0.2s)
-- Generating done (0.0s)
-- Build files have been written to: /scratch/luisr/mlir-aie/programming_examples/basic/block_datatypes/matrix_multiplication/whole_array_mixed/_build
cd _build &&  cmake --build . --config Release
gmake[1]: Entering directory '/scratch/luisr/mlir-aie/programming_examples/basic/block_datatypes/matrix_multiplication/whole_array_mixed/_build'
gmake[2]: Entering directory '/scratch/luisr/mlir-aie/programming_examples/basic/block_datatypes/matrix_multiplication/whole_array_mixed/_build'
gmake[3]: Entering directory '/scratch/luisr/mlir-aie/programming_examples/basic/block_datatypes/matrix_multiplication/whole_array_mixed/_build'
gmake[3]: Leaving directory '/scratch/luisr/mlir-aie/programming_examples/basic/block_datatypes/matrix_multiplication/whole_array_mixed/_build'
gmake[3]: Entering directory '/scratch/luisr/mlir-aie/programming_examples/basic/block_datatypes/matrix_multiplication/whole_array_mixed/_build'
[ 33%] Building CXX object CMakeFiles/whole_array.dir/mixed_test.cpp.o
[ 66%] Building CXX object CMakeFiles/whole_array.dir/scratch/luisr/mlir-aie/runtime_lib/test_lib/test_utils.cpp.o
[100%] Linking CXX executable whole_array
gmake[3]: Leaving directory '/scratch/luisr/mlir-aie/programming_examples/basic/block_datatypes/matrix_multiplication/whole_array_mixed/_build'
[100%] Built target whole_array
gmake[2]: Leaving directory '/scratch/luisr/mlir-aie/programming_examples/basic/block_datatypes/matrix_multiplication/whole_array_mixed/_build'
gmake[1]: Leaving directory '/scratch/luisr/mlir-aie/programming_examples/basic/block_datatypes/matrix_multiplication/whole_array_mixed/_build'
cp _build/whole_array whole_array.exe 
mkdir -p build
python3 /scratch/luisr/mlir-aie/programming_examples/basic/block_datatypes/matrix_multiplication/whole_array_mixed/whole_array.py -m 80 -k 128 -n 32 -M 640 -K 512 -N 8192 > build/aie_640x512x8192_80x128x32.mlir
mkdir -p build
cd build && xchesscc_wrapper aie2p -I /proj/xbuilds/2024.2_INT_1113_1001/installs/all_platforms/Vitis/2024.2/aietools/include  -DDIM_M=80 -DDIM_K=128 -DDIM_N=32 -c /scratch/luisr/mlir-aie/programming_examples/basic/block_datatypes/matrix_multiplication/whole_array_mixed/../mm2.cc -o mm_80x128x32.o
WARNING: Default location for XILINX_VIVADO_IP_OVERRIDE not found: /build/xfndry/IP_2024.2_INTEGRATION_VERIFIED/customer/vivado/data/ip
mkdir -p build
cd build && aiecc.py --alloc-scheme= --aie-generate-xclbin --no-compile-host --xclbin-name=final_640x512x8192_80x128x32.xclbin \
			 --dynamic-objFifos \
			--aie-generate-npu-insts --npu-insts-name=insts_640x512x8192_80x128x32.txt ../build/aie_640x512x8192_80x128x32.mlir
Error running pass pipeline:  builtin.module(aie.device(aie-materialize-bd-chains,aie-substitute-shim-dma-allocations,aie-assign-runtime-sequence-bd-ids,aie-dma-tasks-to-npu,aie-dma-to-npu,aie-lower-set-lock)) Failure while executing pass pipeline:
error: "-":2411:9: 'aie.dma_bd' op Stride 3 exceeds the [1:1048576] range.
 note: "-":2411:9: see current operation: "aie.dma_bd"(%arg2) <{bd_id = 0 : i32, burst_length = 0 : i32, dimensions = #aie<bd_dim_layout_array[<size = 2, stride = 2621440>, <size = 64, stride = 128>, <size = 320, stride = 8192>, <size = 32, stride = 1>]>, len = 655360 : i32, offset = 0 : i32}> : (memref<5242880xbf16>) -> ()

Traceback (most recent call last):
  File "/scratch/luisr/mlir-aie/install/bin/aiecc.py", line 12, in <module>
    main()
  File "/scratch/luisr/mlir-aie/install/python/aie/compiler/aiecc/main.py", line 1476, in main
    run(module_str)
  File "/scratch/luisr/mlir-aie/install/python/aie/compiler/aiecc/main.py", line 1450, in run
    asyncio.run(runner.run_flow())
  File "/usr/lib/python3.12/asyncio/runners.py", line 194, in run
    return runner.run(main)
           ^^^^^^^^^^^^^^^^
  File "/usr/lib/python3.12/asyncio/runners.py", line 118, in run
    return self._loop.run_until_complete(task)
           ^^^^^^^^^^^^^^^^^^^^^^^^^^^^^^^^^^^
  File "/usr/lib/python3.12/asyncio/base_events.py", line 687, in run_until_complete
    return future.result()
           ^^^^^^^^^^^^^^^
  File "/scratch/luisr/mlir-aie/install/python/aie/compiler/aiecc/main.py", line 1248, in run_flow
    npu_insts_module = run_passes_module(
                       ^^^^^^^^^^^^^^^^^^
  File "/scratch/luisr/mlir-aie/install/python/aie/compiler/aiecc/main.py", line 347, in run_passes_module
    raise e
  File "/scratch/luisr/mlir-aie/install/python/aie/compiler/aiecc/main.py", line 344, in run_passes_module
    pm.run(mlir_module.operation)
aie._mlir_libs._site_initialize.<locals>.MLIRError: Failure while executing pass pipeline:
error: "-":2411:9: 'aie.dma_bd' op Stride 3 exceeds the [1:1048576] range.
 note: "-":2411:9: see current operation: "aie.dma_bd"(%arg2) <{bd_id = 0 : i32, burst_length = 0 : i32, dimensions = #aie<bd_dim_layout_array[<size = 2, stride = 2621440>, <size = 64, stride = 128>, <size = 320, stride = 8192>, <size = 32, stride = 1>]>, len = 655360 : i32, offset = 0 : i32}> : (memref<5242880xbf16>) -> ()
make: *** [/scratch/luisr/mlir-aie/programming_examples/basic/block_datatypes/matrix_multiplication/whole_array_mixed/../makefile_common:73: build/final_640x512x8192_80x128x32.xclbin] Error 1
rm -rf build _build whole_array.exe
rm -rf _build
mkdir -p _build
cd _build &&  cmake -E env CXXFLAGS="-std=c++23 -ggdb -DDTYPE_IN= -DDTYPE_OUT= -DDTYPE_ACC=" \
	cmake `echo /scratch/luisr/mlir-aie/programming_examples/basic/block_datatypes/matrix_multiplication/whole_array_mixed/..` -D CMAKE_C_COMPILER=gcc-13 -D CMAKE_CXX_COMPILER=g++-13 -DTARGET_NAME=whole_array -Dhostsrc=/scratch/luisr/mlir-aie/programming_examples/basic/block_datatypes/matrix_multiplication/whole_array_mixed/../mixed_test.cpp
CMake Deprecation Warning at CMakeLists.txt:13 (cmake_minimum_required):
  Compatibility with CMake < 3.10 will be removed from a future version of
  CMake.

  Update the VERSION argument <min> value.  Or, use the <min>...<max> syntax
  to tell CMake that the project requires at least <min> but has been updated
  to work with policies introduced by <max> or earlier.


-- The C compiler identification is GNU 13.3.0
-- The CXX compiler identification is GNU 13.3.0
-- Detecting C compiler ABI info
-- Detecting C compiler ABI info - done
-- Check for working C compiler: /usr/bin/gcc-13 - skipped
-- Detecting C compile features
-- Detecting C compile features - done
-- Detecting CXX compiler ABI info
-- Detecting CXX compiler ABI info - done
-- Check for working CXX compiler: /usr/bin/g++-13 - skipped
-- Detecting CXX compile features
-- Detecting CXX compile features - done
-- Configuring done (0.3s)
-- Generating done (0.0s)
-- Build files have been written to: /scratch/luisr/mlir-aie/programming_examples/basic/block_datatypes/matrix_multiplication/whole_array_mixed/_build
cd _build &&  cmake --build . --config Release
gmake[1]: Entering directory '/scratch/luisr/mlir-aie/programming_examples/basic/block_datatypes/matrix_multiplication/whole_array_mixed/_build'
gmake[2]: Entering directory '/scratch/luisr/mlir-aie/programming_examples/basic/block_datatypes/matrix_multiplication/whole_array_mixed/_build'
gmake[3]: Entering directory '/scratch/luisr/mlir-aie/programming_examples/basic/block_datatypes/matrix_multiplication/whole_array_mixed/_build'
gmake[3]: Leaving directory '/scratch/luisr/mlir-aie/programming_examples/basic/block_datatypes/matrix_multiplication/whole_array_mixed/_build'
gmake[3]: Entering directory '/scratch/luisr/mlir-aie/programming_examples/basic/block_datatypes/matrix_multiplication/whole_array_mixed/_build'
[ 33%] Building CXX object CMakeFiles/whole_array.dir/mixed_test.cpp.o
[ 66%] Building CXX object CMakeFiles/whole_array.dir/scratch/luisr/mlir-aie/runtime_lib/test_lib/test_utils.cpp.o
[100%] Linking CXX executable whole_array
gmake[3]: Leaving directory '/scratch/luisr/mlir-aie/programming_examples/basic/block_datatypes/matrix_multiplication/whole_array_mixed/_build'
[100%] Built target whole_array
gmake[2]: Leaving directory '/scratch/luisr/mlir-aie/programming_examples/basic/block_datatypes/matrix_multiplication/whole_array_mixed/_build'
gmake[1]: Leaving directory '/scratch/luisr/mlir-aie/programming_examples/basic/block_datatypes/matrix_multiplication/whole_array_mixed/_build'
cp _build/whole_array whole_array.exe 
mkdir -p build
python3 /scratch/luisr/mlir-aie/programming_examples/basic/block_datatypes/matrix_multiplication/whole_array_mixed/whole_array.py -m 80 -k 128 -n 32 -M 640 -K 1024 -N 512 > build/aie_640x1024x512_80x128x32.mlir
mkdir -p build
cd build && xchesscc_wrapper aie2p -I /proj/xbuilds/2024.2_INT_1113_1001/installs/all_platforms/Vitis/2024.2/aietools/include  -DDIM_M=80 -DDIM_K=128 -DDIM_N=32 -c /scratch/luisr/mlir-aie/programming_examples/basic/block_datatypes/matrix_multiplication/whole_array_mixed/../mm2.cc -o mm_80x128x32.o
WARNING: Default location for XILINX_VIVADO_IP_OVERRIDE not found: /build/xfndry/IP_2024.2_INTEGRATION_VERIFIED/customer/vivado/data/ip
mkdir -p build
cd build && aiecc.py --alloc-scheme= --aie-generate-xclbin --no-compile-host --xclbin-name=final_640x1024x512_80x128x32.xclbin \
			 --dynamic-objFifos \
			--aie-generate-npu-insts --npu-insts-name=insts_640x1024x512_80x128x32.txt ../build/aie_640x1024x512_80x128x32.mlir

Generating: /scratch/luisr/mlir-aie/programming_examples/basic/block_datatypes/matrix_multiplication/whole_array_mixed/build/aie_640x1024x512_80x128x32.mlir.prj/aie_cdo_elfs.bin
Generating: /scratch/luisr/mlir-aie/programming_examples/basic/block_datatypes/matrix_multiplication/whole_array_mixed/build/aie_640x1024x512_80x128x32.mlir.prj/aie_cdo_init.bin
Generating: /scratch/luisr/mlir-aie/programming_examples/basic/block_datatypes/matrix_multiplication/whole_array_mixed/build/aie_640x1024x512_80x128x32.mlir.prj/aie_cdo_enable.bin
export XRT_HACK_UNSECURE_LOADING_XCLBIN=1 && \
 ./whole_array.exe -x build/final_640x1024x512_80x128x32.xclbin -i build/insts_640x1024x512_80x128x32.txt -k MLIR_AIE -M 640 -K 1024 -N 512 -w 80 -y 128 -z 32 --iters 40 --warmup 10 --verify 0

Avg NPU matmul time: 305.3us.
Avg NPU gflops: 2198.13

Min NPU matmul time: 292us.
Max NPU gflops: 2298.25

Max NPU matmul time: 339us.
Min NPU gflops: 1979.61

Shuffle time: 2556us.

PASS!

rm -rf build _build whole_array.exe
rm -rf _build
mkdir -p _build
cd _build &&  cmake -E env CXXFLAGS="-std=c++23 -ggdb -DDTYPE_IN= -DDTYPE_OUT= -DDTYPE_ACC=" \
	cmake `echo /scratch/luisr/mlir-aie/programming_examples/basic/block_datatypes/matrix_multiplication/whole_array_mixed/..` -D CMAKE_C_COMPILER=gcc-13 -D CMAKE_CXX_COMPILER=g++-13 -DTARGET_NAME=whole_array -Dhostsrc=/scratch/luisr/mlir-aie/programming_examples/basic/block_datatypes/matrix_multiplication/whole_array_mixed/../mixed_test.cpp
CMake Deprecation Warning at CMakeLists.txt:13 (cmake_minimum_required):
  Compatibility with CMake < 3.10 will be removed from a future version of
  CMake.

  Update the VERSION argument <min> value.  Or, use the <min>...<max> syntax
  to tell CMake that the project requires at least <min> but has been updated
  to work with policies introduced by <max> or earlier.


-- The C compiler identification is GNU 13.3.0
-- The CXX compiler identification is GNU 13.3.0
-- Detecting C compiler ABI info
-- Detecting C compiler ABI info - done
-- Check for working C compiler: /usr/bin/gcc-13 - skipped
-- Detecting C compile features
-- Detecting C compile features - done
-- Detecting CXX compiler ABI info
-- Detecting CXX compiler ABI info - done
-- Check for working CXX compiler: /usr/bin/g++-13 - skipped
-- Detecting CXX compile features
-- Detecting CXX compile features - done
-- Configuring done (0.3s)
-- Generating done (0.0s)
-- Build files have been written to: /scratch/luisr/mlir-aie/programming_examples/basic/block_datatypes/matrix_multiplication/whole_array_mixed/_build
cd _build &&  cmake --build . --config Release
gmake[1]: Entering directory '/scratch/luisr/mlir-aie/programming_examples/basic/block_datatypes/matrix_multiplication/whole_array_mixed/_build'
gmake[2]: Entering directory '/scratch/luisr/mlir-aie/programming_examples/basic/block_datatypes/matrix_multiplication/whole_array_mixed/_build'
gmake[3]: Entering directory '/scratch/luisr/mlir-aie/programming_examples/basic/block_datatypes/matrix_multiplication/whole_array_mixed/_build'
gmake[3]: Leaving directory '/scratch/luisr/mlir-aie/programming_examples/basic/block_datatypes/matrix_multiplication/whole_array_mixed/_build'
gmake[3]: Entering directory '/scratch/luisr/mlir-aie/programming_examples/basic/block_datatypes/matrix_multiplication/whole_array_mixed/_build'
[ 33%] Building CXX object CMakeFiles/whole_array.dir/mixed_test.cpp.o
[ 66%] Building CXX object CMakeFiles/whole_array.dir/scratch/luisr/mlir-aie/runtime_lib/test_lib/test_utils.cpp.o
[100%] Linking CXX executable whole_array
gmake[3]: Leaving directory '/scratch/luisr/mlir-aie/programming_examples/basic/block_datatypes/matrix_multiplication/whole_array_mixed/_build'
[100%] Built target whole_array
gmake[2]: Leaving directory '/scratch/luisr/mlir-aie/programming_examples/basic/block_datatypes/matrix_multiplication/whole_array_mixed/_build'
gmake[1]: Leaving directory '/scratch/luisr/mlir-aie/programming_examples/basic/block_datatypes/matrix_multiplication/whole_array_mixed/_build'
cp _build/whole_array whole_array.exe 
mkdir -p build
python3 /scratch/luisr/mlir-aie/programming_examples/basic/block_datatypes/matrix_multiplication/whole_array_mixed/whole_array.py -m 80 -k 128 -n 32 -M 640 -K 1024 -N 1024 > build/aie_640x1024x1024_80x128x32.mlir
mkdir -p build
cd build && xchesscc_wrapper aie2p -I /proj/xbuilds/2024.2_INT_1113_1001/installs/all_platforms/Vitis/2024.2/aietools/include  -DDIM_M=80 -DDIM_K=128 -DDIM_N=32 -c /scratch/luisr/mlir-aie/programming_examples/basic/block_datatypes/matrix_multiplication/whole_array_mixed/../mm2.cc -o mm_80x128x32.o
WARNING: Default location for XILINX_VIVADO_IP_OVERRIDE not found: /build/xfndry/IP_2024.2_INTEGRATION_VERIFIED/customer/vivado/data/ip
mkdir -p build
cd build && aiecc.py --alloc-scheme= --aie-generate-xclbin --no-compile-host --xclbin-name=final_640x1024x1024_80x128x32.xclbin \
			 --dynamic-objFifos \
			--aie-generate-npu-insts --npu-insts-name=insts_640x1024x1024_80x128x32.txt ../build/aie_640x1024x1024_80x128x32.mlir

Generating: /scratch/luisr/mlir-aie/programming_examples/basic/block_datatypes/matrix_multiplication/whole_array_mixed/build/aie_640x1024x1024_80x128x32.mlir.prj/aie_cdo_elfs.bin
Generating: /scratch/luisr/mlir-aie/programming_examples/basic/block_datatypes/matrix_multiplication/whole_array_mixed/build/aie_640x1024x1024_80x128x32.mlir.prj/aie_cdo_init.bin
Generating: /scratch/luisr/mlir-aie/programming_examples/basic/block_datatypes/matrix_multiplication/whole_array_mixed/build/aie_640x1024x1024_80x128x32.mlir.prj/aie_cdo_enable.bin
export XRT_HACK_UNSECURE_LOADING_XCLBIN=1 && \
 ./whole_array.exe -x build/final_640x1024x1024_80x128x32.xclbin -i build/insts_640x1024x1024_80x128x32.txt -k MLIR_AIE -M 640 -K 1024 -N 1024 -w 80 -y 128 -z 32 --iters 40 --warmup 10 --verify 0

Avg NPU matmul time: 575.075us.
Avg NPU gflops: 2333.92

Min NPU matmul time: 527us.
Max NPU gflops: 2546.83

Max NPU matmul time: 605us.
Min NPU gflops: 2218.47

Shuffle time: 4405us.

PASS!

rm -rf build _build whole_array.exe
rm -rf _build
mkdir -p _build
cd _build &&  cmake -E env CXXFLAGS="-std=c++23 -ggdb -DDTYPE_IN= -DDTYPE_OUT= -DDTYPE_ACC=" \
	cmake `echo /scratch/luisr/mlir-aie/programming_examples/basic/block_datatypes/matrix_multiplication/whole_array_mixed/..` -D CMAKE_C_COMPILER=gcc-13 -D CMAKE_CXX_COMPILER=g++-13 -DTARGET_NAME=whole_array -Dhostsrc=/scratch/luisr/mlir-aie/programming_examples/basic/block_datatypes/matrix_multiplication/whole_array_mixed/../mixed_test.cpp
CMake Deprecation Warning at CMakeLists.txt:13 (cmake_minimum_required):
  Compatibility with CMake < 3.10 will be removed from a future version of
  CMake.

  Update the VERSION argument <min> value.  Or, use the <min>...<max> syntax
  to tell CMake that the project requires at least <min> but has been updated
  to work with policies introduced by <max> or earlier.


-- The C compiler identification is GNU 13.3.0
-- The CXX compiler identification is GNU 13.3.0
-- Detecting C compiler ABI info
-- Detecting C compiler ABI info - done
-- Check for working C compiler: /usr/bin/gcc-13 - skipped
-- Detecting C compile features
-- Detecting C compile features - done
-- Detecting CXX compiler ABI info
-- Detecting CXX compiler ABI info - done
-- Check for working CXX compiler: /usr/bin/g++-13 - skipped
-- Detecting CXX compile features
-- Detecting CXX compile features - done
-- Configuring done (0.3s)
-- Generating done (0.0s)
-- Build files have been written to: /scratch/luisr/mlir-aie/programming_examples/basic/block_datatypes/matrix_multiplication/whole_array_mixed/_build
cd _build &&  cmake --build . --config Release
gmake[1]: Entering directory '/scratch/luisr/mlir-aie/programming_examples/basic/block_datatypes/matrix_multiplication/whole_array_mixed/_build'
gmake[2]: Entering directory '/scratch/luisr/mlir-aie/programming_examples/basic/block_datatypes/matrix_multiplication/whole_array_mixed/_build'
gmake[3]: Entering directory '/scratch/luisr/mlir-aie/programming_examples/basic/block_datatypes/matrix_multiplication/whole_array_mixed/_build'
gmake[3]: Leaving directory '/scratch/luisr/mlir-aie/programming_examples/basic/block_datatypes/matrix_multiplication/whole_array_mixed/_build'
gmake[3]: Entering directory '/scratch/luisr/mlir-aie/programming_examples/basic/block_datatypes/matrix_multiplication/whole_array_mixed/_build'
[ 33%] Building CXX object CMakeFiles/whole_array.dir/mixed_test.cpp.o
[ 66%] Building CXX object CMakeFiles/whole_array.dir/scratch/luisr/mlir-aie/runtime_lib/test_lib/test_utils.cpp.o
[100%] Linking CXX executable whole_array
gmake[3]: Leaving directory '/scratch/luisr/mlir-aie/programming_examples/basic/block_datatypes/matrix_multiplication/whole_array_mixed/_build'
[100%] Built target whole_array
gmake[2]: Leaving directory '/scratch/luisr/mlir-aie/programming_examples/basic/block_datatypes/matrix_multiplication/whole_array_mixed/_build'
gmake[1]: Leaving directory '/scratch/luisr/mlir-aie/programming_examples/basic/block_datatypes/matrix_multiplication/whole_array_mixed/_build'
cp _build/whole_array whole_array.exe 
mkdir -p build
python3 /scratch/luisr/mlir-aie/programming_examples/basic/block_datatypes/matrix_multiplication/whole_array_mixed/whole_array.py -m 80 -k 128 -n 32 -M 640 -K 1024 -N 4096 > build/aie_640x1024x4096_80x128x32.mlir
mkdir -p build
cd build && xchesscc_wrapper aie2p -I /proj/xbuilds/2024.2_INT_1113_1001/installs/all_platforms/Vitis/2024.2/aietools/include  -DDIM_M=80 -DDIM_K=128 -DDIM_N=32 -c /scratch/luisr/mlir-aie/programming_examples/basic/block_datatypes/matrix_multiplication/whole_array_mixed/../mm2.cc -o mm_80x128x32.o
WARNING: Default location for XILINX_VIVADO_IP_OVERRIDE not found: /build/xfndry/IP_2024.2_INTEGRATION_VERIFIED/customer/vivado/data/ip
mkdir -p build
cd build && aiecc.py --alloc-scheme= --aie-generate-xclbin --no-compile-host --xclbin-name=final_640x1024x4096_80x128x32.xclbin \
			 --dynamic-objFifos \
			--aie-generate-npu-insts --npu-insts-name=insts_640x1024x4096_80x128x32.txt ../build/aie_640x1024x4096_80x128x32.mlir

Generating: /scratch/luisr/mlir-aie/programming_examples/basic/block_datatypes/matrix_multiplication/whole_array_mixed/build/aie_640x1024x4096_80x128x32.mlir.prj/aie_cdo_elfs.bin
Generating: /scratch/luisr/mlir-aie/programming_examples/basic/block_datatypes/matrix_multiplication/whole_array_mixed/build/aie_640x1024x4096_80x128x32.mlir.prj/aie_cdo_init.bin
Generating: /scratch/luisr/mlir-aie/programming_examples/basic/block_datatypes/matrix_multiplication/whole_array_mixed/build/aie_640x1024x4096_80x128x32.mlir.prj/aie_cdo_enable.bin
export XRT_HACK_UNSECURE_LOADING_XCLBIN=1 && \
 ./whole_array.exe -x build/final_640x1024x4096_80x128x32.xclbin -i build/insts_640x1024x4096_80x128x32.txt -k MLIR_AIE -M 640 -K 1024 -N 4096 -w 80 -y 128 -z 32 --iters 40 --warmup 10 --verify 0

Avg NPU matmul time: 2227.45us.
Avg NPU gflops: 2410.25

Min NPU matmul time: 1941us.
Max NPU gflops: 2765.95

Max NPU matmul time: 2483us.
Min NPU gflops: 2162.19

Shuffle time: 19143us.

PASS!

rm -rf build _build whole_array.exe
rm -rf _build
mkdir -p _build
cd _build &&  cmake -E env CXXFLAGS="-std=c++23 -ggdb -DDTYPE_IN= -DDTYPE_OUT= -DDTYPE_ACC=" \
	cmake `echo /scratch/luisr/mlir-aie/programming_examples/basic/block_datatypes/matrix_multiplication/whole_array_mixed/..` -D CMAKE_C_COMPILER=gcc-13 -D CMAKE_CXX_COMPILER=g++-13 -DTARGET_NAME=whole_array -Dhostsrc=/scratch/luisr/mlir-aie/programming_examples/basic/block_datatypes/matrix_multiplication/whole_array_mixed/../mixed_test.cpp
CMake Deprecation Warning at CMakeLists.txt:13 (cmake_minimum_required):
  Compatibility with CMake < 3.10 will be removed from a future version of
  CMake.

  Update the VERSION argument <min> value.  Or, use the <min>...<max> syntax
  to tell CMake that the project requires at least <min> but has been updated
  to work with policies introduced by <max> or earlier.


-- The C compiler identification is GNU 13.3.0
-- The CXX compiler identification is GNU 13.3.0
-- Detecting C compiler ABI info
-- Detecting C compiler ABI info - done
-- Check for working C compiler: /usr/bin/gcc-13 - skipped
-- Detecting C compile features
-- Detecting C compile features - done
-- Detecting CXX compiler ABI info
-- Detecting CXX compiler ABI info - done
-- Check for working CXX compiler: /usr/bin/g++-13 - skipped
-- Detecting CXX compile features
-- Detecting CXX compile features - done
-- Configuring done (0.3s)
-- Generating done (0.0s)
-- Build files have been written to: /scratch/luisr/mlir-aie/programming_examples/basic/block_datatypes/matrix_multiplication/whole_array_mixed/_build
cd _build &&  cmake --build . --config Release
gmake[1]: Entering directory '/scratch/luisr/mlir-aie/programming_examples/basic/block_datatypes/matrix_multiplication/whole_array_mixed/_build'
gmake[2]: Entering directory '/scratch/luisr/mlir-aie/programming_examples/basic/block_datatypes/matrix_multiplication/whole_array_mixed/_build'
gmake[3]: Entering directory '/scratch/luisr/mlir-aie/programming_examples/basic/block_datatypes/matrix_multiplication/whole_array_mixed/_build'
gmake[3]: Leaving directory '/scratch/luisr/mlir-aie/programming_examples/basic/block_datatypes/matrix_multiplication/whole_array_mixed/_build'
gmake[3]: Entering directory '/scratch/luisr/mlir-aie/programming_examples/basic/block_datatypes/matrix_multiplication/whole_array_mixed/_build'
[ 33%] Building CXX object CMakeFiles/whole_array.dir/mixed_test.cpp.o
[ 66%] Building CXX object CMakeFiles/whole_array.dir/scratch/luisr/mlir-aie/runtime_lib/test_lib/test_utils.cpp.o
[100%] Linking CXX executable whole_array
gmake[3]: Leaving directory '/scratch/luisr/mlir-aie/programming_examples/basic/block_datatypes/matrix_multiplication/whole_array_mixed/_build'
[100%] Built target whole_array
gmake[2]: Leaving directory '/scratch/luisr/mlir-aie/programming_examples/basic/block_datatypes/matrix_multiplication/whole_array_mixed/_build'
gmake[1]: Leaving directory '/scratch/luisr/mlir-aie/programming_examples/basic/block_datatypes/matrix_multiplication/whole_array_mixed/_build'
cp _build/whole_array whole_array.exe 
mkdir -p build
python3 /scratch/luisr/mlir-aie/programming_examples/basic/block_datatypes/matrix_multiplication/whole_array_mixed/whole_array.py -m 80 -k 128 -n 32 -M 640 -K 1024 -N 8192 > build/aie_640x1024x8192_80x128x32.mlir
mkdir -p build
cd build && xchesscc_wrapper aie2p -I /proj/xbuilds/2024.2_INT_1113_1001/installs/all_platforms/Vitis/2024.2/aietools/include  -DDIM_M=80 -DDIM_K=128 -DDIM_N=32 -c /scratch/luisr/mlir-aie/programming_examples/basic/block_datatypes/matrix_multiplication/whole_array_mixed/../mm2.cc -o mm_80x128x32.o
WARNING: Default location for XILINX_VIVADO_IP_OVERRIDE not found: /build/xfndry/IP_2024.2_INTEGRATION_VERIFIED/customer/vivado/data/ip
mkdir -p build
cd build && aiecc.py --alloc-scheme= --aie-generate-xclbin --no-compile-host --xclbin-name=final_640x1024x8192_80x128x32.xclbin \
			 --dynamic-objFifos \
			--aie-generate-npu-insts --npu-insts-name=insts_640x1024x8192_80x128x32.txt ../build/aie_640x1024x8192_80x128x32.mlir
Error running pass pipeline:  builtin.module(aie.device(aie-materialize-bd-chains,aie-substitute-shim-dma-allocations,aie-assign-runtime-sequence-bd-ids,aie-dma-tasks-to-npu,aie-dma-to-npu,aie-lower-set-lock)) Failure while executing pass pipeline:
error: "-":2411:9: 'aie.dma_bd' op Stride 3 exceeds the [1:1048576] range.
 note: "-":2411:9: see current operation: "aie.dma_bd"(%arg2) <{bd_id = 0 : i32, burst_length = 0 : i32, dimensions = #aie<bd_dim_layout_array[<size = 2, stride = 2621440>, <size = 64, stride = 128>, <size = 320, stride = 8192>, <size = 32, stride = 1>]>, len = 655360 : i32, offset = 0 : i32}> : (memref<5242880xbf16>) -> ()

Traceback (most recent call last):
  File "/scratch/luisr/mlir-aie/install/bin/aiecc.py", line 12, in <module>
    main()
  File "/scratch/luisr/mlir-aie/install/python/aie/compiler/aiecc/main.py", line 1476, in main
    run(module_str)
  File "/scratch/luisr/mlir-aie/install/python/aie/compiler/aiecc/main.py", line 1450, in run
    asyncio.run(runner.run_flow())
  File "/usr/lib/python3.12/asyncio/runners.py", line 194, in run
    return runner.run(main)
           ^^^^^^^^^^^^^^^^
  File "/usr/lib/python3.12/asyncio/runners.py", line 118, in run
    return self._loop.run_until_complete(task)
           ^^^^^^^^^^^^^^^^^^^^^^^^^^^^^^^^^^^
  File "/usr/lib/python3.12/asyncio/base_events.py", line 687, in run_until_complete
    return future.result()
           ^^^^^^^^^^^^^^^
  File "/scratch/luisr/mlir-aie/install/python/aie/compiler/aiecc/main.py", line 1248, in run_flow
    npu_insts_module = run_passes_module(
                       ^^^^^^^^^^^^^^^^^^
  File "/scratch/luisr/mlir-aie/install/python/aie/compiler/aiecc/main.py", line 347, in run_passes_module
    raise e
  File "/scratch/luisr/mlir-aie/install/python/aie/compiler/aiecc/main.py", line 344, in run_passes_module
    pm.run(mlir_module.operation)
aie._mlir_libs._site_initialize.<locals>.MLIRError: Failure while executing pass pipeline:
error: "-":2411:9: 'aie.dma_bd' op Stride 3 exceeds the [1:1048576] range.
 note: "-":2411:9: see current operation: "aie.dma_bd"(%arg2) <{bd_id = 0 : i32, burst_length = 0 : i32, dimensions = #aie<bd_dim_layout_array[<size = 2, stride = 2621440>, <size = 64, stride = 128>, <size = 320, stride = 8192>, <size = 32, stride = 1>]>, len = 655360 : i32, offset = 0 : i32}> : (memref<5242880xbf16>) -> ()
make: *** [/scratch/luisr/mlir-aie/programming_examples/basic/block_datatypes/matrix_multiplication/whole_array_mixed/../makefile_common:73: build/final_640x1024x8192_80x128x32.xclbin] Error 1
rm -rf build _build whole_array.exe
rm -rf _build
mkdir -p _build
cd _build &&  cmake -E env CXXFLAGS="-std=c++23 -ggdb -DDTYPE_IN= -DDTYPE_OUT= -DDTYPE_ACC=" \
	cmake `echo /scratch/luisr/mlir-aie/programming_examples/basic/block_datatypes/matrix_multiplication/whole_array_mixed/..` -D CMAKE_C_COMPILER=gcc-13 -D CMAKE_CXX_COMPILER=g++-13 -DTARGET_NAME=whole_array -Dhostsrc=/scratch/luisr/mlir-aie/programming_examples/basic/block_datatypes/matrix_multiplication/whole_array_mixed/../mixed_test.cpp
CMake Deprecation Warning at CMakeLists.txt:13 (cmake_minimum_required):
  Compatibility with CMake < 3.10 will be removed from a future version of
  CMake.

  Update the VERSION argument <min> value.  Or, use the <min>...<max> syntax
  to tell CMake that the project requires at least <min> but has been updated
  to work with policies introduced by <max> or earlier.


-- The C compiler identification is GNU 13.3.0
-- The CXX compiler identification is GNU 13.3.0
-- Detecting C compiler ABI info
-- Detecting C compiler ABI info - done
-- Check for working C compiler: /usr/bin/gcc-13 - skipped
-- Detecting C compile features
-- Detecting C compile features - done
-- Detecting CXX compiler ABI info
-- Detecting CXX compiler ABI info - done
-- Check for working CXX compiler: /usr/bin/g++-13 - skipped
-- Detecting CXX compile features
-- Detecting CXX compile features - done
-- Configuring done (0.2s)
-- Generating done (0.0s)
-- Build files have been written to: /scratch/luisr/mlir-aie/programming_examples/basic/block_datatypes/matrix_multiplication/whole_array_mixed/_build
cd _build &&  cmake --build . --config Release
gmake[1]: Entering directory '/scratch/luisr/mlir-aie/programming_examples/basic/block_datatypes/matrix_multiplication/whole_array_mixed/_build'
gmake[2]: Entering directory '/scratch/luisr/mlir-aie/programming_examples/basic/block_datatypes/matrix_multiplication/whole_array_mixed/_build'
gmake[3]: Entering directory '/scratch/luisr/mlir-aie/programming_examples/basic/block_datatypes/matrix_multiplication/whole_array_mixed/_build'
gmake[3]: Leaving directory '/scratch/luisr/mlir-aie/programming_examples/basic/block_datatypes/matrix_multiplication/whole_array_mixed/_build'
gmake[3]: Entering directory '/scratch/luisr/mlir-aie/programming_examples/basic/block_datatypes/matrix_multiplication/whole_array_mixed/_build'
[ 33%] Building CXX object CMakeFiles/whole_array.dir/mixed_test.cpp.o
[ 66%] Building CXX object CMakeFiles/whole_array.dir/scratch/luisr/mlir-aie/runtime_lib/test_lib/test_utils.cpp.o
[100%] Linking CXX executable whole_array
gmake[3]: Leaving directory '/scratch/luisr/mlir-aie/programming_examples/basic/block_datatypes/matrix_multiplication/whole_array_mixed/_build'
[100%] Built target whole_array
gmake[2]: Leaving directory '/scratch/luisr/mlir-aie/programming_examples/basic/block_datatypes/matrix_multiplication/whole_array_mixed/_build'
gmake[1]: Leaving directory '/scratch/luisr/mlir-aie/programming_examples/basic/block_datatypes/matrix_multiplication/whole_array_mixed/_build'
cp _build/whole_array whole_array.exe 
mkdir -p build
python3 /scratch/luisr/mlir-aie/programming_examples/basic/block_datatypes/matrix_multiplication/whole_array_mixed/whole_array.py -m 80 -k 128 -n 32 -M 640 -K 4096 -N 512 > build/aie_640x4096x512_80x128x32.mlir
mkdir -p build
cd build && xchesscc_wrapper aie2p -I /proj/xbuilds/2024.2_INT_1113_1001/installs/all_platforms/Vitis/2024.2/aietools/include  -DDIM_M=80 -DDIM_K=128 -DDIM_N=32 -c /scratch/luisr/mlir-aie/programming_examples/basic/block_datatypes/matrix_multiplication/whole_array_mixed/../mm2.cc -o mm_80x128x32.o
WARNING: Default location for XILINX_VIVADO_IP_OVERRIDE not found: /build/xfndry/IP_2024.2_INTEGRATION_VERIFIED/customer/vivado/data/ip
mkdir -p build
cd build && aiecc.py --alloc-scheme= --aie-generate-xclbin --no-compile-host --xclbin-name=final_640x4096x512_80x128x32.xclbin \
			 --dynamic-objFifos \
			--aie-generate-npu-insts --npu-insts-name=insts_640x4096x512_80x128x32.txt ../build/aie_640x4096x512_80x128x32.mlir

Generating: /scratch/luisr/mlir-aie/programming_examples/basic/block_datatypes/matrix_multiplication/whole_array_mixed/build/aie_640x4096x512_80x128x32.mlir.prj/aie_cdo_elfs.bin
Generating: /scratch/luisr/mlir-aie/programming_examples/basic/block_datatypes/matrix_multiplication/whole_array_mixed/build/aie_640x4096x512_80x128x32.mlir.prj/aie_cdo_init.bin
Generating: /scratch/luisr/mlir-aie/programming_examples/basic/block_datatypes/matrix_multiplication/whole_array_mixed/build/aie_640x4096x512_80x128x32.mlir.prj/aie_cdo_enable.bin
export XRT_HACK_UNSECURE_LOADING_XCLBIN=1 && \
 ./whole_array.exe -x build/final_640x4096x512_80x128x32.xclbin -i build/insts_640x4096x512_80x128x32.txt -k MLIR_AIE -M 640 -K 4096 -N 512 -w 80 -y 128 -z 32 --iters 40 --warmup 10 --verify 0

Avg NPU matmul time: 1273.38us.
Avg NPU gflops: 2108.06

Min NPU matmul time: 1012us.
Max NPU gflops: 2652.52

Max NPU matmul time: 1587us.
Min NPU gflops: 1691.46

Shuffle time: 9063us.

PASS!

rm -rf build _build whole_array.exe
rm -rf _build
mkdir -p _build
cd _build &&  cmake -E env CXXFLAGS="-std=c++23 -ggdb -DDTYPE_IN= -DDTYPE_OUT= -DDTYPE_ACC=" \
	cmake `echo /scratch/luisr/mlir-aie/programming_examples/basic/block_datatypes/matrix_multiplication/whole_array_mixed/..` -D CMAKE_C_COMPILER=gcc-13 -D CMAKE_CXX_COMPILER=g++-13 -DTARGET_NAME=whole_array -Dhostsrc=/scratch/luisr/mlir-aie/programming_examples/basic/block_datatypes/matrix_multiplication/whole_array_mixed/../mixed_test.cpp
CMake Deprecation Warning at CMakeLists.txt:13 (cmake_minimum_required):
  Compatibility with CMake < 3.10 will be removed from a future version of
  CMake.

  Update the VERSION argument <min> value.  Or, use the <min>...<max> syntax
  to tell CMake that the project requires at least <min> but has been updated
  to work with policies introduced by <max> or earlier.


-- The C compiler identification is GNU 13.3.0
-- The CXX compiler identification is GNU 13.3.0
-- Detecting C compiler ABI info
-- Detecting C compiler ABI info - done
-- Check for working C compiler: /usr/bin/gcc-13 - skipped
-- Detecting C compile features
-- Detecting C compile features - done
-- Detecting CXX compiler ABI info
-- Detecting CXX compiler ABI info - done
-- Check for working CXX compiler: /usr/bin/g++-13 - skipped
-- Detecting CXX compile features
-- Detecting CXX compile features - done
-- Configuring done (0.3s)
-- Generating done (0.0s)
-- Build files have been written to: /scratch/luisr/mlir-aie/programming_examples/basic/block_datatypes/matrix_multiplication/whole_array_mixed/_build
cd _build &&  cmake --build . --config Release
gmake[1]: Entering directory '/scratch/luisr/mlir-aie/programming_examples/basic/block_datatypes/matrix_multiplication/whole_array_mixed/_build'
gmake[2]: Entering directory '/scratch/luisr/mlir-aie/programming_examples/basic/block_datatypes/matrix_multiplication/whole_array_mixed/_build'
gmake[3]: Entering directory '/scratch/luisr/mlir-aie/programming_examples/basic/block_datatypes/matrix_multiplication/whole_array_mixed/_build'
gmake[3]: Leaving directory '/scratch/luisr/mlir-aie/programming_examples/basic/block_datatypes/matrix_multiplication/whole_array_mixed/_build'
gmake[3]: Entering directory '/scratch/luisr/mlir-aie/programming_examples/basic/block_datatypes/matrix_multiplication/whole_array_mixed/_build'
[ 33%] Building CXX object CMakeFiles/whole_array.dir/mixed_test.cpp.o
[ 66%] Building CXX object CMakeFiles/whole_array.dir/scratch/luisr/mlir-aie/runtime_lib/test_lib/test_utils.cpp.o
[100%] Linking CXX executable whole_array
gmake[3]: Leaving directory '/scratch/luisr/mlir-aie/programming_examples/basic/block_datatypes/matrix_multiplication/whole_array_mixed/_build'
[100%] Built target whole_array
gmake[2]: Leaving directory '/scratch/luisr/mlir-aie/programming_examples/basic/block_datatypes/matrix_multiplication/whole_array_mixed/_build'
gmake[1]: Leaving directory '/scratch/luisr/mlir-aie/programming_examples/basic/block_datatypes/matrix_multiplication/whole_array_mixed/_build'
cp _build/whole_array whole_array.exe 
mkdir -p build
python3 /scratch/luisr/mlir-aie/programming_examples/basic/block_datatypes/matrix_multiplication/whole_array_mixed/whole_array.py -m 80 -k 128 -n 32 -M 640 -K 4096 -N 1024 > build/aie_640x4096x1024_80x128x32.mlir
mkdir -p build
cd build && xchesscc_wrapper aie2p -I /proj/xbuilds/2024.2_INT_1113_1001/installs/all_platforms/Vitis/2024.2/aietools/include  -DDIM_M=80 -DDIM_K=128 -DDIM_N=32 -c /scratch/luisr/mlir-aie/programming_examples/basic/block_datatypes/matrix_multiplication/whole_array_mixed/../mm2.cc -o mm_80x128x32.o
WARNING: Default location for XILINX_VIVADO_IP_OVERRIDE not found: /build/xfndry/IP_2024.2_INTEGRATION_VERIFIED/customer/vivado/data/ip
mkdir -p build
cd build && aiecc.py --alloc-scheme= --aie-generate-xclbin --no-compile-host --xclbin-name=final_640x4096x1024_80x128x32.xclbin \
			 --dynamic-objFifos \
			--aie-generate-npu-insts --npu-insts-name=insts_640x4096x1024_80x128x32.txt ../build/aie_640x4096x1024_80x128x32.mlir

Generating: /scratch/luisr/mlir-aie/programming_examples/basic/block_datatypes/matrix_multiplication/whole_array_mixed/build/aie_640x4096x1024_80x128x32.mlir.prj/aie_cdo_elfs.bin
Generating: /scratch/luisr/mlir-aie/programming_examples/basic/block_datatypes/matrix_multiplication/whole_array_mixed/build/aie_640x4096x1024_80x128x32.mlir.prj/aie_cdo_init.bin
Generating: /scratch/luisr/mlir-aie/programming_examples/basic/block_datatypes/matrix_multiplication/whole_array_mixed/build/aie_640x4096x1024_80x128x32.mlir.prj/aie_cdo_enable.bin
export XRT_HACK_UNSECURE_LOADING_XCLBIN=1 && \
 ./whole_array.exe -x build/final_640x4096x1024_80x128x32.xclbin -i build/insts_640x4096x1024_80x128x32.txt -k MLIR_AIE -M 640 -K 4096 -N 1024 -w 80 -y 128 -z 32 --iters 40 --warmup 10 --verify 0

Avg NPU matmul time: 1897.05us.
Avg NPU gflops: 2830.03

Min NPU matmul time: 1879us.
Max NPU gflops: 2857.22

Max NPU matmul time: 1937us.
Min NPU gflops: 2771.66

Shuffle time: 18717us.

PASS!

rm -rf build _build whole_array.exe
rm -rf _build
mkdir -p _build
cd _build &&  cmake -E env CXXFLAGS="-std=c++23 -ggdb -DDTYPE_IN= -DDTYPE_OUT= -DDTYPE_ACC=" \
	cmake `echo /scratch/luisr/mlir-aie/programming_examples/basic/block_datatypes/matrix_multiplication/whole_array_mixed/..` -D CMAKE_C_COMPILER=gcc-13 -D CMAKE_CXX_COMPILER=g++-13 -DTARGET_NAME=whole_array -Dhostsrc=/scratch/luisr/mlir-aie/programming_examples/basic/block_datatypes/matrix_multiplication/whole_array_mixed/../mixed_test.cpp
CMake Deprecation Warning at CMakeLists.txt:13 (cmake_minimum_required):
  Compatibility with CMake < 3.10 will be removed from a future version of
  CMake.

  Update the VERSION argument <min> value.  Or, use the <min>...<max> syntax
  to tell CMake that the project requires at least <min> but has been updated
  to work with policies introduced by <max> or earlier.


-- The C compiler identification is GNU 13.3.0
-- The CXX compiler identification is GNU 13.3.0
-- Detecting C compiler ABI info
-- Detecting C compiler ABI info - done
-- Check for working C compiler: /usr/bin/gcc-13 - skipped
-- Detecting C compile features
-- Detecting C compile features - done
-- Detecting CXX compiler ABI info
-- Detecting CXX compiler ABI info - done
-- Check for working CXX compiler: /usr/bin/g++-13 - skipped
-- Detecting CXX compile features
-- Detecting CXX compile features - done
-- Configuring done (0.3s)
-- Generating done (0.0s)
-- Build files have been written to: /scratch/luisr/mlir-aie/programming_examples/basic/block_datatypes/matrix_multiplication/whole_array_mixed/_build
cd _build &&  cmake --build . --config Release
gmake[1]: Entering directory '/scratch/luisr/mlir-aie/programming_examples/basic/block_datatypes/matrix_multiplication/whole_array_mixed/_build'
gmake[2]: Entering directory '/scratch/luisr/mlir-aie/programming_examples/basic/block_datatypes/matrix_multiplication/whole_array_mixed/_build'
gmake[3]: Entering directory '/scratch/luisr/mlir-aie/programming_examples/basic/block_datatypes/matrix_multiplication/whole_array_mixed/_build'
gmake[3]: Leaving directory '/scratch/luisr/mlir-aie/programming_examples/basic/block_datatypes/matrix_multiplication/whole_array_mixed/_build'
gmake[3]: Entering directory '/scratch/luisr/mlir-aie/programming_examples/basic/block_datatypes/matrix_multiplication/whole_array_mixed/_build'
[ 33%] Building CXX object CMakeFiles/whole_array.dir/mixed_test.cpp.o
[ 66%] Building CXX object CMakeFiles/whole_array.dir/scratch/luisr/mlir-aie/runtime_lib/test_lib/test_utils.cpp.o
[100%] Linking CXX executable whole_array
gmake[3]: Leaving directory '/scratch/luisr/mlir-aie/programming_examples/basic/block_datatypes/matrix_multiplication/whole_array_mixed/_build'
[100%] Built target whole_array
gmake[2]: Leaving directory '/scratch/luisr/mlir-aie/programming_examples/basic/block_datatypes/matrix_multiplication/whole_array_mixed/_build'
gmake[1]: Leaving directory '/scratch/luisr/mlir-aie/programming_examples/basic/block_datatypes/matrix_multiplication/whole_array_mixed/_build'
cp _build/whole_array whole_array.exe 
mkdir -p build
python3 /scratch/luisr/mlir-aie/programming_examples/basic/block_datatypes/matrix_multiplication/whole_array_mixed/whole_array.py -m 80 -k 128 -n 32 -M 640 -K 4096 -N 4096 > build/aie_640x4096x4096_80x128x32.mlir
mkdir -p build
cd build && xchesscc_wrapper aie2p -I /proj/xbuilds/2024.2_INT_1113_1001/installs/all_platforms/Vitis/2024.2/aietools/include  -DDIM_M=80 -DDIM_K=128 -DDIM_N=32 -c /scratch/luisr/mlir-aie/programming_examples/basic/block_datatypes/matrix_multiplication/whole_array_mixed/../mm2.cc -o mm_80x128x32.o
WARNING: Default location for XILINX_VIVADO_IP_OVERRIDE not found: /build/xfndry/IP_2024.2_INTEGRATION_VERIFIED/customer/vivado/data/ip
mkdir -p build
cd build && aiecc.py --alloc-scheme= --aie-generate-xclbin --no-compile-host --xclbin-name=final_640x4096x4096_80x128x32.xclbin \
			 --dynamic-objFifos \
			--aie-generate-npu-insts --npu-insts-name=insts_640x4096x4096_80x128x32.txt ../build/aie_640x4096x4096_80x128x32.mlir

Generating: /scratch/luisr/mlir-aie/programming_examples/basic/block_datatypes/matrix_multiplication/whole_array_mixed/build/aie_640x4096x4096_80x128x32.mlir.prj/aie_cdo_elfs.bin
Generating: /scratch/luisr/mlir-aie/programming_examples/basic/block_datatypes/matrix_multiplication/whole_array_mixed/build/aie_640x4096x4096_80x128x32.mlir.prj/aie_cdo_init.bin
Generating: /scratch/luisr/mlir-aie/programming_examples/basic/block_datatypes/matrix_multiplication/whole_array_mixed/build/aie_640x4096x4096_80x128x32.mlir.prj/aie_cdo_enable.bin
export XRT_HACK_UNSECURE_LOADING_XCLBIN=1 && \
 ./whole_array.exe -x build/final_640x4096x4096_80x128x32.xclbin -i build/insts_640x4096x4096_80x128x32.txt -k MLIR_AIE -M 640 -K 4096 -N 4096 -w 80 -y 128 -z 32 --iters 40 --warmup 10 --verify 0

Avg NPU matmul time: 7676.08us.
Avg NPU gflops: 2797.63

Min NPU matmul time: 7322us.
Max NPU gflops: 2932.92

Max NPU matmul time: 8516us.
Min NPU gflops: 2521.7

Shuffle time: 79991us.

PASS!

rm -rf build _build whole_array.exe
rm -rf _build
mkdir -p _build
cd _build &&  cmake -E env CXXFLAGS="-std=c++23 -ggdb -DDTYPE_IN= -DDTYPE_OUT= -DDTYPE_ACC=" \
	cmake `echo /scratch/luisr/mlir-aie/programming_examples/basic/block_datatypes/matrix_multiplication/whole_array_mixed/..` -D CMAKE_C_COMPILER=gcc-13 -D CMAKE_CXX_COMPILER=g++-13 -DTARGET_NAME=whole_array -Dhostsrc=/scratch/luisr/mlir-aie/programming_examples/basic/block_datatypes/matrix_multiplication/whole_array_mixed/../mixed_test.cpp
CMake Deprecation Warning at CMakeLists.txt:13 (cmake_minimum_required):
  Compatibility with CMake < 3.10 will be removed from a future version of
  CMake.

  Update the VERSION argument <min> value.  Or, use the <min>...<max> syntax
  to tell CMake that the project requires at least <min> but has been updated
  to work with policies introduced by <max> or earlier.


-- The C compiler identification is GNU 13.3.0
-- The CXX compiler identification is GNU 13.3.0
-- Detecting C compiler ABI info
-- Detecting C compiler ABI info - done
-- Check for working C compiler: /usr/bin/gcc-13 - skipped
-- Detecting C compile features
-- Detecting C compile features - done
-- Detecting CXX compiler ABI info
-- Detecting CXX compiler ABI info - done
-- Check for working CXX compiler: /usr/bin/g++-13 - skipped
-- Detecting CXX compile features
-- Detecting CXX compile features - done
-- Configuring done (0.2s)
-- Generating done (0.0s)
-- Build files have been written to: /scratch/luisr/mlir-aie/programming_examples/basic/block_datatypes/matrix_multiplication/whole_array_mixed/_build
cd _build &&  cmake --build . --config Release
gmake[1]: Entering directory '/scratch/luisr/mlir-aie/programming_examples/basic/block_datatypes/matrix_multiplication/whole_array_mixed/_build'
gmake[2]: Entering directory '/scratch/luisr/mlir-aie/programming_examples/basic/block_datatypes/matrix_multiplication/whole_array_mixed/_build'
gmake[3]: Entering directory '/scratch/luisr/mlir-aie/programming_examples/basic/block_datatypes/matrix_multiplication/whole_array_mixed/_build'
gmake[3]: Leaving directory '/scratch/luisr/mlir-aie/programming_examples/basic/block_datatypes/matrix_multiplication/whole_array_mixed/_build'
gmake[3]: Entering directory '/scratch/luisr/mlir-aie/programming_examples/basic/block_datatypes/matrix_multiplication/whole_array_mixed/_build'
[ 33%] Building CXX object CMakeFiles/whole_array.dir/mixed_test.cpp.o
[ 66%] Building CXX object CMakeFiles/whole_array.dir/scratch/luisr/mlir-aie/runtime_lib/test_lib/test_utils.cpp.o
[100%] Linking CXX executable whole_array
gmake[3]: Leaving directory '/scratch/luisr/mlir-aie/programming_examples/basic/block_datatypes/matrix_multiplication/whole_array_mixed/_build'
[100%] Built target whole_array
gmake[2]: Leaving directory '/scratch/luisr/mlir-aie/programming_examples/basic/block_datatypes/matrix_multiplication/whole_array_mixed/_build'
gmake[1]: Leaving directory '/scratch/luisr/mlir-aie/programming_examples/basic/block_datatypes/matrix_multiplication/whole_array_mixed/_build'
cp _build/whole_array whole_array.exe 
mkdir -p build
python3 /scratch/luisr/mlir-aie/programming_examples/basic/block_datatypes/matrix_multiplication/whole_array_mixed/whole_array.py -m 80 -k 128 -n 32 -M 640 -K 4096 -N 8192 > build/aie_640x4096x8192_80x128x32.mlir
mkdir -p build
cd build && xchesscc_wrapper aie2p -I /proj/xbuilds/2024.2_INT_1113_1001/installs/all_platforms/Vitis/2024.2/aietools/include  -DDIM_M=80 -DDIM_K=128 -DDIM_N=32 -c /scratch/luisr/mlir-aie/programming_examples/basic/block_datatypes/matrix_multiplication/whole_array_mixed/../mm2.cc -o mm_80x128x32.o
WARNING: Default location for XILINX_VIVADO_IP_OVERRIDE not found: /build/xfndry/IP_2024.2_INTEGRATION_VERIFIED/customer/vivado/data/ip
mkdir -p build
cd build && aiecc.py --alloc-scheme= --aie-generate-xclbin --no-compile-host --xclbin-name=final_640x4096x8192_80x128x32.xclbin \
			 --dynamic-objFifos \
			--aie-generate-npu-insts --npu-insts-name=insts_640x4096x8192_80x128x32.txt ../build/aie_640x4096x8192_80x128x32.mlir
Error running pass pipeline:  builtin.module(aie.device(aie-materialize-bd-chains,aie-substitute-shim-dma-allocations,aie-assign-runtime-sequence-bd-ids,aie-dma-tasks-to-npu,aie-dma-to-npu,aie-lower-set-lock)) Failure while executing pass pipeline:
error: "-":2411:9: 'aie.dma_bd' op Stride 3 exceeds the [1:1048576] range.
 note: "-":2411:9: see current operation: "aie.dma_bd"(%arg2) <{bd_id = 0 : i32, burst_length = 0 : i32, dimensions = #aie<bd_dim_layout_array[<size = 2, stride = 2621440>, <size = 64, stride = 128>, <size = 320, stride = 8192>, <size = 32, stride = 1>]>, len = 655360 : i32, offset = 0 : i32}> : (memref<5242880xbf16>) -> ()

Traceback (most recent call last):
  File "/scratch/luisr/mlir-aie/install/bin/aiecc.py", line 12, in <module>
    main()
  File "/scratch/luisr/mlir-aie/install/python/aie/compiler/aiecc/main.py", line 1476, in main
    run(module_str)
  File "/scratch/luisr/mlir-aie/install/python/aie/compiler/aiecc/main.py", line 1450, in run
    asyncio.run(runner.run_flow())
  File "/usr/lib/python3.12/asyncio/runners.py", line 194, in run
    return runner.run(main)
           ^^^^^^^^^^^^^^^^
  File "/usr/lib/python3.12/asyncio/runners.py", line 118, in run
    return self._loop.run_until_complete(task)
           ^^^^^^^^^^^^^^^^^^^^^^^^^^^^^^^^^^^
  File "/usr/lib/python3.12/asyncio/base_events.py", line 687, in run_until_complete
    return future.result()
           ^^^^^^^^^^^^^^^
  File "/scratch/luisr/mlir-aie/install/python/aie/compiler/aiecc/main.py", line 1248, in run_flow
    npu_insts_module = run_passes_module(
                       ^^^^^^^^^^^^^^^^^^
  File "/scratch/luisr/mlir-aie/install/python/aie/compiler/aiecc/main.py", line 347, in run_passes_module
    raise e
  File "/scratch/luisr/mlir-aie/install/python/aie/compiler/aiecc/main.py", line 344, in run_passes_module
    pm.run(mlir_module.operation)
aie._mlir_libs._site_initialize.<locals>.MLIRError: Failure while executing pass pipeline:
error: "-":2411:9: 'aie.dma_bd' op Stride 3 exceeds the [1:1048576] range.
 note: "-":2411:9: see current operation: "aie.dma_bd"(%arg2) <{bd_id = 0 : i32, burst_length = 0 : i32, dimensions = #aie<bd_dim_layout_array[<size = 2, stride = 2621440>, <size = 64, stride = 128>, <size = 320, stride = 8192>, <size = 32, stride = 1>]>, len = 655360 : i32, offset = 0 : i32}> : (memref<5242880xbf16>) -> ()
make: *** [/scratch/luisr/mlir-aie/programming_examples/basic/block_datatypes/matrix_multiplication/whole_array_mixed/../makefile_common:73: build/final_640x4096x8192_80x128x32.xclbin] Error 1
rm -rf build _build whole_array.exe
rm -rf _build
mkdir -p _build
cd _build &&  cmake -E env CXXFLAGS="-std=c++23 -ggdb -DDTYPE_IN= -DDTYPE_OUT= -DDTYPE_ACC=" \
	cmake `echo /scratch/luisr/mlir-aie/programming_examples/basic/block_datatypes/matrix_multiplication/whole_array_mixed/..` -D CMAKE_C_COMPILER=gcc-13 -D CMAKE_CXX_COMPILER=g++-13 -DTARGET_NAME=whole_array -Dhostsrc=/scratch/luisr/mlir-aie/programming_examples/basic/block_datatypes/matrix_multiplication/whole_array_mixed/../mixed_test.cpp
CMake Deprecation Warning at CMakeLists.txt:13 (cmake_minimum_required):
  Compatibility with CMake < 3.10 will be removed from a future version of
  CMake.

  Update the VERSION argument <min> value.  Or, use the <min>...<max> syntax
  to tell CMake that the project requires at least <min> but has been updated
  to work with policies introduced by <max> or earlier.


-- The C compiler identification is GNU 13.3.0
-- The CXX compiler identification is GNU 13.3.0
-- Detecting C compiler ABI info
-- Detecting C compiler ABI info - done
-- Check for working C compiler: /usr/bin/gcc-13 - skipped
-- Detecting C compile features
-- Detecting C compile features - done
-- Detecting CXX compiler ABI info
-- Detecting CXX compiler ABI info - done
-- Check for working CXX compiler: /usr/bin/g++-13 - skipped
-- Detecting CXX compile features
-- Detecting CXX compile features - done
-- Configuring done (0.2s)
-- Generating done (0.0s)
-- Build files have been written to: /scratch/luisr/mlir-aie/programming_examples/basic/block_datatypes/matrix_multiplication/whole_array_mixed/_build
cd _build &&  cmake --build . --config Release
gmake[1]: Entering directory '/scratch/luisr/mlir-aie/programming_examples/basic/block_datatypes/matrix_multiplication/whole_array_mixed/_build'
gmake[2]: Entering directory '/scratch/luisr/mlir-aie/programming_examples/basic/block_datatypes/matrix_multiplication/whole_array_mixed/_build'
gmake[3]: Entering directory '/scratch/luisr/mlir-aie/programming_examples/basic/block_datatypes/matrix_multiplication/whole_array_mixed/_build'
gmake[3]: Leaving directory '/scratch/luisr/mlir-aie/programming_examples/basic/block_datatypes/matrix_multiplication/whole_array_mixed/_build'
gmake[3]: Entering directory '/scratch/luisr/mlir-aie/programming_examples/basic/block_datatypes/matrix_multiplication/whole_array_mixed/_build'
[ 33%] Building CXX object CMakeFiles/whole_array.dir/mixed_test.cpp.o
[ 66%] Building CXX object CMakeFiles/whole_array.dir/scratch/luisr/mlir-aie/runtime_lib/test_lib/test_utils.cpp.o
[100%] Linking CXX executable whole_array
gmake[3]: Leaving directory '/scratch/luisr/mlir-aie/programming_examples/basic/block_datatypes/matrix_multiplication/whole_array_mixed/_build'
[100%] Built target whole_array
gmake[2]: Leaving directory '/scratch/luisr/mlir-aie/programming_examples/basic/block_datatypes/matrix_multiplication/whole_array_mixed/_build'
gmake[1]: Leaving directory '/scratch/luisr/mlir-aie/programming_examples/basic/block_datatypes/matrix_multiplication/whole_array_mixed/_build'
cp _build/whole_array whole_array.exe 
mkdir -p build
python3 /scratch/luisr/mlir-aie/programming_examples/basic/block_datatypes/matrix_multiplication/whole_array_mixed/whole_array.py -m 80 -k 128 -n 32 -M 640 -K 6144 -N 512 > build/aie_640x6144x512_80x128x32.mlir
mkdir -p build
cd build && xchesscc_wrapper aie2p -I /proj/xbuilds/2024.2_INT_1113_1001/installs/all_platforms/Vitis/2024.2/aietools/include  -DDIM_M=80 -DDIM_K=128 -DDIM_N=32 -c /scratch/luisr/mlir-aie/programming_examples/basic/block_datatypes/matrix_multiplication/whole_array_mixed/../mm2.cc -o mm_80x128x32.o
WARNING: Default location for XILINX_VIVADO_IP_OVERRIDE not found: /build/xfndry/IP_2024.2_INTEGRATION_VERIFIED/customer/vivado/data/ip
mkdir -p build
cd build && aiecc.py --alloc-scheme= --aie-generate-xclbin --no-compile-host --xclbin-name=final_640x6144x512_80x128x32.xclbin \
			 --dynamic-objFifos \
			--aie-generate-npu-insts --npu-insts-name=insts_640x6144x512_80x128x32.txt ../build/aie_640x6144x512_80x128x32.mlir

Generating: /scratch/luisr/mlir-aie/programming_examples/basic/block_datatypes/matrix_multiplication/whole_array_mixed/build/aie_640x6144x512_80x128x32.mlir.prj/aie_cdo_elfs.bin
Generating: /scratch/luisr/mlir-aie/programming_examples/basic/block_datatypes/matrix_multiplication/whole_array_mixed/build/aie_640x6144x512_80x128x32.mlir.prj/aie_cdo_init.bin
Generating: /scratch/luisr/mlir-aie/programming_examples/basic/block_datatypes/matrix_multiplication/whole_array_mixed/build/aie_640x6144x512_80x128x32.mlir.prj/aie_cdo_enable.bin
export XRT_HACK_UNSECURE_LOADING_XCLBIN=1 && \
 ./whole_array.exe -x build/final_640x6144x512_80x128x32.xclbin -i build/insts_640x6144x512_80x128x32.txt -k MLIR_AIE -M 640 -K 6144 -N 512 -w 80 -y 128 -z 32 --iters 40 --warmup 10 --verify 0

Avg NPU matmul time: 1465.25us.
Avg NPU gflops: 2748.02

Min NPU matmul time: 1445us.
Max NPU gflops: 2786.53

Max NPU matmul time: 1476us.
Min NPU gflops: 2728

Shuffle time: 15063us.

PASS!

rm -rf build _build whole_array.exe
rm -rf _build
mkdir -p _build
cd _build &&  cmake -E env CXXFLAGS="-std=c++23 -ggdb -DDTYPE_IN= -DDTYPE_OUT= -DDTYPE_ACC=" \
	cmake `echo /scratch/luisr/mlir-aie/programming_examples/basic/block_datatypes/matrix_multiplication/whole_array_mixed/..` -D CMAKE_C_COMPILER=gcc-13 -D CMAKE_CXX_COMPILER=g++-13 -DTARGET_NAME=whole_array -Dhostsrc=/scratch/luisr/mlir-aie/programming_examples/basic/block_datatypes/matrix_multiplication/whole_array_mixed/../mixed_test.cpp
CMake Deprecation Warning at CMakeLists.txt:13 (cmake_minimum_required):
  Compatibility with CMake < 3.10 will be removed from a future version of
  CMake.

  Update the VERSION argument <min> value.  Or, use the <min>...<max> syntax
  to tell CMake that the project requires at least <min> but has been updated
  to work with policies introduced by <max> or earlier.


-- The C compiler identification is GNU 13.3.0
-- The CXX compiler identification is GNU 13.3.0
-- Detecting C compiler ABI info
-- Detecting C compiler ABI info - done
-- Check for working C compiler: /usr/bin/gcc-13 - skipped
-- Detecting C compile features
-- Detecting C compile features - done
-- Detecting CXX compiler ABI info
-- Detecting CXX compiler ABI info - done
-- Check for working CXX compiler: /usr/bin/g++-13 - skipped
-- Detecting CXX compile features
-- Detecting CXX compile features - done
-- Configuring done (0.3s)
-- Generating done (0.0s)
-- Build files have been written to: /scratch/luisr/mlir-aie/programming_examples/basic/block_datatypes/matrix_multiplication/whole_array_mixed/_build
cd _build &&  cmake --build . --config Release
gmake[1]: Entering directory '/scratch/luisr/mlir-aie/programming_examples/basic/block_datatypes/matrix_multiplication/whole_array_mixed/_build'
gmake[2]: Entering directory '/scratch/luisr/mlir-aie/programming_examples/basic/block_datatypes/matrix_multiplication/whole_array_mixed/_build'
gmake[3]: Entering directory '/scratch/luisr/mlir-aie/programming_examples/basic/block_datatypes/matrix_multiplication/whole_array_mixed/_build'
gmake[3]: Leaving directory '/scratch/luisr/mlir-aie/programming_examples/basic/block_datatypes/matrix_multiplication/whole_array_mixed/_build'
gmake[3]: Entering directory '/scratch/luisr/mlir-aie/programming_examples/basic/block_datatypes/matrix_multiplication/whole_array_mixed/_build'
[ 33%] Building CXX object CMakeFiles/whole_array.dir/mixed_test.cpp.o
[ 66%] Building CXX object CMakeFiles/whole_array.dir/scratch/luisr/mlir-aie/runtime_lib/test_lib/test_utils.cpp.o
[100%] Linking CXX executable whole_array
gmake[3]: Leaving directory '/scratch/luisr/mlir-aie/programming_examples/basic/block_datatypes/matrix_multiplication/whole_array_mixed/_build'
[100%] Built target whole_array
gmake[2]: Leaving directory '/scratch/luisr/mlir-aie/programming_examples/basic/block_datatypes/matrix_multiplication/whole_array_mixed/_build'
gmake[1]: Leaving directory '/scratch/luisr/mlir-aie/programming_examples/basic/block_datatypes/matrix_multiplication/whole_array_mixed/_build'
cp _build/whole_array whole_array.exe 
mkdir -p build
python3 /scratch/luisr/mlir-aie/programming_examples/basic/block_datatypes/matrix_multiplication/whole_array_mixed/whole_array.py -m 80 -k 128 -n 32 -M 640 -K 6144 -N 1024 > build/aie_640x6144x1024_80x128x32.mlir
mkdir -p build
cd build && xchesscc_wrapper aie2p -I /proj/xbuilds/2024.2_INT_1113_1001/installs/all_platforms/Vitis/2024.2/aietools/include  -DDIM_M=80 -DDIM_K=128 -DDIM_N=32 -c /scratch/luisr/mlir-aie/programming_examples/basic/block_datatypes/matrix_multiplication/whole_array_mixed/../mm2.cc -o mm_80x128x32.o
WARNING: Default location for XILINX_VIVADO_IP_OVERRIDE not found: /build/xfndry/IP_2024.2_INTEGRATION_VERIFIED/customer/vivado/data/ip
mkdir -p build
cd build && aiecc.py --alloc-scheme= --aie-generate-xclbin --no-compile-host --xclbin-name=final_640x6144x1024_80x128x32.xclbin \
			 --dynamic-objFifos \
			--aie-generate-npu-insts --npu-insts-name=insts_640x6144x1024_80x128x32.txt ../build/aie_640x6144x1024_80x128x32.mlir

Generating: /scratch/luisr/mlir-aie/programming_examples/basic/block_datatypes/matrix_multiplication/whole_array_mixed/build/aie_640x6144x1024_80x128x32.mlir.prj/aie_cdo_elfs.bin
Generating: /scratch/luisr/mlir-aie/programming_examples/basic/block_datatypes/matrix_multiplication/whole_array_mixed/build/aie_640x6144x1024_80x128x32.mlir.prj/aie_cdo_init.bin
Generating: /scratch/luisr/mlir-aie/programming_examples/basic/block_datatypes/matrix_multiplication/whole_array_mixed/build/aie_640x6144x1024_80x128x32.mlir.prj/aie_cdo_enable.bin
export XRT_HACK_UNSECURE_LOADING_XCLBIN=1 && \
 ./whole_array.exe -x build/final_640x6144x1024_80x128x32.xclbin -i build/insts_640x6144x1024_80x128x32.txt -k MLIR_AIE -M 640 -K 6144 -N 1024 -w 80 -y 128 -z 32 --iters 40 --warmup 10 --verify 0

Avg NPU matmul time: 3000.7us.
Avg NPU gflops: 2683.73

Min NPU matmul time: 2787us.
Max NPU gflops: 2889.51

Max NPU matmul time: 3347us.
Min NPU gflops: 2406.05

Shuffle time: 29586us.

PASS!

rm -rf build _build whole_array.exe
rm -rf _build
mkdir -p _build
cd _build &&  cmake -E env CXXFLAGS="-std=c++23 -ggdb -DDTYPE_IN= -DDTYPE_OUT= -DDTYPE_ACC=" \
	cmake `echo /scratch/luisr/mlir-aie/programming_examples/basic/block_datatypes/matrix_multiplication/whole_array_mixed/..` -D CMAKE_C_COMPILER=gcc-13 -D CMAKE_CXX_COMPILER=g++-13 -DTARGET_NAME=whole_array -Dhostsrc=/scratch/luisr/mlir-aie/programming_examples/basic/block_datatypes/matrix_multiplication/whole_array_mixed/../mixed_test.cpp
CMake Deprecation Warning at CMakeLists.txt:13 (cmake_minimum_required):
  Compatibility with CMake < 3.10 will be removed from a future version of
  CMake.

  Update the VERSION argument <min> value.  Or, use the <min>...<max> syntax
  to tell CMake that the project requires at least <min> but has been updated
  to work with policies introduced by <max> or earlier.


-- The C compiler identification is GNU 13.3.0
-- The CXX compiler identification is GNU 13.3.0
-- Detecting C compiler ABI info
-- Detecting C compiler ABI info - done
-- Check for working C compiler: /usr/bin/gcc-13 - skipped
-- Detecting C compile features
-- Detecting C compile features - done
-- Detecting CXX compiler ABI info
-- Detecting CXX compiler ABI info - done
-- Check for working CXX compiler: /usr/bin/g++-13 - skipped
-- Detecting CXX compile features
-- Detecting CXX compile features - done
-- Configuring done (0.3s)
-- Generating done (0.0s)
-- Build files have been written to: /scratch/luisr/mlir-aie/programming_examples/basic/block_datatypes/matrix_multiplication/whole_array_mixed/_build
cd _build &&  cmake --build . --config Release
gmake[1]: Entering directory '/scratch/luisr/mlir-aie/programming_examples/basic/block_datatypes/matrix_multiplication/whole_array_mixed/_build'
gmake[2]: Entering directory '/scratch/luisr/mlir-aie/programming_examples/basic/block_datatypes/matrix_multiplication/whole_array_mixed/_build'
gmake[3]: Entering directory '/scratch/luisr/mlir-aie/programming_examples/basic/block_datatypes/matrix_multiplication/whole_array_mixed/_build'
gmake[3]: Leaving directory '/scratch/luisr/mlir-aie/programming_examples/basic/block_datatypes/matrix_multiplication/whole_array_mixed/_build'
gmake[3]: Entering directory '/scratch/luisr/mlir-aie/programming_examples/basic/block_datatypes/matrix_multiplication/whole_array_mixed/_build'
[ 33%] Building CXX object CMakeFiles/whole_array.dir/mixed_test.cpp.o
[ 66%] Building CXX object CMakeFiles/whole_array.dir/scratch/luisr/mlir-aie/runtime_lib/test_lib/test_utils.cpp.o
[100%] Linking CXX executable whole_array
gmake[3]: Leaving directory '/scratch/luisr/mlir-aie/programming_examples/basic/block_datatypes/matrix_multiplication/whole_array_mixed/_build'
[100%] Built target whole_array
gmake[2]: Leaving directory '/scratch/luisr/mlir-aie/programming_examples/basic/block_datatypes/matrix_multiplication/whole_array_mixed/_build'
gmake[1]: Leaving directory '/scratch/luisr/mlir-aie/programming_examples/basic/block_datatypes/matrix_multiplication/whole_array_mixed/_build'
cp _build/whole_array whole_array.exe 
mkdir -p build
python3 /scratch/luisr/mlir-aie/programming_examples/basic/block_datatypes/matrix_multiplication/whole_array_mixed/whole_array.py -m 80 -k 128 -n 32 -M 640 -K 6144 -N 4096 > build/aie_640x6144x4096_80x128x32.mlir
mkdir -p build
cd build && xchesscc_wrapper aie2p -I /proj/xbuilds/2024.2_INT_1113_1001/installs/all_platforms/Vitis/2024.2/aietools/include  -DDIM_M=80 -DDIM_K=128 -DDIM_N=32 -c /scratch/luisr/mlir-aie/programming_examples/basic/block_datatypes/matrix_multiplication/whole_array_mixed/../mm2.cc -o mm_80x128x32.o
WARNING: Default location for XILINX_VIVADO_IP_OVERRIDE not found: /build/xfndry/IP_2024.2_INTEGRATION_VERIFIED/customer/vivado/data/ip
mkdir -p build
cd build && aiecc.py --alloc-scheme= --aie-generate-xclbin --no-compile-host --xclbin-name=final_640x6144x4096_80x128x32.xclbin \
			 --dynamic-objFifos \
			--aie-generate-npu-insts --npu-insts-name=insts_640x6144x4096_80x128x32.txt ../build/aie_640x6144x4096_80x128x32.mlir

Generating: /scratch/luisr/mlir-aie/programming_examples/basic/block_datatypes/matrix_multiplication/whole_array_mixed/build/aie_640x6144x4096_80x128x32.mlir.prj/aie_cdo_elfs.bin
Generating: /scratch/luisr/mlir-aie/programming_examples/basic/block_datatypes/matrix_multiplication/whole_array_mixed/build/aie_640x6144x4096_80x128x32.mlir.prj/aie_cdo_init.bin
Generating: /scratch/luisr/mlir-aie/programming_examples/basic/block_datatypes/matrix_multiplication/whole_array_mixed/build/aie_640x6144x4096_80x128x32.mlir.prj/aie_cdo_enable.bin
export XRT_HACK_UNSECURE_LOADING_XCLBIN=1 && \
 ./whole_array.exe -x build/final_640x6144x4096_80x128x32.xclbin -i build/insts_640x6144x4096_80x128x32.txt -k MLIR_AIE -M 640 -K 6144 -N 4096 -w 80 -y 128 -z 32 --iters 40 --warmup 10 --verify 0

Avg NPU matmul time: 11580.3us.
Avg NPU gflops: 2781.63

Min NPU matmul time: 11019us.
Max NPU gflops: 2923.34

Max NPU matmul time: 12273us.
Min NPU gflops: 2624.64

Shuffle time: 118100us.

PASS!

rm -rf build _build whole_array.exe
rm -rf _build
mkdir -p _build
cd _build &&  cmake -E env CXXFLAGS="-std=c++23 -ggdb -DDTYPE_IN= -DDTYPE_OUT= -DDTYPE_ACC=" \
	cmake `echo /scratch/luisr/mlir-aie/programming_examples/basic/block_datatypes/matrix_multiplication/whole_array_mixed/..` -D CMAKE_C_COMPILER=gcc-13 -D CMAKE_CXX_COMPILER=g++-13 -DTARGET_NAME=whole_array -Dhostsrc=/scratch/luisr/mlir-aie/programming_examples/basic/block_datatypes/matrix_multiplication/whole_array_mixed/../mixed_test.cpp
CMake Deprecation Warning at CMakeLists.txt:13 (cmake_minimum_required):
  Compatibility with CMake < 3.10 will be removed from a future version of
  CMake.

  Update the VERSION argument <min> value.  Or, use the <min>...<max> syntax
  to tell CMake that the project requires at least <min> but has been updated
  to work with policies introduced by <max> or earlier.


-- The C compiler identification is GNU 13.3.0
-- The CXX compiler identification is GNU 13.3.0
-- Detecting C compiler ABI info
-- Detecting C compiler ABI info - done
-- Check for working C compiler: /usr/bin/gcc-13 - skipped
-- Detecting C compile features
-- Detecting C compile features - done
-- Detecting CXX compiler ABI info
-- Detecting CXX compiler ABI info - done
-- Check for working CXX compiler: /usr/bin/g++-13 - skipped
-- Detecting CXX compile features
-- Detecting CXX compile features - done
-- Configuring done (0.3s)
-- Generating done (0.0s)
-- Build files have been written to: /scratch/luisr/mlir-aie/programming_examples/basic/block_datatypes/matrix_multiplication/whole_array_mixed/_build
cd _build &&  cmake --build . --config Release
gmake[1]: Entering directory '/scratch/luisr/mlir-aie/programming_examples/basic/block_datatypes/matrix_multiplication/whole_array_mixed/_build'
gmake[2]: Entering directory '/scratch/luisr/mlir-aie/programming_examples/basic/block_datatypes/matrix_multiplication/whole_array_mixed/_build'
gmake[3]: Entering directory '/scratch/luisr/mlir-aie/programming_examples/basic/block_datatypes/matrix_multiplication/whole_array_mixed/_build'
gmake[3]: Leaving directory '/scratch/luisr/mlir-aie/programming_examples/basic/block_datatypes/matrix_multiplication/whole_array_mixed/_build'
gmake[3]: Entering directory '/scratch/luisr/mlir-aie/programming_examples/basic/block_datatypes/matrix_multiplication/whole_array_mixed/_build'
[ 33%] Building CXX object CMakeFiles/whole_array.dir/mixed_test.cpp.o
[ 66%] Building CXX object CMakeFiles/whole_array.dir/scratch/luisr/mlir-aie/runtime_lib/test_lib/test_utils.cpp.o
[100%] Linking CXX executable whole_array
gmake[3]: Leaving directory '/scratch/luisr/mlir-aie/programming_examples/basic/block_datatypes/matrix_multiplication/whole_array_mixed/_build'
[100%] Built target whole_array
gmake[2]: Leaving directory '/scratch/luisr/mlir-aie/programming_examples/basic/block_datatypes/matrix_multiplication/whole_array_mixed/_build'
gmake[1]: Leaving directory '/scratch/luisr/mlir-aie/programming_examples/basic/block_datatypes/matrix_multiplication/whole_array_mixed/_build'
cp _build/whole_array whole_array.exe 
mkdir -p build
python3 /scratch/luisr/mlir-aie/programming_examples/basic/block_datatypes/matrix_multiplication/whole_array_mixed/whole_array.py -m 80 -k 128 -n 32 -M 640 -K 6144 -N 8192 > build/aie_640x6144x8192_80x128x32.mlir
mkdir -p build
cd build && xchesscc_wrapper aie2p -I /proj/xbuilds/2024.2_INT_1113_1001/installs/all_platforms/Vitis/2024.2/aietools/include  -DDIM_M=80 -DDIM_K=128 -DDIM_N=32 -c /scratch/luisr/mlir-aie/programming_examples/basic/block_datatypes/matrix_multiplication/whole_array_mixed/../mm2.cc -o mm_80x128x32.o
WARNING: Default location for XILINX_VIVADO_IP_OVERRIDE not found: /build/xfndry/IP_2024.2_INTEGRATION_VERIFIED/customer/vivado/data/ip
mkdir -p build
cd build && aiecc.py --alloc-scheme= --aie-generate-xclbin --no-compile-host --xclbin-name=final_640x6144x8192_80x128x32.xclbin \
			 --dynamic-objFifos \
			--aie-generate-npu-insts --npu-insts-name=insts_640x6144x8192_80x128x32.txt ../build/aie_640x6144x8192_80x128x32.mlir
Error running pass pipeline:  builtin.module(aie.device(aie-materialize-bd-chains,aie-substitute-shim-dma-allocations,aie-assign-runtime-sequence-bd-ids,aie-dma-tasks-to-npu,aie-dma-to-npu,aie-lower-set-lock)) Failure while executing pass pipeline:
error: "-":2411:9: 'aie.dma_bd' op Stride 3 exceeds the [1:1048576] range.
 note: "-":2411:9: see current operation: "aie.dma_bd"(%arg2) <{bd_id = 0 : i32, burst_length = 0 : i32, dimensions = #aie<bd_dim_layout_array[<size = 2, stride = 2621440>, <size = 64, stride = 128>, <size = 320, stride = 8192>, <size = 32, stride = 1>]>, len = 655360 : i32, offset = 0 : i32}> : (memref<5242880xbf16>) -> ()

Traceback (most recent call last):
  File "/scratch/luisr/mlir-aie/install/bin/aiecc.py", line 12, in <module>
    main()
  File "/scratch/luisr/mlir-aie/install/python/aie/compiler/aiecc/main.py", line 1476, in main
    run(module_str)
  File "/scratch/luisr/mlir-aie/install/python/aie/compiler/aiecc/main.py", line 1450, in run
    asyncio.run(runner.run_flow())
  File "/usr/lib/python3.12/asyncio/runners.py", line 194, in run
    return runner.run(main)
           ^^^^^^^^^^^^^^^^
  File "/usr/lib/python3.12/asyncio/runners.py", line 118, in run
    return self._loop.run_until_complete(task)
           ^^^^^^^^^^^^^^^^^^^^^^^^^^^^^^^^^^^
  File "/usr/lib/python3.12/asyncio/base_events.py", line 687, in run_until_complete
    return future.result()
           ^^^^^^^^^^^^^^^
  File "/scratch/luisr/mlir-aie/install/python/aie/compiler/aiecc/main.py", line 1248, in run_flow
    npu_insts_module = run_passes_module(
                       ^^^^^^^^^^^^^^^^^^
  File "/scratch/luisr/mlir-aie/install/python/aie/compiler/aiecc/main.py", line 347, in run_passes_module
    raise e
  File "/scratch/luisr/mlir-aie/install/python/aie/compiler/aiecc/main.py", line 344, in run_passes_module
    pm.run(mlir_module.operation)
aie._mlir_libs._site_initialize.<locals>.MLIRError: Failure while executing pass pipeline:
error: "-":2411:9: 'aie.dma_bd' op Stride 3 exceeds the [1:1048576] range.
 note: "-":2411:9: see current operation: "aie.dma_bd"(%arg2) <{bd_id = 0 : i32, burst_length = 0 : i32, dimensions = #aie<bd_dim_layout_array[<size = 2, stride = 2621440>, <size = 64, stride = 128>, <size = 320, stride = 8192>, <size = 32, stride = 1>]>, len = 655360 : i32, offset = 0 : i32}> : (memref<5242880xbf16>) -> ()
make: *** [/scratch/luisr/mlir-aie/programming_examples/basic/block_datatypes/matrix_multiplication/whole_array_mixed/../makefile_common:73: build/final_640x6144x8192_80x128x32.xclbin] Error 1
rm -rf build _build whole_array.exe
rm -rf _build
mkdir -p _build
cd _build &&  cmake -E env CXXFLAGS="-std=c++23 -ggdb -DDTYPE_IN= -DDTYPE_OUT= -DDTYPE_ACC=" \
	cmake `echo /scratch/luisr/mlir-aie/programming_examples/basic/block_datatypes/matrix_multiplication/whole_array_mixed/..` -D CMAKE_C_COMPILER=gcc-13 -D CMAKE_CXX_COMPILER=g++-13 -DTARGET_NAME=whole_array -Dhostsrc=/scratch/luisr/mlir-aie/programming_examples/basic/block_datatypes/matrix_multiplication/whole_array_mixed/../mixed_test.cpp
CMake Deprecation Warning at CMakeLists.txt:13 (cmake_minimum_required):
  Compatibility with CMake < 3.10 will be removed from a future version of
  CMake.

  Update the VERSION argument <min> value.  Or, use the <min>...<max> syntax
  to tell CMake that the project requires at least <min> but has been updated
  to work with policies introduced by <max> or earlier.


-- The C compiler identification is GNU 13.3.0
-- The CXX compiler identification is GNU 13.3.0
-- Detecting C compiler ABI info
-- Detecting C compiler ABI info - done
-- Check for working C compiler: /usr/bin/gcc-13 - skipped
-- Detecting C compile features
-- Detecting C compile features - done
-- Detecting CXX compiler ABI info
-- Detecting CXX compiler ABI info - done
-- Check for working CXX compiler: /usr/bin/g++-13 - skipped
-- Detecting CXX compile features
-- Detecting CXX compile features - done
-- Configuring done (0.2s)
-- Generating done (0.0s)
-- Build files have been written to: /scratch/luisr/mlir-aie/programming_examples/basic/block_datatypes/matrix_multiplication/whole_array_mixed/_build
cd _build &&  cmake --build . --config Release
gmake[1]: Entering directory '/scratch/luisr/mlir-aie/programming_examples/basic/block_datatypes/matrix_multiplication/whole_array_mixed/_build'
gmake[2]: Entering directory '/scratch/luisr/mlir-aie/programming_examples/basic/block_datatypes/matrix_multiplication/whole_array_mixed/_build'
gmake[3]: Entering directory '/scratch/luisr/mlir-aie/programming_examples/basic/block_datatypes/matrix_multiplication/whole_array_mixed/_build'
gmake[3]: Leaving directory '/scratch/luisr/mlir-aie/programming_examples/basic/block_datatypes/matrix_multiplication/whole_array_mixed/_build'
gmake[3]: Entering directory '/scratch/luisr/mlir-aie/programming_examples/basic/block_datatypes/matrix_multiplication/whole_array_mixed/_build'
[ 33%] Building CXX object CMakeFiles/whole_array.dir/mixed_test.cpp.o
[ 66%] Building CXX object CMakeFiles/whole_array.dir/scratch/luisr/mlir-aie/runtime_lib/test_lib/test_utils.cpp.o
[100%] Linking CXX executable whole_array
gmake[3]: Leaving directory '/scratch/luisr/mlir-aie/programming_examples/basic/block_datatypes/matrix_multiplication/whole_array_mixed/_build'
[100%] Built target whole_array
gmake[2]: Leaving directory '/scratch/luisr/mlir-aie/programming_examples/basic/block_datatypes/matrix_multiplication/whole_array_mixed/_build'
gmake[1]: Leaving directory '/scratch/luisr/mlir-aie/programming_examples/basic/block_datatypes/matrix_multiplication/whole_array_mixed/_build'
cp _build/whole_array whole_array.exe 
mkdir -p build
python3 /scratch/luisr/mlir-aie/programming_examples/basic/block_datatypes/matrix_multiplication/whole_array_mixed/whole_array.py -m 80 -k 128 -n 32 -M 1280 -K 512 -N 512 > build/aie_1280x512x512_80x128x32.mlir
mkdir -p build
cd build && xchesscc_wrapper aie2p -I /proj/xbuilds/2024.2_INT_1113_1001/installs/all_platforms/Vitis/2024.2/aietools/include  -DDIM_M=80 -DDIM_K=128 -DDIM_N=32 -c /scratch/luisr/mlir-aie/programming_examples/basic/block_datatypes/matrix_multiplication/whole_array_mixed/../mm2.cc -o mm_80x128x32.o
WARNING: Default location for XILINX_VIVADO_IP_OVERRIDE not found: /build/xfndry/IP_2024.2_INTEGRATION_VERIFIED/customer/vivado/data/ip
mkdir -p build
cd build && aiecc.py --alloc-scheme= --aie-generate-xclbin --no-compile-host --xclbin-name=final_1280x512x512_80x128x32.xclbin \
			 --dynamic-objFifos \
			--aie-generate-npu-insts --npu-insts-name=insts_1280x512x512_80x128x32.txt ../build/aie_1280x512x512_80x128x32.mlir

Generating: /scratch/luisr/mlir-aie/programming_examples/basic/block_datatypes/matrix_multiplication/whole_array_mixed/build/aie_1280x512x512_80x128x32.mlir.prj/aie_cdo_elfs.bin
Generating: /scratch/luisr/mlir-aie/programming_examples/basic/block_datatypes/matrix_multiplication/whole_array_mixed/build/aie_1280x512x512_80x128x32.mlir.prj/aie_cdo_init.bin
Generating: /scratch/luisr/mlir-aie/programming_examples/basic/block_datatypes/matrix_multiplication/whole_array_mixed/build/aie_1280x512x512_80x128x32.mlir.prj/aie_cdo_enable.bin
export XRT_HACK_UNSECURE_LOADING_XCLBIN=1 && \
 ./whole_array.exe -x build/final_1280x512x512_80x128x32.xclbin -i build/insts_1280x512x512_80x128x32.txt -k MLIR_AIE -M 1280 -K 512 -N 512 -w 80 -y 128 -z 32 --iters 40 --warmup 10 --verify 0

Avg NPU matmul time: 308.175us.
Avg NPU gflops: 2177.62

Min NPU matmul time: 300us.
Max NPU gflops: 2236.96

Max NPU matmul time: 331us.
Min NPU gflops: 2027.46

Shuffle time: 1106us.

PASS!

rm -rf build _build whole_array.exe
rm -rf _build
mkdir -p _build
cd _build &&  cmake -E env CXXFLAGS="-std=c++23 -ggdb -DDTYPE_IN= -DDTYPE_OUT= -DDTYPE_ACC=" \
	cmake `echo /scratch/luisr/mlir-aie/programming_examples/basic/block_datatypes/matrix_multiplication/whole_array_mixed/..` -D CMAKE_C_COMPILER=gcc-13 -D CMAKE_CXX_COMPILER=g++-13 -DTARGET_NAME=whole_array -Dhostsrc=/scratch/luisr/mlir-aie/programming_examples/basic/block_datatypes/matrix_multiplication/whole_array_mixed/../mixed_test.cpp
CMake Deprecation Warning at CMakeLists.txt:13 (cmake_minimum_required):
  Compatibility with CMake < 3.10 will be removed from a future version of
  CMake.

  Update the VERSION argument <min> value.  Or, use the <min>...<max> syntax
  to tell CMake that the project requires at least <min> but has been updated
  to work with policies introduced by <max> or earlier.


-- The C compiler identification is GNU 13.3.0
-- The CXX compiler identification is GNU 13.3.0
-- Detecting C compiler ABI info
-- Detecting C compiler ABI info - done
-- Check for working C compiler: /usr/bin/gcc-13 - skipped
-- Detecting C compile features
-- Detecting C compile features - done
-- Detecting CXX compiler ABI info
-- Detecting CXX compiler ABI info - done
-- Check for working CXX compiler: /usr/bin/g++-13 - skipped
-- Detecting CXX compile features
-- Detecting CXX compile features - done
-- Configuring done (0.2s)
-- Generating done (0.0s)
-- Build files have been written to: /scratch/luisr/mlir-aie/programming_examples/basic/block_datatypes/matrix_multiplication/whole_array_mixed/_build
cd _build &&  cmake --build . --config Release
gmake[1]: Entering directory '/scratch/luisr/mlir-aie/programming_examples/basic/block_datatypes/matrix_multiplication/whole_array_mixed/_build'
gmake[2]: Entering directory '/scratch/luisr/mlir-aie/programming_examples/basic/block_datatypes/matrix_multiplication/whole_array_mixed/_build'
gmake[3]: Entering directory '/scratch/luisr/mlir-aie/programming_examples/basic/block_datatypes/matrix_multiplication/whole_array_mixed/_build'
gmake[3]: Leaving directory '/scratch/luisr/mlir-aie/programming_examples/basic/block_datatypes/matrix_multiplication/whole_array_mixed/_build'
gmake[3]: Entering directory '/scratch/luisr/mlir-aie/programming_examples/basic/block_datatypes/matrix_multiplication/whole_array_mixed/_build'
[ 33%] Building CXX object CMakeFiles/whole_array.dir/mixed_test.cpp.o
[ 66%] Building CXX object CMakeFiles/whole_array.dir/scratch/luisr/mlir-aie/runtime_lib/test_lib/test_utils.cpp.o
[100%] Linking CXX executable whole_array
gmake[3]: Leaving directory '/scratch/luisr/mlir-aie/programming_examples/basic/block_datatypes/matrix_multiplication/whole_array_mixed/_build'
[100%] Built target whole_array
gmake[2]: Leaving directory '/scratch/luisr/mlir-aie/programming_examples/basic/block_datatypes/matrix_multiplication/whole_array_mixed/_build'
gmake[1]: Leaving directory '/scratch/luisr/mlir-aie/programming_examples/basic/block_datatypes/matrix_multiplication/whole_array_mixed/_build'
cp _build/whole_array whole_array.exe 
mkdir -p build
python3 /scratch/luisr/mlir-aie/programming_examples/basic/block_datatypes/matrix_multiplication/whole_array_mixed/whole_array.py -m 80 -k 128 -n 32 -M 1280 -K 512 -N 1024 > build/aie_1280x512x1024_80x128x32.mlir
mkdir -p build
cd build && xchesscc_wrapper aie2p -I /proj/xbuilds/2024.2_INT_1113_1001/installs/all_platforms/Vitis/2024.2/aietools/include  -DDIM_M=80 -DDIM_K=128 -DDIM_N=32 -c /scratch/luisr/mlir-aie/programming_examples/basic/block_datatypes/matrix_multiplication/whole_array_mixed/../mm2.cc -o mm_80x128x32.o
WARNING: Default location for XILINX_VIVADO_IP_OVERRIDE not found: /build/xfndry/IP_2024.2_INTEGRATION_VERIFIED/customer/vivado/data/ip
mkdir -p build
cd build && aiecc.py --alloc-scheme= --aie-generate-xclbin --no-compile-host --xclbin-name=final_1280x512x1024_80x128x32.xclbin \
			 --dynamic-objFifos \
			--aie-generate-npu-insts --npu-insts-name=insts_1280x512x1024_80x128x32.txt ../build/aie_1280x512x1024_80x128x32.mlir

Generating: /scratch/luisr/mlir-aie/programming_examples/basic/block_datatypes/matrix_multiplication/whole_array_mixed/build/aie_1280x512x1024_80x128x32.mlir.prj/aie_cdo_elfs.bin
Generating: /scratch/luisr/mlir-aie/programming_examples/basic/block_datatypes/matrix_multiplication/whole_array_mixed/build/aie_1280x512x1024_80x128x32.mlir.prj/aie_cdo_init.bin
Generating: /scratch/luisr/mlir-aie/programming_examples/basic/block_datatypes/matrix_multiplication/whole_array_mixed/build/aie_1280x512x1024_80x128x32.mlir.prj/aie_cdo_enable.bin
export XRT_HACK_UNSECURE_LOADING_XCLBIN=1 && \
 ./whole_array.exe -x build/final_1280x512x1024_80x128x32.xclbin -i build/insts_1280x512x1024_80x128x32.txt -k MLIR_AIE -M 1280 -K 512 -N 1024 -w 80 -y 128 -z 32 --iters 40 --warmup 10 --verify 0

Avg NPU matmul time: 571.175us.
Avg NPU gflops: 2349.85

Min NPU matmul time: 532us.
Max NPU gflops: 2522.89

Max NPU matmul time: 606us.
Min NPU gflops: 2214.81

Shuffle time: 2287us.

PASS!

rm -rf build _build whole_array.exe
rm -rf _build
mkdir -p _build
cd _build &&  cmake -E env CXXFLAGS="-std=c++23 -ggdb -DDTYPE_IN= -DDTYPE_OUT= -DDTYPE_ACC=" \
	cmake `echo /scratch/luisr/mlir-aie/programming_examples/basic/block_datatypes/matrix_multiplication/whole_array_mixed/..` -D CMAKE_C_COMPILER=gcc-13 -D CMAKE_CXX_COMPILER=g++-13 -DTARGET_NAME=whole_array -Dhostsrc=/scratch/luisr/mlir-aie/programming_examples/basic/block_datatypes/matrix_multiplication/whole_array_mixed/../mixed_test.cpp
CMake Deprecation Warning at CMakeLists.txt:13 (cmake_minimum_required):
  Compatibility with CMake < 3.10 will be removed from a future version of
  CMake.

  Update the VERSION argument <min> value.  Or, use the <min>...<max> syntax
  to tell CMake that the project requires at least <min> but has been updated
  to work with policies introduced by <max> or earlier.


-- The C compiler identification is GNU 13.3.0
-- The CXX compiler identification is GNU 13.3.0
-- Detecting C compiler ABI info
-- Detecting C compiler ABI info - done
-- Check for working C compiler: /usr/bin/gcc-13 - skipped
-- Detecting C compile features
-- Detecting C compile features - done
-- Detecting CXX compiler ABI info
-- Detecting CXX compiler ABI info - done
-- Check for working CXX compiler: /usr/bin/g++-13 - skipped
-- Detecting CXX compile features
-- Detecting CXX compile features - done
-- Configuring done (0.3s)
-- Generating done (0.0s)
-- Build files have been written to: /scratch/luisr/mlir-aie/programming_examples/basic/block_datatypes/matrix_multiplication/whole_array_mixed/_build
cd _build &&  cmake --build . --config Release
gmake[1]: Entering directory '/scratch/luisr/mlir-aie/programming_examples/basic/block_datatypes/matrix_multiplication/whole_array_mixed/_build'
gmake[2]: Entering directory '/scratch/luisr/mlir-aie/programming_examples/basic/block_datatypes/matrix_multiplication/whole_array_mixed/_build'
gmake[3]: Entering directory '/scratch/luisr/mlir-aie/programming_examples/basic/block_datatypes/matrix_multiplication/whole_array_mixed/_build'
gmake[3]: Leaving directory '/scratch/luisr/mlir-aie/programming_examples/basic/block_datatypes/matrix_multiplication/whole_array_mixed/_build'
gmake[3]: Entering directory '/scratch/luisr/mlir-aie/programming_examples/basic/block_datatypes/matrix_multiplication/whole_array_mixed/_build'
[ 33%] Building CXX object CMakeFiles/whole_array.dir/mixed_test.cpp.o
[ 66%] Building CXX object CMakeFiles/whole_array.dir/scratch/luisr/mlir-aie/runtime_lib/test_lib/test_utils.cpp.o
[100%] Linking CXX executable whole_array
gmake[3]: Leaving directory '/scratch/luisr/mlir-aie/programming_examples/basic/block_datatypes/matrix_multiplication/whole_array_mixed/_build'
[100%] Built target whole_array
gmake[2]: Leaving directory '/scratch/luisr/mlir-aie/programming_examples/basic/block_datatypes/matrix_multiplication/whole_array_mixed/_build'
gmake[1]: Leaving directory '/scratch/luisr/mlir-aie/programming_examples/basic/block_datatypes/matrix_multiplication/whole_array_mixed/_build'
cp _build/whole_array whole_array.exe 
mkdir -p build
python3 /scratch/luisr/mlir-aie/programming_examples/basic/block_datatypes/matrix_multiplication/whole_array_mixed/whole_array.py -m 80 -k 128 -n 32 -M 1280 -K 512 -N 4096 > build/aie_1280x512x4096_80x128x32.mlir
mkdir -p build
cd build && xchesscc_wrapper aie2p -I /proj/xbuilds/2024.2_INT_1113_1001/installs/all_platforms/Vitis/2024.2/aietools/include  -DDIM_M=80 -DDIM_K=128 -DDIM_N=32 -c /scratch/luisr/mlir-aie/programming_examples/basic/block_datatypes/matrix_multiplication/whole_array_mixed/../mm2.cc -o mm_80x128x32.o
WARNING: Default location for XILINX_VIVADO_IP_OVERRIDE not found: /build/xfndry/IP_2024.2_INTEGRATION_VERIFIED/customer/vivado/data/ip
mkdir -p build
cd build && aiecc.py --alloc-scheme= --aie-generate-xclbin --no-compile-host --xclbin-name=final_1280x512x4096_80x128x32.xclbin \
			 --dynamic-objFifos \
			--aie-generate-npu-insts --npu-insts-name=insts_1280x512x4096_80x128x32.txt ../build/aie_1280x512x4096_80x128x32.mlir

Generating: /scratch/luisr/mlir-aie/programming_examples/basic/block_datatypes/matrix_multiplication/whole_array_mixed/build/aie_1280x512x4096_80x128x32.mlir.prj/aie_cdo_elfs.bin
Generating: /scratch/luisr/mlir-aie/programming_examples/basic/block_datatypes/matrix_multiplication/whole_array_mixed/build/aie_1280x512x4096_80x128x32.mlir.prj/aie_cdo_init.bin
Generating: /scratch/luisr/mlir-aie/programming_examples/basic/block_datatypes/matrix_multiplication/whole_array_mixed/build/aie_1280x512x4096_80x128x32.mlir.prj/aie_cdo_enable.bin
export XRT_HACK_UNSECURE_LOADING_XCLBIN=1 && \
 ./whole_array.exe -x build/final_1280x512x4096_80x128x32.xclbin -i build/insts_1280x512x4096_80x128x32.txt -k MLIR_AIE -M 1280 -K 512 -N 4096 -w 80 -y 128 -z 32 --iters 40 --warmup 10 --verify 0

Avg NPU matmul time: 2229.62us.
Avg NPU gflops: 2407.9

Min NPU matmul time: 1970us.
Max NPU gflops: 2725.23

Max NPU matmul time: 2393us.
Min NPU gflops: 2243.51

Shuffle time: 8563us.

PASS!

rm -rf build _build whole_array.exe
rm -rf _build
mkdir -p _build
cd _build &&  cmake -E env CXXFLAGS="-std=c++23 -ggdb -DDTYPE_IN= -DDTYPE_OUT= -DDTYPE_ACC=" \
	cmake `echo /scratch/luisr/mlir-aie/programming_examples/basic/block_datatypes/matrix_multiplication/whole_array_mixed/..` -D CMAKE_C_COMPILER=gcc-13 -D CMAKE_CXX_COMPILER=g++-13 -DTARGET_NAME=whole_array -Dhostsrc=/scratch/luisr/mlir-aie/programming_examples/basic/block_datatypes/matrix_multiplication/whole_array_mixed/../mixed_test.cpp
CMake Deprecation Warning at CMakeLists.txt:13 (cmake_minimum_required):
  Compatibility with CMake < 3.10 will be removed from a future version of
  CMake.

  Update the VERSION argument <min> value.  Or, use the <min>...<max> syntax
  to tell CMake that the project requires at least <min> but has been updated
  to work with policies introduced by <max> or earlier.


-- The C compiler identification is GNU 13.3.0
-- The CXX compiler identification is GNU 13.3.0
-- Detecting C compiler ABI info
-- Detecting C compiler ABI info - done
-- Check for working C compiler: /usr/bin/gcc-13 - skipped
-- Detecting C compile features
-- Detecting C compile features - done
-- Detecting CXX compiler ABI info
-- Detecting CXX compiler ABI info - done
-- Check for working CXX compiler: /usr/bin/g++-13 - skipped
-- Detecting CXX compile features
-- Detecting CXX compile features - done
-- Configuring done (0.3s)
-- Generating done (0.0s)
-- Build files have been written to: /scratch/luisr/mlir-aie/programming_examples/basic/block_datatypes/matrix_multiplication/whole_array_mixed/_build
cd _build &&  cmake --build . --config Release
gmake[1]: Entering directory '/scratch/luisr/mlir-aie/programming_examples/basic/block_datatypes/matrix_multiplication/whole_array_mixed/_build'
gmake[2]: Entering directory '/scratch/luisr/mlir-aie/programming_examples/basic/block_datatypes/matrix_multiplication/whole_array_mixed/_build'
gmake[3]: Entering directory '/scratch/luisr/mlir-aie/programming_examples/basic/block_datatypes/matrix_multiplication/whole_array_mixed/_build'
gmake[3]: Leaving directory '/scratch/luisr/mlir-aie/programming_examples/basic/block_datatypes/matrix_multiplication/whole_array_mixed/_build'
gmake[3]: Entering directory '/scratch/luisr/mlir-aie/programming_examples/basic/block_datatypes/matrix_multiplication/whole_array_mixed/_build'
[ 33%] Building CXX object CMakeFiles/whole_array.dir/mixed_test.cpp.o
[ 66%] Building CXX object CMakeFiles/whole_array.dir/scratch/luisr/mlir-aie/runtime_lib/test_lib/test_utils.cpp.o
[100%] Linking CXX executable whole_array
gmake[3]: Leaving directory '/scratch/luisr/mlir-aie/programming_examples/basic/block_datatypes/matrix_multiplication/whole_array_mixed/_build'
[100%] Built target whole_array
gmake[2]: Leaving directory '/scratch/luisr/mlir-aie/programming_examples/basic/block_datatypes/matrix_multiplication/whole_array_mixed/_build'
gmake[1]: Leaving directory '/scratch/luisr/mlir-aie/programming_examples/basic/block_datatypes/matrix_multiplication/whole_array_mixed/_build'
cp _build/whole_array whole_array.exe 
mkdir -p build
python3 /scratch/luisr/mlir-aie/programming_examples/basic/block_datatypes/matrix_multiplication/whole_array_mixed/whole_array.py -m 80 -k 128 -n 32 -M 1280 -K 512 -N 8192 > build/aie_1280x512x8192_80x128x32.mlir
mkdir -p build
cd build && xchesscc_wrapper aie2p -I /proj/xbuilds/2024.2_INT_1113_1001/installs/all_platforms/Vitis/2024.2/aietools/include  -DDIM_M=80 -DDIM_K=128 -DDIM_N=32 -c /scratch/luisr/mlir-aie/programming_examples/basic/block_datatypes/matrix_multiplication/whole_array_mixed/../mm2.cc -o mm_80x128x32.o
WARNING: Default location for XILINX_VIVADO_IP_OVERRIDE not found: /build/xfndry/IP_2024.2_INTEGRATION_VERIFIED/customer/vivado/data/ip
mkdir -p build
cd build && aiecc.py --alloc-scheme= --aie-generate-xclbin --no-compile-host --xclbin-name=final_1280x512x8192_80x128x32.xclbin \
			 --dynamic-objFifos \
			--aie-generate-npu-insts --npu-insts-name=insts_1280x512x8192_80x128x32.txt ../build/aie_1280x512x8192_80x128x32.mlir
Error running pass pipeline:  builtin.module(aie.device(aie-materialize-bd-chains,aie-substitute-shim-dma-allocations,aie-assign-runtime-sequence-bd-ids,aie-dma-tasks-to-npu,aie-dma-to-npu,aie-lower-set-lock)) Failure while executing pass pipeline:
error: "-":2411:9: 'aie.dma_bd' op Stride 3 exceeds the [1:1048576] range.
 note: "-":2411:9: see current operation: "aie.dma_bd"(%arg2) <{bd_id = 0 : i32, burst_length = 0 : i32, dimensions = #aie<bd_dim_layout_array[<size = 2, stride = 2621440>, <size = 64, stride = 128>, <size = 320, stride = 8192>, <size = 32, stride = 1>]>, len = 655360 : i32, offset = 0 : i32}> : (memref<10485760xbf16>) -> ()

Traceback (most recent call last):
  File "/scratch/luisr/mlir-aie/install/bin/aiecc.py", line 12, in <module>
    main()
  File "/scratch/luisr/mlir-aie/install/python/aie/compiler/aiecc/main.py", line 1476, in main
    run(module_str)
  File "/scratch/luisr/mlir-aie/install/python/aie/compiler/aiecc/main.py", line 1450, in run
    asyncio.run(runner.run_flow())
  File "/usr/lib/python3.12/asyncio/runners.py", line 194, in run
    return runner.run(main)
           ^^^^^^^^^^^^^^^^
  File "/usr/lib/python3.12/asyncio/runners.py", line 118, in run
    return self._loop.run_until_complete(task)
           ^^^^^^^^^^^^^^^^^^^^^^^^^^^^^^^^^^^
  File "/usr/lib/python3.12/asyncio/base_events.py", line 687, in run_until_complete
    return future.result()
           ^^^^^^^^^^^^^^^
  File "/scratch/luisr/mlir-aie/install/python/aie/compiler/aiecc/main.py", line 1248, in run_flow
    npu_insts_module = run_passes_module(
                       ^^^^^^^^^^^^^^^^^^
  File "/scratch/luisr/mlir-aie/install/python/aie/compiler/aiecc/main.py", line 347, in run_passes_module
    raise e
  File "/scratch/luisr/mlir-aie/install/python/aie/compiler/aiecc/main.py", line 344, in run_passes_module
    pm.run(mlir_module.operation)
aie._mlir_libs._site_initialize.<locals>.MLIRError: Failure while executing pass pipeline:
error: "-":2411:9: 'aie.dma_bd' op Stride 3 exceeds the [1:1048576] range.
 note: "-":2411:9: see current operation: "aie.dma_bd"(%arg2) <{bd_id = 0 : i32, burst_length = 0 : i32, dimensions = #aie<bd_dim_layout_array[<size = 2, stride = 2621440>, <size = 64, stride = 128>, <size = 320, stride = 8192>, <size = 32, stride = 1>]>, len = 655360 : i32, offset = 0 : i32}> : (memref<10485760xbf16>) -> ()
make: *** [/scratch/luisr/mlir-aie/programming_examples/basic/block_datatypes/matrix_multiplication/whole_array_mixed/../makefile_common:73: build/final_1280x512x8192_80x128x32.xclbin] Error 1
rm -rf build _build whole_array.exe
rm -rf _build
mkdir -p _build
cd _build &&  cmake -E env CXXFLAGS="-std=c++23 -ggdb -DDTYPE_IN= -DDTYPE_OUT= -DDTYPE_ACC=" \
	cmake `echo /scratch/luisr/mlir-aie/programming_examples/basic/block_datatypes/matrix_multiplication/whole_array_mixed/..` -D CMAKE_C_COMPILER=gcc-13 -D CMAKE_CXX_COMPILER=g++-13 -DTARGET_NAME=whole_array -Dhostsrc=/scratch/luisr/mlir-aie/programming_examples/basic/block_datatypes/matrix_multiplication/whole_array_mixed/../mixed_test.cpp
CMake Deprecation Warning at CMakeLists.txt:13 (cmake_minimum_required):
  Compatibility with CMake < 3.10 will be removed from a future version of
  CMake.

  Update the VERSION argument <min> value.  Or, use the <min>...<max> syntax
  to tell CMake that the project requires at least <min> but has been updated
  to work with policies introduced by <max> or earlier.


-- The C compiler identification is GNU 13.3.0
-- The CXX compiler identification is GNU 13.3.0
-- Detecting C compiler ABI info
-- Detecting C compiler ABI info - done
-- Check for working C compiler: /usr/bin/gcc-13 - skipped
-- Detecting C compile features
-- Detecting C compile features - done
-- Detecting CXX compiler ABI info
-- Detecting CXX compiler ABI info - done
-- Check for working CXX compiler: /usr/bin/g++-13 - skipped
-- Detecting CXX compile features
-- Detecting CXX compile features - done
-- Configuring done (0.3s)
-- Generating done (0.0s)
-- Build files have been written to: /scratch/luisr/mlir-aie/programming_examples/basic/block_datatypes/matrix_multiplication/whole_array_mixed/_build
cd _build &&  cmake --build . --config Release
gmake[1]: Entering directory '/scratch/luisr/mlir-aie/programming_examples/basic/block_datatypes/matrix_multiplication/whole_array_mixed/_build'
gmake[2]: Entering directory '/scratch/luisr/mlir-aie/programming_examples/basic/block_datatypes/matrix_multiplication/whole_array_mixed/_build'
gmake[3]: Entering directory '/scratch/luisr/mlir-aie/programming_examples/basic/block_datatypes/matrix_multiplication/whole_array_mixed/_build'
gmake[3]: Leaving directory '/scratch/luisr/mlir-aie/programming_examples/basic/block_datatypes/matrix_multiplication/whole_array_mixed/_build'
gmake[3]: Entering directory '/scratch/luisr/mlir-aie/programming_examples/basic/block_datatypes/matrix_multiplication/whole_array_mixed/_build'
[ 33%] Building CXX object CMakeFiles/whole_array.dir/mixed_test.cpp.o
[ 66%] Building CXX object CMakeFiles/whole_array.dir/scratch/luisr/mlir-aie/runtime_lib/test_lib/test_utils.cpp.o
[100%] Linking CXX executable whole_array
gmake[3]: Leaving directory '/scratch/luisr/mlir-aie/programming_examples/basic/block_datatypes/matrix_multiplication/whole_array_mixed/_build'
[100%] Built target whole_array
gmake[2]: Leaving directory '/scratch/luisr/mlir-aie/programming_examples/basic/block_datatypes/matrix_multiplication/whole_array_mixed/_build'
gmake[1]: Leaving directory '/scratch/luisr/mlir-aie/programming_examples/basic/block_datatypes/matrix_multiplication/whole_array_mixed/_build'
cp _build/whole_array whole_array.exe 
mkdir -p build
python3 /scratch/luisr/mlir-aie/programming_examples/basic/block_datatypes/matrix_multiplication/whole_array_mixed/whole_array.py -m 80 -k 128 -n 32 -M 1280 -K 1024 -N 512 > build/aie_1280x1024x512_80x128x32.mlir
mkdir -p build
cd build && xchesscc_wrapper aie2p -I /proj/xbuilds/2024.2_INT_1113_1001/installs/all_platforms/Vitis/2024.2/aietools/include  -DDIM_M=80 -DDIM_K=128 -DDIM_N=32 -c /scratch/luisr/mlir-aie/programming_examples/basic/block_datatypes/matrix_multiplication/whole_array_mixed/../mm2.cc -o mm_80x128x32.o
WARNING: Default location for XILINX_VIVADO_IP_OVERRIDE not found: /build/xfndry/IP_2024.2_INTEGRATION_VERIFIED/customer/vivado/data/ip
mkdir -p build
cd build && aiecc.py --alloc-scheme= --aie-generate-xclbin --no-compile-host --xclbin-name=final_1280x1024x512_80x128x32.xclbin \
			 --dynamic-objFifos \
			--aie-generate-npu-insts --npu-insts-name=insts_1280x1024x512_80x128x32.txt ../build/aie_1280x1024x512_80x128x32.mlir

Generating: /scratch/luisr/mlir-aie/programming_examples/basic/block_datatypes/matrix_multiplication/whole_array_mixed/build/aie_1280x1024x512_80x128x32.mlir.prj/aie_cdo_elfs.bin
Generating: /scratch/luisr/mlir-aie/programming_examples/basic/block_datatypes/matrix_multiplication/whole_array_mixed/build/aie_1280x1024x512_80x128x32.mlir.prj/aie_cdo_init.bin
Generating: /scratch/luisr/mlir-aie/programming_examples/basic/block_datatypes/matrix_multiplication/whole_array_mixed/build/aie_1280x1024x512_80x128x32.mlir.prj/aie_cdo_enable.bin
export XRT_HACK_UNSECURE_LOADING_XCLBIN=1 && \
 ./whole_array.exe -x build/final_1280x1024x512_80x128x32.xclbin -i build/insts_1280x1024x512_80x128x32.txt -k MLIR_AIE -M 1280 -K 1024 -N 512 -w 80 -y 128 -z 32 --iters 40 --warmup 10 --verify 0

Avg NPU matmul time: 552.55us.
Avg NPU gflops: 2429.06

Min NPU matmul time: 522us.
Max NPU gflops: 2571.22

Max NPU matmul time: 571us.
Min NPU gflops: 2350.57

Shuffle time: 2337us.

PASS!

rm -rf build _build whole_array.exe
rm -rf _build
mkdir -p _build
cd _build &&  cmake -E env CXXFLAGS="-std=c++23 -ggdb -DDTYPE_IN= -DDTYPE_OUT= -DDTYPE_ACC=" \
	cmake `echo /scratch/luisr/mlir-aie/programming_examples/basic/block_datatypes/matrix_multiplication/whole_array_mixed/..` -D CMAKE_C_COMPILER=gcc-13 -D CMAKE_CXX_COMPILER=g++-13 -DTARGET_NAME=whole_array -Dhostsrc=/scratch/luisr/mlir-aie/programming_examples/basic/block_datatypes/matrix_multiplication/whole_array_mixed/../mixed_test.cpp
CMake Deprecation Warning at CMakeLists.txt:13 (cmake_minimum_required):
  Compatibility with CMake < 3.10 will be removed from a future version of
  CMake.

  Update the VERSION argument <min> value.  Or, use the <min>...<max> syntax
  to tell CMake that the project requires at least <min> but has been updated
  to work with policies introduced by <max> or earlier.


-- The C compiler identification is GNU 13.3.0
-- The CXX compiler identification is GNU 13.3.0
-- Detecting C compiler ABI info
-- Detecting C compiler ABI info - done
-- Check for working C compiler: /usr/bin/gcc-13 - skipped
-- Detecting C compile features
-- Detecting C compile features - done
-- Detecting CXX compiler ABI info
-- Detecting CXX compiler ABI info - done
-- Check for working CXX compiler: /usr/bin/g++-13 - skipped
-- Detecting CXX compile features
-- Detecting CXX compile features - done
-- Configuring done (0.3s)
-- Generating done (0.0s)
-- Build files have been written to: /scratch/luisr/mlir-aie/programming_examples/basic/block_datatypes/matrix_multiplication/whole_array_mixed/_build
cd _build &&  cmake --build . --config Release
gmake[1]: Entering directory '/scratch/luisr/mlir-aie/programming_examples/basic/block_datatypes/matrix_multiplication/whole_array_mixed/_build'
gmake[2]: Entering directory '/scratch/luisr/mlir-aie/programming_examples/basic/block_datatypes/matrix_multiplication/whole_array_mixed/_build'
gmake[3]: Entering directory '/scratch/luisr/mlir-aie/programming_examples/basic/block_datatypes/matrix_multiplication/whole_array_mixed/_build'
gmake[3]: Leaving directory '/scratch/luisr/mlir-aie/programming_examples/basic/block_datatypes/matrix_multiplication/whole_array_mixed/_build'
gmake[3]: Entering directory '/scratch/luisr/mlir-aie/programming_examples/basic/block_datatypes/matrix_multiplication/whole_array_mixed/_build'
[ 33%] Building CXX object CMakeFiles/whole_array.dir/mixed_test.cpp.o
[ 66%] Building CXX object CMakeFiles/whole_array.dir/scratch/luisr/mlir-aie/runtime_lib/test_lib/test_utils.cpp.o
[100%] Linking CXX executable whole_array
gmake[3]: Leaving directory '/scratch/luisr/mlir-aie/programming_examples/basic/block_datatypes/matrix_multiplication/whole_array_mixed/_build'
[100%] Built target whole_array
gmake[2]: Leaving directory '/scratch/luisr/mlir-aie/programming_examples/basic/block_datatypes/matrix_multiplication/whole_array_mixed/_build'
gmake[1]: Leaving directory '/scratch/luisr/mlir-aie/programming_examples/basic/block_datatypes/matrix_multiplication/whole_array_mixed/_build'
cp _build/whole_array whole_array.exe 
mkdir -p build
python3 /scratch/luisr/mlir-aie/programming_examples/basic/block_datatypes/matrix_multiplication/whole_array_mixed/whole_array.py -m 80 -k 128 -n 32 -M 1280 -K 1024 -N 1024 > build/aie_1280x1024x1024_80x128x32.mlir
mkdir -p build
cd build && xchesscc_wrapper aie2p -I /proj/xbuilds/2024.2_INT_1113_1001/installs/all_platforms/Vitis/2024.2/aietools/include  -DDIM_M=80 -DDIM_K=128 -DDIM_N=32 -c /scratch/luisr/mlir-aie/programming_examples/basic/block_datatypes/matrix_multiplication/whole_array_mixed/../mm2.cc -o mm_80x128x32.o
WARNING: Default location for XILINX_VIVADO_IP_OVERRIDE not found: /build/xfndry/IP_2024.2_INTEGRATION_VERIFIED/customer/vivado/data/ip
mkdir -p build
cd build && aiecc.py --alloc-scheme= --aie-generate-xclbin --no-compile-host --xclbin-name=final_1280x1024x1024_80x128x32.xclbin \
			 --dynamic-objFifos \
			--aie-generate-npu-insts --npu-insts-name=insts_1280x1024x1024_80x128x32.txt ../build/aie_1280x1024x1024_80x128x32.mlir

Generating: /scratch/luisr/mlir-aie/programming_examples/basic/block_datatypes/matrix_multiplication/whole_array_mixed/build/aie_1280x1024x1024_80x128x32.mlir.prj/aie_cdo_elfs.bin
Generating: /scratch/luisr/mlir-aie/programming_examples/basic/block_datatypes/matrix_multiplication/whole_array_mixed/build/aie_1280x1024x1024_80x128x32.mlir.prj/aie_cdo_init.bin
Generating: /scratch/luisr/mlir-aie/programming_examples/basic/block_datatypes/matrix_multiplication/whole_array_mixed/build/aie_1280x1024x1024_80x128x32.mlir.prj/aie_cdo_enable.bin
export XRT_HACK_UNSECURE_LOADING_XCLBIN=1 && \
 ./whole_array.exe -x build/final_1280x1024x1024_80x128x32.xclbin -i build/insts_1280x1024x1024_80x128x32.txt -k MLIR_AIE -M 1280 -K 1024 -N 1024 -w 80 -y 128 -z 32 --iters 40 --warmup 10 --verify 0

Avg NPU matmul time: 1234.07us.
Avg NPU gflops: 2175.2

Min NPU matmul time: 996us.
Max NPU gflops: 2695.14

Max NPU matmul time: 1664us.
Min NPU gflops: 1613.19

Shuffle time: 4438us.

PASS!

rm -rf build _build whole_array.exe
rm -rf _build
mkdir -p _build
cd _build &&  cmake -E env CXXFLAGS="-std=c++23 -ggdb -DDTYPE_IN= -DDTYPE_OUT= -DDTYPE_ACC=" \
	cmake `echo /scratch/luisr/mlir-aie/programming_examples/basic/block_datatypes/matrix_multiplication/whole_array_mixed/..` -D CMAKE_C_COMPILER=gcc-13 -D CMAKE_CXX_COMPILER=g++-13 -DTARGET_NAME=whole_array -Dhostsrc=/scratch/luisr/mlir-aie/programming_examples/basic/block_datatypes/matrix_multiplication/whole_array_mixed/../mixed_test.cpp
CMake Deprecation Warning at CMakeLists.txt:13 (cmake_minimum_required):
  Compatibility with CMake < 3.10 will be removed from a future version of
  CMake.

  Update the VERSION argument <min> value.  Or, use the <min>...<max> syntax
  to tell CMake that the project requires at least <min> but has been updated
  to work with policies introduced by <max> or earlier.


-- The C compiler identification is GNU 13.3.0
-- The CXX compiler identification is GNU 13.3.0
-- Detecting C compiler ABI info
-- Detecting C compiler ABI info - done
-- Check for working C compiler: /usr/bin/gcc-13 - skipped
-- Detecting C compile features
-- Detecting C compile features - done
-- Detecting CXX compiler ABI info
-- Detecting CXX compiler ABI info - done
-- Check for working CXX compiler: /usr/bin/g++-13 - skipped
-- Detecting CXX compile features
-- Detecting CXX compile features - done
-- Configuring done (0.2s)
-- Generating done (0.0s)
-- Build files have been written to: /scratch/luisr/mlir-aie/programming_examples/basic/block_datatypes/matrix_multiplication/whole_array_mixed/_build
cd _build &&  cmake --build . --config Release
gmake[1]: Entering directory '/scratch/luisr/mlir-aie/programming_examples/basic/block_datatypes/matrix_multiplication/whole_array_mixed/_build'
gmake[2]: Entering directory '/scratch/luisr/mlir-aie/programming_examples/basic/block_datatypes/matrix_multiplication/whole_array_mixed/_build'
gmake[3]: Entering directory '/scratch/luisr/mlir-aie/programming_examples/basic/block_datatypes/matrix_multiplication/whole_array_mixed/_build'
gmake[3]: Leaving directory '/scratch/luisr/mlir-aie/programming_examples/basic/block_datatypes/matrix_multiplication/whole_array_mixed/_build'
gmake[3]: Entering directory '/scratch/luisr/mlir-aie/programming_examples/basic/block_datatypes/matrix_multiplication/whole_array_mixed/_build'
[ 33%] Building CXX object CMakeFiles/whole_array.dir/mixed_test.cpp.o
[ 66%] Building CXX object CMakeFiles/whole_array.dir/scratch/luisr/mlir-aie/runtime_lib/test_lib/test_utils.cpp.o
[100%] Linking CXX executable whole_array
gmake[3]: Leaving directory '/scratch/luisr/mlir-aie/programming_examples/basic/block_datatypes/matrix_multiplication/whole_array_mixed/_build'
[100%] Built target whole_array
gmake[2]: Leaving directory '/scratch/luisr/mlir-aie/programming_examples/basic/block_datatypes/matrix_multiplication/whole_array_mixed/_build'
gmake[1]: Leaving directory '/scratch/luisr/mlir-aie/programming_examples/basic/block_datatypes/matrix_multiplication/whole_array_mixed/_build'
cp _build/whole_array whole_array.exe 
mkdir -p build
python3 /scratch/luisr/mlir-aie/programming_examples/basic/block_datatypes/matrix_multiplication/whole_array_mixed/whole_array.py -m 80 -k 128 -n 32 -M 1280 -K 1024 -N 4096 > build/aie_1280x1024x4096_80x128x32.mlir
mkdir -p build
cd build && xchesscc_wrapper aie2p -I /proj/xbuilds/2024.2_INT_1113_1001/installs/all_platforms/Vitis/2024.2/aietools/include  -DDIM_M=80 -DDIM_K=128 -DDIM_N=32 -c /scratch/luisr/mlir-aie/programming_examples/basic/block_datatypes/matrix_multiplication/whole_array_mixed/../mm2.cc -o mm_80x128x32.o
WARNING: Default location for XILINX_VIVADO_IP_OVERRIDE not found: /build/xfndry/IP_2024.2_INTEGRATION_VERIFIED/customer/vivado/data/ip
mkdir -p build
cd build && aiecc.py --alloc-scheme= --aie-generate-xclbin --no-compile-host --xclbin-name=final_1280x1024x4096_80x128x32.xclbin \
			 --dynamic-objFifos \
			--aie-generate-npu-insts --npu-insts-name=insts_1280x1024x4096_80x128x32.txt ../build/aie_1280x1024x4096_80x128x32.mlir

Generating: /scratch/luisr/mlir-aie/programming_examples/basic/block_datatypes/matrix_multiplication/whole_array_mixed/build/aie_1280x1024x4096_80x128x32.mlir.prj/aie_cdo_elfs.bin
Generating: /scratch/luisr/mlir-aie/programming_examples/basic/block_datatypes/matrix_multiplication/whole_array_mixed/build/aie_1280x1024x4096_80x128x32.mlir.prj/aie_cdo_init.bin
Generating: /scratch/luisr/mlir-aie/programming_examples/basic/block_datatypes/matrix_multiplication/whole_array_mixed/build/aie_1280x1024x4096_80x128x32.mlir.prj/aie_cdo_enable.bin
export XRT_HACK_UNSECURE_LOADING_XCLBIN=1 && \
 ./whole_array.exe -x build/final_1280x1024x4096_80x128x32.xclbin -i build/insts_1280x1024x4096_80x128x32.txt -k MLIR_AIE -M 1280 -K 1024 -N 4096 -w 80 -y 128 -z 32 --iters 40 --warmup 10 --verify 0

Avg NPU matmul time: 3804.48us.
Avg NPU gflops: 2822.31

Min NPU matmul time: 3658us.
Max NPU gflops: 2935.32

Max NPU matmul time: 4201us.
Min NPU gflops: 2555.92

Shuffle time: 18337us.

PASS!

rm -rf build _build whole_array.exe
rm -rf _build
mkdir -p _build
cd _build &&  cmake -E env CXXFLAGS="-std=c++23 -ggdb -DDTYPE_IN= -DDTYPE_OUT= -DDTYPE_ACC=" \
	cmake `echo /scratch/luisr/mlir-aie/programming_examples/basic/block_datatypes/matrix_multiplication/whole_array_mixed/..` -D CMAKE_C_COMPILER=gcc-13 -D CMAKE_CXX_COMPILER=g++-13 -DTARGET_NAME=whole_array -Dhostsrc=/scratch/luisr/mlir-aie/programming_examples/basic/block_datatypes/matrix_multiplication/whole_array_mixed/../mixed_test.cpp
CMake Deprecation Warning at CMakeLists.txt:13 (cmake_minimum_required):
  Compatibility with CMake < 3.10 will be removed from a future version of
  CMake.

  Update the VERSION argument <min> value.  Or, use the <min>...<max> syntax
  to tell CMake that the project requires at least <min> but has been updated
  to work with policies introduced by <max> or earlier.


-- The C compiler identification is GNU 13.3.0
-- The CXX compiler identification is GNU 13.3.0
-- Detecting C compiler ABI info
-- Detecting C compiler ABI info - done
-- Check for working C compiler: /usr/bin/gcc-13 - skipped
-- Detecting C compile features
-- Detecting C compile features - done
-- Detecting CXX compiler ABI info
-- Detecting CXX compiler ABI info - done
-- Check for working CXX compiler: /usr/bin/g++-13 - skipped
-- Detecting CXX compile features
-- Detecting CXX compile features - done
-- Configuring done (0.3s)
-- Generating done (0.0s)
-- Build files have been written to: /scratch/luisr/mlir-aie/programming_examples/basic/block_datatypes/matrix_multiplication/whole_array_mixed/_build
cd _build &&  cmake --build . --config Release
gmake[1]: Entering directory '/scratch/luisr/mlir-aie/programming_examples/basic/block_datatypes/matrix_multiplication/whole_array_mixed/_build'
gmake[2]: Entering directory '/scratch/luisr/mlir-aie/programming_examples/basic/block_datatypes/matrix_multiplication/whole_array_mixed/_build'
gmake[3]: Entering directory '/scratch/luisr/mlir-aie/programming_examples/basic/block_datatypes/matrix_multiplication/whole_array_mixed/_build'
gmake[3]: Leaving directory '/scratch/luisr/mlir-aie/programming_examples/basic/block_datatypes/matrix_multiplication/whole_array_mixed/_build'
gmake[3]: Entering directory '/scratch/luisr/mlir-aie/programming_examples/basic/block_datatypes/matrix_multiplication/whole_array_mixed/_build'
[ 33%] Building CXX object CMakeFiles/whole_array.dir/mixed_test.cpp.o
[ 66%] Building CXX object CMakeFiles/whole_array.dir/scratch/luisr/mlir-aie/runtime_lib/test_lib/test_utils.cpp.o
[100%] Linking CXX executable whole_array
gmake[3]: Leaving directory '/scratch/luisr/mlir-aie/programming_examples/basic/block_datatypes/matrix_multiplication/whole_array_mixed/_build'
[100%] Built target whole_array
gmake[2]: Leaving directory '/scratch/luisr/mlir-aie/programming_examples/basic/block_datatypes/matrix_multiplication/whole_array_mixed/_build'
gmake[1]: Leaving directory '/scratch/luisr/mlir-aie/programming_examples/basic/block_datatypes/matrix_multiplication/whole_array_mixed/_build'
cp _build/whole_array whole_array.exe 
mkdir -p build
python3 /scratch/luisr/mlir-aie/programming_examples/basic/block_datatypes/matrix_multiplication/whole_array_mixed/whole_array.py -m 80 -k 128 -n 32 -M 1280 -K 1024 -N 8192 > build/aie_1280x1024x8192_80x128x32.mlir
mkdir -p build
cd build && xchesscc_wrapper aie2p -I /proj/xbuilds/2024.2_INT_1113_1001/installs/all_platforms/Vitis/2024.2/aietools/include  -DDIM_M=80 -DDIM_K=128 -DDIM_N=32 -c /scratch/luisr/mlir-aie/programming_examples/basic/block_datatypes/matrix_multiplication/whole_array_mixed/../mm2.cc -o mm_80x128x32.o
WARNING: Default location for XILINX_VIVADO_IP_OVERRIDE not found: /build/xfndry/IP_2024.2_INTEGRATION_VERIFIED/customer/vivado/data/ip
mkdir -p build
cd build && aiecc.py --alloc-scheme= --aie-generate-xclbin --no-compile-host --xclbin-name=final_1280x1024x8192_80x128x32.xclbin \
			 --dynamic-objFifos \
			--aie-generate-npu-insts --npu-insts-name=insts_1280x1024x8192_80x128x32.txt ../build/aie_1280x1024x8192_80x128x32.mlir
Error running pass pipeline:  builtin.module(aie.device(aie-materialize-bd-chains,aie-substitute-shim-dma-allocations,aie-assign-runtime-sequence-bd-ids,aie-dma-tasks-to-npu,aie-dma-to-npu,aie-lower-set-lock)) Failure while executing pass pipeline:
error: "-":2411:9: 'aie.dma_bd' op Stride 3 exceeds the [1:1048576] range.
 note: "-":2411:9: see current operation: "aie.dma_bd"(%arg2) <{bd_id = 0 : i32, burst_length = 0 : i32, dimensions = #aie<bd_dim_layout_array[<size = 2, stride = 2621440>, <size = 64, stride = 128>, <size = 320, stride = 8192>, <size = 32, stride = 1>]>, len = 655360 : i32, offset = 0 : i32}> : (memref<10485760xbf16>) -> ()

Traceback (most recent call last):
  File "/scratch/luisr/mlir-aie/install/bin/aiecc.py", line 12, in <module>
    main()
  File "/scratch/luisr/mlir-aie/install/python/aie/compiler/aiecc/main.py", line 1476, in main
    run(module_str)
  File "/scratch/luisr/mlir-aie/install/python/aie/compiler/aiecc/main.py", line 1450, in run
    asyncio.run(runner.run_flow())
  File "/usr/lib/python3.12/asyncio/runners.py", line 194, in run
    return runner.run(main)
           ^^^^^^^^^^^^^^^^
  File "/usr/lib/python3.12/asyncio/runners.py", line 118, in run
    return self._loop.run_until_complete(task)
           ^^^^^^^^^^^^^^^^^^^^^^^^^^^^^^^^^^^
  File "/usr/lib/python3.12/asyncio/base_events.py", line 687, in run_until_complete
    return future.result()
           ^^^^^^^^^^^^^^^
  File "/scratch/luisr/mlir-aie/install/python/aie/compiler/aiecc/main.py", line 1248, in run_flow
    npu_insts_module = run_passes_module(
                       ^^^^^^^^^^^^^^^^^^
  File "/scratch/luisr/mlir-aie/install/python/aie/compiler/aiecc/main.py", line 347, in run_passes_module
    raise e
  File "/scratch/luisr/mlir-aie/install/python/aie/compiler/aiecc/main.py", line 344, in run_passes_module
    pm.run(mlir_module.operation)
aie._mlir_libs._site_initialize.<locals>.MLIRError: Failure while executing pass pipeline:
error: "-":2411:9: 'aie.dma_bd' op Stride 3 exceeds the [1:1048576] range.
 note: "-":2411:9: see current operation: "aie.dma_bd"(%arg2) <{bd_id = 0 : i32, burst_length = 0 : i32, dimensions = #aie<bd_dim_layout_array[<size = 2, stride = 2621440>, <size = 64, stride = 128>, <size = 320, stride = 8192>, <size = 32, stride = 1>]>, len = 655360 : i32, offset = 0 : i32}> : (memref<10485760xbf16>) -> ()
make: *** [/scratch/luisr/mlir-aie/programming_examples/basic/block_datatypes/matrix_multiplication/whole_array_mixed/../makefile_common:73: build/final_1280x1024x8192_80x128x32.xclbin] Error 1
rm -rf build _build whole_array.exe
rm -rf _build
mkdir -p _build
cd _build &&  cmake -E env CXXFLAGS="-std=c++23 -ggdb -DDTYPE_IN= -DDTYPE_OUT= -DDTYPE_ACC=" \
	cmake `echo /scratch/luisr/mlir-aie/programming_examples/basic/block_datatypes/matrix_multiplication/whole_array_mixed/..` -D CMAKE_C_COMPILER=gcc-13 -D CMAKE_CXX_COMPILER=g++-13 -DTARGET_NAME=whole_array -Dhostsrc=/scratch/luisr/mlir-aie/programming_examples/basic/block_datatypes/matrix_multiplication/whole_array_mixed/../mixed_test.cpp
CMake Deprecation Warning at CMakeLists.txt:13 (cmake_minimum_required):
  Compatibility with CMake < 3.10 will be removed from a future version of
  CMake.

  Update the VERSION argument <min> value.  Or, use the <min>...<max> syntax
  to tell CMake that the project requires at least <min> but has been updated
  to work with policies introduced by <max> or earlier.


-- The C compiler identification is GNU 13.3.0
-- The CXX compiler identification is GNU 13.3.0
-- Detecting C compiler ABI info
-- Detecting C compiler ABI info - done
-- Check for working C compiler: /usr/bin/gcc-13 - skipped
-- Detecting C compile features
-- Detecting C compile features - done
-- Detecting CXX compiler ABI info
-- Detecting CXX compiler ABI info - done
-- Check for working CXX compiler: /usr/bin/g++-13 - skipped
-- Detecting CXX compile features
-- Detecting CXX compile features - done
-- Configuring done (0.2s)
-- Generating done (0.0s)
-- Build files have been written to: /scratch/luisr/mlir-aie/programming_examples/basic/block_datatypes/matrix_multiplication/whole_array_mixed/_build
cd _build &&  cmake --build . --config Release
gmake[1]: Entering directory '/scratch/luisr/mlir-aie/programming_examples/basic/block_datatypes/matrix_multiplication/whole_array_mixed/_build'
gmake[2]: Entering directory '/scratch/luisr/mlir-aie/programming_examples/basic/block_datatypes/matrix_multiplication/whole_array_mixed/_build'
gmake[3]: Entering directory '/scratch/luisr/mlir-aie/programming_examples/basic/block_datatypes/matrix_multiplication/whole_array_mixed/_build'
gmake[3]: Leaving directory '/scratch/luisr/mlir-aie/programming_examples/basic/block_datatypes/matrix_multiplication/whole_array_mixed/_build'
gmake[3]: Entering directory '/scratch/luisr/mlir-aie/programming_examples/basic/block_datatypes/matrix_multiplication/whole_array_mixed/_build'
[ 33%] Building CXX object CMakeFiles/whole_array.dir/mixed_test.cpp.o
[ 66%] Building CXX object CMakeFiles/whole_array.dir/scratch/luisr/mlir-aie/runtime_lib/test_lib/test_utils.cpp.o
[100%] Linking CXX executable whole_array
gmake[3]: Leaving directory '/scratch/luisr/mlir-aie/programming_examples/basic/block_datatypes/matrix_multiplication/whole_array_mixed/_build'
[100%] Built target whole_array
gmake[2]: Leaving directory '/scratch/luisr/mlir-aie/programming_examples/basic/block_datatypes/matrix_multiplication/whole_array_mixed/_build'
gmake[1]: Leaving directory '/scratch/luisr/mlir-aie/programming_examples/basic/block_datatypes/matrix_multiplication/whole_array_mixed/_build'
cp _build/whole_array whole_array.exe 
mkdir -p build
python3 /scratch/luisr/mlir-aie/programming_examples/basic/block_datatypes/matrix_multiplication/whole_array_mixed/whole_array.py -m 80 -k 128 -n 32 -M 1280 -K 4096 -N 512 > build/aie_1280x4096x512_80x128x32.mlir
mkdir -p build
cd build && xchesscc_wrapper aie2p -I /proj/xbuilds/2024.2_INT_1113_1001/installs/all_platforms/Vitis/2024.2/aietools/include  -DDIM_M=80 -DDIM_K=128 -DDIM_N=32 -c /scratch/luisr/mlir-aie/programming_examples/basic/block_datatypes/matrix_multiplication/whole_array_mixed/../mm2.cc -o mm_80x128x32.o
WARNING: Default location for XILINX_VIVADO_IP_OVERRIDE not found: /build/xfndry/IP_2024.2_INTEGRATION_VERIFIED/customer/vivado/data/ip
mkdir -p build
cd build && aiecc.py --alloc-scheme= --aie-generate-xclbin --no-compile-host --xclbin-name=final_1280x4096x512_80x128x32.xclbin \
			 --dynamic-objFifos \
			--aie-generate-npu-insts --npu-insts-name=insts_1280x4096x512_80x128x32.txt ../build/aie_1280x4096x512_80x128x32.mlir

Generating: /scratch/luisr/mlir-aie/programming_examples/basic/block_datatypes/matrix_multiplication/whole_array_mixed/build/aie_1280x4096x512_80x128x32.mlir.prj/aie_cdo_elfs.bin
Generating: /scratch/luisr/mlir-aie/programming_examples/basic/block_datatypes/matrix_multiplication/whole_array_mixed/build/aie_1280x4096x512_80x128x32.mlir.prj/aie_cdo_init.bin
Generating: /scratch/luisr/mlir-aie/programming_examples/basic/block_datatypes/matrix_multiplication/whole_array_mixed/build/aie_1280x4096x512_80x128x32.mlir.prj/aie_cdo_enable.bin
export XRT_HACK_UNSECURE_LOADING_XCLBIN=1 && \
 ./whole_array.exe -x build/final_1280x4096x512_80x128x32.xclbin -i build/insts_1280x4096x512_80x128x32.txt -k MLIR_AIE -M 1280 -K 4096 -N 512 -w 80 -y 128 -z 32 --iters 40 --warmup 10 --verify 0

Avg NPU matmul time: 1904.28us.
Avg NPU gflops: 2819.29

Min NPU matmul time: 1877us.
Max NPU gflops: 2860.26

Max NPU matmul time: 1915us.
Min NPU gflops: 2803.5

Shuffle time: 9305us.

PASS!

rm -rf build _build whole_array.exe
rm -rf _build
mkdir -p _build
cd _build &&  cmake -E env CXXFLAGS="-std=c++23 -ggdb -DDTYPE_IN= -DDTYPE_OUT= -DDTYPE_ACC=" \
	cmake `echo /scratch/luisr/mlir-aie/programming_examples/basic/block_datatypes/matrix_multiplication/whole_array_mixed/..` -D CMAKE_C_COMPILER=gcc-13 -D CMAKE_CXX_COMPILER=g++-13 -DTARGET_NAME=whole_array -Dhostsrc=/scratch/luisr/mlir-aie/programming_examples/basic/block_datatypes/matrix_multiplication/whole_array_mixed/../mixed_test.cpp
CMake Deprecation Warning at CMakeLists.txt:13 (cmake_minimum_required):
  Compatibility with CMake < 3.10 will be removed from a future version of
  CMake.

  Update the VERSION argument <min> value.  Or, use the <min>...<max> syntax
  to tell CMake that the project requires at least <min> but has been updated
  to work with policies introduced by <max> or earlier.


-- The C compiler identification is GNU 13.3.0
-- The CXX compiler identification is GNU 13.3.0
-- Detecting C compiler ABI info
-- Detecting C compiler ABI info - done
-- Check for working C compiler: /usr/bin/gcc-13 - skipped
-- Detecting C compile features
-- Detecting C compile features - done
-- Detecting CXX compiler ABI info
-- Detecting CXX compiler ABI info - done
-- Check for working CXX compiler: /usr/bin/g++-13 - skipped
-- Detecting CXX compile features
-- Detecting CXX compile features - done
-- Configuring done (0.3s)
-- Generating done (0.0s)
-- Build files have been written to: /scratch/luisr/mlir-aie/programming_examples/basic/block_datatypes/matrix_multiplication/whole_array_mixed/_build
cd _build &&  cmake --build . --config Release
gmake[1]: Entering directory '/scratch/luisr/mlir-aie/programming_examples/basic/block_datatypes/matrix_multiplication/whole_array_mixed/_build'
gmake[2]: Entering directory '/scratch/luisr/mlir-aie/programming_examples/basic/block_datatypes/matrix_multiplication/whole_array_mixed/_build'
gmake[3]: Entering directory '/scratch/luisr/mlir-aie/programming_examples/basic/block_datatypes/matrix_multiplication/whole_array_mixed/_build'
gmake[3]: Leaving directory '/scratch/luisr/mlir-aie/programming_examples/basic/block_datatypes/matrix_multiplication/whole_array_mixed/_build'
gmake[3]: Entering directory '/scratch/luisr/mlir-aie/programming_examples/basic/block_datatypes/matrix_multiplication/whole_array_mixed/_build'
[ 33%] Building CXX object CMakeFiles/whole_array.dir/mixed_test.cpp.o
[ 66%] Building CXX object CMakeFiles/whole_array.dir/scratch/luisr/mlir-aie/runtime_lib/test_lib/test_utils.cpp.o
[100%] Linking CXX executable whole_array
gmake[3]: Leaving directory '/scratch/luisr/mlir-aie/programming_examples/basic/block_datatypes/matrix_multiplication/whole_array_mixed/_build'
[100%] Built target whole_array
gmake[2]: Leaving directory '/scratch/luisr/mlir-aie/programming_examples/basic/block_datatypes/matrix_multiplication/whole_array_mixed/_build'
gmake[1]: Leaving directory '/scratch/luisr/mlir-aie/programming_examples/basic/block_datatypes/matrix_multiplication/whole_array_mixed/_build'
cp _build/whole_array whole_array.exe 
mkdir -p build
python3 /scratch/luisr/mlir-aie/programming_examples/basic/block_datatypes/matrix_multiplication/whole_array_mixed/whole_array.py -m 80 -k 128 -n 32 -M 1280 -K 4096 -N 1024 > build/aie_1280x4096x1024_80x128x32.mlir
mkdir -p build
cd build && xchesscc_wrapper aie2p -I /proj/xbuilds/2024.2_INT_1113_1001/installs/all_platforms/Vitis/2024.2/aietools/include  -DDIM_M=80 -DDIM_K=128 -DDIM_N=32 -c /scratch/luisr/mlir-aie/programming_examples/basic/block_datatypes/matrix_multiplication/whole_array_mixed/../mm2.cc -o mm_80x128x32.o
WARNING: Default location for XILINX_VIVADO_IP_OVERRIDE not found: /build/xfndry/IP_2024.2_INTEGRATION_VERIFIED/customer/vivado/data/ip
mkdir -p build
cd build && aiecc.py --alloc-scheme= --aie-generate-xclbin --no-compile-host --xclbin-name=final_1280x4096x1024_80x128x32.xclbin \
			 --dynamic-objFifos \
			--aie-generate-npu-insts --npu-insts-name=insts_1280x4096x1024_80x128x32.txt ../build/aie_1280x4096x1024_80x128x32.mlir

Generating: /scratch/luisr/mlir-aie/programming_examples/basic/block_datatypes/matrix_multiplication/whole_array_mixed/build/aie_1280x4096x1024_80x128x32.mlir.prj/aie_cdo_elfs.bin
Generating: /scratch/luisr/mlir-aie/programming_examples/basic/block_datatypes/matrix_multiplication/whole_array_mixed/build/aie_1280x4096x1024_80x128x32.mlir.prj/aie_cdo_init.bin
Generating: /scratch/luisr/mlir-aie/programming_examples/basic/block_datatypes/matrix_multiplication/whole_array_mixed/build/aie_1280x4096x1024_80x128x32.mlir.prj/aie_cdo_enable.bin
export XRT_HACK_UNSECURE_LOADING_XCLBIN=1 && \
 ./whole_array.exe -x build/final_1280x4096x1024_80x128x32.xclbin -i build/insts_1280x4096x1024_80x128x32.txt -k MLIR_AIE -M 1280 -K 4096 -N 1024 -w 80 -y 128 -z 32 --iters 40 --warmup 10 --verify 0

Avg NPU matmul time: 3783.77us.
Avg NPU gflops: 2837.75

Min NPU matmul time: 3672us.
Max NPU gflops: 2924.13

Max NPU matmul time: 4638us.
Min NPU gflops: 2315.1

Shuffle time: 18399us.

PASS!

rm -rf build _build whole_array.exe
rm -rf _build
mkdir -p _build
cd _build &&  cmake -E env CXXFLAGS="-std=c++23 -ggdb -DDTYPE_IN= -DDTYPE_OUT= -DDTYPE_ACC=" \
	cmake `echo /scratch/luisr/mlir-aie/programming_examples/basic/block_datatypes/matrix_multiplication/whole_array_mixed/..` -D CMAKE_C_COMPILER=gcc-13 -D CMAKE_CXX_COMPILER=g++-13 -DTARGET_NAME=whole_array -Dhostsrc=/scratch/luisr/mlir-aie/programming_examples/basic/block_datatypes/matrix_multiplication/whole_array_mixed/../mixed_test.cpp
CMake Deprecation Warning at CMakeLists.txt:13 (cmake_minimum_required):
  Compatibility with CMake < 3.10 will be removed from a future version of
  CMake.

  Update the VERSION argument <min> value.  Or, use the <min>...<max> syntax
  to tell CMake that the project requires at least <min> but has been updated
  to work with policies introduced by <max> or earlier.


-- The C compiler identification is GNU 13.3.0
-- The CXX compiler identification is GNU 13.3.0
-- Detecting C compiler ABI info
-- Detecting C compiler ABI info - done
-- Check for working C compiler: /usr/bin/gcc-13 - skipped
-- Detecting C compile features
-- Detecting C compile features - done
-- Detecting CXX compiler ABI info
-- Detecting CXX compiler ABI info - done
-- Check for working CXX compiler: /usr/bin/g++-13 - skipped
-- Detecting CXX compile features
-- Detecting CXX compile features - done
-- Configuring done (0.2s)
-- Generating done (0.0s)
-- Build files have been written to: /scratch/luisr/mlir-aie/programming_examples/basic/block_datatypes/matrix_multiplication/whole_array_mixed/_build
cd _build &&  cmake --build . --config Release
gmake[1]: Entering directory '/scratch/luisr/mlir-aie/programming_examples/basic/block_datatypes/matrix_multiplication/whole_array_mixed/_build'
gmake[2]: Entering directory '/scratch/luisr/mlir-aie/programming_examples/basic/block_datatypes/matrix_multiplication/whole_array_mixed/_build'
gmake[3]: Entering directory '/scratch/luisr/mlir-aie/programming_examples/basic/block_datatypes/matrix_multiplication/whole_array_mixed/_build'
gmake[3]: Leaving directory '/scratch/luisr/mlir-aie/programming_examples/basic/block_datatypes/matrix_multiplication/whole_array_mixed/_build'
gmake[3]: Entering directory '/scratch/luisr/mlir-aie/programming_examples/basic/block_datatypes/matrix_multiplication/whole_array_mixed/_build'
[ 33%] Building CXX object CMakeFiles/whole_array.dir/mixed_test.cpp.o
[ 66%] Building CXX object CMakeFiles/whole_array.dir/scratch/luisr/mlir-aie/runtime_lib/test_lib/test_utils.cpp.o
[100%] Linking CXX executable whole_array
gmake[3]: Leaving directory '/scratch/luisr/mlir-aie/programming_examples/basic/block_datatypes/matrix_multiplication/whole_array_mixed/_build'
[100%] Built target whole_array
gmake[2]: Leaving directory '/scratch/luisr/mlir-aie/programming_examples/basic/block_datatypes/matrix_multiplication/whole_array_mixed/_build'
gmake[1]: Leaving directory '/scratch/luisr/mlir-aie/programming_examples/basic/block_datatypes/matrix_multiplication/whole_array_mixed/_build'
cp _build/whole_array whole_array.exe 
mkdir -p build
python3 /scratch/luisr/mlir-aie/programming_examples/basic/block_datatypes/matrix_multiplication/whole_array_mixed/whole_array.py -m 80 -k 128 -n 32 -M 1280 -K 4096 -N 4096 > build/aie_1280x4096x4096_80x128x32.mlir
mkdir -p build
cd build && xchesscc_wrapper aie2p -I /proj/xbuilds/2024.2_INT_1113_1001/installs/all_platforms/Vitis/2024.2/aietools/include  -DDIM_M=80 -DDIM_K=128 -DDIM_N=32 -c /scratch/luisr/mlir-aie/programming_examples/basic/block_datatypes/matrix_multiplication/whole_array_mixed/../mm2.cc -o mm_80x128x32.o
WARNING: Default location for XILINX_VIVADO_IP_OVERRIDE not found: /build/xfndry/IP_2024.2_INTEGRATION_VERIFIED/customer/vivado/data/ip
mkdir -p build
cd build && aiecc.py --alloc-scheme= --aie-generate-xclbin --no-compile-host --xclbin-name=final_1280x4096x4096_80x128x32.xclbin \
			 --dynamic-objFifos \
			--aie-generate-npu-insts --npu-insts-name=insts_1280x4096x4096_80x128x32.txt ../build/aie_1280x4096x4096_80x128x32.mlir

Generating: /scratch/luisr/mlir-aie/programming_examples/basic/block_datatypes/matrix_multiplication/whole_array_mixed/build/aie_1280x4096x4096_80x128x32.mlir.prj/aie_cdo_elfs.bin
Generating: /scratch/luisr/mlir-aie/programming_examples/basic/block_datatypes/matrix_multiplication/whole_array_mixed/build/aie_1280x4096x4096_80x128x32.mlir.prj/aie_cdo_init.bin
Generating: /scratch/luisr/mlir-aie/programming_examples/basic/block_datatypes/matrix_multiplication/whole_array_mixed/build/aie_1280x4096x4096_80x128x32.mlir.prj/aie_cdo_enable.bin
export XRT_HACK_UNSECURE_LOADING_XCLBIN=1 && \
 ./whole_array.exe -x build/final_1280x4096x4096_80x128x32.xclbin -i build/insts_1280x4096x4096_80x128x32.txt -k MLIR_AIE -M 1280 -K 4096 -N 4096 -w 80 -y 128 -z 32 --iters 40 --warmup 10 --verify 0

Avg NPU matmul time: 15243.5us.
Avg NPU gflops: 2817.58

Min NPU matmul time: 14531us.
Max NPU gflops: 2955.73

Max NPU matmul time: 16117us.
Min NPU gflops: 2664.87

Shuffle time: 80438us.

PASS!

rm -rf build _build whole_array.exe
rm -rf _build
mkdir -p _build
cd _build &&  cmake -E env CXXFLAGS="-std=c++23 -ggdb -DDTYPE_IN= -DDTYPE_OUT= -DDTYPE_ACC=" \
	cmake `echo /scratch/luisr/mlir-aie/programming_examples/basic/block_datatypes/matrix_multiplication/whole_array_mixed/..` -D CMAKE_C_COMPILER=gcc-13 -D CMAKE_CXX_COMPILER=g++-13 -DTARGET_NAME=whole_array -Dhostsrc=/scratch/luisr/mlir-aie/programming_examples/basic/block_datatypes/matrix_multiplication/whole_array_mixed/../mixed_test.cpp
CMake Deprecation Warning at CMakeLists.txt:13 (cmake_minimum_required):
  Compatibility with CMake < 3.10 will be removed from a future version of
  CMake.

  Update the VERSION argument <min> value.  Or, use the <min>...<max> syntax
  to tell CMake that the project requires at least <min> but has been updated
  to work with policies introduced by <max> or earlier.


-- The C compiler identification is GNU 13.3.0
-- The CXX compiler identification is GNU 13.3.0
-- Detecting C compiler ABI info
-- Detecting C compiler ABI info - done
-- Check for working C compiler: /usr/bin/gcc-13 - skipped
-- Detecting C compile features
-- Detecting C compile features - done
-- Detecting CXX compiler ABI info
-- Detecting CXX compiler ABI info - done
-- Check for working CXX compiler: /usr/bin/g++-13 - skipped
-- Detecting CXX compile features
-- Detecting CXX compile features - done
-- Configuring done (0.3s)
-- Generating done (0.0s)
-- Build files have been written to: /scratch/luisr/mlir-aie/programming_examples/basic/block_datatypes/matrix_multiplication/whole_array_mixed/_build
cd _build &&  cmake --build . --config Release
gmake[1]: Entering directory '/scratch/luisr/mlir-aie/programming_examples/basic/block_datatypes/matrix_multiplication/whole_array_mixed/_build'
gmake[2]: Entering directory '/scratch/luisr/mlir-aie/programming_examples/basic/block_datatypes/matrix_multiplication/whole_array_mixed/_build'
gmake[3]: Entering directory '/scratch/luisr/mlir-aie/programming_examples/basic/block_datatypes/matrix_multiplication/whole_array_mixed/_build'
gmake[3]: Leaving directory '/scratch/luisr/mlir-aie/programming_examples/basic/block_datatypes/matrix_multiplication/whole_array_mixed/_build'
gmake[3]: Entering directory '/scratch/luisr/mlir-aie/programming_examples/basic/block_datatypes/matrix_multiplication/whole_array_mixed/_build'
[ 33%] Building CXX object CMakeFiles/whole_array.dir/mixed_test.cpp.o
[ 66%] Building CXX object CMakeFiles/whole_array.dir/scratch/luisr/mlir-aie/runtime_lib/test_lib/test_utils.cpp.o
[100%] Linking CXX executable whole_array
gmake[3]: Leaving directory '/scratch/luisr/mlir-aie/programming_examples/basic/block_datatypes/matrix_multiplication/whole_array_mixed/_build'
[100%] Built target whole_array
gmake[2]: Leaving directory '/scratch/luisr/mlir-aie/programming_examples/basic/block_datatypes/matrix_multiplication/whole_array_mixed/_build'
gmake[1]: Leaving directory '/scratch/luisr/mlir-aie/programming_examples/basic/block_datatypes/matrix_multiplication/whole_array_mixed/_build'
cp _build/whole_array whole_array.exe 
mkdir -p build
python3 /scratch/luisr/mlir-aie/programming_examples/basic/block_datatypes/matrix_multiplication/whole_array_mixed/whole_array.py -m 80 -k 128 -n 32 -M 1280 -K 4096 -N 8192 > build/aie_1280x4096x8192_80x128x32.mlir
mkdir -p build
cd build && xchesscc_wrapper aie2p -I /proj/xbuilds/2024.2_INT_1113_1001/installs/all_platforms/Vitis/2024.2/aietools/include  -DDIM_M=80 -DDIM_K=128 -DDIM_N=32 -c /scratch/luisr/mlir-aie/programming_examples/basic/block_datatypes/matrix_multiplication/whole_array_mixed/../mm2.cc -o mm_80x128x32.o
WARNING: Default location for XILINX_VIVADO_IP_OVERRIDE not found: /build/xfndry/IP_2024.2_INTEGRATION_VERIFIED/customer/vivado/data/ip
mkdir -p build
cd build && aiecc.py --alloc-scheme= --aie-generate-xclbin --no-compile-host --xclbin-name=final_1280x4096x8192_80x128x32.xclbin \
			 --dynamic-objFifos \
			--aie-generate-npu-insts --npu-insts-name=insts_1280x4096x8192_80x128x32.txt ../build/aie_1280x4096x8192_80x128x32.mlir
Error running pass pipeline:  builtin.module(aie.device(aie-materialize-bd-chains,aie-substitute-shim-dma-allocations,aie-assign-runtime-sequence-bd-ids,aie-dma-tasks-to-npu,aie-dma-to-npu,aie-lower-set-lock)) Failure while executing pass pipeline:
error: "-":2411:9: 'aie.dma_bd' op Stride 3 exceeds the [1:1048576] range.
 note: "-":2411:9: see current operation: "aie.dma_bd"(%arg2) <{bd_id = 0 : i32, burst_length = 0 : i32, dimensions = #aie<bd_dim_layout_array[<size = 2, stride = 2621440>, <size = 64, stride = 128>, <size = 320, stride = 8192>, <size = 32, stride = 1>]>, len = 655360 : i32, offset = 0 : i32}> : (memref<10485760xbf16>) -> ()

Traceback (most recent call last):
  File "/scratch/luisr/mlir-aie/install/bin/aiecc.py", line 12, in <module>
    main()
  File "/scratch/luisr/mlir-aie/install/python/aie/compiler/aiecc/main.py", line 1476, in main
    run(module_str)
  File "/scratch/luisr/mlir-aie/install/python/aie/compiler/aiecc/main.py", line 1450, in run
    asyncio.run(runner.run_flow())
  File "/usr/lib/python3.12/asyncio/runners.py", line 194, in run
    return runner.run(main)
           ^^^^^^^^^^^^^^^^
  File "/usr/lib/python3.12/asyncio/runners.py", line 118, in run
    return self._loop.run_until_complete(task)
           ^^^^^^^^^^^^^^^^^^^^^^^^^^^^^^^^^^^
  File "/usr/lib/python3.12/asyncio/base_events.py", line 687, in run_until_complete
    return future.result()
           ^^^^^^^^^^^^^^^
  File "/scratch/luisr/mlir-aie/install/python/aie/compiler/aiecc/main.py", line 1248, in run_flow
    npu_insts_module = run_passes_module(
                       ^^^^^^^^^^^^^^^^^^
  File "/scratch/luisr/mlir-aie/install/python/aie/compiler/aiecc/main.py", line 347, in run_passes_module
    raise e
  File "/scratch/luisr/mlir-aie/install/python/aie/compiler/aiecc/main.py", line 344, in run_passes_module
    pm.run(mlir_module.operation)
aie._mlir_libs._site_initialize.<locals>.MLIRError: Failure while executing pass pipeline:
error: "-":2411:9: 'aie.dma_bd' op Stride 3 exceeds the [1:1048576] range.
 note: "-":2411:9: see current operation: "aie.dma_bd"(%arg2) <{bd_id = 0 : i32, burst_length = 0 : i32, dimensions = #aie<bd_dim_layout_array[<size = 2, stride = 2621440>, <size = 64, stride = 128>, <size = 320, stride = 8192>, <size = 32, stride = 1>]>, len = 655360 : i32, offset = 0 : i32}> : (memref<10485760xbf16>) -> ()
make: *** [/scratch/luisr/mlir-aie/programming_examples/basic/block_datatypes/matrix_multiplication/whole_array_mixed/../makefile_common:73: build/final_1280x4096x8192_80x128x32.xclbin] Error 1
rm -rf build _build whole_array.exe
rm -rf _build
mkdir -p _build
cd _build &&  cmake -E env CXXFLAGS="-std=c++23 -ggdb -DDTYPE_IN= -DDTYPE_OUT= -DDTYPE_ACC=" \
	cmake `echo /scratch/luisr/mlir-aie/programming_examples/basic/block_datatypes/matrix_multiplication/whole_array_mixed/..` -D CMAKE_C_COMPILER=gcc-13 -D CMAKE_CXX_COMPILER=g++-13 -DTARGET_NAME=whole_array -Dhostsrc=/scratch/luisr/mlir-aie/programming_examples/basic/block_datatypes/matrix_multiplication/whole_array_mixed/../mixed_test.cpp
CMake Deprecation Warning at CMakeLists.txt:13 (cmake_minimum_required):
  Compatibility with CMake < 3.10 will be removed from a future version of
  CMake.

  Update the VERSION argument <min> value.  Or, use the <min>...<max> syntax
  to tell CMake that the project requires at least <min> but has been updated
  to work with policies introduced by <max> or earlier.


-- The C compiler identification is GNU 13.3.0
-- The CXX compiler identification is GNU 13.3.0
-- Detecting C compiler ABI info
-- Detecting C compiler ABI info - done
-- Check for working C compiler: /usr/bin/gcc-13 - skipped
-- Detecting C compile features
-- Detecting C compile features - done
-- Detecting CXX compiler ABI info
-- Detecting CXX compiler ABI info - done
-- Check for working CXX compiler: /usr/bin/g++-13 - skipped
-- Detecting CXX compile features
-- Detecting CXX compile features - done
-- Configuring done (0.3s)
-- Generating done (0.0s)
-- Build files have been written to: /scratch/luisr/mlir-aie/programming_examples/basic/block_datatypes/matrix_multiplication/whole_array_mixed/_build
cd _build &&  cmake --build . --config Release
gmake[1]: Entering directory '/scratch/luisr/mlir-aie/programming_examples/basic/block_datatypes/matrix_multiplication/whole_array_mixed/_build'
gmake[2]: Entering directory '/scratch/luisr/mlir-aie/programming_examples/basic/block_datatypes/matrix_multiplication/whole_array_mixed/_build'
gmake[3]: Entering directory '/scratch/luisr/mlir-aie/programming_examples/basic/block_datatypes/matrix_multiplication/whole_array_mixed/_build'
gmake[3]: Leaving directory '/scratch/luisr/mlir-aie/programming_examples/basic/block_datatypes/matrix_multiplication/whole_array_mixed/_build'
gmake[3]: Entering directory '/scratch/luisr/mlir-aie/programming_examples/basic/block_datatypes/matrix_multiplication/whole_array_mixed/_build'
[ 33%] Building CXX object CMakeFiles/whole_array.dir/mixed_test.cpp.o
[ 66%] Building CXX object CMakeFiles/whole_array.dir/scratch/luisr/mlir-aie/runtime_lib/test_lib/test_utils.cpp.o
[100%] Linking CXX executable whole_array
gmake[3]: Leaving directory '/scratch/luisr/mlir-aie/programming_examples/basic/block_datatypes/matrix_multiplication/whole_array_mixed/_build'
[100%] Built target whole_array
gmake[2]: Leaving directory '/scratch/luisr/mlir-aie/programming_examples/basic/block_datatypes/matrix_multiplication/whole_array_mixed/_build'
gmake[1]: Leaving directory '/scratch/luisr/mlir-aie/programming_examples/basic/block_datatypes/matrix_multiplication/whole_array_mixed/_build'
cp _build/whole_array whole_array.exe 
mkdir -p build
python3 /scratch/luisr/mlir-aie/programming_examples/basic/block_datatypes/matrix_multiplication/whole_array_mixed/whole_array.py -m 80 -k 128 -n 32 -M 1280 -K 6144 -N 512 > build/aie_1280x6144x512_80x128x32.mlir
mkdir -p build
cd build && xchesscc_wrapper aie2p -I /proj/xbuilds/2024.2_INT_1113_1001/installs/all_platforms/Vitis/2024.2/aietools/include  -DDIM_M=80 -DDIM_K=128 -DDIM_N=32 -c /scratch/luisr/mlir-aie/programming_examples/basic/block_datatypes/matrix_multiplication/whole_array_mixed/../mm2.cc -o mm_80x128x32.o
WARNING: Default location for XILINX_VIVADO_IP_OVERRIDE not found: /build/xfndry/IP_2024.2_INTEGRATION_VERIFIED/customer/vivado/data/ip
mkdir -p build
cd build && aiecc.py --alloc-scheme= --aie-generate-xclbin --no-compile-host --xclbin-name=final_1280x6144x512_80x128x32.xclbin \
			 --dynamic-objFifos \
			--aie-generate-npu-insts --npu-insts-name=insts_1280x6144x512_80x128x32.txt ../build/aie_1280x6144x512_80x128x32.mlir

Generating: /scratch/luisr/mlir-aie/programming_examples/basic/block_datatypes/matrix_multiplication/whole_array_mixed/build/aie_1280x6144x512_80x128x32.mlir.prj/aie_cdo_elfs.bin
Generating: /scratch/luisr/mlir-aie/programming_examples/basic/block_datatypes/matrix_multiplication/whole_array_mixed/build/aie_1280x6144x512_80x128x32.mlir.prj/aie_cdo_init.bin
Generating: /scratch/luisr/mlir-aie/programming_examples/basic/block_datatypes/matrix_multiplication/whole_array_mixed/build/aie_1280x6144x512_80x128x32.mlir.prj/aie_cdo_enable.bin
export XRT_HACK_UNSECURE_LOADING_XCLBIN=1 && \
 ./whole_array.exe -x build/final_1280x6144x512_80x128x32.xclbin -i build/insts_1280x6144x512_80x128x32.txt -k MLIR_AIE -M 1280 -K 6144 -N 512 -w 80 -y 128 -z 32 --iters 40 --warmup 10 --verify 0

Avg NPU matmul time: 2798.88us.
Avg NPU gflops: 2877.25

Min NPU matmul time: 2785us.
Max NPU gflops: 2891.58

Max NPU matmul time: 2810us.
Min NPU gflops: 2865.86

Shuffle time: 13667us.

PASS!

rm -rf build _build whole_array.exe
rm -rf _build
mkdir -p _build
cd _build &&  cmake -E env CXXFLAGS="-std=c++23 -ggdb -DDTYPE_IN= -DDTYPE_OUT= -DDTYPE_ACC=" \
	cmake `echo /scratch/luisr/mlir-aie/programming_examples/basic/block_datatypes/matrix_multiplication/whole_array_mixed/..` -D CMAKE_C_COMPILER=gcc-13 -D CMAKE_CXX_COMPILER=g++-13 -DTARGET_NAME=whole_array -Dhostsrc=/scratch/luisr/mlir-aie/programming_examples/basic/block_datatypes/matrix_multiplication/whole_array_mixed/../mixed_test.cpp
CMake Deprecation Warning at CMakeLists.txt:13 (cmake_minimum_required):
  Compatibility with CMake < 3.10 will be removed from a future version of
  CMake.

  Update the VERSION argument <min> value.  Or, use the <min>...<max> syntax
  to tell CMake that the project requires at least <min> but has been updated
  to work with policies introduced by <max> or earlier.


-- The C compiler identification is GNU 13.3.0
-- The CXX compiler identification is GNU 13.3.0
-- Detecting C compiler ABI info
-- Detecting C compiler ABI info - done
-- Check for working C compiler: /usr/bin/gcc-13 - skipped
-- Detecting C compile features
-- Detecting C compile features - done
-- Detecting CXX compiler ABI info
-- Detecting CXX compiler ABI info - done
-- Check for working CXX compiler: /usr/bin/g++-13 - skipped
-- Detecting CXX compile features
-- Detecting CXX compile features - done
-- Configuring done (0.2s)
-- Generating done (0.0s)
-- Build files have been written to: /scratch/luisr/mlir-aie/programming_examples/basic/block_datatypes/matrix_multiplication/whole_array_mixed/_build
cd _build &&  cmake --build . --config Release
gmake[1]: Entering directory '/scratch/luisr/mlir-aie/programming_examples/basic/block_datatypes/matrix_multiplication/whole_array_mixed/_build'
gmake[2]: Entering directory '/scratch/luisr/mlir-aie/programming_examples/basic/block_datatypes/matrix_multiplication/whole_array_mixed/_build'
gmake[3]: Entering directory '/scratch/luisr/mlir-aie/programming_examples/basic/block_datatypes/matrix_multiplication/whole_array_mixed/_build'
gmake[3]: Leaving directory '/scratch/luisr/mlir-aie/programming_examples/basic/block_datatypes/matrix_multiplication/whole_array_mixed/_build'
gmake[3]: Entering directory '/scratch/luisr/mlir-aie/programming_examples/basic/block_datatypes/matrix_multiplication/whole_array_mixed/_build'
[ 33%] Building CXX object CMakeFiles/whole_array.dir/mixed_test.cpp.o
[ 66%] Building CXX object CMakeFiles/whole_array.dir/scratch/luisr/mlir-aie/runtime_lib/test_lib/test_utils.cpp.o
[100%] Linking CXX executable whole_array
gmake[3]: Leaving directory '/scratch/luisr/mlir-aie/programming_examples/basic/block_datatypes/matrix_multiplication/whole_array_mixed/_build'
[100%] Built target whole_array
gmake[2]: Leaving directory '/scratch/luisr/mlir-aie/programming_examples/basic/block_datatypes/matrix_multiplication/whole_array_mixed/_build'
gmake[1]: Leaving directory '/scratch/luisr/mlir-aie/programming_examples/basic/block_datatypes/matrix_multiplication/whole_array_mixed/_build'
cp _build/whole_array whole_array.exe 
mkdir -p build
python3 /scratch/luisr/mlir-aie/programming_examples/basic/block_datatypes/matrix_multiplication/whole_array_mixed/whole_array.py -m 80 -k 128 -n 32 -M 1280 -K 6144 -N 1024 > build/aie_1280x6144x1024_80x128x32.mlir
mkdir -p build
cd build && xchesscc_wrapper aie2p -I /proj/xbuilds/2024.2_INT_1113_1001/installs/all_platforms/Vitis/2024.2/aietools/include  -DDIM_M=80 -DDIM_K=128 -DDIM_N=32 -c /scratch/luisr/mlir-aie/programming_examples/basic/block_datatypes/matrix_multiplication/whole_array_mixed/../mm2.cc -o mm_80x128x32.o
WARNING: Default location for XILINX_VIVADO_IP_OVERRIDE not found: /build/xfndry/IP_2024.2_INTEGRATION_VERIFIED/customer/vivado/data/ip
mkdir -p build
cd build && aiecc.py --alloc-scheme= --aie-generate-xclbin --no-compile-host --xclbin-name=final_1280x6144x1024_80x128x32.xclbin \
			 --dynamic-objFifos \
			--aie-generate-npu-insts --npu-insts-name=insts_1280x6144x1024_80x128x32.txt ../build/aie_1280x6144x1024_80x128x32.mlir

Generating: /scratch/luisr/mlir-aie/programming_examples/basic/block_datatypes/matrix_multiplication/whole_array_mixed/build/aie_1280x6144x1024_80x128x32.mlir.prj/aie_cdo_elfs.bin
Generating: /scratch/luisr/mlir-aie/programming_examples/basic/block_datatypes/matrix_multiplication/whole_array_mixed/build/aie_1280x6144x1024_80x128x32.mlir.prj/aie_cdo_init.bin
Generating: /scratch/luisr/mlir-aie/programming_examples/basic/block_datatypes/matrix_multiplication/whole_array_mixed/build/aie_1280x6144x1024_80x128x32.mlir.prj/aie_cdo_enable.bin
export XRT_HACK_UNSECURE_LOADING_XCLBIN=1 && \
 ./whole_array.exe -x build/final_1280x6144x1024_80x128x32.xclbin -i build/insts_1280x6144x1024_80x128x32.txt -k MLIR_AIE -M 1280 -K 6144 -N 1024 -w 80 -y 128 -z 32 --iters 40 --warmup 10 --verify 0

Avg NPU matmul time: 5629.33us.
Avg NPU gflops: 2861.11

Min NPU matmul time: 5487us.
Max NPU gflops: 2935.32

Max NPU matmul time: 6109us.
Min NPU gflops: 2636.46

Shuffle time: 29461us.

PASS!

rm -rf build _build whole_array.exe
rm -rf _build
mkdir -p _build
cd _build &&  cmake -E env CXXFLAGS="-std=c++23 -ggdb -DDTYPE_IN= -DDTYPE_OUT= -DDTYPE_ACC=" \
	cmake `echo /scratch/luisr/mlir-aie/programming_examples/basic/block_datatypes/matrix_multiplication/whole_array_mixed/..` -D CMAKE_C_COMPILER=gcc-13 -D CMAKE_CXX_COMPILER=g++-13 -DTARGET_NAME=whole_array -Dhostsrc=/scratch/luisr/mlir-aie/programming_examples/basic/block_datatypes/matrix_multiplication/whole_array_mixed/../mixed_test.cpp
CMake Deprecation Warning at CMakeLists.txt:13 (cmake_minimum_required):
  Compatibility with CMake < 3.10 will be removed from a future version of
  CMake.

  Update the VERSION argument <min> value.  Or, use the <min>...<max> syntax
  to tell CMake that the project requires at least <min> but has been updated
  to work with policies introduced by <max> or earlier.


-- The C compiler identification is GNU 13.3.0
-- The CXX compiler identification is GNU 13.3.0
-- Detecting C compiler ABI info
-- Detecting C compiler ABI info - done
-- Check for working C compiler: /usr/bin/gcc-13 - skipped
-- Detecting C compile features
-- Detecting C compile features - done
-- Detecting CXX compiler ABI info
-- Detecting CXX compiler ABI info - done
-- Check for working CXX compiler: /usr/bin/g++-13 - skipped
-- Detecting CXX compile features
-- Detecting CXX compile features - done
-- Configuring done (0.3s)
-- Generating done (0.0s)
-- Build files have been written to: /scratch/luisr/mlir-aie/programming_examples/basic/block_datatypes/matrix_multiplication/whole_array_mixed/_build
cd _build &&  cmake --build . --config Release
gmake[1]: Entering directory '/scratch/luisr/mlir-aie/programming_examples/basic/block_datatypes/matrix_multiplication/whole_array_mixed/_build'
gmake[2]: Entering directory '/scratch/luisr/mlir-aie/programming_examples/basic/block_datatypes/matrix_multiplication/whole_array_mixed/_build'
gmake[3]: Entering directory '/scratch/luisr/mlir-aie/programming_examples/basic/block_datatypes/matrix_multiplication/whole_array_mixed/_build'
gmake[3]: Leaving directory '/scratch/luisr/mlir-aie/programming_examples/basic/block_datatypes/matrix_multiplication/whole_array_mixed/_build'
gmake[3]: Entering directory '/scratch/luisr/mlir-aie/programming_examples/basic/block_datatypes/matrix_multiplication/whole_array_mixed/_build'
[ 33%] Building CXX object CMakeFiles/whole_array.dir/mixed_test.cpp.o
[ 66%] Building CXX object CMakeFiles/whole_array.dir/scratch/luisr/mlir-aie/runtime_lib/test_lib/test_utils.cpp.o
[100%] Linking CXX executable whole_array
gmake[3]: Leaving directory '/scratch/luisr/mlir-aie/programming_examples/basic/block_datatypes/matrix_multiplication/whole_array_mixed/_build'
[100%] Built target whole_array
gmake[2]: Leaving directory '/scratch/luisr/mlir-aie/programming_examples/basic/block_datatypes/matrix_multiplication/whole_array_mixed/_build'
gmake[1]: Leaving directory '/scratch/luisr/mlir-aie/programming_examples/basic/block_datatypes/matrix_multiplication/whole_array_mixed/_build'
cp _build/whole_array whole_array.exe 
mkdir -p build
python3 /scratch/luisr/mlir-aie/programming_examples/basic/block_datatypes/matrix_multiplication/whole_array_mixed/whole_array.py -m 80 -k 128 -n 32 -M 1280 -K 6144 -N 4096 > build/aie_1280x6144x4096_80x128x32.mlir
mkdir -p build
cd build && xchesscc_wrapper aie2p -I /proj/xbuilds/2024.2_INT_1113_1001/installs/all_platforms/Vitis/2024.2/aietools/include  -DDIM_M=80 -DDIM_K=128 -DDIM_N=32 -c /scratch/luisr/mlir-aie/programming_examples/basic/block_datatypes/matrix_multiplication/whole_array_mixed/../mm2.cc -o mm_80x128x32.o
WARNING: Default location for XILINX_VIVADO_IP_OVERRIDE not found: /build/xfndry/IP_2024.2_INTEGRATION_VERIFIED/customer/vivado/data/ip
mkdir -p build
cd build && aiecc.py --alloc-scheme= --aie-generate-xclbin --no-compile-host --xclbin-name=final_1280x6144x4096_80x128x32.xclbin \
			 --dynamic-objFifos \
			--aie-generate-npu-insts --npu-insts-name=insts_1280x6144x4096_80x128x32.txt ../build/aie_1280x6144x4096_80x128x32.mlir

Generating: /scratch/luisr/mlir-aie/programming_examples/basic/block_datatypes/matrix_multiplication/whole_array_mixed/build/aie_1280x6144x4096_80x128x32.mlir.prj/aie_cdo_elfs.bin
Generating: /scratch/luisr/mlir-aie/programming_examples/basic/block_datatypes/matrix_multiplication/whole_array_mixed/build/aie_1280x6144x4096_80x128x32.mlir.prj/aie_cdo_init.bin
Generating: /scratch/luisr/mlir-aie/programming_examples/basic/block_datatypes/matrix_multiplication/whole_array_mixed/build/aie_1280x6144x4096_80x128x32.mlir.prj/aie_cdo_enable.bin
export XRT_HACK_UNSECURE_LOADING_XCLBIN=1 && \
 ./whole_array.exe -x build/final_1280x6144x4096_80x128x32.xclbin -i build/insts_1280x6144x4096_80x128x32.txt -k MLIR_AIE -M 1280 -K 6144 -N 4096 -w 80 -y 128 -z 32 --iters 40 --warmup 10 --verify 0

Avg NPU matmul time: 22478.1us.
Avg NPU gflops: 2866.11

Min NPU matmul time: 21692us.
Max NPU gflops: 2969.97

Max NPU matmul time: 23078us.
Min NPU gflops: 2791.6

Shuffle time: 119005us.

PASS!

rm -rf build _build whole_array.exe
rm -rf _build
mkdir -p _build
cd _build &&  cmake -E env CXXFLAGS="-std=c++23 -ggdb -DDTYPE_IN= -DDTYPE_OUT= -DDTYPE_ACC=" \
	cmake `echo /scratch/luisr/mlir-aie/programming_examples/basic/block_datatypes/matrix_multiplication/whole_array_mixed/..` -D CMAKE_C_COMPILER=gcc-13 -D CMAKE_CXX_COMPILER=g++-13 -DTARGET_NAME=whole_array -Dhostsrc=/scratch/luisr/mlir-aie/programming_examples/basic/block_datatypes/matrix_multiplication/whole_array_mixed/../mixed_test.cpp
CMake Deprecation Warning at CMakeLists.txt:13 (cmake_minimum_required):
  Compatibility with CMake < 3.10 will be removed from a future version of
  CMake.

  Update the VERSION argument <min> value.  Or, use the <min>...<max> syntax
  to tell CMake that the project requires at least <min> but has been updated
  to work with policies introduced by <max> or earlier.


-- The C compiler identification is GNU 13.3.0
-- The CXX compiler identification is GNU 13.3.0
-- Detecting C compiler ABI info
-- Detecting C compiler ABI info - done
-- Check for working C compiler: /usr/bin/gcc-13 - skipped
-- Detecting C compile features
-- Detecting C compile features - done
-- Detecting CXX compiler ABI info
-- Detecting CXX compiler ABI info - done
-- Check for working CXX compiler: /usr/bin/g++-13 - skipped
-- Detecting CXX compile features
-- Detecting CXX compile features - done
-- Configuring done (0.2s)
-- Generating done (0.0s)
-- Build files have been written to: /scratch/luisr/mlir-aie/programming_examples/basic/block_datatypes/matrix_multiplication/whole_array_mixed/_build
cd _build &&  cmake --build . --config Release
gmake[1]: Entering directory '/scratch/luisr/mlir-aie/programming_examples/basic/block_datatypes/matrix_multiplication/whole_array_mixed/_build'
gmake[2]: Entering directory '/scratch/luisr/mlir-aie/programming_examples/basic/block_datatypes/matrix_multiplication/whole_array_mixed/_build'
gmake[3]: Entering directory '/scratch/luisr/mlir-aie/programming_examples/basic/block_datatypes/matrix_multiplication/whole_array_mixed/_build'
gmake[3]: Leaving directory '/scratch/luisr/mlir-aie/programming_examples/basic/block_datatypes/matrix_multiplication/whole_array_mixed/_build'
gmake[3]: Entering directory '/scratch/luisr/mlir-aie/programming_examples/basic/block_datatypes/matrix_multiplication/whole_array_mixed/_build'
[ 33%] Building CXX object CMakeFiles/whole_array.dir/mixed_test.cpp.o
[ 66%] Building CXX object CMakeFiles/whole_array.dir/scratch/luisr/mlir-aie/runtime_lib/test_lib/test_utils.cpp.o
[100%] Linking CXX executable whole_array
gmake[3]: Leaving directory '/scratch/luisr/mlir-aie/programming_examples/basic/block_datatypes/matrix_multiplication/whole_array_mixed/_build'
[100%] Built target whole_array
gmake[2]: Leaving directory '/scratch/luisr/mlir-aie/programming_examples/basic/block_datatypes/matrix_multiplication/whole_array_mixed/_build'
gmake[1]: Leaving directory '/scratch/luisr/mlir-aie/programming_examples/basic/block_datatypes/matrix_multiplication/whole_array_mixed/_build'
cp _build/whole_array whole_array.exe 
mkdir -p build
python3 /scratch/luisr/mlir-aie/programming_examples/basic/block_datatypes/matrix_multiplication/whole_array_mixed/whole_array.py -m 80 -k 128 -n 32 -M 1280 -K 6144 -N 8192 > build/aie_1280x6144x8192_80x128x32.mlir
mkdir -p build
cd build && xchesscc_wrapper aie2p -I /proj/xbuilds/2024.2_INT_1113_1001/installs/all_platforms/Vitis/2024.2/aietools/include  -DDIM_M=80 -DDIM_K=128 -DDIM_N=32 -c /scratch/luisr/mlir-aie/programming_examples/basic/block_datatypes/matrix_multiplication/whole_array_mixed/../mm2.cc -o mm_80x128x32.o
WARNING: Default location for XILINX_VIVADO_IP_OVERRIDE not found: /build/xfndry/IP_2024.2_INTEGRATION_VERIFIED/customer/vivado/data/ip
mkdir -p build
cd build && aiecc.py --alloc-scheme= --aie-generate-xclbin --no-compile-host --xclbin-name=final_1280x6144x8192_80x128x32.xclbin \
			 --dynamic-objFifos \
			--aie-generate-npu-insts --npu-insts-name=insts_1280x6144x8192_80x128x32.txt ../build/aie_1280x6144x8192_80x128x32.mlir
Error running pass pipeline:  builtin.module(aie.device(aie-materialize-bd-chains,aie-substitute-shim-dma-allocations,aie-assign-runtime-sequence-bd-ids,aie-dma-tasks-to-npu,aie-dma-to-npu,aie-lower-set-lock)) Failure while executing pass pipeline:
error: "-":2411:9: 'aie.dma_bd' op Stride 3 exceeds the [1:1048576] range.
 note: "-":2411:9: see current operation: "aie.dma_bd"(%arg2) <{bd_id = 0 : i32, burst_length = 0 : i32, dimensions = #aie<bd_dim_layout_array[<size = 2, stride = 2621440>, <size = 64, stride = 128>, <size = 320, stride = 8192>, <size = 32, stride = 1>]>, len = 655360 : i32, offset = 0 : i32}> : (memref<10485760xbf16>) -> ()

Traceback (most recent call last):
  File "/scratch/luisr/mlir-aie/install/bin/aiecc.py", line 12, in <module>
    main()
  File "/scratch/luisr/mlir-aie/install/python/aie/compiler/aiecc/main.py", line 1476, in main
    run(module_str)
  File "/scratch/luisr/mlir-aie/install/python/aie/compiler/aiecc/main.py", line 1450, in run
    asyncio.run(runner.run_flow())
  File "/usr/lib/python3.12/asyncio/runners.py", line 194, in run
    return runner.run(main)
           ^^^^^^^^^^^^^^^^
  File "/usr/lib/python3.12/asyncio/runners.py", line 118, in run
    return self._loop.run_until_complete(task)
           ^^^^^^^^^^^^^^^^^^^^^^^^^^^^^^^^^^^
  File "/usr/lib/python3.12/asyncio/base_events.py", line 687, in run_until_complete
    return future.result()
           ^^^^^^^^^^^^^^^
  File "/scratch/luisr/mlir-aie/install/python/aie/compiler/aiecc/main.py", line 1248, in run_flow
    npu_insts_module = run_passes_module(
                       ^^^^^^^^^^^^^^^^^^
  File "/scratch/luisr/mlir-aie/install/python/aie/compiler/aiecc/main.py", line 347, in run_passes_module
    raise e
  File "/scratch/luisr/mlir-aie/install/python/aie/compiler/aiecc/main.py", line 344, in run_passes_module
    pm.run(mlir_module.operation)
aie._mlir_libs._site_initialize.<locals>.MLIRError: Failure while executing pass pipeline:
error: "-":2411:9: 'aie.dma_bd' op Stride 3 exceeds the [1:1048576] range.
 note: "-":2411:9: see current operation: "aie.dma_bd"(%arg2) <{bd_id = 0 : i32, burst_length = 0 : i32, dimensions = #aie<bd_dim_layout_array[<size = 2, stride = 2621440>, <size = 64, stride = 128>, <size = 320, stride = 8192>, <size = 32, stride = 1>]>, len = 655360 : i32, offset = 0 : i32}> : (memref<10485760xbf16>) -> ()
make: *** [/scratch/luisr/mlir-aie/programming_examples/basic/block_datatypes/matrix_multiplication/whole_array_mixed/../makefile_common:73: build/final_1280x6144x8192_80x128x32.xclbin] Error 1
rm -rf build _build whole_array.exe
rm -rf _build
mkdir -p _build
cd _build &&  cmake -E env CXXFLAGS="-std=c++23 -ggdb -DDTYPE_IN= -DDTYPE_OUT= -DDTYPE_ACC=" \
	cmake `echo /scratch/luisr/mlir-aie/programming_examples/basic/block_datatypes/matrix_multiplication/whole_array_mixed/..` -D CMAKE_C_COMPILER=gcc-13 -D CMAKE_CXX_COMPILER=g++-13 -DTARGET_NAME=whole_array -Dhostsrc=/scratch/luisr/mlir-aie/programming_examples/basic/block_datatypes/matrix_multiplication/whole_array_mixed/../mixed_test.cpp
CMake Deprecation Warning at CMakeLists.txt:13 (cmake_minimum_required):
  Compatibility with CMake < 3.10 will be removed from a future version of
  CMake.

  Update the VERSION argument <min> value.  Or, use the <min>...<max> syntax
  to tell CMake that the project requires at least <min> but has been updated
  to work with policies introduced by <max> or earlier.


-- The C compiler identification is GNU 13.3.0
-- The CXX compiler identification is GNU 13.3.0
-- Detecting C compiler ABI info
-- Detecting C compiler ABI info - done
-- Check for working C compiler: /usr/bin/gcc-13 - skipped
-- Detecting C compile features
-- Detecting C compile features - done
-- Detecting CXX compiler ABI info
-- Detecting CXX compiler ABI info - done
-- Check for working CXX compiler: /usr/bin/g++-13 - skipped
-- Detecting CXX compile features
-- Detecting CXX compile features - done
-- Configuring done (0.3s)
-- Generating done (0.0s)
-- Build files have been written to: /scratch/luisr/mlir-aie/programming_examples/basic/block_datatypes/matrix_multiplication/whole_array_mixed/_build
cd _build &&  cmake --build . --config Release
gmake[1]: Entering directory '/scratch/luisr/mlir-aie/programming_examples/basic/block_datatypes/matrix_multiplication/whole_array_mixed/_build'
gmake[2]: Entering directory '/scratch/luisr/mlir-aie/programming_examples/basic/block_datatypes/matrix_multiplication/whole_array_mixed/_build'
gmake[3]: Entering directory '/scratch/luisr/mlir-aie/programming_examples/basic/block_datatypes/matrix_multiplication/whole_array_mixed/_build'
gmake[3]: Leaving directory '/scratch/luisr/mlir-aie/programming_examples/basic/block_datatypes/matrix_multiplication/whole_array_mixed/_build'
gmake[3]: Entering directory '/scratch/luisr/mlir-aie/programming_examples/basic/block_datatypes/matrix_multiplication/whole_array_mixed/_build'
[ 33%] Building CXX object CMakeFiles/whole_array.dir/mixed_test.cpp.o
[ 66%] Building CXX object CMakeFiles/whole_array.dir/scratch/luisr/mlir-aie/runtime_lib/test_lib/test_utils.cpp.o
[100%] Linking CXX executable whole_array
gmake[3]: Leaving directory '/scratch/luisr/mlir-aie/programming_examples/basic/block_datatypes/matrix_multiplication/whole_array_mixed/_build'
[100%] Built target whole_array
gmake[2]: Leaving directory '/scratch/luisr/mlir-aie/programming_examples/basic/block_datatypes/matrix_multiplication/whole_array_mixed/_build'
gmake[1]: Leaving directory '/scratch/luisr/mlir-aie/programming_examples/basic/block_datatypes/matrix_multiplication/whole_array_mixed/_build'
cp _build/whole_array whole_array.exe 
mkdir -p build
python3 /scratch/luisr/mlir-aie/programming_examples/basic/block_datatypes/matrix_multiplication/whole_array_mixed/whole_array.py -m 80 -k 128 -n 32 -M 3840 -K 512 -N 512 > build/aie_3840x512x512_80x128x32.mlir
mkdir -p build
cd build && xchesscc_wrapper aie2p -I /proj/xbuilds/2024.2_INT_1113_1001/installs/all_platforms/Vitis/2024.2/aietools/include  -DDIM_M=80 -DDIM_K=128 -DDIM_N=32 -c /scratch/luisr/mlir-aie/programming_examples/basic/block_datatypes/matrix_multiplication/whole_array_mixed/../mm2.cc -o mm_80x128x32.o
WARNING: Default location for XILINX_VIVADO_IP_OVERRIDE not found: /build/xfndry/IP_2024.2_INTEGRATION_VERIFIED/customer/vivado/data/ip
mkdir -p build
cd build && aiecc.py --alloc-scheme= --aie-generate-xclbin --no-compile-host --xclbin-name=final_3840x512x512_80x128x32.xclbin \
			 --dynamic-objFifos \
			--aie-generate-npu-insts --npu-insts-name=insts_3840x512x512_80x128x32.txt ../build/aie_3840x512x512_80x128x32.mlir

Generating: /scratch/luisr/mlir-aie/programming_examples/basic/block_datatypes/matrix_multiplication/whole_array_mixed/build/aie_3840x512x512_80x128x32.mlir.prj/aie_cdo_elfs.bin
Generating: /scratch/luisr/mlir-aie/programming_examples/basic/block_datatypes/matrix_multiplication/whole_array_mixed/build/aie_3840x512x512_80x128x32.mlir.prj/aie_cdo_init.bin
Generating: /scratch/luisr/mlir-aie/programming_examples/basic/block_datatypes/matrix_multiplication/whole_array_mixed/build/aie_3840x512x512_80x128x32.mlir.prj/aie_cdo_enable.bin
export XRT_HACK_UNSECURE_LOADING_XCLBIN=1 && \
 ./whole_array.exe -x build/final_3840x512x512_80x128x32.xclbin -i build/insts_3840x512x512_80x128x32.txt -k MLIR_AIE -M 3840 -K 512 -N 512 -w 80 -y 128 -z 32 --iters 40 --warmup 10 --verify 0

Avg NPU matmul time: 820.875us.
Avg NPU gflops: 2452.59

Min NPU matmul time: 800us.
Max NPU gflops: 2516.58

Max NPU matmul time: 844us.
Min NPU gflops: 2385.39

Shuffle time: 1146us.

PASS!

rm -rf build _build whole_array.exe
rm -rf _build
mkdir -p _build
cd _build &&  cmake -E env CXXFLAGS="-std=c++23 -ggdb -DDTYPE_IN= -DDTYPE_OUT= -DDTYPE_ACC=" \
	cmake `echo /scratch/luisr/mlir-aie/programming_examples/basic/block_datatypes/matrix_multiplication/whole_array_mixed/..` -D CMAKE_C_COMPILER=gcc-13 -D CMAKE_CXX_COMPILER=g++-13 -DTARGET_NAME=whole_array -Dhostsrc=/scratch/luisr/mlir-aie/programming_examples/basic/block_datatypes/matrix_multiplication/whole_array_mixed/../mixed_test.cpp
CMake Deprecation Warning at CMakeLists.txt:13 (cmake_minimum_required):
  Compatibility with CMake < 3.10 will be removed from a future version of
  CMake.

  Update the VERSION argument <min> value.  Or, use the <min>...<max> syntax
  to tell CMake that the project requires at least <min> but has been updated
  to work with policies introduced by <max> or earlier.


-- The C compiler identification is GNU 13.3.0
-- The CXX compiler identification is GNU 13.3.0
-- Detecting C compiler ABI info
-- Detecting C compiler ABI info - done
-- Check for working C compiler: /usr/bin/gcc-13 - skipped
-- Detecting C compile features
-- Detecting C compile features - done
-- Detecting CXX compiler ABI info
-- Detecting CXX compiler ABI info - done
-- Check for working CXX compiler: /usr/bin/g++-13 - skipped
-- Detecting CXX compile features
-- Detecting CXX compile features - done
-- Configuring done (0.2s)
-- Generating done (0.0s)
-- Build files have been written to: /scratch/luisr/mlir-aie/programming_examples/basic/block_datatypes/matrix_multiplication/whole_array_mixed/_build
cd _build &&  cmake --build . --config Release
gmake[1]: Entering directory '/scratch/luisr/mlir-aie/programming_examples/basic/block_datatypes/matrix_multiplication/whole_array_mixed/_build'
gmake[2]: Entering directory '/scratch/luisr/mlir-aie/programming_examples/basic/block_datatypes/matrix_multiplication/whole_array_mixed/_build'
gmake[3]: Entering directory '/scratch/luisr/mlir-aie/programming_examples/basic/block_datatypes/matrix_multiplication/whole_array_mixed/_build'
gmake[3]: Leaving directory '/scratch/luisr/mlir-aie/programming_examples/basic/block_datatypes/matrix_multiplication/whole_array_mixed/_build'
gmake[3]: Entering directory '/scratch/luisr/mlir-aie/programming_examples/basic/block_datatypes/matrix_multiplication/whole_array_mixed/_build'
[ 33%] Building CXX object CMakeFiles/whole_array.dir/mixed_test.cpp.o
[ 66%] Building CXX object CMakeFiles/whole_array.dir/scratch/luisr/mlir-aie/runtime_lib/test_lib/test_utils.cpp.o
[100%] Linking CXX executable whole_array
gmake[3]: Leaving directory '/scratch/luisr/mlir-aie/programming_examples/basic/block_datatypes/matrix_multiplication/whole_array_mixed/_build'
[100%] Built target whole_array
gmake[2]: Leaving directory '/scratch/luisr/mlir-aie/programming_examples/basic/block_datatypes/matrix_multiplication/whole_array_mixed/_build'
gmake[1]: Leaving directory '/scratch/luisr/mlir-aie/programming_examples/basic/block_datatypes/matrix_multiplication/whole_array_mixed/_build'
cp _build/whole_array whole_array.exe 
mkdir -p build
python3 /scratch/luisr/mlir-aie/programming_examples/basic/block_datatypes/matrix_multiplication/whole_array_mixed/whole_array.py -m 80 -k 128 -n 32 -M 3840 -K 512 -N 1024 > build/aie_3840x512x1024_80x128x32.mlir
mkdir -p build
cd build && xchesscc_wrapper aie2p -I /proj/xbuilds/2024.2_INT_1113_1001/installs/all_platforms/Vitis/2024.2/aietools/include  -DDIM_M=80 -DDIM_K=128 -DDIM_N=32 -c /scratch/luisr/mlir-aie/programming_examples/basic/block_datatypes/matrix_multiplication/whole_array_mixed/../mm2.cc -o mm_80x128x32.o
WARNING: Default location for XILINX_VIVADO_IP_OVERRIDE not found: /build/xfndry/IP_2024.2_INTEGRATION_VERIFIED/customer/vivado/data/ip
mkdir -p build
cd build && aiecc.py --alloc-scheme= --aie-generate-xclbin --no-compile-host --xclbin-name=final_3840x512x1024_80x128x32.xclbin \
			 --dynamic-objFifos \
			--aie-generate-npu-insts --npu-insts-name=insts_3840x512x1024_80x128x32.txt ../build/aie_3840x512x1024_80x128x32.mlir

Generating: /scratch/luisr/mlir-aie/programming_examples/basic/block_datatypes/matrix_multiplication/whole_array_mixed/build/aie_3840x512x1024_80x128x32.mlir.prj/aie_cdo_elfs.bin
Generating: /scratch/luisr/mlir-aie/programming_examples/basic/block_datatypes/matrix_multiplication/whole_array_mixed/build/aie_3840x512x1024_80x128x32.mlir.prj/aie_cdo_init.bin
Generating: /scratch/luisr/mlir-aie/programming_examples/basic/block_datatypes/matrix_multiplication/whole_array_mixed/build/aie_3840x512x1024_80x128x32.mlir.prj/aie_cdo_enable.bin
export XRT_HACK_UNSECURE_LOADING_XCLBIN=1 && \
 ./whole_array.exe -x build/final_3840x512x1024_80x128x32.xclbin -i build/insts_3840x512x1024_80x128x32.txt -k MLIR_AIE -M 3840 -K 512 -N 1024 -w 80 -y 128 -z 32 --iters 40 --warmup 10 --verify 0

Avg NPU matmul time: 1525.65us.
Avg NPU gflops: 2639.22

Min NPU matmul time: 1485us.
Max NPU gflops: 2711.47

Max NPU matmul time: 1559us.
Min NPU gflops: 2582.77

Shuffle time: 2267us.

PASS!

rm -rf build _build whole_array.exe
rm -rf _build
mkdir -p _build
cd _build &&  cmake -E env CXXFLAGS="-std=c++23 -ggdb -DDTYPE_IN= -DDTYPE_OUT= -DDTYPE_ACC=" \
	cmake `echo /scratch/luisr/mlir-aie/programming_examples/basic/block_datatypes/matrix_multiplication/whole_array_mixed/..` -D CMAKE_C_COMPILER=gcc-13 -D CMAKE_CXX_COMPILER=g++-13 -DTARGET_NAME=whole_array -Dhostsrc=/scratch/luisr/mlir-aie/programming_examples/basic/block_datatypes/matrix_multiplication/whole_array_mixed/../mixed_test.cpp
CMake Deprecation Warning at CMakeLists.txt:13 (cmake_minimum_required):
  Compatibility with CMake < 3.10 will be removed from a future version of
  CMake.

  Update the VERSION argument <min> value.  Or, use the <min>...<max> syntax
  to tell CMake that the project requires at least <min> but has been updated
  to work with policies introduced by <max> or earlier.


-- The C compiler identification is GNU 13.3.0
-- The CXX compiler identification is GNU 13.3.0
-- Detecting C compiler ABI info
-- Detecting C compiler ABI info - done
-- Check for working C compiler: /usr/bin/gcc-13 - skipped
-- Detecting C compile features
-- Detecting C compile features - done
-- Detecting CXX compiler ABI info
-- Detecting CXX compiler ABI info - done
-- Check for working CXX compiler: /usr/bin/g++-13 - skipped
-- Detecting CXX compile features
-- Detecting CXX compile features - done
-- Configuring done (0.2s)
-- Generating done (0.0s)
-- Build files have been written to: /scratch/luisr/mlir-aie/programming_examples/basic/block_datatypes/matrix_multiplication/whole_array_mixed/_build
cd _build &&  cmake --build . --config Release
gmake[1]: Entering directory '/scratch/luisr/mlir-aie/programming_examples/basic/block_datatypes/matrix_multiplication/whole_array_mixed/_build'
gmake[2]: Entering directory '/scratch/luisr/mlir-aie/programming_examples/basic/block_datatypes/matrix_multiplication/whole_array_mixed/_build'
gmake[3]: Entering directory '/scratch/luisr/mlir-aie/programming_examples/basic/block_datatypes/matrix_multiplication/whole_array_mixed/_build'
gmake[3]: Leaving directory '/scratch/luisr/mlir-aie/programming_examples/basic/block_datatypes/matrix_multiplication/whole_array_mixed/_build'
gmake[3]: Entering directory '/scratch/luisr/mlir-aie/programming_examples/basic/block_datatypes/matrix_multiplication/whole_array_mixed/_build'
[ 33%] Building CXX object CMakeFiles/whole_array.dir/mixed_test.cpp.o
[ 66%] Building CXX object CMakeFiles/whole_array.dir/scratch/luisr/mlir-aie/runtime_lib/test_lib/test_utils.cpp.o
[100%] Linking CXX executable whole_array
gmake[3]: Leaving directory '/scratch/luisr/mlir-aie/programming_examples/basic/block_datatypes/matrix_multiplication/whole_array_mixed/_build'
[100%] Built target whole_array
gmake[2]: Leaving directory '/scratch/luisr/mlir-aie/programming_examples/basic/block_datatypes/matrix_multiplication/whole_array_mixed/_build'
gmake[1]: Leaving directory '/scratch/luisr/mlir-aie/programming_examples/basic/block_datatypes/matrix_multiplication/whole_array_mixed/_build'
cp _build/whole_array whole_array.exe 
mkdir -p build
python3 /scratch/luisr/mlir-aie/programming_examples/basic/block_datatypes/matrix_multiplication/whole_array_mixed/whole_array.py -m 80 -k 128 -n 32 -M 3840 -K 512 -N 4096 > build/aie_3840x512x4096_80x128x32.mlir
mkdir -p build
cd build && xchesscc_wrapper aie2p -I /proj/xbuilds/2024.2_INT_1113_1001/installs/all_platforms/Vitis/2024.2/aietools/include  -DDIM_M=80 -DDIM_K=128 -DDIM_N=32 -c /scratch/luisr/mlir-aie/programming_examples/basic/block_datatypes/matrix_multiplication/whole_array_mixed/../mm2.cc -o mm_80x128x32.o
WARNING: Default location for XILINX_VIVADO_IP_OVERRIDE not found: /build/xfndry/IP_2024.2_INTEGRATION_VERIFIED/customer/vivado/data/ip
mkdir -p build
cd build && aiecc.py --alloc-scheme= --aie-generate-xclbin --no-compile-host --xclbin-name=final_3840x512x4096_80x128x32.xclbin \
			 --dynamic-objFifos \
			--aie-generate-npu-insts --npu-insts-name=insts_3840x512x4096_80x128x32.txt ../build/aie_3840x512x4096_80x128x32.mlir

Generating: /scratch/luisr/mlir-aie/programming_examples/basic/block_datatypes/matrix_multiplication/whole_array_mixed/build/aie_3840x512x4096_80x128x32.mlir.prj/aie_cdo_elfs.bin
Generating: /scratch/luisr/mlir-aie/programming_examples/basic/block_datatypes/matrix_multiplication/whole_array_mixed/build/aie_3840x512x4096_80x128x32.mlir.prj/aie_cdo_init.bin
Generating: /scratch/luisr/mlir-aie/programming_examples/basic/block_datatypes/matrix_multiplication/whole_array_mixed/build/aie_3840x512x4096_80x128x32.mlir.prj/aie_cdo_enable.bin
export XRT_HACK_UNSECURE_LOADING_XCLBIN=1 && \
 ./whole_array.exe -x build/final_3840x512x4096_80x128x32.xclbin -i build/insts_3840x512x4096_80x128x32.txt -k MLIR_AIE -M 3840 -K 512 -N 4096 -w 80 -y 128 -z 32 --iters 40 --warmup 10 --verify 0

Avg NPU matmul time: 5998.55us.
Avg NPU gflops: 2685

Min NPU matmul time: 5591us.
Max NPU gflops: 2880.72

Max NPU matmul time: 6316us.
Min NPU gflops: 2550.05

Shuffle time: 8530us.

PASS!

rm -rf build _build whole_array.exe
rm -rf _build
mkdir -p _build
cd _build &&  cmake -E env CXXFLAGS="-std=c++23 -ggdb -DDTYPE_IN= -DDTYPE_OUT= -DDTYPE_ACC=" \
	cmake `echo /scratch/luisr/mlir-aie/programming_examples/basic/block_datatypes/matrix_multiplication/whole_array_mixed/..` -D CMAKE_C_COMPILER=gcc-13 -D CMAKE_CXX_COMPILER=g++-13 -DTARGET_NAME=whole_array -Dhostsrc=/scratch/luisr/mlir-aie/programming_examples/basic/block_datatypes/matrix_multiplication/whole_array_mixed/../mixed_test.cpp
CMake Deprecation Warning at CMakeLists.txt:13 (cmake_minimum_required):
  Compatibility with CMake < 3.10 will be removed from a future version of
  CMake.

  Update the VERSION argument <min> value.  Or, use the <min>...<max> syntax
  to tell CMake that the project requires at least <min> but has been updated
  to work with policies introduced by <max> or earlier.


-- The C compiler identification is GNU 13.3.0
-- The CXX compiler identification is GNU 13.3.0
-- Detecting C compiler ABI info
-- Detecting C compiler ABI info - done
-- Check for working C compiler: /usr/bin/gcc-13 - skipped
-- Detecting C compile features
-- Detecting C compile features - done
-- Detecting CXX compiler ABI info
-- Detecting CXX compiler ABI info - done
-- Check for working CXX compiler: /usr/bin/g++-13 - skipped
-- Detecting CXX compile features
-- Detecting CXX compile features - done
-- Configuring done (0.3s)
-- Generating done (0.0s)
-- Build files have been written to: /scratch/luisr/mlir-aie/programming_examples/basic/block_datatypes/matrix_multiplication/whole_array_mixed/_build
cd _build &&  cmake --build . --config Release
gmake[1]: Entering directory '/scratch/luisr/mlir-aie/programming_examples/basic/block_datatypes/matrix_multiplication/whole_array_mixed/_build'
gmake[2]: Entering directory '/scratch/luisr/mlir-aie/programming_examples/basic/block_datatypes/matrix_multiplication/whole_array_mixed/_build'
gmake[3]: Entering directory '/scratch/luisr/mlir-aie/programming_examples/basic/block_datatypes/matrix_multiplication/whole_array_mixed/_build'
gmake[3]: Leaving directory '/scratch/luisr/mlir-aie/programming_examples/basic/block_datatypes/matrix_multiplication/whole_array_mixed/_build'
gmake[3]: Entering directory '/scratch/luisr/mlir-aie/programming_examples/basic/block_datatypes/matrix_multiplication/whole_array_mixed/_build'
[ 33%] Building CXX object CMakeFiles/whole_array.dir/mixed_test.cpp.o
[ 66%] Building CXX object CMakeFiles/whole_array.dir/scratch/luisr/mlir-aie/runtime_lib/test_lib/test_utils.cpp.o
[100%] Linking CXX executable whole_array
gmake[3]: Leaving directory '/scratch/luisr/mlir-aie/programming_examples/basic/block_datatypes/matrix_multiplication/whole_array_mixed/_build'
[100%] Built target whole_array
gmake[2]: Leaving directory '/scratch/luisr/mlir-aie/programming_examples/basic/block_datatypes/matrix_multiplication/whole_array_mixed/_build'
gmake[1]: Leaving directory '/scratch/luisr/mlir-aie/programming_examples/basic/block_datatypes/matrix_multiplication/whole_array_mixed/_build'
cp _build/whole_array whole_array.exe 
mkdir -p build
python3 /scratch/luisr/mlir-aie/programming_examples/basic/block_datatypes/matrix_multiplication/whole_array_mixed/whole_array.py -m 80 -k 128 -n 32 -M 3840 -K 512 -N 8192 > build/aie_3840x512x8192_80x128x32.mlir
mkdir -p build
cd build && xchesscc_wrapper aie2p -I /proj/xbuilds/2024.2_INT_1113_1001/installs/all_platforms/Vitis/2024.2/aietools/include  -DDIM_M=80 -DDIM_K=128 -DDIM_N=32 -c /scratch/luisr/mlir-aie/programming_examples/basic/block_datatypes/matrix_multiplication/whole_array_mixed/../mm2.cc -o mm_80x128x32.o
WARNING: Default location for XILINX_VIVADO_IP_OVERRIDE not found: /build/xfndry/IP_2024.2_INTEGRATION_VERIFIED/customer/vivado/data/ip
mkdir -p build
cd build && aiecc.py --alloc-scheme= --aie-generate-xclbin --no-compile-host --xclbin-name=final_3840x512x8192_80x128x32.xclbin \
			 --dynamic-objFifos \
			--aie-generate-npu-insts --npu-insts-name=insts_3840x512x8192_80x128x32.txt ../build/aie_3840x512x8192_80x128x32.mlir
Error running pass pipeline:  builtin.module(aie.device(aie-materialize-bd-chains,aie-substitute-shim-dma-allocations,aie-assign-runtime-sequence-bd-ids,aie-dma-tasks-to-npu,aie-dma-to-npu,aie-lower-set-lock)) Failure while executing pass pipeline:
error: "-":2411:9: 'aie.dma_bd' op Stride 3 exceeds the [1:1048576] range.
 note: "-":2411:9: see current operation: "aie.dma_bd"(%arg2) <{bd_id = 0 : i32, burst_length = 0 : i32, dimensions = #aie<bd_dim_layout_array[<size = 2, stride = 2621440>, <size = 64, stride = 128>, <size = 320, stride = 8192>, <size = 32, stride = 1>]>, len = 655360 : i32, offset = 0 : i32}> : (memref<31457280xbf16>) -> ()

Traceback (most recent call last):
  File "/scratch/luisr/mlir-aie/install/bin/aiecc.py", line 12, in <module>
    main()
  File "/scratch/luisr/mlir-aie/install/python/aie/compiler/aiecc/main.py", line 1476, in main
    run(module_str)
  File "/scratch/luisr/mlir-aie/install/python/aie/compiler/aiecc/main.py", line 1450, in run
    asyncio.run(runner.run_flow())
  File "/usr/lib/python3.12/asyncio/runners.py", line 194, in run
    return runner.run(main)
           ^^^^^^^^^^^^^^^^
  File "/usr/lib/python3.12/asyncio/runners.py", line 118, in run
    return self._loop.run_until_complete(task)
           ^^^^^^^^^^^^^^^^^^^^^^^^^^^^^^^^^^^
  File "/usr/lib/python3.12/asyncio/base_events.py", line 687, in run_until_complete
    return future.result()
           ^^^^^^^^^^^^^^^
  File "/scratch/luisr/mlir-aie/install/python/aie/compiler/aiecc/main.py", line 1248, in run_flow
    npu_insts_module = run_passes_module(
                       ^^^^^^^^^^^^^^^^^^
  File "/scratch/luisr/mlir-aie/install/python/aie/compiler/aiecc/main.py", line 347, in run_passes_module
    raise e
  File "/scratch/luisr/mlir-aie/install/python/aie/compiler/aiecc/main.py", line 344, in run_passes_module
    pm.run(mlir_module.operation)
aie._mlir_libs._site_initialize.<locals>.MLIRError: Failure while executing pass pipeline:
error: "-":2411:9: 'aie.dma_bd' op Stride 3 exceeds the [1:1048576] range.
 note: "-":2411:9: see current operation: "aie.dma_bd"(%arg2) <{bd_id = 0 : i32, burst_length = 0 : i32, dimensions = #aie<bd_dim_layout_array[<size = 2, stride = 2621440>, <size = 64, stride = 128>, <size = 320, stride = 8192>, <size = 32, stride = 1>]>, len = 655360 : i32, offset = 0 : i32}> : (memref<31457280xbf16>) -> ()
make: *** [/scratch/luisr/mlir-aie/programming_examples/basic/block_datatypes/matrix_multiplication/whole_array_mixed/../makefile_common:73: build/final_3840x512x8192_80x128x32.xclbin] Error 1
rm -rf build _build whole_array.exe
rm -rf _build
mkdir -p _build
cd _build &&  cmake -E env CXXFLAGS="-std=c++23 -ggdb -DDTYPE_IN= -DDTYPE_OUT= -DDTYPE_ACC=" \
	cmake `echo /scratch/luisr/mlir-aie/programming_examples/basic/block_datatypes/matrix_multiplication/whole_array_mixed/..` -D CMAKE_C_COMPILER=gcc-13 -D CMAKE_CXX_COMPILER=g++-13 -DTARGET_NAME=whole_array -Dhostsrc=/scratch/luisr/mlir-aie/programming_examples/basic/block_datatypes/matrix_multiplication/whole_array_mixed/../mixed_test.cpp
CMake Deprecation Warning at CMakeLists.txt:13 (cmake_minimum_required):
  Compatibility with CMake < 3.10 will be removed from a future version of
  CMake.

  Update the VERSION argument <min> value.  Or, use the <min>...<max> syntax
  to tell CMake that the project requires at least <min> but has been updated
  to work with policies introduced by <max> or earlier.


-- The C compiler identification is GNU 13.3.0
-- The CXX compiler identification is GNU 13.3.0
-- Detecting C compiler ABI info
-- Detecting C compiler ABI info - done
-- Check for working C compiler: /usr/bin/gcc-13 - skipped
-- Detecting C compile features
-- Detecting C compile features - done
-- Detecting CXX compiler ABI info
-- Detecting CXX compiler ABI info - done
-- Check for working CXX compiler: /usr/bin/g++-13 - skipped
-- Detecting CXX compile features
-- Detecting CXX compile features - done
-- Configuring done (0.3s)
-- Generating done (0.0s)
-- Build files have been written to: /scratch/luisr/mlir-aie/programming_examples/basic/block_datatypes/matrix_multiplication/whole_array_mixed/_build
cd _build &&  cmake --build . --config Release
gmake[1]: Entering directory '/scratch/luisr/mlir-aie/programming_examples/basic/block_datatypes/matrix_multiplication/whole_array_mixed/_build'
gmake[2]: Entering directory '/scratch/luisr/mlir-aie/programming_examples/basic/block_datatypes/matrix_multiplication/whole_array_mixed/_build'
gmake[3]: Entering directory '/scratch/luisr/mlir-aie/programming_examples/basic/block_datatypes/matrix_multiplication/whole_array_mixed/_build'
gmake[3]: Leaving directory '/scratch/luisr/mlir-aie/programming_examples/basic/block_datatypes/matrix_multiplication/whole_array_mixed/_build'
gmake[3]: Entering directory '/scratch/luisr/mlir-aie/programming_examples/basic/block_datatypes/matrix_multiplication/whole_array_mixed/_build'
[ 33%] Building CXX object CMakeFiles/whole_array.dir/mixed_test.cpp.o
[ 66%] Building CXX object CMakeFiles/whole_array.dir/scratch/luisr/mlir-aie/runtime_lib/test_lib/test_utils.cpp.o
[100%] Linking CXX executable whole_array
gmake[3]: Leaving directory '/scratch/luisr/mlir-aie/programming_examples/basic/block_datatypes/matrix_multiplication/whole_array_mixed/_build'
[100%] Built target whole_array
gmake[2]: Leaving directory '/scratch/luisr/mlir-aie/programming_examples/basic/block_datatypes/matrix_multiplication/whole_array_mixed/_build'
gmake[1]: Leaving directory '/scratch/luisr/mlir-aie/programming_examples/basic/block_datatypes/matrix_multiplication/whole_array_mixed/_build'
cp _build/whole_array whole_array.exe 
mkdir -p build
python3 /scratch/luisr/mlir-aie/programming_examples/basic/block_datatypes/matrix_multiplication/whole_array_mixed/whole_array.py -m 80 -k 128 -n 32 -M 3840 -K 1024 -N 512 > build/aie_3840x1024x512_80x128x32.mlir
mkdir -p build
cd build && xchesscc_wrapper aie2p -I /proj/xbuilds/2024.2_INT_1113_1001/installs/all_platforms/Vitis/2024.2/aietools/include  -DDIM_M=80 -DDIM_K=128 -DDIM_N=32 -c /scratch/luisr/mlir-aie/programming_examples/basic/block_datatypes/matrix_multiplication/whole_array_mixed/../mm2.cc -o mm_80x128x32.o
WARNING: Default location for XILINX_VIVADO_IP_OVERRIDE not found: /build/xfndry/IP_2024.2_INTEGRATION_VERIFIED/customer/vivado/data/ip
mkdir -p build
cd build && aiecc.py --alloc-scheme= --aie-generate-xclbin --no-compile-host --xclbin-name=final_3840x1024x512_80x128x32.xclbin \
			 --dynamic-objFifos \
			--aie-generate-npu-insts --npu-insts-name=insts_3840x1024x512_80x128x32.txt ../build/aie_3840x1024x512_80x128x32.mlir

Generating: /scratch/luisr/mlir-aie/programming_examples/basic/block_datatypes/matrix_multiplication/whole_array_mixed/build/aie_3840x1024x512_80x128x32.mlir.prj/aie_cdo_elfs.bin
Generating: /scratch/luisr/mlir-aie/programming_examples/basic/block_datatypes/matrix_multiplication/whole_array_mixed/build/aie_3840x1024x512_80x128x32.mlir.prj/aie_cdo_init.bin
Generating: /scratch/luisr/mlir-aie/programming_examples/basic/block_datatypes/matrix_multiplication/whole_array_mixed/build/aie_3840x1024x512_80x128x32.mlir.prj/aie_cdo_enable.bin
export XRT_HACK_UNSECURE_LOADING_XCLBIN=1 && \
 ./whole_array.exe -x build/final_3840x1024x512_80x128x32.xclbin -i build/insts_3840x1024x512_80x128x32.txt -k MLIR_AIE -M 3840 -K 1024 -N 512 -w 80 -y 128 -z 32 --iters 40 --warmup 10 --verify 0

Avg NPU matmul time: 1879.18us.
Avg NPU gflops: 2142.71

Min NPU matmul time: 1519us.
Max NPU gflops: 2650.78

Max NPU matmul time: 2386us.
Min NPU gflops: 1687.57

Shuffle time: 2331us.

PASS!

rm -rf build _build whole_array.exe
rm -rf _build
mkdir -p _build
cd _build &&  cmake -E env CXXFLAGS="-std=c++23 -ggdb -DDTYPE_IN= -DDTYPE_OUT= -DDTYPE_ACC=" \
	cmake `echo /scratch/luisr/mlir-aie/programming_examples/basic/block_datatypes/matrix_multiplication/whole_array_mixed/..` -D CMAKE_C_COMPILER=gcc-13 -D CMAKE_CXX_COMPILER=g++-13 -DTARGET_NAME=whole_array -Dhostsrc=/scratch/luisr/mlir-aie/programming_examples/basic/block_datatypes/matrix_multiplication/whole_array_mixed/../mixed_test.cpp
CMake Deprecation Warning at CMakeLists.txt:13 (cmake_minimum_required):
  Compatibility with CMake < 3.10 will be removed from a future version of
  CMake.

  Update the VERSION argument <min> value.  Or, use the <min>...<max> syntax
  to tell CMake that the project requires at least <min> but has been updated
  to work with policies introduced by <max> or earlier.


-- The C compiler identification is GNU 13.3.0
-- The CXX compiler identification is GNU 13.3.0
-- Detecting C compiler ABI info
-- Detecting C compiler ABI info - done
-- Check for working C compiler: /usr/bin/gcc-13 - skipped
-- Detecting C compile features
-- Detecting C compile features - done
-- Detecting CXX compiler ABI info
-- Detecting CXX compiler ABI info - done
-- Check for working CXX compiler: /usr/bin/g++-13 - skipped
-- Detecting CXX compile features
-- Detecting CXX compile features - done
-- Configuring done (0.3s)
-- Generating done (0.0s)
-- Build files have been written to: /scratch/luisr/mlir-aie/programming_examples/basic/block_datatypes/matrix_multiplication/whole_array_mixed/_build
cd _build &&  cmake --build . --config Release
gmake[1]: Entering directory '/scratch/luisr/mlir-aie/programming_examples/basic/block_datatypes/matrix_multiplication/whole_array_mixed/_build'
gmake[2]: Entering directory '/scratch/luisr/mlir-aie/programming_examples/basic/block_datatypes/matrix_multiplication/whole_array_mixed/_build'
gmake[3]: Entering directory '/scratch/luisr/mlir-aie/programming_examples/basic/block_datatypes/matrix_multiplication/whole_array_mixed/_build'
gmake[3]: Leaving directory '/scratch/luisr/mlir-aie/programming_examples/basic/block_datatypes/matrix_multiplication/whole_array_mixed/_build'
gmake[3]: Entering directory '/scratch/luisr/mlir-aie/programming_examples/basic/block_datatypes/matrix_multiplication/whole_array_mixed/_build'
[ 33%] Building CXX object CMakeFiles/whole_array.dir/mixed_test.cpp.o
[ 66%] Building CXX object CMakeFiles/whole_array.dir/scratch/luisr/mlir-aie/runtime_lib/test_lib/test_utils.cpp.o
[100%] Linking CXX executable whole_array
gmake[3]: Leaving directory '/scratch/luisr/mlir-aie/programming_examples/basic/block_datatypes/matrix_multiplication/whole_array_mixed/_build'
[100%] Built target whole_array
gmake[2]: Leaving directory '/scratch/luisr/mlir-aie/programming_examples/basic/block_datatypes/matrix_multiplication/whole_array_mixed/_build'
gmake[1]: Leaving directory '/scratch/luisr/mlir-aie/programming_examples/basic/block_datatypes/matrix_multiplication/whole_array_mixed/_build'
cp _build/whole_array whole_array.exe 
mkdir -p build
python3 /scratch/luisr/mlir-aie/programming_examples/basic/block_datatypes/matrix_multiplication/whole_array_mixed/whole_array.py -m 80 -k 128 -n 32 -M 3840 -K 1024 -N 1024 > build/aie_3840x1024x1024_80x128x32.mlir
mkdir -p build
cd build && xchesscc_wrapper aie2p -I /proj/xbuilds/2024.2_INT_1113_1001/installs/all_platforms/Vitis/2024.2/aietools/include  -DDIM_M=80 -DDIM_K=128 -DDIM_N=32 -c /scratch/luisr/mlir-aie/programming_examples/basic/block_datatypes/matrix_multiplication/whole_array_mixed/../mm2.cc -o mm_80x128x32.o
WARNING: Default location for XILINX_VIVADO_IP_OVERRIDE not found: /build/xfndry/IP_2024.2_INTEGRATION_VERIFIED/customer/vivado/data/ip
mkdir -p build
cd build && aiecc.py --alloc-scheme= --aie-generate-xclbin --no-compile-host --xclbin-name=final_3840x1024x1024_80x128x32.xclbin \
			 --dynamic-objFifos \
			--aie-generate-npu-insts --npu-insts-name=insts_3840x1024x1024_80x128x32.txt ../build/aie_3840x1024x1024_80x128x32.mlir

Generating: /scratch/luisr/mlir-aie/programming_examples/basic/block_datatypes/matrix_multiplication/whole_array_mixed/build/aie_3840x1024x1024_80x128x32.mlir.prj/aie_cdo_elfs.bin
Generating: /scratch/luisr/mlir-aie/programming_examples/basic/block_datatypes/matrix_multiplication/whole_array_mixed/build/aie_3840x1024x1024_80x128x32.mlir.prj/aie_cdo_init.bin
Generating: /scratch/luisr/mlir-aie/programming_examples/basic/block_datatypes/matrix_multiplication/whole_array_mixed/build/aie_3840x1024x1024_80x128x32.mlir.prj/aie_cdo_enable.bin
export XRT_HACK_UNSECURE_LOADING_XCLBIN=1 && \
 ./whole_array.exe -x build/final_3840x1024x1024_80x128x32.xclbin -i build/insts_3840x1024x1024_80x128x32.txt -k MLIR_AIE -M 3840 -K 1024 -N 1024 -w 80 -y 128 -z 32 --iters 40 --warmup 10 --verify 0

Avg NPU matmul time: 3211.1us.
Avg NPU gflops: 2507.88

Min NPU matmul time: 2859us.
Max NPU gflops: 2816.74

Max NPU matmul time: 3607us.
Min NPU gflops: 2232.62

Shuffle time: 4487us.

PASS!

rm -rf build _build whole_array.exe
rm -rf _build
mkdir -p _build
cd _build &&  cmake -E env CXXFLAGS="-std=c++23 -ggdb -DDTYPE_IN= -DDTYPE_OUT= -DDTYPE_ACC=" \
	cmake `echo /scratch/luisr/mlir-aie/programming_examples/basic/block_datatypes/matrix_multiplication/whole_array_mixed/..` -D CMAKE_C_COMPILER=gcc-13 -D CMAKE_CXX_COMPILER=g++-13 -DTARGET_NAME=whole_array -Dhostsrc=/scratch/luisr/mlir-aie/programming_examples/basic/block_datatypes/matrix_multiplication/whole_array_mixed/../mixed_test.cpp
CMake Deprecation Warning at CMakeLists.txt:13 (cmake_minimum_required):
  Compatibility with CMake < 3.10 will be removed from a future version of
  CMake.

  Update the VERSION argument <min> value.  Or, use the <min>...<max> syntax
  to tell CMake that the project requires at least <min> but has been updated
  to work with policies introduced by <max> or earlier.


-- The C compiler identification is GNU 13.3.0
-- The CXX compiler identification is GNU 13.3.0
-- Detecting C compiler ABI info
-- Detecting C compiler ABI info - done
-- Check for working C compiler: /usr/bin/gcc-13 - skipped
-- Detecting C compile features
-- Detecting C compile features - done
-- Detecting CXX compiler ABI info
-- Detecting CXX compiler ABI info - done
-- Check for working CXX compiler: /usr/bin/g++-13 - skipped
-- Detecting CXX compile features
-- Detecting CXX compile features - done
-- Configuring done (0.2s)
-- Generating done (0.0s)
-- Build files have been written to: /scratch/luisr/mlir-aie/programming_examples/basic/block_datatypes/matrix_multiplication/whole_array_mixed/_build
cd _build &&  cmake --build . --config Release
gmake[1]: Entering directory '/scratch/luisr/mlir-aie/programming_examples/basic/block_datatypes/matrix_multiplication/whole_array_mixed/_build'
gmake[2]: Entering directory '/scratch/luisr/mlir-aie/programming_examples/basic/block_datatypes/matrix_multiplication/whole_array_mixed/_build'
gmake[3]: Entering directory '/scratch/luisr/mlir-aie/programming_examples/basic/block_datatypes/matrix_multiplication/whole_array_mixed/_build'
gmake[3]: Leaving directory '/scratch/luisr/mlir-aie/programming_examples/basic/block_datatypes/matrix_multiplication/whole_array_mixed/_build'
gmake[3]: Entering directory '/scratch/luisr/mlir-aie/programming_examples/basic/block_datatypes/matrix_multiplication/whole_array_mixed/_build'
[ 33%] Building CXX object CMakeFiles/whole_array.dir/mixed_test.cpp.o
[ 66%] Building CXX object CMakeFiles/whole_array.dir/scratch/luisr/mlir-aie/runtime_lib/test_lib/test_utils.cpp.o
[100%] Linking CXX executable whole_array
gmake[3]: Leaving directory '/scratch/luisr/mlir-aie/programming_examples/basic/block_datatypes/matrix_multiplication/whole_array_mixed/_build'
[100%] Built target whole_array
gmake[2]: Leaving directory '/scratch/luisr/mlir-aie/programming_examples/basic/block_datatypes/matrix_multiplication/whole_array_mixed/_build'
gmake[1]: Leaving directory '/scratch/luisr/mlir-aie/programming_examples/basic/block_datatypes/matrix_multiplication/whole_array_mixed/_build'
cp _build/whole_array whole_array.exe 
mkdir -p build
python3 /scratch/luisr/mlir-aie/programming_examples/basic/block_datatypes/matrix_multiplication/whole_array_mixed/whole_array.py -m 80 -k 128 -n 32 -M 3840 -K 1024 -N 4096 > build/aie_3840x1024x4096_80x128x32.mlir
mkdir -p build
cd build && xchesscc_wrapper aie2p -I /proj/xbuilds/2024.2_INT_1113_1001/installs/all_platforms/Vitis/2024.2/aietools/include  -DDIM_M=80 -DDIM_K=128 -DDIM_N=32 -c /scratch/luisr/mlir-aie/programming_examples/basic/block_datatypes/matrix_multiplication/whole_array_mixed/../mm2.cc -o mm_80x128x32.o
WARNING: Default location for XILINX_VIVADO_IP_OVERRIDE not found: /build/xfndry/IP_2024.2_INTEGRATION_VERIFIED/customer/vivado/data/ip
mkdir -p build
cd build && aiecc.py --alloc-scheme= --aie-generate-xclbin --no-compile-host --xclbin-name=final_3840x1024x4096_80x128x32.xclbin \
			 --dynamic-objFifos \
			--aie-generate-npu-insts --npu-insts-name=insts_3840x1024x4096_80x128x32.txt ../build/aie_3840x1024x4096_80x128x32.mlir

Generating: /scratch/luisr/mlir-aie/programming_examples/basic/block_datatypes/matrix_multiplication/whole_array_mixed/build/aie_3840x1024x4096_80x128x32.mlir.prj/aie_cdo_elfs.bin
Generating: /scratch/luisr/mlir-aie/programming_examples/basic/block_datatypes/matrix_multiplication/whole_array_mixed/build/aie_3840x1024x4096_80x128x32.mlir.prj/aie_cdo_init.bin
Generating: /scratch/luisr/mlir-aie/programming_examples/basic/block_datatypes/matrix_multiplication/whole_array_mixed/build/aie_3840x1024x4096_80x128x32.mlir.prj/aie_cdo_enable.bin
export XRT_HACK_UNSECURE_LOADING_XCLBIN=1 && \
 ./whole_array.exe -x build/final_3840x1024x4096_80x128x32.xclbin -i build/insts_3840x1024x4096_80x128x32.txt -k MLIR_AIE -M 3840 -K 1024 -N 4096 -w 80 -y 128 -z 32 --iters 40 --warmup 10 --verify 0

Avg NPU matmul time: 11748.1us.
Avg NPU gflops: 2741.91

Min NPU matmul time: 11030us.
Max NPU gflops: 2920.42

Max NPU matmul time: 12106us.
Min NPU gflops: 2660.85

Shuffle time: 17930us.

PASS!

rm -rf build _build whole_array.exe
rm -rf _build
mkdir -p _build
cd _build &&  cmake -E env CXXFLAGS="-std=c++23 -ggdb -DDTYPE_IN= -DDTYPE_OUT= -DDTYPE_ACC=" \
	cmake `echo /scratch/luisr/mlir-aie/programming_examples/basic/block_datatypes/matrix_multiplication/whole_array_mixed/..` -D CMAKE_C_COMPILER=gcc-13 -D CMAKE_CXX_COMPILER=g++-13 -DTARGET_NAME=whole_array -Dhostsrc=/scratch/luisr/mlir-aie/programming_examples/basic/block_datatypes/matrix_multiplication/whole_array_mixed/../mixed_test.cpp
CMake Deprecation Warning at CMakeLists.txt:13 (cmake_minimum_required):
  Compatibility with CMake < 3.10 will be removed from a future version of
  CMake.

  Update the VERSION argument <min> value.  Or, use the <min>...<max> syntax
  to tell CMake that the project requires at least <min> but has been updated
  to work with policies introduced by <max> or earlier.


-- The C compiler identification is GNU 13.3.0
-- The CXX compiler identification is GNU 13.3.0
-- Detecting C compiler ABI info
-- Detecting C compiler ABI info - done
-- Check for working C compiler: /usr/bin/gcc-13 - skipped
-- Detecting C compile features
-- Detecting C compile features - done
-- Detecting CXX compiler ABI info
-- Detecting CXX compiler ABI info - done
-- Check for working CXX compiler: /usr/bin/g++-13 - skipped
-- Detecting CXX compile features
-- Detecting CXX compile features - done
-- Configuring done (0.3s)
-- Generating done (0.0s)
-- Build files have been written to: /scratch/luisr/mlir-aie/programming_examples/basic/block_datatypes/matrix_multiplication/whole_array_mixed/_build
cd _build &&  cmake --build . --config Release
gmake[1]: Entering directory '/scratch/luisr/mlir-aie/programming_examples/basic/block_datatypes/matrix_multiplication/whole_array_mixed/_build'
gmake[2]: Entering directory '/scratch/luisr/mlir-aie/programming_examples/basic/block_datatypes/matrix_multiplication/whole_array_mixed/_build'
gmake[3]: Entering directory '/scratch/luisr/mlir-aie/programming_examples/basic/block_datatypes/matrix_multiplication/whole_array_mixed/_build'
gmake[3]: Leaving directory '/scratch/luisr/mlir-aie/programming_examples/basic/block_datatypes/matrix_multiplication/whole_array_mixed/_build'
gmake[3]: Entering directory '/scratch/luisr/mlir-aie/programming_examples/basic/block_datatypes/matrix_multiplication/whole_array_mixed/_build'
[ 33%] Building CXX object CMakeFiles/whole_array.dir/mixed_test.cpp.o
[ 66%] Building CXX object CMakeFiles/whole_array.dir/scratch/luisr/mlir-aie/runtime_lib/test_lib/test_utils.cpp.o
[100%] Linking CXX executable whole_array
gmake[3]: Leaving directory '/scratch/luisr/mlir-aie/programming_examples/basic/block_datatypes/matrix_multiplication/whole_array_mixed/_build'
[100%] Built target whole_array
gmake[2]: Leaving directory '/scratch/luisr/mlir-aie/programming_examples/basic/block_datatypes/matrix_multiplication/whole_array_mixed/_build'
gmake[1]: Leaving directory '/scratch/luisr/mlir-aie/programming_examples/basic/block_datatypes/matrix_multiplication/whole_array_mixed/_build'
cp _build/whole_array whole_array.exe 
mkdir -p build
python3 /scratch/luisr/mlir-aie/programming_examples/basic/block_datatypes/matrix_multiplication/whole_array_mixed/whole_array.py -m 80 -k 128 -n 32 -M 3840 -K 1024 -N 8192 > build/aie_3840x1024x8192_80x128x32.mlir
mkdir -p build
cd build && xchesscc_wrapper aie2p -I /proj/xbuilds/2024.2_INT_1113_1001/installs/all_platforms/Vitis/2024.2/aietools/include  -DDIM_M=80 -DDIM_K=128 -DDIM_N=32 -c /scratch/luisr/mlir-aie/programming_examples/basic/block_datatypes/matrix_multiplication/whole_array_mixed/../mm2.cc -o mm_80x128x32.o
WARNING: Default location for XILINX_VIVADO_IP_OVERRIDE not found: /build/xfndry/IP_2024.2_INTEGRATION_VERIFIED/customer/vivado/data/ip
mkdir -p build
cd build && aiecc.py --alloc-scheme= --aie-generate-xclbin --no-compile-host --xclbin-name=final_3840x1024x8192_80x128x32.xclbin \
			 --dynamic-objFifos \
			--aie-generate-npu-insts --npu-insts-name=insts_3840x1024x8192_80x128x32.txt ../build/aie_3840x1024x8192_80x128x32.mlir
Error running pass pipeline:  builtin.module(aie.device(aie-materialize-bd-chains,aie-substitute-shim-dma-allocations,aie-assign-runtime-sequence-bd-ids,aie-dma-tasks-to-npu,aie-dma-to-npu,aie-lower-set-lock)) Failure while executing pass pipeline:
error: "-":2411:9: 'aie.dma_bd' op Stride 3 exceeds the [1:1048576] range.
 note: "-":2411:9: see current operation: "aie.dma_bd"(%arg2) <{bd_id = 0 : i32, burst_length = 0 : i32, dimensions = #aie<bd_dim_layout_array[<size = 2, stride = 2621440>, <size = 64, stride = 128>, <size = 320, stride = 8192>, <size = 32, stride = 1>]>, len = 655360 : i32, offset = 0 : i32}> : (memref<31457280xbf16>) -> ()

Traceback (most recent call last):
  File "/scratch/luisr/mlir-aie/install/bin/aiecc.py", line 12, in <module>
    main()
  File "/scratch/luisr/mlir-aie/install/python/aie/compiler/aiecc/main.py", line 1476, in main
    run(module_str)
  File "/scratch/luisr/mlir-aie/install/python/aie/compiler/aiecc/main.py", line 1450, in run
    asyncio.run(runner.run_flow())
  File "/usr/lib/python3.12/asyncio/runners.py", line 194, in run
    return runner.run(main)
           ^^^^^^^^^^^^^^^^
  File "/usr/lib/python3.12/asyncio/runners.py", line 118, in run
    return self._loop.run_until_complete(task)
           ^^^^^^^^^^^^^^^^^^^^^^^^^^^^^^^^^^^
  File "/usr/lib/python3.12/asyncio/base_events.py", line 687, in run_until_complete
    return future.result()
           ^^^^^^^^^^^^^^^
  File "/scratch/luisr/mlir-aie/install/python/aie/compiler/aiecc/main.py", line 1248, in run_flow
    npu_insts_module = run_passes_module(
                       ^^^^^^^^^^^^^^^^^^
  File "/scratch/luisr/mlir-aie/install/python/aie/compiler/aiecc/main.py", line 347, in run_passes_module
    raise e
  File "/scratch/luisr/mlir-aie/install/python/aie/compiler/aiecc/main.py", line 344, in run_passes_module
    pm.run(mlir_module.operation)
aie._mlir_libs._site_initialize.<locals>.MLIRError: Failure while executing pass pipeline:
error: "-":2411:9: 'aie.dma_bd' op Stride 3 exceeds the [1:1048576] range.
 note: "-":2411:9: see current operation: "aie.dma_bd"(%arg2) <{bd_id = 0 : i32, burst_length = 0 : i32, dimensions = #aie<bd_dim_layout_array[<size = 2, stride = 2621440>, <size = 64, stride = 128>, <size = 320, stride = 8192>, <size = 32, stride = 1>]>, len = 655360 : i32, offset = 0 : i32}> : (memref<31457280xbf16>) -> ()
make: *** [/scratch/luisr/mlir-aie/programming_examples/basic/block_datatypes/matrix_multiplication/whole_array_mixed/../makefile_common:73: build/final_3840x1024x8192_80x128x32.xclbin] Error 1
rm -rf build _build whole_array.exe
rm -rf _build
mkdir -p _build
cd _build &&  cmake -E env CXXFLAGS="-std=c++23 -ggdb -DDTYPE_IN= -DDTYPE_OUT= -DDTYPE_ACC=" \
	cmake `echo /scratch/luisr/mlir-aie/programming_examples/basic/block_datatypes/matrix_multiplication/whole_array_mixed/..` -D CMAKE_C_COMPILER=gcc-13 -D CMAKE_CXX_COMPILER=g++-13 -DTARGET_NAME=whole_array -Dhostsrc=/scratch/luisr/mlir-aie/programming_examples/basic/block_datatypes/matrix_multiplication/whole_array_mixed/../mixed_test.cpp
CMake Deprecation Warning at CMakeLists.txt:13 (cmake_minimum_required):
  Compatibility with CMake < 3.10 will be removed from a future version of
  CMake.

  Update the VERSION argument <min> value.  Or, use the <min>...<max> syntax
  to tell CMake that the project requires at least <min> but has been updated
  to work with policies introduced by <max> or earlier.


-- The C compiler identification is GNU 13.3.0
-- The CXX compiler identification is GNU 13.3.0
-- Detecting C compiler ABI info
-- Detecting C compiler ABI info - done
-- Check for working C compiler: /usr/bin/gcc-13 - skipped
-- Detecting C compile features
-- Detecting C compile features - done
-- Detecting CXX compiler ABI info
-- Detecting CXX compiler ABI info - done
-- Check for working CXX compiler: /usr/bin/g++-13 - skipped
-- Detecting CXX compile features
-- Detecting CXX compile features - done
-- Configuring done (0.3s)
-- Generating done (0.0s)
-- Build files have been written to: /scratch/luisr/mlir-aie/programming_examples/basic/block_datatypes/matrix_multiplication/whole_array_mixed/_build
cd _build &&  cmake --build . --config Release
gmake[1]: Entering directory '/scratch/luisr/mlir-aie/programming_examples/basic/block_datatypes/matrix_multiplication/whole_array_mixed/_build'
gmake[2]: Entering directory '/scratch/luisr/mlir-aie/programming_examples/basic/block_datatypes/matrix_multiplication/whole_array_mixed/_build'
gmake[3]: Entering directory '/scratch/luisr/mlir-aie/programming_examples/basic/block_datatypes/matrix_multiplication/whole_array_mixed/_build'
gmake[3]: Leaving directory '/scratch/luisr/mlir-aie/programming_examples/basic/block_datatypes/matrix_multiplication/whole_array_mixed/_build'
gmake[3]: Entering directory '/scratch/luisr/mlir-aie/programming_examples/basic/block_datatypes/matrix_multiplication/whole_array_mixed/_build'
[ 33%] Building CXX object CMakeFiles/whole_array.dir/mixed_test.cpp.o
[ 66%] Building CXX object CMakeFiles/whole_array.dir/scratch/luisr/mlir-aie/runtime_lib/test_lib/test_utils.cpp.o
[100%] Linking CXX executable whole_array
gmake[3]: Leaving directory '/scratch/luisr/mlir-aie/programming_examples/basic/block_datatypes/matrix_multiplication/whole_array_mixed/_build'
[100%] Built target whole_array
gmake[2]: Leaving directory '/scratch/luisr/mlir-aie/programming_examples/basic/block_datatypes/matrix_multiplication/whole_array_mixed/_build'
gmake[1]: Leaving directory '/scratch/luisr/mlir-aie/programming_examples/basic/block_datatypes/matrix_multiplication/whole_array_mixed/_build'
cp _build/whole_array whole_array.exe 
mkdir -p build
python3 /scratch/luisr/mlir-aie/programming_examples/basic/block_datatypes/matrix_multiplication/whole_array_mixed/whole_array.py -m 80 -k 128 -n 32 -M 3840 -K 4096 -N 512 > build/aie_3840x4096x512_80x128x32.mlir
mkdir -p build
cd build && xchesscc_wrapper aie2p -I /proj/xbuilds/2024.2_INT_1113_1001/installs/all_platforms/Vitis/2024.2/aietools/include  -DDIM_M=80 -DDIM_K=128 -DDIM_N=32 -c /scratch/luisr/mlir-aie/programming_examples/basic/block_datatypes/matrix_multiplication/whole_array_mixed/../mm2.cc -o mm_80x128x32.o
WARNING: Default location for XILINX_VIVADO_IP_OVERRIDE not found: /build/xfndry/IP_2024.2_INTEGRATION_VERIFIED/customer/vivado/data/ip
mkdir -p build
cd build && aiecc.py --alloc-scheme= --aie-generate-xclbin --no-compile-host --xclbin-name=final_3840x4096x512_80x128x32.xclbin \
			 --dynamic-objFifos \
			--aie-generate-npu-insts --npu-insts-name=insts_3840x4096x512_80x128x32.txt ../build/aie_3840x4096x512_80x128x32.mlir

Generating: /scratch/luisr/mlir-aie/programming_examples/basic/block_datatypes/matrix_multiplication/whole_array_mixed/build/aie_3840x4096x512_80x128x32.mlir.prj/aie_cdo_elfs.bin
Generating: /scratch/luisr/mlir-aie/programming_examples/basic/block_datatypes/matrix_multiplication/whole_array_mixed/build/aie_3840x4096x512_80x128x32.mlir.prj/aie_cdo_init.bin
Generating: /scratch/luisr/mlir-aie/programming_examples/basic/block_datatypes/matrix_multiplication/whole_array_mixed/build/aie_3840x4096x512_80x128x32.mlir.prj/aie_cdo_enable.bin
export XRT_HACK_UNSECURE_LOADING_XCLBIN=1 && \
 ./whole_array.exe -x build/final_3840x4096x512_80x128x32.xclbin -i build/insts_3840x4096x512_80x128x32.txt -k MLIR_AIE -M 3840 -K 4096 -N 512 -w 80 -y 128 -z 32 --iters 40 --warmup 10 --verify 0

Avg NPU matmul time: 5941us.
Avg NPU gflops: 2711.01

Min NPU matmul time: 5635us.
Max NPU gflops: 2858.23

Max NPU matmul time: 6452us.
Min NPU gflops: 2496.3

Shuffle time: 8959us.

PASS!

rm -rf build _build whole_array.exe
rm -rf _build
mkdir -p _build
cd _build &&  cmake -E env CXXFLAGS="-std=c++23 -ggdb -DDTYPE_IN= -DDTYPE_OUT= -DDTYPE_ACC=" \
	cmake `echo /scratch/luisr/mlir-aie/programming_examples/basic/block_datatypes/matrix_multiplication/whole_array_mixed/..` -D CMAKE_C_COMPILER=gcc-13 -D CMAKE_CXX_COMPILER=g++-13 -DTARGET_NAME=whole_array -Dhostsrc=/scratch/luisr/mlir-aie/programming_examples/basic/block_datatypes/matrix_multiplication/whole_array_mixed/../mixed_test.cpp
CMake Deprecation Warning at CMakeLists.txt:13 (cmake_minimum_required):
  Compatibility with CMake < 3.10 will be removed from a future version of
  CMake.

  Update the VERSION argument <min> value.  Or, use the <min>...<max> syntax
  to tell CMake that the project requires at least <min> but has been updated
  to work with policies introduced by <max> or earlier.


-- The C compiler identification is GNU 13.3.0
-- The CXX compiler identification is GNU 13.3.0
-- Detecting C compiler ABI info
-- Detecting C compiler ABI info - done
-- Check for working C compiler: /usr/bin/gcc-13 - skipped
-- Detecting C compile features
-- Detecting C compile features - done
-- Detecting CXX compiler ABI info
-- Detecting CXX compiler ABI info - done
-- Check for working CXX compiler: /usr/bin/g++-13 - skipped
-- Detecting CXX compile features
-- Detecting CXX compile features - done
-- Configuring done (0.3s)
-- Generating done (0.0s)
-- Build files have been written to: /scratch/luisr/mlir-aie/programming_examples/basic/block_datatypes/matrix_multiplication/whole_array_mixed/_build
cd _build &&  cmake --build . --config Release
gmake[1]: Entering directory '/scratch/luisr/mlir-aie/programming_examples/basic/block_datatypes/matrix_multiplication/whole_array_mixed/_build'
gmake[2]: Entering directory '/scratch/luisr/mlir-aie/programming_examples/basic/block_datatypes/matrix_multiplication/whole_array_mixed/_build'
gmake[3]: Entering directory '/scratch/luisr/mlir-aie/programming_examples/basic/block_datatypes/matrix_multiplication/whole_array_mixed/_build'
gmake[3]: Leaving directory '/scratch/luisr/mlir-aie/programming_examples/basic/block_datatypes/matrix_multiplication/whole_array_mixed/_build'
gmake[3]: Entering directory '/scratch/luisr/mlir-aie/programming_examples/basic/block_datatypes/matrix_multiplication/whole_array_mixed/_build'
[ 33%] Building CXX object CMakeFiles/whole_array.dir/mixed_test.cpp.o
[ 66%] Building CXX object CMakeFiles/whole_array.dir/scratch/luisr/mlir-aie/runtime_lib/test_lib/test_utils.cpp.o
[100%] Linking CXX executable whole_array
gmake[3]: Leaving directory '/scratch/luisr/mlir-aie/programming_examples/basic/block_datatypes/matrix_multiplication/whole_array_mixed/_build'
[100%] Built target whole_array
gmake[2]: Leaving directory '/scratch/luisr/mlir-aie/programming_examples/basic/block_datatypes/matrix_multiplication/whole_array_mixed/_build'
gmake[1]: Leaving directory '/scratch/luisr/mlir-aie/programming_examples/basic/block_datatypes/matrix_multiplication/whole_array_mixed/_build'
cp _build/whole_array whole_array.exe 
mkdir -p build
python3 /scratch/luisr/mlir-aie/programming_examples/basic/block_datatypes/matrix_multiplication/whole_array_mixed/whole_array.py -m 80 -k 128 -n 32 -M 3840 -K 4096 -N 1024 > build/aie_3840x4096x1024_80x128x32.mlir
mkdir -p build
cd build && xchesscc_wrapper aie2p -I /proj/xbuilds/2024.2_INT_1113_1001/installs/all_platforms/Vitis/2024.2/aietools/include  -DDIM_M=80 -DDIM_K=128 -DDIM_N=32 -c /scratch/luisr/mlir-aie/programming_examples/basic/block_datatypes/matrix_multiplication/whole_array_mixed/../mm2.cc -o mm_80x128x32.o
WARNING: Default location for XILINX_VIVADO_IP_OVERRIDE not found: /build/xfndry/IP_2024.2_INTEGRATION_VERIFIED/customer/vivado/data/ip
mkdir -p build
cd build && aiecc.py --alloc-scheme= --aie-generate-xclbin --no-compile-host --xclbin-name=final_3840x4096x1024_80x128x32.xclbin \
			 --dynamic-objFifos \
			--aie-generate-npu-insts --npu-insts-name=insts_3840x4096x1024_80x128x32.txt ../build/aie_3840x4096x1024_80x128x32.mlir

Generating: /scratch/luisr/mlir-aie/programming_examples/basic/block_datatypes/matrix_multiplication/whole_array_mixed/build/aie_3840x4096x1024_80x128x32.mlir.prj/aie_cdo_elfs.bin
Generating: /scratch/luisr/mlir-aie/programming_examples/basic/block_datatypes/matrix_multiplication/whole_array_mixed/build/aie_3840x4096x1024_80x128x32.mlir.prj/aie_cdo_init.bin
Generating: /scratch/luisr/mlir-aie/programming_examples/basic/block_datatypes/matrix_multiplication/whole_array_mixed/build/aie_3840x4096x1024_80x128x32.mlir.prj/aie_cdo_enable.bin
export XRT_HACK_UNSECURE_LOADING_XCLBIN=1 && \
 ./whole_array.exe -x build/final_3840x4096x1024_80x128x32.xclbin -i build/insts_3840x4096x1024_80x128x32.txt -k MLIR_AIE -M 3840 -K 4096 -N 1024 -w 80 -y 128 -z 32 --iters 40 --warmup 10 --verify 0

Avg NPU matmul time: 11782us.
Avg NPU gflops: 2734.01

Min NPU matmul time: 11035us.
Max NPU gflops: 2919.1

Max NPU matmul time: 12299us.
Min NPU gflops: 2619.1

Shuffle time: 18323us.

PASS!

rm -rf build _build whole_array.exe
rm -rf _build
mkdir -p _build
cd _build &&  cmake -E env CXXFLAGS="-std=c++23 -ggdb -DDTYPE_IN= -DDTYPE_OUT= -DDTYPE_ACC=" \
	cmake `echo /scratch/luisr/mlir-aie/programming_examples/basic/block_datatypes/matrix_multiplication/whole_array_mixed/..` -D CMAKE_C_COMPILER=gcc-13 -D CMAKE_CXX_COMPILER=g++-13 -DTARGET_NAME=whole_array -Dhostsrc=/scratch/luisr/mlir-aie/programming_examples/basic/block_datatypes/matrix_multiplication/whole_array_mixed/../mixed_test.cpp
CMake Deprecation Warning at CMakeLists.txt:13 (cmake_minimum_required):
  Compatibility with CMake < 3.10 will be removed from a future version of
  CMake.

  Update the VERSION argument <min> value.  Or, use the <min>...<max> syntax
  to tell CMake that the project requires at least <min> but has been updated
  to work with policies introduced by <max> or earlier.


-- The C compiler identification is GNU 13.3.0
-- The CXX compiler identification is GNU 13.3.0
-- Detecting C compiler ABI info
-- Detecting C compiler ABI info - done
-- Check for working C compiler: /usr/bin/gcc-13 - skipped
-- Detecting C compile features
-- Detecting C compile features - done
-- Detecting CXX compiler ABI info
-- Detecting CXX compiler ABI info - done
-- Check for working CXX compiler: /usr/bin/g++-13 - skipped
-- Detecting CXX compile features
-- Detecting CXX compile features - done
-- Configuring done (0.2s)
-- Generating done (0.0s)
-- Build files have been written to: /scratch/luisr/mlir-aie/programming_examples/basic/block_datatypes/matrix_multiplication/whole_array_mixed/_build
cd _build &&  cmake --build . --config Release
gmake[1]: Entering directory '/scratch/luisr/mlir-aie/programming_examples/basic/block_datatypes/matrix_multiplication/whole_array_mixed/_build'
gmake[2]: Entering directory '/scratch/luisr/mlir-aie/programming_examples/basic/block_datatypes/matrix_multiplication/whole_array_mixed/_build'
gmake[3]: Entering directory '/scratch/luisr/mlir-aie/programming_examples/basic/block_datatypes/matrix_multiplication/whole_array_mixed/_build'
gmake[3]: Leaving directory '/scratch/luisr/mlir-aie/programming_examples/basic/block_datatypes/matrix_multiplication/whole_array_mixed/_build'
gmake[3]: Entering directory '/scratch/luisr/mlir-aie/programming_examples/basic/block_datatypes/matrix_multiplication/whole_array_mixed/_build'
[ 33%] Building CXX object CMakeFiles/whole_array.dir/mixed_test.cpp.o
[ 66%] Building CXX object CMakeFiles/whole_array.dir/scratch/luisr/mlir-aie/runtime_lib/test_lib/test_utils.cpp.o
[100%] Linking CXX executable whole_array
gmake[3]: Leaving directory '/scratch/luisr/mlir-aie/programming_examples/basic/block_datatypes/matrix_multiplication/whole_array_mixed/_build'
[100%] Built target whole_array
gmake[2]: Leaving directory '/scratch/luisr/mlir-aie/programming_examples/basic/block_datatypes/matrix_multiplication/whole_array_mixed/_build'
gmake[1]: Leaving directory '/scratch/luisr/mlir-aie/programming_examples/basic/block_datatypes/matrix_multiplication/whole_array_mixed/_build'
cp _build/whole_array whole_array.exe 
mkdir -p build
python3 /scratch/luisr/mlir-aie/programming_examples/basic/block_datatypes/matrix_multiplication/whole_array_mixed/whole_array.py -m 80 -k 128 -n 32 -M 3840 -K 4096 -N 4096 > build/aie_3840x4096x4096_80x128x32.mlir
mkdir -p build
cd build && xchesscc_wrapper aie2p -I /proj/xbuilds/2024.2_INT_1113_1001/installs/all_platforms/Vitis/2024.2/aietools/include  -DDIM_M=80 -DDIM_K=128 -DDIM_N=32 -c /scratch/luisr/mlir-aie/programming_examples/basic/block_datatypes/matrix_multiplication/whole_array_mixed/../mm2.cc -o mm_80x128x32.o
WARNING: Default location for XILINX_VIVADO_IP_OVERRIDE not found: /build/xfndry/IP_2024.2_INTEGRATION_VERIFIED/customer/vivado/data/ip
mkdir -p build
cd build && aiecc.py --alloc-scheme= --aie-generate-xclbin --no-compile-host --xclbin-name=final_3840x4096x4096_80x128x32.xclbin \
			 --dynamic-objFifos \
			--aie-generate-npu-insts --npu-insts-name=insts_3840x4096x4096_80x128x32.txt ../build/aie_3840x4096x4096_80x128x32.mlir

Generating: /scratch/luisr/mlir-aie/programming_examples/basic/block_datatypes/matrix_multiplication/whole_array_mixed/build/aie_3840x4096x4096_80x128x32.mlir.prj/aie_cdo_elfs.bin
Generating: /scratch/luisr/mlir-aie/programming_examples/basic/block_datatypes/matrix_multiplication/whole_array_mixed/build/aie_3840x4096x4096_80x128x32.mlir.prj/aie_cdo_init.bin
Generating: /scratch/luisr/mlir-aie/programming_examples/basic/block_datatypes/matrix_multiplication/whole_array_mixed/build/aie_3840x4096x4096_80x128x32.mlir.prj/aie_cdo_enable.bin
export XRT_HACK_UNSECURE_LOADING_XCLBIN=1 && \
 ./whole_array.exe -x build/final_3840x4096x4096_80x128x32.xclbin -i build/insts_3840x4096x4096_80x128x32.txt -k MLIR_AIE -M 3840 -K 4096 -N 4096 -w 80 -y 128 -z 32 --iters 40 --warmup 10 --verify 0

Avg NPU matmul time: 43962.9us.
Avg NPU gflops: 2930.86

Min NPU matmul time: 43426us.
Max NPU gflops: 2967.09

Max NPU matmul time: 44967us.
Min NPU gflops: 2865.41

Shuffle time: 80495us.

PASS!

rm -rf build _build whole_array.exe
rm -rf _build
mkdir -p _build
cd _build &&  cmake -E env CXXFLAGS="-std=c++23 -ggdb -DDTYPE_IN= -DDTYPE_OUT= -DDTYPE_ACC=" \
	cmake `echo /scratch/luisr/mlir-aie/programming_examples/basic/block_datatypes/matrix_multiplication/whole_array_mixed/..` -D CMAKE_C_COMPILER=gcc-13 -D CMAKE_CXX_COMPILER=g++-13 -DTARGET_NAME=whole_array -Dhostsrc=/scratch/luisr/mlir-aie/programming_examples/basic/block_datatypes/matrix_multiplication/whole_array_mixed/../mixed_test.cpp
CMake Deprecation Warning at CMakeLists.txt:13 (cmake_minimum_required):
  Compatibility with CMake < 3.10 will be removed from a future version of
  CMake.

  Update the VERSION argument <min> value.  Or, use the <min>...<max> syntax
  to tell CMake that the project requires at least <min> but has been updated
  to work with policies introduced by <max> or earlier.


-- The C compiler identification is GNU 13.3.0
-- The CXX compiler identification is GNU 13.3.0
-- Detecting C compiler ABI info
-- Detecting C compiler ABI info - done
-- Check for working C compiler: /usr/bin/gcc-13 - skipped
-- Detecting C compile features
-- Detecting C compile features - done
-- Detecting CXX compiler ABI info
-- Detecting CXX compiler ABI info - done
-- Check for working CXX compiler: /usr/bin/g++-13 - skipped
-- Detecting CXX compile features
-- Detecting CXX compile features - done
-- Configuring done (0.3s)
-- Generating done (0.0s)
-- Build files have been written to: /scratch/luisr/mlir-aie/programming_examples/basic/block_datatypes/matrix_multiplication/whole_array_mixed/_build
cd _build &&  cmake --build . --config Release
gmake[1]: Entering directory '/scratch/luisr/mlir-aie/programming_examples/basic/block_datatypes/matrix_multiplication/whole_array_mixed/_build'
gmake[2]: Entering directory '/scratch/luisr/mlir-aie/programming_examples/basic/block_datatypes/matrix_multiplication/whole_array_mixed/_build'
gmake[3]: Entering directory '/scratch/luisr/mlir-aie/programming_examples/basic/block_datatypes/matrix_multiplication/whole_array_mixed/_build'
gmake[3]: Leaving directory '/scratch/luisr/mlir-aie/programming_examples/basic/block_datatypes/matrix_multiplication/whole_array_mixed/_build'
gmake[3]: Entering directory '/scratch/luisr/mlir-aie/programming_examples/basic/block_datatypes/matrix_multiplication/whole_array_mixed/_build'
[ 33%] Building CXX object CMakeFiles/whole_array.dir/mixed_test.cpp.o
[ 66%] Building CXX object CMakeFiles/whole_array.dir/scratch/luisr/mlir-aie/runtime_lib/test_lib/test_utils.cpp.o
[100%] Linking CXX executable whole_array
gmake[3]: Leaving directory '/scratch/luisr/mlir-aie/programming_examples/basic/block_datatypes/matrix_multiplication/whole_array_mixed/_build'
[100%] Built target whole_array
gmake[2]: Leaving directory '/scratch/luisr/mlir-aie/programming_examples/basic/block_datatypes/matrix_multiplication/whole_array_mixed/_build'
gmake[1]: Leaving directory '/scratch/luisr/mlir-aie/programming_examples/basic/block_datatypes/matrix_multiplication/whole_array_mixed/_build'
cp _build/whole_array whole_array.exe 
mkdir -p build
python3 /scratch/luisr/mlir-aie/programming_examples/basic/block_datatypes/matrix_multiplication/whole_array_mixed/whole_array.py -m 80 -k 128 -n 32 -M 3840 -K 4096 -N 8192 > build/aie_3840x4096x8192_80x128x32.mlir
mkdir -p build
cd build && xchesscc_wrapper aie2p -I /proj/xbuilds/2024.2_INT_1113_1001/installs/all_platforms/Vitis/2024.2/aietools/include  -DDIM_M=80 -DDIM_K=128 -DDIM_N=32 -c /scratch/luisr/mlir-aie/programming_examples/basic/block_datatypes/matrix_multiplication/whole_array_mixed/../mm2.cc -o mm_80x128x32.o
WARNING: Default location for XILINX_VIVADO_IP_OVERRIDE not found: /build/xfndry/IP_2024.2_INTEGRATION_VERIFIED/customer/vivado/data/ip
mkdir -p build
cd build && aiecc.py --alloc-scheme= --aie-generate-xclbin --no-compile-host --xclbin-name=final_3840x4096x8192_80x128x32.xclbin \
			 --dynamic-objFifos \
			--aie-generate-npu-insts --npu-insts-name=insts_3840x4096x8192_80x128x32.txt ../build/aie_3840x4096x8192_80x128x32.mlir
Error running pass pipeline:  builtin.module(aie.device(aie-materialize-bd-chains,aie-substitute-shim-dma-allocations,aie-assign-runtime-sequence-bd-ids,aie-dma-tasks-to-npu,aie-dma-to-npu,aie-lower-set-lock)) Failure while executing pass pipeline:
error: "-":2411:9: 'aie.dma_bd' op Stride 3 exceeds the [1:1048576] range.
 note: "-":2411:9: see current operation: "aie.dma_bd"(%arg2) <{bd_id = 0 : i32, burst_length = 0 : i32, dimensions = #aie<bd_dim_layout_array[<size = 2, stride = 2621440>, <size = 64, stride = 128>, <size = 320, stride = 8192>, <size = 32, stride = 1>]>, len = 655360 : i32, offset = 0 : i32}> : (memref<31457280xbf16>) -> ()

Traceback (most recent call last):
  File "/scratch/luisr/mlir-aie/install/bin/aiecc.py", line 12, in <module>
    main()
  File "/scratch/luisr/mlir-aie/install/python/aie/compiler/aiecc/main.py", line 1476, in main
    run(module_str)
  File "/scratch/luisr/mlir-aie/install/python/aie/compiler/aiecc/main.py", line 1450, in run
    asyncio.run(runner.run_flow())
  File "/usr/lib/python3.12/asyncio/runners.py", line 194, in run
    return runner.run(main)
           ^^^^^^^^^^^^^^^^
  File "/usr/lib/python3.12/asyncio/runners.py", line 118, in run
    return self._loop.run_until_complete(task)
           ^^^^^^^^^^^^^^^^^^^^^^^^^^^^^^^^^^^
  File "/usr/lib/python3.12/asyncio/base_events.py", line 687, in run_until_complete
    return future.result()
           ^^^^^^^^^^^^^^^
  File "/scratch/luisr/mlir-aie/install/python/aie/compiler/aiecc/main.py", line 1248, in run_flow
    npu_insts_module = run_passes_module(
                       ^^^^^^^^^^^^^^^^^^
  File "/scratch/luisr/mlir-aie/install/python/aie/compiler/aiecc/main.py", line 347, in run_passes_module
    raise e
  File "/scratch/luisr/mlir-aie/install/python/aie/compiler/aiecc/main.py", line 344, in run_passes_module
    pm.run(mlir_module.operation)
aie._mlir_libs._site_initialize.<locals>.MLIRError: Failure while executing pass pipeline:
error: "-":2411:9: 'aie.dma_bd' op Stride 3 exceeds the [1:1048576] range.
 note: "-":2411:9: see current operation: "aie.dma_bd"(%arg2) <{bd_id = 0 : i32, burst_length = 0 : i32, dimensions = #aie<bd_dim_layout_array[<size = 2, stride = 2621440>, <size = 64, stride = 128>, <size = 320, stride = 8192>, <size = 32, stride = 1>]>, len = 655360 : i32, offset = 0 : i32}> : (memref<31457280xbf16>) -> ()
make: *** [/scratch/luisr/mlir-aie/programming_examples/basic/block_datatypes/matrix_multiplication/whole_array_mixed/../makefile_common:73: build/final_3840x4096x8192_80x128x32.xclbin] Error 1
rm -rf build _build whole_array.exe
rm -rf _build
mkdir -p _build
cd _build &&  cmake -E env CXXFLAGS="-std=c++23 -ggdb -DDTYPE_IN= -DDTYPE_OUT= -DDTYPE_ACC=" \
	cmake `echo /scratch/luisr/mlir-aie/programming_examples/basic/block_datatypes/matrix_multiplication/whole_array_mixed/..` -D CMAKE_C_COMPILER=gcc-13 -D CMAKE_CXX_COMPILER=g++-13 -DTARGET_NAME=whole_array -Dhostsrc=/scratch/luisr/mlir-aie/programming_examples/basic/block_datatypes/matrix_multiplication/whole_array_mixed/../mixed_test.cpp
CMake Deprecation Warning at CMakeLists.txt:13 (cmake_minimum_required):
  Compatibility with CMake < 3.10 will be removed from a future version of
  CMake.

  Update the VERSION argument <min> value.  Or, use the <min>...<max> syntax
  to tell CMake that the project requires at least <min> but has been updated
  to work with policies introduced by <max> or earlier.


-- The C compiler identification is GNU 13.3.0
-- The CXX compiler identification is GNU 13.3.0
-- Detecting C compiler ABI info
-- Detecting C compiler ABI info - done
-- Check for working C compiler: /usr/bin/gcc-13 - skipped
-- Detecting C compile features
-- Detecting C compile features - done
-- Detecting CXX compiler ABI info
-- Detecting CXX compiler ABI info - done
-- Check for working CXX compiler: /usr/bin/g++-13 - skipped
-- Detecting CXX compile features
-- Detecting CXX compile features - done
-- Configuring done (0.2s)
-- Generating done (0.0s)
-- Build files have been written to: /scratch/luisr/mlir-aie/programming_examples/basic/block_datatypes/matrix_multiplication/whole_array_mixed/_build
cd _build &&  cmake --build . --config Release
gmake[1]: Entering directory '/scratch/luisr/mlir-aie/programming_examples/basic/block_datatypes/matrix_multiplication/whole_array_mixed/_build'
gmake[2]: Entering directory '/scratch/luisr/mlir-aie/programming_examples/basic/block_datatypes/matrix_multiplication/whole_array_mixed/_build'
gmake[3]: Entering directory '/scratch/luisr/mlir-aie/programming_examples/basic/block_datatypes/matrix_multiplication/whole_array_mixed/_build'
gmake[3]: Leaving directory '/scratch/luisr/mlir-aie/programming_examples/basic/block_datatypes/matrix_multiplication/whole_array_mixed/_build'
gmake[3]: Entering directory '/scratch/luisr/mlir-aie/programming_examples/basic/block_datatypes/matrix_multiplication/whole_array_mixed/_build'
[ 33%] Building CXX object CMakeFiles/whole_array.dir/mixed_test.cpp.o
[ 66%] Building CXX object CMakeFiles/whole_array.dir/scratch/luisr/mlir-aie/runtime_lib/test_lib/test_utils.cpp.o
[100%] Linking CXX executable whole_array
gmake[3]: Leaving directory '/scratch/luisr/mlir-aie/programming_examples/basic/block_datatypes/matrix_multiplication/whole_array_mixed/_build'
[100%] Built target whole_array
gmake[2]: Leaving directory '/scratch/luisr/mlir-aie/programming_examples/basic/block_datatypes/matrix_multiplication/whole_array_mixed/_build'
gmake[1]: Leaving directory '/scratch/luisr/mlir-aie/programming_examples/basic/block_datatypes/matrix_multiplication/whole_array_mixed/_build'
cp _build/whole_array whole_array.exe 
mkdir -p build
python3 /scratch/luisr/mlir-aie/programming_examples/basic/block_datatypes/matrix_multiplication/whole_array_mixed/whole_array.py -m 80 -k 128 -n 32 -M 3840 -K 6144 -N 512 > build/aie_3840x6144x512_80x128x32.mlir
mkdir -p build
cd build && xchesscc_wrapper aie2p -I /proj/xbuilds/2024.2_INT_1113_1001/installs/all_platforms/Vitis/2024.2/aietools/include  -DDIM_M=80 -DDIM_K=128 -DDIM_N=32 -c /scratch/luisr/mlir-aie/programming_examples/basic/block_datatypes/matrix_multiplication/whole_array_mixed/../mm2.cc -o mm_80x128x32.o
WARNING: Default location for XILINX_VIVADO_IP_OVERRIDE not found: /build/xfndry/IP_2024.2_INTEGRATION_VERIFIED/customer/vivado/data/ip
mkdir -p build
cd build && aiecc.py --alloc-scheme= --aie-generate-xclbin --no-compile-host --xclbin-name=final_3840x6144x512_80x128x32.xclbin \
			 --dynamic-objFifos \
			--aie-generate-npu-insts --npu-insts-name=insts_3840x6144x512_80x128x32.txt ../build/aie_3840x6144x512_80x128x32.mlir

Generating: /scratch/luisr/mlir-aie/programming_examples/basic/block_datatypes/matrix_multiplication/whole_array_mixed/build/aie_3840x6144x512_80x128x32.mlir.prj/aie_cdo_elfs.bin
Generating: /scratch/luisr/mlir-aie/programming_examples/basic/block_datatypes/matrix_multiplication/whole_array_mixed/build/aie_3840x6144x512_80x128x32.mlir.prj/aie_cdo_init.bin
Generating: /scratch/luisr/mlir-aie/programming_examples/basic/block_datatypes/matrix_multiplication/whole_array_mixed/build/aie_3840x6144x512_80x128x32.mlir.prj/aie_cdo_enable.bin
export XRT_HACK_UNSECURE_LOADING_XCLBIN=1 && \
 ./whole_array.exe -x build/final_3840x6144x512_80x128x32.xclbin -i build/insts_3840x6144x512_80x128x32.txt -k MLIR_AIE -M 3840 -K 6144 -N 512 -w 80 -y 128 -z 32 --iters 40 --warmup 10 --verify 0

Avg NPU matmul time: 8602.58us.
Avg NPU gflops: 2808.37

Min NPU matmul time: 8298us.
Max NPU gflops: 2911.45

Max NPU matmul time: 9177us.
Min NPU gflops: 2632.58

Shuffle time: 13771us.

PASS!

rm -rf build _build whole_array.exe
rm -rf _build
mkdir -p _build
cd _build &&  cmake -E env CXXFLAGS="-std=c++23 -ggdb -DDTYPE_IN= -DDTYPE_OUT= -DDTYPE_ACC=" \
	cmake `echo /scratch/luisr/mlir-aie/programming_examples/basic/block_datatypes/matrix_multiplication/whole_array_mixed/..` -D CMAKE_C_COMPILER=gcc-13 -D CMAKE_CXX_COMPILER=g++-13 -DTARGET_NAME=whole_array -Dhostsrc=/scratch/luisr/mlir-aie/programming_examples/basic/block_datatypes/matrix_multiplication/whole_array_mixed/../mixed_test.cpp
CMake Deprecation Warning at CMakeLists.txt:13 (cmake_minimum_required):
  Compatibility with CMake < 3.10 will be removed from a future version of
  CMake.

  Update the VERSION argument <min> value.  Or, use the <min>...<max> syntax
  to tell CMake that the project requires at least <min> but has been updated
  to work with policies introduced by <max> or earlier.


-- The C compiler identification is GNU 13.3.0
-- The CXX compiler identification is GNU 13.3.0
-- Detecting C compiler ABI info
-- Detecting C compiler ABI info - done
-- Check for working C compiler: /usr/bin/gcc-13 - skipped
-- Detecting C compile features
-- Detecting C compile features - done
-- Detecting CXX compiler ABI info
-- Detecting CXX compiler ABI info - done
-- Check for working CXX compiler: /usr/bin/g++-13 - skipped
-- Detecting CXX compile features
-- Detecting CXX compile features - done
-- Configuring done (0.3s)
-- Generating done (0.0s)
-- Build files have been written to: /scratch/luisr/mlir-aie/programming_examples/basic/block_datatypes/matrix_multiplication/whole_array_mixed/_build
cd _build &&  cmake --build . --config Release
gmake[1]: Entering directory '/scratch/luisr/mlir-aie/programming_examples/basic/block_datatypes/matrix_multiplication/whole_array_mixed/_build'
gmake[2]: Entering directory '/scratch/luisr/mlir-aie/programming_examples/basic/block_datatypes/matrix_multiplication/whole_array_mixed/_build'
gmake[3]: Entering directory '/scratch/luisr/mlir-aie/programming_examples/basic/block_datatypes/matrix_multiplication/whole_array_mixed/_build'
gmake[3]: Leaving directory '/scratch/luisr/mlir-aie/programming_examples/basic/block_datatypes/matrix_multiplication/whole_array_mixed/_build'
gmake[3]: Entering directory '/scratch/luisr/mlir-aie/programming_examples/basic/block_datatypes/matrix_multiplication/whole_array_mixed/_build'
[ 33%] Building CXX object CMakeFiles/whole_array.dir/mixed_test.cpp.o
[ 66%] Building CXX object CMakeFiles/whole_array.dir/scratch/luisr/mlir-aie/runtime_lib/test_lib/test_utils.cpp.o
[100%] Linking CXX executable whole_array
gmake[3]: Leaving directory '/scratch/luisr/mlir-aie/programming_examples/basic/block_datatypes/matrix_multiplication/whole_array_mixed/_build'
[100%] Built target whole_array
gmake[2]: Leaving directory '/scratch/luisr/mlir-aie/programming_examples/basic/block_datatypes/matrix_multiplication/whole_array_mixed/_build'
gmake[1]: Leaving directory '/scratch/luisr/mlir-aie/programming_examples/basic/block_datatypes/matrix_multiplication/whole_array_mixed/_build'
cp _build/whole_array whole_array.exe 
mkdir -p build
python3 /scratch/luisr/mlir-aie/programming_examples/basic/block_datatypes/matrix_multiplication/whole_array_mixed/whole_array.py -m 80 -k 128 -n 32 -M 3840 -K 6144 -N 1024 > build/aie_3840x6144x1024_80x128x32.mlir
mkdir -p build
cd build && xchesscc_wrapper aie2p -I /proj/xbuilds/2024.2_INT_1113_1001/installs/all_platforms/Vitis/2024.2/aietools/include  -DDIM_M=80 -DDIM_K=128 -DDIM_N=32 -c /scratch/luisr/mlir-aie/programming_examples/basic/block_datatypes/matrix_multiplication/whole_array_mixed/../mm2.cc -o mm_80x128x32.o
WARNING: Default location for XILINX_VIVADO_IP_OVERRIDE not found: /build/xfndry/IP_2024.2_INTEGRATION_VERIFIED/customer/vivado/data/ip
mkdir -p build
cd build && aiecc.py --alloc-scheme= --aie-generate-xclbin --no-compile-host --xclbin-name=final_3840x6144x1024_80x128x32.xclbin \
			 --dynamic-objFifos \
			--aie-generate-npu-insts --npu-insts-name=insts_3840x6144x1024_80x128x32.txt ../build/aie_3840x6144x1024_80x128x32.mlir

Generating: /scratch/luisr/mlir-aie/programming_examples/basic/block_datatypes/matrix_multiplication/whole_array_mixed/build/aie_3840x6144x1024_80x128x32.mlir.prj/aie_cdo_elfs.bin
Generating: /scratch/luisr/mlir-aie/programming_examples/basic/block_datatypes/matrix_multiplication/whole_array_mixed/build/aie_3840x6144x1024_80x128x32.mlir.prj/aie_cdo_init.bin
Generating: /scratch/luisr/mlir-aie/programming_examples/basic/block_datatypes/matrix_multiplication/whole_array_mixed/build/aie_3840x6144x1024_80x128x32.mlir.prj/aie_cdo_enable.bin
export XRT_HACK_UNSECURE_LOADING_XCLBIN=1 && \
 ./whole_array.exe -x build/final_3840x6144x1024_80x128x32.xclbin -i build/insts_3840x6144x1024_80x128x32.txt -k MLIR_AIE -M 3840 -K 6144 -N 1024 -w 80 -y 128 -z 32 --iters 40 --warmup 10 --verify 0

Avg NPU matmul time: 17251.6us.
Avg NPU gflops: 2800.81

Min NPU matmul time: 16792us.
Max NPU gflops: 2877.46

Max NPU matmul time: 18085us.
Min NPU gflops: 2671.74

Shuffle time: 29399us.

PASS!

rm -rf build _build whole_array.exe
rm -rf _build
mkdir -p _build
cd _build &&  cmake -E env CXXFLAGS="-std=c++23 -ggdb -DDTYPE_IN= -DDTYPE_OUT= -DDTYPE_ACC=" \
	cmake `echo /scratch/luisr/mlir-aie/programming_examples/basic/block_datatypes/matrix_multiplication/whole_array_mixed/..` -D CMAKE_C_COMPILER=gcc-13 -D CMAKE_CXX_COMPILER=g++-13 -DTARGET_NAME=whole_array -Dhostsrc=/scratch/luisr/mlir-aie/programming_examples/basic/block_datatypes/matrix_multiplication/whole_array_mixed/../mixed_test.cpp
CMake Deprecation Warning at CMakeLists.txt:13 (cmake_minimum_required):
  Compatibility with CMake < 3.10 will be removed from a future version of
  CMake.

  Update the VERSION argument <min> value.  Or, use the <min>...<max> syntax
  to tell CMake that the project requires at least <min> but has been updated
  to work with policies introduced by <max> or earlier.


-- The C compiler identification is GNU 13.3.0
-- The CXX compiler identification is GNU 13.3.0
-- Detecting C compiler ABI info
-- Detecting C compiler ABI info - done
-- Check for working C compiler: /usr/bin/gcc-13 - skipped
-- Detecting C compile features
-- Detecting C compile features - done
-- Detecting CXX compiler ABI info
-- Detecting CXX compiler ABI info - done
-- Check for working CXX compiler: /usr/bin/g++-13 - skipped
-- Detecting CXX compile features
-- Detecting CXX compile features - done
-- Configuring done (0.3s)
-- Generating done (0.0s)
-- Build files have been written to: /scratch/luisr/mlir-aie/programming_examples/basic/block_datatypes/matrix_multiplication/whole_array_mixed/_build
cd _build &&  cmake --build . --config Release
gmake[1]: Entering directory '/scratch/luisr/mlir-aie/programming_examples/basic/block_datatypes/matrix_multiplication/whole_array_mixed/_build'
gmake[2]: Entering directory '/scratch/luisr/mlir-aie/programming_examples/basic/block_datatypes/matrix_multiplication/whole_array_mixed/_build'
gmake[3]: Entering directory '/scratch/luisr/mlir-aie/programming_examples/basic/block_datatypes/matrix_multiplication/whole_array_mixed/_build'
gmake[3]: Leaving directory '/scratch/luisr/mlir-aie/programming_examples/basic/block_datatypes/matrix_multiplication/whole_array_mixed/_build'
gmake[3]: Entering directory '/scratch/luisr/mlir-aie/programming_examples/basic/block_datatypes/matrix_multiplication/whole_array_mixed/_build'
[ 33%] Building CXX object CMakeFiles/whole_array.dir/mixed_test.cpp.o
[ 66%] Building CXX object CMakeFiles/whole_array.dir/scratch/luisr/mlir-aie/runtime_lib/test_lib/test_utils.cpp.o
[100%] Linking CXX executable whole_array
gmake[3]: Leaving directory '/scratch/luisr/mlir-aie/programming_examples/basic/block_datatypes/matrix_multiplication/whole_array_mixed/_build'
[100%] Built target whole_array
gmake[2]: Leaving directory '/scratch/luisr/mlir-aie/programming_examples/basic/block_datatypes/matrix_multiplication/whole_array_mixed/_build'
gmake[1]: Leaving directory '/scratch/luisr/mlir-aie/programming_examples/basic/block_datatypes/matrix_multiplication/whole_array_mixed/_build'
cp _build/whole_array whole_array.exe 
mkdir -p build
python3 /scratch/luisr/mlir-aie/programming_examples/basic/block_datatypes/matrix_multiplication/whole_array_mixed/whole_array.py -m 80 -k 128 -n 32 -M 3840 -K 6144 -N 4096 > build/aie_3840x6144x4096_80x128x32.mlir
mkdir -p build
cd build && xchesscc_wrapper aie2p -I /proj/xbuilds/2024.2_INT_1113_1001/installs/all_platforms/Vitis/2024.2/aietools/include  -DDIM_M=80 -DDIM_K=128 -DDIM_N=32 -c /scratch/luisr/mlir-aie/programming_examples/basic/block_datatypes/matrix_multiplication/whole_array_mixed/../mm2.cc -o mm_80x128x32.o
WARNING: Default location for XILINX_VIVADO_IP_OVERRIDE not found: /build/xfndry/IP_2024.2_INTEGRATION_VERIFIED/customer/vivado/data/ip
mkdir -p build
cd build && aiecc.py --alloc-scheme= --aie-generate-xclbin --no-compile-host --xclbin-name=final_3840x6144x4096_80x128x32.xclbin \
			 --dynamic-objFifos \
			--aie-generate-npu-insts --npu-insts-name=insts_3840x6144x4096_80x128x32.txt ../build/aie_3840x6144x4096_80x128x32.mlir

Generating: /scratch/luisr/mlir-aie/programming_examples/basic/block_datatypes/matrix_multiplication/whole_array_mixed/build/aie_3840x6144x4096_80x128x32.mlir.prj/aie_cdo_elfs.bin
Generating: /scratch/luisr/mlir-aie/programming_examples/basic/block_datatypes/matrix_multiplication/whole_array_mixed/build/aie_3840x6144x4096_80x128x32.mlir.prj/aie_cdo_init.bin
Generating: /scratch/luisr/mlir-aie/programming_examples/basic/block_datatypes/matrix_multiplication/whole_array_mixed/build/aie_3840x6144x4096_80x128x32.mlir.prj/aie_cdo_enable.bin
export XRT_HACK_UNSECURE_LOADING_XCLBIN=1 && \
 ./whole_array.exe -x build/final_3840x6144x4096_80x128x32.xclbin -i build/insts_3840x6144x4096_80x128x32.txt -k MLIR_AIE -M 3840 -K 6144 -N 4096 -w 80 -y 128 -z 32 --iters 40 --warmup 10 --verify 0

Avg NPU matmul time: 65665.8us.
Avg NPU gflops: 2943.29

Min NPU matmul time: 64903us.
Max NPU gflops: 2977.88

Max NPU matmul time: 66226us.
Min NPU gflops: 2918.39

Shuffle time: 117950us.

PASS!

rm -rf build _build whole_array.exe
rm -rf _build
mkdir -p _build
cd _build &&  cmake -E env CXXFLAGS="-std=c++23 -ggdb -DDTYPE_IN= -DDTYPE_OUT= -DDTYPE_ACC=" \
	cmake `echo /scratch/luisr/mlir-aie/programming_examples/basic/block_datatypes/matrix_multiplication/whole_array_mixed/..` -D CMAKE_C_COMPILER=gcc-13 -D CMAKE_CXX_COMPILER=g++-13 -DTARGET_NAME=whole_array -Dhostsrc=/scratch/luisr/mlir-aie/programming_examples/basic/block_datatypes/matrix_multiplication/whole_array_mixed/../mixed_test.cpp
CMake Deprecation Warning at CMakeLists.txt:13 (cmake_minimum_required):
  Compatibility with CMake < 3.10 will be removed from a future version of
  CMake.

  Update the VERSION argument <min> value.  Or, use the <min>...<max> syntax
  to tell CMake that the project requires at least <min> but has been updated
  to work with policies introduced by <max> or earlier.


-- The C compiler identification is GNU 13.3.0
-- The CXX compiler identification is GNU 13.3.0
-- Detecting C compiler ABI info
-- Detecting C compiler ABI info - done
-- Check for working C compiler: /usr/bin/gcc-13 - skipped
-- Detecting C compile features
-- Detecting C compile features - done
-- Detecting CXX compiler ABI info
-- Detecting CXX compiler ABI info - done
-- Check for working CXX compiler: /usr/bin/g++-13 - skipped
-- Detecting CXX compile features
-- Detecting CXX compile features - done
-- Configuring done (0.3s)
-- Generating done (0.0s)
-- Build files have been written to: /scratch/luisr/mlir-aie/programming_examples/basic/block_datatypes/matrix_multiplication/whole_array_mixed/_build
cd _build &&  cmake --build . --config Release
gmake[1]: Entering directory '/scratch/luisr/mlir-aie/programming_examples/basic/block_datatypes/matrix_multiplication/whole_array_mixed/_build'
gmake[2]: Entering directory '/scratch/luisr/mlir-aie/programming_examples/basic/block_datatypes/matrix_multiplication/whole_array_mixed/_build'
gmake[3]: Entering directory '/scratch/luisr/mlir-aie/programming_examples/basic/block_datatypes/matrix_multiplication/whole_array_mixed/_build'
gmake[3]: Leaving directory '/scratch/luisr/mlir-aie/programming_examples/basic/block_datatypes/matrix_multiplication/whole_array_mixed/_build'
gmake[3]: Entering directory '/scratch/luisr/mlir-aie/programming_examples/basic/block_datatypes/matrix_multiplication/whole_array_mixed/_build'
[ 33%] Building CXX object CMakeFiles/whole_array.dir/mixed_test.cpp.o
[ 66%] Building CXX object CMakeFiles/whole_array.dir/scratch/luisr/mlir-aie/runtime_lib/test_lib/test_utils.cpp.o
[100%] Linking CXX executable whole_array
gmake[3]: Leaving directory '/scratch/luisr/mlir-aie/programming_examples/basic/block_datatypes/matrix_multiplication/whole_array_mixed/_build'
[100%] Built target whole_array
gmake[2]: Leaving directory '/scratch/luisr/mlir-aie/programming_examples/basic/block_datatypes/matrix_multiplication/whole_array_mixed/_build'
gmake[1]: Leaving directory '/scratch/luisr/mlir-aie/programming_examples/basic/block_datatypes/matrix_multiplication/whole_array_mixed/_build'
cp _build/whole_array whole_array.exe 
mkdir -p build
python3 /scratch/luisr/mlir-aie/programming_examples/basic/block_datatypes/matrix_multiplication/whole_array_mixed/whole_array.py -m 80 -k 128 -n 32 -M 3840 -K 6144 -N 8192 > build/aie_3840x6144x8192_80x128x32.mlir
mkdir -p build
cd build && xchesscc_wrapper aie2p -I /proj/xbuilds/2024.2_INT_1113_1001/installs/all_platforms/Vitis/2024.2/aietools/include  -DDIM_M=80 -DDIM_K=128 -DDIM_N=32 -c /scratch/luisr/mlir-aie/programming_examples/basic/block_datatypes/matrix_multiplication/whole_array_mixed/../mm2.cc -o mm_80x128x32.o
WARNING: Default location for XILINX_VIVADO_IP_OVERRIDE not found: /build/xfndry/IP_2024.2_INTEGRATION_VERIFIED/customer/vivado/data/ip
mkdir -p build
cd build && aiecc.py --alloc-scheme= --aie-generate-xclbin --no-compile-host --xclbin-name=final_3840x6144x8192_80x128x32.xclbin \
			 --dynamic-objFifos \
			--aie-generate-npu-insts --npu-insts-name=insts_3840x6144x8192_80x128x32.txt ../build/aie_3840x6144x8192_80x128x32.mlir
Error running pass pipeline:  builtin.module(aie.device(aie-materialize-bd-chains,aie-substitute-shim-dma-allocations,aie-assign-runtime-sequence-bd-ids,aie-dma-tasks-to-npu,aie-dma-to-npu,aie-lower-set-lock)) Failure while executing pass pipeline:
error: "-":2411:9: 'aie.dma_bd' op Stride 3 exceeds the [1:1048576] range.
 note: "-":2411:9: see current operation: "aie.dma_bd"(%arg2) <{bd_id = 0 : i32, burst_length = 0 : i32, dimensions = #aie<bd_dim_layout_array[<size = 2, stride = 2621440>, <size = 64, stride = 128>, <size = 320, stride = 8192>, <size = 32, stride = 1>]>, len = 655360 : i32, offset = 0 : i32}> : (memref<31457280xbf16>) -> ()

Traceback (most recent call last):
  File "/scratch/luisr/mlir-aie/install/bin/aiecc.py", line 12, in <module>
    main()
  File "/scratch/luisr/mlir-aie/install/python/aie/compiler/aiecc/main.py", line 1476, in main
    run(module_str)
  File "/scratch/luisr/mlir-aie/install/python/aie/compiler/aiecc/main.py", line 1450, in run
    asyncio.run(runner.run_flow())
  File "/usr/lib/python3.12/asyncio/runners.py", line 194, in run
    return runner.run(main)
           ^^^^^^^^^^^^^^^^
  File "/usr/lib/python3.12/asyncio/runners.py", line 118, in run
    return self._loop.run_until_complete(task)
           ^^^^^^^^^^^^^^^^^^^^^^^^^^^^^^^^^^^
  File "/usr/lib/python3.12/asyncio/base_events.py", line 687, in run_until_complete
    return future.result()
           ^^^^^^^^^^^^^^^
  File "/scratch/luisr/mlir-aie/install/python/aie/compiler/aiecc/main.py", line 1248, in run_flow
    npu_insts_module = run_passes_module(
                       ^^^^^^^^^^^^^^^^^^
  File "/scratch/luisr/mlir-aie/install/python/aie/compiler/aiecc/main.py", line 347, in run_passes_module
    raise e
  File "/scratch/luisr/mlir-aie/install/python/aie/compiler/aiecc/main.py", line 344, in run_passes_module
    pm.run(mlir_module.operation)
aie._mlir_libs._site_initialize.<locals>.MLIRError: Failure while executing pass pipeline:
error: "-":2411:9: 'aie.dma_bd' op Stride 3 exceeds the [1:1048576] range.
 note: "-":2411:9: see current operation: "aie.dma_bd"(%arg2) <{bd_id = 0 : i32, burst_length = 0 : i32, dimensions = #aie<bd_dim_layout_array[<size = 2, stride = 2621440>, <size = 64, stride = 128>, <size = 320, stride = 8192>, <size = 32, stride = 1>]>, len = 655360 : i32, offset = 0 : i32}> : (memref<31457280xbf16>) -> ()
make: *** [/scratch/luisr/mlir-aie/programming_examples/basic/block_datatypes/matrix_multiplication/whole_array_mixed/../makefile_common:73: build/final_3840x6144x8192_80x128x32.xclbin] Error 1
rm -rf build _build whole_array.exe
rm -rf _build
mkdir -p _build
cd _build &&  cmake -E env CXXFLAGS="-std=c++23 -ggdb -DDTYPE_IN= -DDTYPE_OUT= -DDTYPE_ACC=" \
	cmake `echo /scratch/luisr/mlir-aie/programming_examples/basic/block_datatypes/matrix_multiplication/whole_array_mixed/..` -D CMAKE_C_COMPILER=gcc-13 -D CMAKE_CXX_COMPILER=g++-13 -DTARGET_NAME=whole_array -Dhostsrc=/scratch/luisr/mlir-aie/programming_examples/basic/block_datatypes/matrix_multiplication/whole_array_mixed/../mixed_test.cpp
CMake Deprecation Warning at CMakeLists.txt:13 (cmake_minimum_required):
  Compatibility with CMake < 3.10 will be removed from a future version of
  CMake.

  Update the VERSION argument <min> value.  Or, use the <min>...<max> syntax
  to tell CMake that the project requires at least <min> but has been updated
  to work with policies introduced by <max> or earlier.


-- The C compiler identification is GNU 13.3.0
-- The CXX compiler identification is GNU 13.3.0
-- Detecting C compiler ABI info
-- Detecting C compiler ABI info - done
-- Check for working C compiler: /usr/bin/gcc-13 - skipped
-- Detecting C compile features
-- Detecting C compile features - done
-- Detecting CXX compiler ABI info
-- Detecting CXX compiler ABI info - done
-- Check for working CXX compiler: /usr/bin/g++-13 - skipped
-- Detecting CXX compile features
-- Detecting CXX compile features - done
-- Configuring done (0.3s)
-- Generating done (0.0s)
-- Build files have been written to: /scratch/luisr/mlir-aie/programming_examples/basic/block_datatypes/matrix_multiplication/whole_array_mixed/_build
cd _build &&  cmake --build . --config Release
gmake[1]: Entering directory '/scratch/luisr/mlir-aie/programming_examples/basic/block_datatypes/matrix_multiplication/whole_array_mixed/_build'
gmake[2]: Entering directory '/scratch/luisr/mlir-aie/programming_examples/basic/block_datatypes/matrix_multiplication/whole_array_mixed/_build'
gmake[3]: Entering directory '/scratch/luisr/mlir-aie/programming_examples/basic/block_datatypes/matrix_multiplication/whole_array_mixed/_build'
gmake[3]: Leaving directory '/scratch/luisr/mlir-aie/programming_examples/basic/block_datatypes/matrix_multiplication/whole_array_mixed/_build'
gmake[3]: Entering directory '/scratch/luisr/mlir-aie/programming_examples/basic/block_datatypes/matrix_multiplication/whole_array_mixed/_build'
[ 33%] Building CXX object CMakeFiles/whole_array.dir/mixed_test.cpp.o
[ 66%] Building CXX object CMakeFiles/whole_array.dir/scratch/luisr/mlir-aie/runtime_lib/test_lib/test_utils.cpp.o
[100%] Linking CXX executable whole_array
gmake[3]: Leaving directory '/scratch/luisr/mlir-aie/programming_examples/basic/block_datatypes/matrix_multiplication/whole_array_mixed/_build'
[100%] Built target whole_array
gmake[2]: Leaving directory '/scratch/luisr/mlir-aie/programming_examples/basic/block_datatypes/matrix_multiplication/whole_array_mixed/_build'
gmake[1]: Leaving directory '/scratch/luisr/mlir-aie/programming_examples/basic/block_datatypes/matrix_multiplication/whole_array_mixed/_build'
cp _build/whole_array whole_array.exe 
mkdir -p build
python3 /scratch/luisr/mlir-aie/programming_examples/basic/block_datatypes/matrix_multiplication/whole_array_mixed/whole_array.py -m 80 -k 128 -n 32 -M 8320 -K 512 -N 512 > build/aie_8320x512x512_80x128x32.mlir
mkdir -p build
cd build && xchesscc_wrapper aie2p -I /proj/xbuilds/2024.2_INT_1113_1001/installs/all_platforms/Vitis/2024.2/aietools/include  -DDIM_M=80 -DDIM_K=128 -DDIM_N=32 -c /scratch/luisr/mlir-aie/programming_examples/basic/block_datatypes/matrix_multiplication/whole_array_mixed/../mm2.cc -o mm_80x128x32.o
WARNING: Default location for XILINX_VIVADO_IP_OVERRIDE not found: /build/xfndry/IP_2024.2_INTEGRATION_VERIFIED/customer/vivado/data/ip
mkdir -p build
cd build && aiecc.py --alloc-scheme= --aie-generate-xclbin --no-compile-host --xclbin-name=final_8320x512x512_80x128x32.xclbin \
			 --dynamic-objFifos \
			--aie-generate-npu-insts --npu-insts-name=insts_8320x512x512_80x128x32.txt ../build/aie_8320x512x512_80x128x32.mlir

Generating: /scratch/luisr/mlir-aie/programming_examples/basic/block_datatypes/matrix_multiplication/whole_array_mixed/build/aie_8320x512x512_80x128x32.mlir.prj/aie_cdo_elfs.bin
Generating: /scratch/luisr/mlir-aie/programming_examples/basic/block_datatypes/matrix_multiplication/whole_array_mixed/build/aie_8320x512x512_80x128x32.mlir.prj/aie_cdo_init.bin
Generating: /scratch/luisr/mlir-aie/programming_examples/basic/block_datatypes/matrix_multiplication/whole_array_mixed/build/aie_8320x512x512_80x128x32.mlir.prj/aie_cdo_enable.bin
export XRT_HACK_UNSECURE_LOADING_XCLBIN=1 && \
 ./whole_array.exe -x build/final_8320x512x512_80x128x32.xclbin -i build/insts_8320x512x512_80x128x32.txt -k MLIR_AIE -M 8320 -K 512 -N 512 -w 80 -y 128 -z 32 --iters 40 --warmup 10 --verify 0

Avg NPU matmul time: 1753.72us.
Avg NPU gflops: 2487.32

Min NPU matmul time: 1702us.
Max NPU gflops: 2562.91

Max NPU matmul time: 2378us.
Min NPU gflops: 1834.35

Shuffle time: 1123us.

PASS!

rm -rf build _build whole_array.exe
rm -rf _build
mkdir -p _build
cd _build &&  cmake -E env CXXFLAGS="-std=c++23 -ggdb -DDTYPE_IN= -DDTYPE_OUT= -DDTYPE_ACC=" \
	cmake `echo /scratch/luisr/mlir-aie/programming_examples/basic/block_datatypes/matrix_multiplication/whole_array_mixed/..` -D CMAKE_C_COMPILER=gcc-13 -D CMAKE_CXX_COMPILER=g++-13 -DTARGET_NAME=whole_array -Dhostsrc=/scratch/luisr/mlir-aie/programming_examples/basic/block_datatypes/matrix_multiplication/whole_array_mixed/../mixed_test.cpp
CMake Deprecation Warning at CMakeLists.txt:13 (cmake_minimum_required):
  Compatibility with CMake < 3.10 will be removed from a future version of
  CMake.

  Update the VERSION argument <min> value.  Or, use the <min>...<max> syntax
  to tell CMake that the project requires at least <min> but has been updated
  to work with policies introduced by <max> or earlier.


-- The C compiler identification is GNU 13.3.0
-- The CXX compiler identification is GNU 13.3.0
-- Detecting C compiler ABI info
-- Detecting C compiler ABI info - done
-- Check for working C compiler: /usr/bin/gcc-13 - skipped
-- Detecting C compile features
-- Detecting C compile features - done
-- Detecting CXX compiler ABI info
-- Detecting CXX compiler ABI info - done
-- Check for working CXX compiler: /usr/bin/g++-13 - skipped
-- Detecting CXX compile features
-- Detecting CXX compile features - done
-- Configuring done (0.2s)
-- Generating done (0.0s)
-- Build files have been written to: /scratch/luisr/mlir-aie/programming_examples/basic/block_datatypes/matrix_multiplication/whole_array_mixed/_build
cd _build &&  cmake --build . --config Release
gmake[1]: Entering directory '/scratch/luisr/mlir-aie/programming_examples/basic/block_datatypes/matrix_multiplication/whole_array_mixed/_build'
gmake[2]: Entering directory '/scratch/luisr/mlir-aie/programming_examples/basic/block_datatypes/matrix_multiplication/whole_array_mixed/_build'
gmake[3]: Entering directory '/scratch/luisr/mlir-aie/programming_examples/basic/block_datatypes/matrix_multiplication/whole_array_mixed/_build'
gmake[3]: Leaving directory '/scratch/luisr/mlir-aie/programming_examples/basic/block_datatypes/matrix_multiplication/whole_array_mixed/_build'
gmake[3]: Entering directory '/scratch/luisr/mlir-aie/programming_examples/basic/block_datatypes/matrix_multiplication/whole_array_mixed/_build'
[ 33%] Building CXX object CMakeFiles/whole_array.dir/mixed_test.cpp.o
[ 66%] Building CXX object CMakeFiles/whole_array.dir/scratch/luisr/mlir-aie/runtime_lib/test_lib/test_utils.cpp.o
[100%] Linking CXX executable whole_array
gmake[3]: Leaving directory '/scratch/luisr/mlir-aie/programming_examples/basic/block_datatypes/matrix_multiplication/whole_array_mixed/_build'
[100%] Built target whole_array
gmake[2]: Leaving directory '/scratch/luisr/mlir-aie/programming_examples/basic/block_datatypes/matrix_multiplication/whole_array_mixed/_build'
gmake[1]: Leaving directory '/scratch/luisr/mlir-aie/programming_examples/basic/block_datatypes/matrix_multiplication/whole_array_mixed/_build'
cp _build/whole_array whole_array.exe 
mkdir -p build
python3 /scratch/luisr/mlir-aie/programming_examples/basic/block_datatypes/matrix_multiplication/whole_array_mixed/whole_array.py -m 80 -k 128 -n 32 -M 8320 -K 512 -N 1024 > build/aie_8320x512x1024_80x128x32.mlir
mkdir -p build
cd build && xchesscc_wrapper aie2p -I /proj/xbuilds/2024.2_INT_1113_1001/installs/all_platforms/Vitis/2024.2/aietools/include  -DDIM_M=80 -DDIM_K=128 -DDIM_N=32 -c /scratch/luisr/mlir-aie/programming_examples/basic/block_datatypes/matrix_multiplication/whole_array_mixed/../mm2.cc -o mm_80x128x32.o
WARNING: Default location for XILINX_VIVADO_IP_OVERRIDE not found: /build/xfndry/IP_2024.2_INTEGRATION_VERIFIED/customer/vivado/data/ip
mkdir -p build
cd build && aiecc.py --alloc-scheme= --aie-generate-xclbin --no-compile-host --xclbin-name=final_8320x512x1024_80x128x32.xclbin \
			 --dynamic-objFifos \
			--aie-generate-npu-insts --npu-insts-name=insts_8320x512x1024_80x128x32.txt ../build/aie_8320x512x1024_80x128x32.mlir

Generating: /scratch/luisr/mlir-aie/programming_examples/basic/block_datatypes/matrix_multiplication/whole_array_mixed/build/aie_8320x512x1024_80x128x32.mlir.prj/aie_cdo_elfs.bin
Generating: /scratch/luisr/mlir-aie/programming_examples/basic/block_datatypes/matrix_multiplication/whole_array_mixed/build/aie_8320x512x1024_80x128x32.mlir.prj/aie_cdo_init.bin
Generating: /scratch/luisr/mlir-aie/programming_examples/basic/block_datatypes/matrix_multiplication/whole_array_mixed/build/aie_8320x512x1024_80x128x32.mlir.prj/aie_cdo_enable.bin
export XRT_HACK_UNSECURE_LOADING_XCLBIN=1 && \
 ./whole_array.exe -x build/final_8320x512x1024_80x128x32.xclbin -i build/insts_8320x512x1024_80x128x32.txt -k MLIR_AIE -M 8320 -K 512 -N 1024 -w 80 -y 128 -z 32 --iters 40 --warmup 10 --verify 0

Avg NPU matmul time: 3779.3us.
Avg NPU gflops: 2308.4

Min NPU matmul time: 3365us.
Max NPU gflops: 2592.62

Max NPU matmul time: 4987us.
Min NPU gflops: 1749.38

Shuffle time: 2311us.

PASS!

rm -rf build _build whole_array.exe
rm -rf _build
mkdir -p _build
cd _build &&  cmake -E env CXXFLAGS="-std=c++23 -ggdb -DDTYPE_IN= -DDTYPE_OUT= -DDTYPE_ACC=" \
	cmake `echo /scratch/luisr/mlir-aie/programming_examples/basic/block_datatypes/matrix_multiplication/whole_array_mixed/..` -D CMAKE_C_COMPILER=gcc-13 -D CMAKE_CXX_COMPILER=g++-13 -DTARGET_NAME=whole_array -Dhostsrc=/scratch/luisr/mlir-aie/programming_examples/basic/block_datatypes/matrix_multiplication/whole_array_mixed/../mixed_test.cpp
CMake Deprecation Warning at CMakeLists.txt:13 (cmake_minimum_required):
  Compatibility with CMake < 3.10 will be removed from a future version of
  CMake.

  Update the VERSION argument <min> value.  Or, use the <min>...<max> syntax
  to tell CMake that the project requires at least <min> but has been updated
  to work with policies introduced by <max> or earlier.


-- The C compiler identification is GNU 13.3.0
-- The CXX compiler identification is GNU 13.3.0
-- Detecting C compiler ABI info
-- Detecting C compiler ABI info - done
-- Check for working C compiler: /usr/bin/gcc-13 - skipped
-- Detecting C compile features
-- Detecting C compile features - done
-- Detecting CXX compiler ABI info
-- Detecting CXX compiler ABI info - done
-- Check for working CXX compiler: /usr/bin/g++-13 - skipped
-- Detecting CXX compile features
-- Detecting CXX compile features - done
-- Configuring done (0.3s)
-- Generating done (0.0s)
-- Build files have been written to: /scratch/luisr/mlir-aie/programming_examples/basic/block_datatypes/matrix_multiplication/whole_array_mixed/_build
cd _build &&  cmake --build . --config Release
gmake[1]: Entering directory '/scratch/luisr/mlir-aie/programming_examples/basic/block_datatypes/matrix_multiplication/whole_array_mixed/_build'
gmake[2]: Entering directory '/scratch/luisr/mlir-aie/programming_examples/basic/block_datatypes/matrix_multiplication/whole_array_mixed/_build'
gmake[3]: Entering directory '/scratch/luisr/mlir-aie/programming_examples/basic/block_datatypes/matrix_multiplication/whole_array_mixed/_build'
gmake[3]: Leaving directory '/scratch/luisr/mlir-aie/programming_examples/basic/block_datatypes/matrix_multiplication/whole_array_mixed/_build'
gmake[3]: Entering directory '/scratch/luisr/mlir-aie/programming_examples/basic/block_datatypes/matrix_multiplication/whole_array_mixed/_build'
[ 33%] Building CXX object CMakeFiles/whole_array.dir/mixed_test.cpp.o
[ 66%] Building CXX object CMakeFiles/whole_array.dir/scratch/luisr/mlir-aie/runtime_lib/test_lib/test_utils.cpp.o
[100%] Linking CXX executable whole_array
gmake[3]: Leaving directory '/scratch/luisr/mlir-aie/programming_examples/basic/block_datatypes/matrix_multiplication/whole_array_mixed/_build'
[100%] Built target whole_array
gmake[2]: Leaving directory '/scratch/luisr/mlir-aie/programming_examples/basic/block_datatypes/matrix_multiplication/whole_array_mixed/_build'
gmake[1]: Leaving directory '/scratch/luisr/mlir-aie/programming_examples/basic/block_datatypes/matrix_multiplication/whole_array_mixed/_build'
cp _build/whole_array whole_array.exe 
mkdir -p build
python3 /scratch/luisr/mlir-aie/programming_examples/basic/block_datatypes/matrix_multiplication/whole_array_mixed/whole_array.py -m 80 -k 128 -n 32 -M 8320 -K 512 -N 4096 > build/aie_8320x512x4096_80x128x32.mlir
mkdir -p build
cd build && xchesscc_wrapper aie2p -I /proj/xbuilds/2024.2_INT_1113_1001/installs/all_platforms/Vitis/2024.2/aietools/include  -DDIM_M=80 -DDIM_K=128 -DDIM_N=32 -c /scratch/luisr/mlir-aie/programming_examples/basic/block_datatypes/matrix_multiplication/whole_array_mixed/../mm2.cc -o mm_80x128x32.o
WARNING: Default location for XILINX_VIVADO_IP_OVERRIDE not found: /build/xfndry/IP_2024.2_INTEGRATION_VERIFIED/customer/vivado/data/ip
mkdir -p build
cd build && aiecc.py --alloc-scheme= --aie-generate-xclbin --no-compile-host --xclbin-name=final_8320x512x4096_80x128x32.xclbin \
			 --dynamic-objFifos \
			--aie-generate-npu-insts --npu-insts-name=insts_8320x512x4096_80x128x32.txt ../build/aie_8320x512x4096_80x128x32.mlir

Generating: /scratch/luisr/mlir-aie/programming_examples/basic/block_datatypes/matrix_multiplication/whole_array_mixed/build/aie_8320x512x4096_80x128x32.mlir.prj/aie_cdo_elfs.bin
Generating: /scratch/luisr/mlir-aie/programming_examples/basic/block_datatypes/matrix_multiplication/whole_array_mixed/build/aie_8320x512x4096_80x128x32.mlir.prj/aie_cdo_init.bin
Generating: /scratch/luisr/mlir-aie/programming_examples/basic/block_datatypes/matrix_multiplication/whole_array_mixed/build/aie_8320x512x4096_80x128x32.mlir.prj/aie_cdo_enable.bin
export XRT_HACK_UNSECURE_LOADING_XCLBIN=1 && \
 ./whole_array.exe -x build/final_8320x512x4096_80x128x32.xclbin -i build/insts_8320x512x4096_80x128x32.txt -k MLIR_AIE -M 8320 -K 512 -N 4096 -w 80 -y 128 -z 32 --iters 40 --warmup 10 --verify 0

Avg NPU matmul time: 12816.3us.
Avg NPU gflops: 2722.83

Min NPU matmul time: 12274us.
Max NPU gflops: 2843.13

Max NPU matmul time: 13906us.
Min NPU gflops: 2509.46

Shuffle time: 9051us.

PASS!

rm -rf build _build whole_array.exe
rm -rf _build
mkdir -p _build
cd _build &&  cmake -E env CXXFLAGS="-std=c++23 -ggdb -DDTYPE_IN= -DDTYPE_OUT= -DDTYPE_ACC=" \
	cmake `echo /scratch/luisr/mlir-aie/programming_examples/basic/block_datatypes/matrix_multiplication/whole_array_mixed/..` -D CMAKE_C_COMPILER=gcc-13 -D CMAKE_CXX_COMPILER=g++-13 -DTARGET_NAME=whole_array -Dhostsrc=/scratch/luisr/mlir-aie/programming_examples/basic/block_datatypes/matrix_multiplication/whole_array_mixed/../mixed_test.cpp
CMake Deprecation Warning at CMakeLists.txt:13 (cmake_minimum_required):
  Compatibility with CMake < 3.10 will be removed from a future version of
  CMake.

  Update the VERSION argument <min> value.  Or, use the <min>...<max> syntax
  to tell CMake that the project requires at least <min> but has been updated
  to work with policies introduced by <max> or earlier.


-- The C compiler identification is GNU 13.3.0
-- The CXX compiler identification is GNU 13.3.0
-- Detecting C compiler ABI info
-- Detecting C compiler ABI info - done
-- Check for working C compiler: /usr/bin/gcc-13 - skipped
-- Detecting C compile features
-- Detecting C compile features - done
-- Detecting CXX compiler ABI info
-- Detecting CXX compiler ABI info - done
-- Check for working CXX compiler: /usr/bin/g++-13 - skipped
-- Detecting CXX compile features
-- Detecting CXX compile features - done
-- Configuring done (0.2s)
-- Generating done (0.0s)
-- Build files have been written to: /scratch/luisr/mlir-aie/programming_examples/basic/block_datatypes/matrix_multiplication/whole_array_mixed/_build
cd _build &&  cmake --build . --config Release
gmake[1]: Entering directory '/scratch/luisr/mlir-aie/programming_examples/basic/block_datatypes/matrix_multiplication/whole_array_mixed/_build'
gmake[2]: Entering directory '/scratch/luisr/mlir-aie/programming_examples/basic/block_datatypes/matrix_multiplication/whole_array_mixed/_build'
gmake[3]: Entering directory '/scratch/luisr/mlir-aie/programming_examples/basic/block_datatypes/matrix_multiplication/whole_array_mixed/_build'
gmake[3]: Leaving directory '/scratch/luisr/mlir-aie/programming_examples/basic/block_datatypes/matrix_multiplication/whole_array_mixed/_build'
gmake[3]: Entering directory '/scratch/luisr/mlir-aie/programming_examples/basic/block_datatypes/matrix_multiplication/whole_array_mixed/_build'
[ 33%] Building CXX object CMakeFiles/whole_array.dir/mixed_test.cpp.o
[ 66%] Building CXX object CMakeFiles/whole_array.dir/scratch/luisr/mlir-aie/runtime_lib/test_lib/test_utils.cpp.o
[100%] Linking CXX executable whole_array
gmake[3]: Leaving directory '/scratch/luisr/mlir-aie/programming_examples/basic/block_datatypes/matrix_multiplication/whole_array_mixed/_build'
[100%] Built target whole_array
gmake[2]: Leaving directory '/scratch/luisr/mlir-aie/programming_examples/basic/block_datatypes/matrix_multiplication/whole_array_mixed/_build'
gmake[1]: Leaving directory '/scratch/luisr/mlir-aie/programming_examples/basic/block_datatypes/matrix_multiplication/whole_array_mixed/_build'
cp _build/whole_array whole_array.exe 
mkdir -p build
python3 /scratch/luisr/mlir-aie/programming_examples/basic/block_datatypes/matrix_multiplication/whole_array_mixed/whole_array.py -m 80 -k 128 -n 32 -M 8320 -K 512 -N 8192 > build/aie_8320x512x8192_80x128x32.mlir
mkdir -p build
cd build && xchesscc_wrapper aie2p -I /proj/xbuilds/2024.2_INT_1113_1001/installs/all_platforms/Vitis/2024.2/aietools/include  -DDIM_M=80 -DDIM_K=128 -DDIM_N=32 -c /scratch/luisr/mlir-aie/programming_examples/basic/block_datatypes/matrix_multiplication/whole_array_mixed/../mm2.cc -o mm_80x128x32.o
WARNING: Default location for XILINX_VIVADO_IP_OVERRIDE not found: /build/xfndry/IP_2024.2_INTEGRATION_VERIFIED/customer/vivado/data/ip
mkdir -p build
cd build && aiecc.py --alloc-scheme= --aie-generate-xclbin --no-compile-host --xclbin-name=final_8320x512x8192_80x128x32.xclbin \
			 --dynamic-objFifos \
			--aie-generate-npu-insts --npu-insts-name=insts_8320x512x8192_80x128x32.txt ../build/aie_8320x512x8192_80x128x32.mlir
Error running pass pipeline:  builtin.module(aie.device(aie-materialize-bd-chains,aie-substitute-shim-dma-allocations,aie-assign-runtime-sequence-bd-ids,aie-dma-tasks-to-npu,aie-dma-to-npu,aie-lower-set-lock)) Failure while executing pass pipeline:
error: "-":2411:9: 'aie.dma_bd' op Stride 3 exceeds the [1:1048576] range.
 note: "-":2411:9: see current operation: "aie.dma_bd"(%arg2) <{bd_id = 0 : i32, burst_length = 0 : i32, dimensions = #aie<bd_dim_layout_array[<size = 2, stride = 2621440>, <size = 64, stride = 128>, <size = 320, stride = 8192>, <size = 32, stride = 1>]>, len = 655360 : i32, offset = 0 : i32}> : (memref<68157440xbf16>) -> ()

Traceback (most recent call last):
  File "/scratch/luisr/mlir-aie/install/bin/aiecc.py", line 12, in <module>
    main()
  File "/scratch/luisr/mlir-aie/install/python/aie/compiler/aiecc/main.py", line 1476, in main
    run(module_str)
  File "/scratch/luisr/mlir-aie/install/python/aie/compiler/aiecc/main.py", line 1450, in run
    asyncio.run(runner.run_flow())
  File "/usr/lib/python3.12/asyncio/runners.py", line 194, in run
    return runner.run(main)
           ^^^^^^^^^^^^^^^^
  File "/usr/lib/python3.12/asyncio/runners.py", line 118, in run
    return self._loop.run_until_complete(task)
           ^^^^^^^^^^^^^^^^^^^^^^^^^^^^^^^^^^^
  File "/usr/lib/python3.12/asyncio/base_events.py", line 687, in run_until_complete
    return future.result()
           ^^^^^^^^^^^^^^^
  File "/scratch/luisr/mlir-aie/install/python/aie/compiler/aiecc/main.py", line 1248, in run_flow
    npu_insts_module = run_passes_module(
                       ^^^^^^^^^^^^^^^^^^
  File "/scratch/luisr/mlir-aie/install/python/aie/compiler/aiecc/main.py", line 347, in run_passes_module
    raise e
  File "/scratch/luisr/mlir-aie/install/python/aie/compiler/aiecc/main.py", line 344, in run_passes_module
    pm.run(mlir_module.operation)
aie._mlir_libs._site_initialize.<locals>.MLIRError: Failure while executing pass pipeline:
error: "-":2411:9: 'aie.dma_bd' op Stride 3 exceeds the [1:1048576] range.
 note: "-":2411:9: see current operation: "aie.dma_bd"(%arg2) <{bd_id = 0 : i32, burst_length = 0 : i32, dimensions = #aie<bd_dim_layout_array[<size = 2, stride = 2621440>, <size = 64, stride = 128>, <size = 320, stride = 8192>, <size = 32, stride = 1>]>, len = 655360 : i32, offset = 0 : i32}> : (memref<68157440xbf16>) -> ()
make: *** [/scratch/luisr/mlir-aie/programming_examples/basic/block_datatypes/matrix_multiplication/whole_array_mixed/../makefile_common:73: build/final_8320x512x8192_80x128x32.xclbin] Error 1
rm -rf build _build whole_array.exe
rm -rf _build
mkdir -p _build
cd _build &&  cmake -E env CXXFLAGS="-std=c++23 -ggdb -DDTYPE_IN= -DDTYPE_OUT= -DDTYPE_ACC=" \
	cmake `echo /scratch/luisr/mlir-aie/programming_examples/basic/block_datatypes/matrix_multiplication/whole_array_mixed/..` -D CMAKE_C_COMPILER=gcc-13 -D CMAKE_CXX_COMPILER=g++-13 -DTARGET_NAME=whole_array -Dhostsrc=/scratch/luisr/mlir-aie/programming_examples/basic/block_datatypes/matrix_multiplication/whole_array_mixed/../mixed_test.cpp
CMake Deprecation Warning at CMakeLists.txt:13 (cmake_minimum_required):
  Compatibility with CMake < 3.10 will be removed from a future version of
  CMake.

  Update the VERSION argument <min> value.  Or, use the <min>...<max> syntax
  to tell CMake that the project requires at least <min> but has been updated
  to work with policies introduced by <max> or earlier.


-- The C compiler identification is GNU 13.3.0
-- The CXX compiler identification is GNU 13.3.0
-- Detecting C compiler ABI info
-- Detecting C compiler ABI info - done
-- Check for working C compiler: /usr/bin/gcc-13 - skipped
-- Detecting C compile features
-- Detecting C compile features - done
-- Detecting CXX compiler ABI info
-- Detecting CXX compiler ABI info - done
-- Check for working CXX compiler: /usr/bin/g++-13 - skipped
-- Detecting CXX compile features
-- Detecting CXX compile features - done
-- Configuring done (0.2s)
-- Generating done (0.0s)
-- Build files have been written to: /scratch/luisr/mlir-aie/programming_examples/basic/block_datatypes/matrix_multiplication/whole_array_mixed/_build
cd _build &&  cmake --build . --config Release
gmake[1]: Entering directory '/scratch/luisr/mlir-aie/programming_examples/basic/block_datatypes/matrix_multiplication/whole_array_mixed/_build'
gmake[2]: Entering directory '/scratch/luisr/mlir-aie/programming_examples/basic/block_datatypes/matrix_multiplication/whole_array_mixed/_build'
gmake[3]: Entering directory '/scratch/luisr/mlir-aie/programming_examples/basic/block_datatypes/matrix_multiplication/whole_array_mixed/_build'
gmake[3]: Leaving directory '/scratch/luisr/mlir-aie/programming_examples/basic/block_datatypes/matrix_multiplication/whole_array_mixed/_build'
gmake[3]: Entering directory '/scratch/luisr/mlir-aie/programming_examples/basic/block_datatypes/matrix_multiplication/whole_array_mixed/_build'
[ 33%] Building CXX object CMakeFiles/whole_array.dir/mixed_test.cpp.o
[ 66%] Building CXX object CMakeFiles/whole_array.dir/scratch/luisr/mlir-aie/runtime_lib/test_lib/test_utils.cpp.o
[100%] Linking CXX executable whole_array
gmake[3]: Leaving directory '/scratch/luisr/mlir-aie/programming_examples/basic/block_datatypes/matrix_multiplication/whole_array_mixed/_build'
[100%] Built target whole_array
gmake[2]: Leaving directory '/scratch/luisr/mlir-aie/programming_examples/basic/block_datatypes/matrix_multiplication/whole_array_mixed/_build'
gmake[1]: Leaving directory '/scratch/luisr/mlir-aie/programming_examples/basic/block_datatypes/matrix_multiplication/whole_array_mixed/_build'
cp _build/whole_array whole_array.exe 
mkdir -p build
python3 /scratch/luisr/mlir-aie/programming_examples/basic/block_datatypes/matrix_multiplication/whole_array_mixed/whole_array.py -m 80 -k 128 -n 32 -M 8320 -K 1024 -N 512 > build/aie_8320x1024x512_80x128x32.mlir
mkdir -p build
cd build && xchesscc_wrapper aie2p -I /proj/xbuilds/2024.2_INT_1113_1001/installs/all_platforms/Vitis/2024.2/aietools/include  -DDIM_M=80 -DDIM_K=128 -DDIM_N=32 -c /scratch/luisr/mlir-aie/programming_examples/basic/block_datatypes/matrix_multiplication/whole_array_mixed/../mm2.cc -o mm_80x128x32.o
WARNING: Default location for XILINX_VIVADO_IP_OVERRIDE not found: /build/xfndry/IP_2024.2_INTEGRATION_VERIFIED/customer/vivado/data/ip
mkdir -p build
cd build && aiecc.py --alloc-scheme= --aie-generate-xclbin --no-compile-host --xclbin-name=final_8320x1024x512_80x128x32.xclbin \
			 --dynamic-objFifos \
			--aie-generate-npu-insts --npu-insts-name=insts_8320x1024x512_80x128x32.txt ../build/aie_8320x1024x512_80x128x32.mlir

Generating: /scratch/luisr/mlir-aie/programming_examples/basic/block_datatypes/matrix_multiplication/whole_array_mixed/build/aie_8320x1024x512_80x128x32.mlir.prj/aie_cdo_elfs.bin
Generating: /scratch/luisr/mlir-aie/programming_examples/basic/block_datatypes/matrix_multiplication/whole_array_mixed/build/aie_8320x1024x512_80x128x32.mlir.prj/aie_cdo_init.bin
Generating: /scratch/luisr/mlir-aie/programming_examples/basic/block_datatypes/matrix_multiplication/whole_array_mixed/build/aie_8320x1024x512_80x128x32.mlir.prj/aie_cdo_enable.bin
export XRT_HACK_UNSECURE_LOADING_XCLBIN=1 && \
 ./whole_array.exe -x build/final_8320x1024x512_80x128x32.xclbin -i build/insts_8320x1024x512_80x128x32.txt -k MLIR_AIE -M 8320 -K 1024 -N 512 -w 80 -y 128 -z 32 --iters 40 --warmup 10 --verify 0

Avg NPU matmul time: 3344.57us.
Avg NPU gflops: 2608.45

Min NPU matmul time: 3258us.
Max NPU gflops: 2677.76

Max NPU matmul time: 3865us.
Min NPU gflops: 2257.22

Shuffle time: 2378us.

PASS!

rm -rf build _build whole_array.exe
rm -rf _build
mkdir -p _build
cd _build &&  cmake -E env CXXFLAGS="-std=c++23 -ggdb -DDTYPE_IN= -DDTYPE_OUT= -DDTYPE_ACC=" \
	cmake `echo /scratch/luisr/mlir-aie/programming_examples/basic/block_datatypes/matrix_multiplication/whole_array_mixed/..` -D CMAKE_C_COMPILER=gcc-13 -D CMAKE_CXX_COMPILER=g++-13 -DTARGET_NAME=whole_array -Dhostsrc=/scratch/luisr/mlir-aie/programming_examples/basic/block_datatypes/matrix_multiplication/whole_array_mixed/../mixed_test.cpp
CMake Deprecation Warning at CMakeLists.txt:13 (cmake_minimum_required):
  Compatibility with CMake < 3.10 will be removed from a future version of
  CMake.

  Update the VERSION argument <min> value.  Or, use the <min>...<max> syntax
  to tell CMake that the project requires at least <min> but has been updated
  to work with policies introduced by <max> or earlier.


-- The C compiler identification is GNU 13.3.0
-- The CXX compiler identification is GNU 13.3.0
-- Detecting C compiler ABI info
-- Detecting C compiler ABI info - done
-- Check for working C compiler: /usr/bin/gcc-13 - skipped
-- Detecting C compile features
-- Detecting C compile features - done
-- Detecting CXX compiler ABI info
-- Detecting CXX compiler ABI info - done
-- Check for working CXX compiler: /usr/bin/g++-13 - skipped
-- Detecting CXX compile features
-- Detecting CXX compile features - done
-- Configuring done (0.2s)
-- Generating done (0.0s)
-- Build files have been written to: /scratch/luisr/mlir-aie/programming_examples/basic/block_datatypes/matrix_multiplication/whole_array_mixed/_build
cd _build &&  cmake --build . --config Release
gmake[1]: Entering directory '/scratch/luisr/mlir-aie/programming_examples/basic/block_datatypes/matrix_multiplication/whole_array_mixed/_build'
gmake[2]: Entering directory '/scratch/luisr/mlir-aie/programming_examples/basic/block_datatypes/matrix_multiplication/whole_array_mixed/_build'
gmake[3]: Entering directory '/scratch/luisr/mlir-aie/programming_examples/basic/block_datatypes/matrix_multiplication/whole_array_mixed/_build'
gmake[3]: Leaving directory '/scratch/luisr/mlir-aie/programming_examples/basic/block_datatypes/matrix_multiplication/whole_array_mixed/_build'
gmake[3]: Entering directory '/scratch/luisr/mlir-aie/programming_examples/basic/block_datatypes/matrix_multiplication/whole_array_mixed/_build'
[ 33%] Building CXX object CMakeFiles/whole_array.dir/mixed_test.cpp.o
[ 66%] Building CXX object CMakeFiles/whole_array.dir/scratch/luisr/mlir-aie/runtime_lib/test_lib/test_utils.cpp.o
[100%] Linking CXX executable whole_array
gmake[3]: Leaving directory '/scratch/luisr/mlir-aie/programming_examples/basic/block_datatypes/matrix_multiplication/whole_array_mixed/_build'
[100%] Built target whole_array
gmake[2]: Leaving directory '/scratch/luisr/mlir-aie/programming_examples/basic/block_datatypes/matrix_multiplication/whole_array_mixed/_build'
gmake[1]: Leaving directory '/scratch/luisr/mlir-aie/programming_examples/basic/block_datatypes/matrix_multiplication/whole_array_mixed/_build'
cp _build/whole_array whole_array.exe 
mkdir -p build
python3 /scratch/luisr/mlir-aie/programming_examples/basic/block_datatypes/matrix_multiplication/whole_array_mixed/whole_array.py -m 80 -k 128 -n 32 -M 8320 -K 1024 -N 1024 > build/aie_8320x1024x1024_80x128x32.mlir
mkdir -p build
cd build && xchesscc_wrapper aie2p -I /proj/xbuilds/2024.2_INT_1113_1001/installs/all_platforms/Vitis/2024.2/aietools/include  -DDIM_M=80 -DDIM_K=128 -DDIM_N=32 -c /scratch/luisr/mlir-aie/programming_examples/basic/block_datatypes/matrix_multiplication/whole_array_mixed/../mm2.cc -o mm_80x128x32.o
WARNING: Default location for XILINX_VIVADO_IP_OVERRIDE not found: /build/xfndry/IP_2024.2_INTEGRATION_VERIFIED/customer/vivado/data/ip
mkdir -p build
cd build && aiecc.py --alloc-scheme= --aie-generate-xclbin --no-compile-host --xclbin-name=final_8320x1024x1024_80x128x32.xclbin \
			 --dynamic-objFifos \
			--aie-generate-npu-insts --npu-insts-name=insts_8320x1024x1024_80x128x32.txt ../build/aie_8320x1024x1024_80x128x32.mlir

Generating: /scratch/luisr/mlir-aie/programming_examples/basic/block_datatypes/matrix_multiplication/whole_array_mixed/build/aie_8320x1024x1024_80x128x32.mlir.prj/aie_cdo_elfs.bin
Generating: /scratch/luisr/mlir-aie/programming_examples/basic/block_datatypes/matrix_multiplication/whole_array_mixed/build/aie_8320x1024x1024_80x128x32.mlir.prj/aie_cdo_init.bin
Generating: /scratch/luisr/mlir-aie/programming_examples/basic/block_datatypes/matrix_multiplication/whole_array_mixed/build/aie_8320x1024x1024_80x128x32.mlir.prj/aie_cdo_enable.bin
export XRT_HACK_UNSECURE_LOADING_XCLBIN=1 && \
 ./whole_array.exe -x build/final_8320x1024x1024_80x128x32.xclbin -i build/insts_8320x1024x1024_80x128x32.txt -k MLIR_AIE -M 8320 -K 1024 -N 1024 -w 80 -y 128 -z 32 --iters 40 --warmup 10 --verify 0

Avg NPU matmul time: 6682.8us.
Avg NPU gflops: 2610.93

Min NPU matmul time: 6365us.
Max NPU gflops: 2741.29

Max NPU matmul time: 7830us.
Min NPU gflops: 2228.39

Shuffle time: 4548us.

PASS!

rm -rf build _build whole_array.exe
rm -rf _build
mkdir -p _build
cd _build &&  cmake -E env CXXFLAGS="-std=c++23 -ggdb -DDTYPE_IN= -DDTYPE_OUT= -DDTYPE_ACC=" \
	cmake `echo /scratch/luisr/mlir-aie/programming_examples/basic/block_datatypes/matrix_multiplication/whole_array_mixed/..` -D CMAKE_C_COMPILER=gcc-13 -D CMAKE_CXX_COMPILER=g++-13 -DTARGET_NAME=whole_array -Dhostsrc=/scratch/luisr/mlir-aie/programming_examples/basic/block_datatypes/matrix_multiplication/whole_array_mixed/../mixed_test.cpp
CMake Deprecation Warning at CMakeLists.txt:13 (cmake_minimum_required):
  Compatibility with CMake < 3.10 will be removed from a future version of
  CMake.

  Update the VERSION argument <min> value.  Or, use the <min>...<max> syntax
  to tell CMake that the project requires at least <min> but has been updated
  to work with policies introduced by <max> or earlier.


-- The C compiler identification is GNU 13.3.0
-- The CXX compiler identification is GNU 13.3.0
-- Detecting C compiler ABI info
-- Detecting C compiler ABI info - done
-- Check for working C compiler: /usr/bin/gcc-13 - skipped
-- Detecting C compile features
-- Detecting C compile features - done
-- Detecting CXX compiler ABI info
-- Detecting CXX compiler ABI info - done
-- Check for working CXX compiler: /usr/bin/g++-13 - skipped
-- Detecting CXX compile features
-- Detecting CXX compile features - done
-- Configuring done (0.3s)
-- Generating done (0.0s)
-- Build files have been written to: /scratch/luisr/mlir-aie/programming_examples/basic/block_datatypes/matrix_multiplication/whole_array_mixed/_build
cd _build &&  cmake --build . --config Release
gmake[1]: Entering directory '/scratch/luisr/mlir-aie/programming_examples/basic/block_datatypes/matrix_multiplication/whole_array_mixed/_build'
gmake[2]: Entering directory '/scratch/luisr/mlir-aie/programming_examples/basic/block_datatypes/matrix_multiplication/whole_array_mixed/_build'
gmake[3]: Entering directory '/scratch/luisr/mlir-aie/programming_examples/basic/block_datatypes/matrix_multiplication/whole_array_mixed/_build'
gmake[3]: Leaving directory '/scratch/luisr/mlir-aie/programming_examples/basic/block_datatypes/matrix_multiplication/whole_array_mixed/_build'
gmake[3]: Entering directory '/scratch/luisr/mlir-aie/programming_examples/basic/block_datatypes/matrix_multiplication/whole_array_mixed/_build'
[ 33%] Building CXX object CMakeFiles/whole_array.dir/mixed_test.cpp.o
[ 66%] Building CXX object CMakeFiles/whole_array.dir/scratch/luisr/mlir-aie/runtime_lib/test_lib/test_utils.cpp.o
[100%] Linking CXX executable whole_array
gmake[3]: Leaving directory '/scratch/luisr/mlir-aie/programming_examples/basic/block_datatypes/matrix_multiplication/whole_array_mixed/_build'
[100%] Built target whole_array
gmake[2]: Leaving directory '/scratch/luisr/mlir-aie/programming_examples/basic/block_datatypes/matrix_multiplication/whole_array_mixed/_build'
gmake[1]: Leaving directory '/scratch/luisr/mlir-aie/programming_examples/basic/block_datatypes/matrix_multiplication/whole_array_mixed/_build'
cp _build/whole_array whole_array.exe 
mkdir -p build
python3 /scratch/luisr/mlir-aie/programming_examples/basic/block_datatypes/matrix_multiplication/whole_array_mixed/whole_array.py -m 80 -k 128 -n 32 -M 8320 -K 1024 -N 4096 > build/aie_8320x1024x4096_80x128x32.mlir
mkdir -p build
cd build && xchesscc_wrapper aie2p -I /proj/xbuilds/2024.2_INT_1113_1001/installs/all_platforms/Vitis/2024.2/aietools/include  -DDIM_M=80 -DDIM_K=128 -DDIM_N=32 -c /scratch/luisr/mlir-aie/programming_examples/basic/block_datatypes/matrix_multiplication/whole_array_mixed/../mm2.cc -o mm_80x128x32.o
WARNING: Default location for XILINX_VIVADO_IP_OVERRIDE not found: /build/xfndry/IP_2024.2_INTEGRATION_VERIFIED/customer/vivado/data/ip
mkdir -p build
cd build && aiecc.py --alloc-scheme= --aie-generate-xclbin --no-compile-host --xclbin-name=final_8320x1024x4096_80x128x32.xclbin \
			 --dynamic-objFifos \
			--aie-generate-npu-insts --npu-insts-name=insts_8320x1024x4096_80x128x32.txt ../build/aie_8320x1024x4096_80x128x32.mlir

Generating: /scratch/luisr/mlir-aie/programming_examples/basic/block_datatypes/matrix_multiplication/whole_array_mixed/build/aie_8320x1024x4096_80x128x32.mlir.prj/aie_cdo_elfs.bin
Generating: /scratch/luisr/mlir-aie/programming_examples/basic/block_datatypes/matrix_multiplication/whole_array_mixed/build/aie_8320x1024x4096_80x128x32.mlir.prj/aie_cdo_init.bin
Generating: /scratch/luisr/mlir-aie/programming_examples/basic/block_datatypes/matrix_multiplication/whole_array_mixed/build/aie_8320x1024x4096_80x128x32.mlir.prj/aie_cdo_enable.bin
export XRT_HACK_UNSECURE_LOADING_XCLBIN=1 && \
 ./whole_array.exe -x build/final_8320x1024x4096_80x128x32.xclbin -i build/insts_8320x1024x4096_80x128x32.txt -k MLIR_AIE -M 8320 -K 1024 -N 4096 -w 80 -y 128 -z 32 --iters 40 --warmup 10 --verify 0

Avg NPU matmul time: 24359.9us.
Avg NPU gflops: 2865.08

Min NPU matmul time: 23771us.
Max NPU gflops: 2936.07

Max NPU matmul time: 25162us.
Min NPU gflops: 2773.75

Shuffle time: 18460us.

PASS!

rm -rf build _build whole_array.exe
rm -rf _build
mkdir -p _build
cd _build &&  cmake -E env CXXFLAGS="-std=c++23 -ggdb -DDTYPE_IN= -DDTYPE_OUT= -DDTYPE_ACC=" \
	cmake `echo /scratch/luisr/mlir-aie/programming_examples/basic/block_datatypes/matrix_multiplication/whole_array_mixed/..` -D CMAKE_C_COMPILER=gcc-13 -D CMAKE_CXX_COMPILER=g++-13 -DTARGET_NAME=whole_array -Dhostsrc=/scratch/luisr/mlir-aie/programming_examples/basic/block_datatypes/matrix_multiplication/whole_array_mixed/../mixed_test.cpp
CMake Deprecation Warning at CMakeLists.txt:13 (cmake_minimum_required):
  Compatibility with CMake < 3.10 will be removed from a future version of
  CMake.

  Update the VERSION argument <min> value.  Or, use the <min>...<max> syntax
  to tell CMake that the project requires at least <min> but has been updated
  to work with policies introduced by <max> or earlier.


-- The C compiler identification is GNU 13.3.0
-- The CXX compiler identification is GNU 13.3.0
-- Detecting C compiler ABI info
-- Detecting C compiler ABI info - done
-- Check for working C compiler: /usr/bin/gcc-13 - skipped
-- Detecting C compile features
-- Detecting C compile features - done
-- Detecting CXX compiler ABI info
-- Detecting CXX compiler ABI info - done
-- Check for working CXX compiler: /usr/bin/g++-13 - skipped
-- Detecting CXX compile features
-- Detecting CXX compile features - done
-- Configuring done (0.3s)
-- Generating done (0.0s)
-- Build files have been written to: /scratch/luisr/mlir-aie/programming_examples/basic/block_datatypes/matrix_multiplication/whole_array_mixed/_build
cd _build &&  cmake --build . --config Release
gmake[1]: Entering directory '/scratch/luisr/mlir-aie/programming_examples/basic/block_datatypes/matrix_multiplication/whole_array_mixed/_build'
gmake[2]: Entering directory '/scratch/luisr/mlir-aie/programming_examples/basic/block_datatypes/matrix_multiplication/whole_array_mixed/_build'
gmake[3]: Entering directory '/scratch/luisr/mlir-aie/programming_examples/basic/block_datatypes/matrix_multiplication/whole_array_mixed/_build'
gmake[3]: Leaving directory '/scratch/luisr/mlir-aie/programming_examples/basic/block_datatypes/matrix_multiplication/whole_array_mixed/_build'
gmake[3]: Entering directory '/scratch/luisr/mlir-aie/programming_examples/basic/block_datatypes/matrix_multiplication/whole_array_mixed/_build'
[ 33%] Building CXX object CMakeFiles/whole_array.dir/mixed_test.cpp.o
[ 66%] Building CXX object CMakeFiles/whole_array.dir/scratch/luisr/mlir-aie/runtime_lib/test_lib/test_utils.cpp.o
[100%] Linking CXX executable whole_array
gmake[3]: Leaving directory '/scratch/luisr/mlir-aie/programming_examples/basic/block_datatypes/matrix_multiplication/whole_array_mixed/_build'
[100%] Built target whole_array
gmake[2]: Leaving directory '/scratch/luisr/mlir-aie/programming_examples/basic/block_datatypes/matrix_multiplication/whole_array_mixed/_build'
gmake[1]: Leaving directory '/scratch/luisr/mlir-aie/programming_examples/basic/block_datatypes/matrix_multiplication/whole_array_mixed/_build'
cp _build/whole_array whole_array.exe 
mkdir -p build
python3 /scratch/luisr/mlir-aie/programming_examples/basic/block_datatypes/matrix_multiplication/whole_array_mixed/whole_array.py -m 80 -k 128 -n 32 -M 8320 -K 1024 -N 8192 > build/aie_8320x1024x8192_80x128x32.mlir
mkdir -p build
cd build && xchesscc_wrapper aie2p -I /proj/xbuilds/2024.2_INT_1113_1001/installs/all_platforms/Vitis/2024.2/aietools/include  -DDIM_M=80 -DDIM_K=128 -DDIM_N=32 -c /scratch/luisr/mlir-aie/programming_examples/basic/block_datatypes/matrix_multiplication/whole_array_mixed/../mm2.cc -o mm_80x128x32.o
WARNING: Default location for XILINX_VIVADO_IP_OVERRIDE not found: /build/xfndry/IP_2024.2_INTEGRATION_VERIFIED/customer/vivado/data/ip
mkdir -p build
cd build && aiecc.py --alloc-scheme= --aie-generate-xclbin --no-compile-host --xclbin-name=final_8320x1024x8192_80x128x32.xclbin \
			 --dynamic-objFifos \
			--aie-generate-npu-insts --npu-insts-name=insts_8320x1024x8192_80x128x32.txt ../build/aie_8320x1024x8192_80x128x32.mlir
Error running pass pipeline:  builtin.module(aie.device(aie-materialize-bd-chains,aie-substitute-shim-dma-allocations,aie-assign-runtime-sequence-bd-ids,aie-dma-tasks-to-npu,aie-dma-to-npu,aie-lower-set-lock)) Failure while executing pass pipeline:
error: "-":2411:9: 'aie.dma_bd' op Stride 3 exceeds the [1:1048576] range.
 note: "-":2411:9: see current operation: "aie.dma_bd"(%arg2) <{bd_id = 0 : i32, burst_length = 0 : i32, dimensions = #aie<bd_dim_layout_array[<size = 2, stride = 2621440>, <size = 64, stride = 128>, <size = 320, stride = 8192>, <size = 32, stride = 1>]>, len = 655360 : i32, offset = 0 : i32}> : (memref<68157440xbf16>) -> ()

Traceback (most recent call last):
  File "/scratch/luisr/mlir-aie/install/bin/aiecc.py", line 12, in <module>
    main()
  File "/scratch/luisr/mlir-aie/install/python/aie/compiler/aiecc/main.py", line 1476, in main
    run(module_str)
  File "/scratch/luisr/mlir-aie/install/python/aie/compiler/aiecc/main.py", line 1450, in run
    asyncio.run(runner.run_flow())
  File "/usr/lib/python3.12/asyncio/runners.py", line 194, in run
    return runner.run(main)
           ^^^^^^^^^^^^^^^^
  File "/usr/lib/python3.12/asyncio/runners.py", line 118, in run
    return self._loop.run_until_complete(task)
           ^^^^^^^^^^^^^^^^^^^^^^^^^^^^^^^^^^^
  File "/usr/lib/python3.12/asyncio/base_events.py", line 687, in run_until_complete
    return future.result()
           ^^^^^^^^^^^^^^^
  File "/scratch/luisr/mlir-aie/install/python/aie/compiler/aiecc/main.py", line 1248, in run_flow
    npu_insts_module = run_passes_module(
                       ^^^^^^^^^^^^^^^^^^
  File "/scratch/luisr/mlir-aie/install/python/aie/compiler/aiecc/main.py", line 347, in run_passes_module
    raise e
  File "/scratch/luisr/mlir-aie/install/python/aie/compiler/aiecc/main.py", line 344, in run_passes_module
    pm.run(mlir_module.operation)
aie._mlir_libs._site_initialize.<locals>.MLIRError: Failure while executing pass pipeline:
error: "-":2411:9: 'aie.dma_bd' op Stride 3 exceeds the [1:1048576] range.
 note: "-":2411:9: see current operation: "aie.dma_bd"(%arg2) <{bd_id = 0 : i32, burst_length = 0 : i32, dimensions = #aie<bd_dim_layout_array[<size = 2, stride = 2621440>, <size = 64, stride = 128>, <size = 320, stride = 8192>, <size = 32, stride = 1>]>, len = 655360 : i32, offset = 0 : i32}> : (memref<68157440xbf16>) -> ()
make: *** [/scratch/luisr/mlir-aie/programming_examples/basic/block_datatypes/matrix_multiplication/whole_array_mixed/../makefile_common:73: build/final_8320x1024x8192_80x128x32.xclbin] Error 1
rm -rf build _build whole_array.exe
rm -rf _build
mkdir -p _build
cd _build &&  cmake -E env CXXFLAGS="-std=c++23 -ggdb -DDTYPE_IN= -DDTYPE_OUT= -DDTYPE_ACC=" \
	cmake `echo /scratch/luisr/mlir-aie/programming_examples/basic/block_datatypes/matrix_multiplication/whole_array_mixed/..` -D CMAKE_C_COMPILER=gcc-13 -D CMAKE_CXX_COMPILER=g++-13 -DTARGET_NAME=whole_array -Dhostsrc=/scratch/luisr/mlir-aie/programming_examples/basic/block_datatypes/matrix_multiplication/whole_array_mixed/../mixed_test.cpp
CMake Deprecation Warning at CMakeLists.txt:13 (cmake_minimum_required):
  Compatibility with CMake < 3.10 will be removed from a future version of
  CMake.

  Update the VERSION argument <min> value.  Or, use the <min>...<max> syntax
  to tell CMake that the project requires at least <min> but has been updated
  to work with policies introduced by <max> or earlier.


-- The C compiler identification is GNU 13.3.0
-- The CXX compiler identification is GNU 13.3.0
-- Detecting C compiler ABI info
-- Detecting C compiler ABI info - done
-- Check for working C compiler: /usr/bin/gcc-13 - skipped
-- Detecting C compile features
-- Detecting C compile features - done
-- Detecting CXX compiler ABI info
-- Detecting CXX compiler ABI info - done
-- Check for working CXX compiler: /usr/bin/g++-13 - skipped
-- Detecting CXX compile features
-- Detecting CXX compile features - done
-- Configuring done (0.2s)
-- Generating done (0.0s)
-- Build files have been written to: /scratch/luisr/mlir-aie/programming_examples/basic/block_datatypes/matrix_multiplication/whole_array_mixed/_build
cd _build &&  cmake --build . --config Release
gmake[1]: Entering directory '/scratch/luisr/mlir-aie/programming_examples/basic/block_datatypes/matrix_multiplication/whole_array_mixed/_build'
gmake[2]: Entering directory '/scratch/luisr/mlir-aie/programming_examples/basic/block_datatypes/matrix_multiplication/whole_array_mixed/_build'
gmake[3]: Entering directory '/scratch/luisr/mlir-aie/programming_examples/basic/block_datatypes/matrix_multiplication/whole_array_mixed/_build'
gmake[3]: Leaving directory '/scratch/luisr/mlir-aie/programming_examples/basic/block_datatypes/matrix_multiplication/whole_array_mixed/_build'
gmake[3]: Entering directory '/scratch/luisr/mlir-aie/programming_examples/basic/block_datatypes/matrix_multiplication/whole_array_mixed/_build'
[ 33%] Building CXX object CMakeFiles/whole_array.dir/mixed_test.cpp.o
[ 66%] Building CXX object CMakeFiles/whole_array.dir/scratch/luisr/mlir-aie/runtime_lib/test_lib/test_utils.cpp.o
[100%] Linking CXX executable whole_array
gmake[3]: Leaving directory '/scratch/luisr/mlir-aie/programming_examples/basic/block_datatypes/matrix_multiplication/whole_array_mixed/_build'
[100%] Built target whole_array
gmake[2]: Leaving directory '/scratch/luisr/mlir-aie/programming_examples/basic/block_datatypes/matrix_multiplication/whole_array_mixed/_build'
gmake[1]: Leaving directory '/scratch/luisr/mlir-aie/programming_examples/basic/block_datatypes/matrix_multiplication/whole_array_mixed/_build'
cp _build/whole_array whole_array.exe 
mkdir -p build
python3 /scratch/luisr/mlir-aie/programming_examples/basic/block_datatypes/matrix_multiplication/whole_array_mixed/whole_array.py -m 80 -k 128 -n 32 -M 8320 -K 4096 -N 512 > build/aie_8320x4096x512_80x128x32.mlir
mkdir -p build
cd build && xchesscc_wrapper aie2p -I /proj/xbuilds/2024.2_INT_1113_1001/installs/all_platforms/Vitis/2024.2/aietools/include  -DDIM_M=80 -DDIM_K=128 -DDIM_N=32 -c /scratch/luisr/mlir-aie/programming_examples/basic/block_datatypes/matrix_multiplication/whole_array_mixed/../mm2.cc -o mm_80x128x32.o
WARNING: Default location for XILINX_VIVADO_IP_OVERRIDE not found: /build/xfndry/IP_2024.2_INTEGRATION_VERIFIED/customer/vivado/data/ip
mkdir -p build
cd build && aiecc.py --alloc-scheme= --aie-generate-xclbin --no-compile-host --xclbin-name=final_8320x4096x512_80x128x32.xclbin \
			 --dynamic-objFifos \
			--aie-generate-npu-insts --npu-insts-name=insts_8320x4096x512_80x128x32.txt ../build/aie_8320x4096x512_80x128x32.mlir

Generating: /scratch/luisr/mlir-aie/programming_examples/basic/block_datatypes/matrix_multiplication/whole_array_mixed/build/aie_8320x4096x512_80x128x32.mlir.prj/aie_cdo_elfs.bin
Generating: /scratch/luisr/mlir-aie/programming_examples/basic/block_datatypes/matrix_multiplication/whole_array_mixed/build/aie_8320x4096x512_80x128x32.mlir.prj/aie_cdo_init.bin
Generating: /scratch/luisr/mlir-aie/programming_examples/basic/block_datatypes/matrix_multiplication/whole_array_mixed/build/aie_8320x4096x512_80x128x32.mlir.prj/aie_cdo_enable.bin
export XRT_HACK_UNSECURE_LOADING_XCLBIN=1 && \
 ./whole_array.exe -x build/final_8320x4096x512_80x128x32.xclbin -i build/insts_8320x4096x512_80x128x32.txt -k MLIR_AIE -M 8320 -K 4096 -N 512 -w 80 -y 128 -z 32 --iters 40 --warmup 10 --verify 0

Avg NPU matmul time: 12701.6us.
Avg NPU gflops: 2747.42

Min NPU matmul time: 12040us.
Max NPU gflops: 2898.39

Max NPU matmul time: 13449us.
Min NPU gflops: 2594.74

Shuffle time: 9205us.

PASS!

rm -rf build _build whole_array.exe
rm -rf _build
mkdir -p _build
cd _build &&  cmake -E env CXXFLAGS="-std=c++23 -ggdb -DDTYPE_IN= -DDTYPE_OUT= -DDTYPE_ACC=" \
	cmake `echo /scratch/luisr/mlir-aie/programming_examples/basic/block_datatypes/matrix_multiplication/whole_array_mixed/..` -D CMAKE_C_COMPILER=gcc-13 -D CMAKE_CXX_COMPILER=g++-13 -DTARGET_NAME=whole_array -Dhostsrc=/scratch/luisr/mlir-aie/programming_examples/basic/block_datatypes/matrix_multiplication/whole_array_mixed/../mixed_test.cpp
CMake Deprecation Warning at CMakeLists.txt:13 (cmake_minimum_required):
  Compatibility with CMake < 3.10 will be removed from a future version of
  CMake.

  Update the VERSION argument <min> value.  Or, use the <min>...<max> syntax
  to tell CMake that the project requires at least <min> but has been updated
  to work with policies introduced by <max> or earlier.


-- The C compiler identification is GNU 13.3.0
-- The CXX compiler identification is GNU 13.3.0
-- Detecting C compiler ABI info
-- Detecting C compiler ABI info - done
-- Check for working C compiler: /usr/bin/gcc-13 - skipped
-- Detecting C compile features
-- Detecting C compile features - done
-- Detecting CXX compiler ABI info
-- Detecting CXX compiler ABI info - done
-- Check for working CXX compiler: /usr/bin/g++-13 - skipped
-- Detecting CXX compile features
-- Detecting CXX compile features - done
-- Configuring done (0.3s)
-- Generating done (0.0s)
-- Build files have been written to: /scratch/luisr/mlir-aie/programming_examples/basic/block_datatypes/matrix_multiplication/whole_array_mixed/_build
cd _build &&  cmake --build . --config Release
gmake[1]: Entering directory '/scratch/luisr/mlir-aie/programming_examples/basic/block_datatypes/matrix_multiplication/whole_array_mixed/_build'
gmake[2]: Entering directory '/scratch/luisr/mlir-aie/programming_examples/basic/block_datatypes/matrix_multiplication/whole_array_mixed/_build'
gmake[3]: Entering directory '/scratch/luisr/mlir-aie/programming_examples/basic/block_datatypes/matrix_multiplication/whole_array_mixed/_build'
gmake[3]: Leaving directory '/scratch/luisr/mlir-aie/programming_examples/basic/block_datatypes/matrix_multiplication/whole_array_mixed/_build'
gmake[3]: Entering directory '/scratch/luisr/mlir-aie/programming_examples/basic/block_datatypes/matrix_multiplication/whole_array_mixed/_build'
[ 33%] Building CXX object CMakeFiles/whole_array.dir/mixed_test.cpp.o
[ 66%] Building CXX object CMakeFiles/whole_array.dir/scratch/luisr/mlir-aie/runtime_lib/test_lib/test_utils.cpp.o
[100%] Linking CXX executable whole_array
gmake[3]: Leaving directory '/scratch/luisr/mlir-aie/programming_examples/basic/block_datatypes/matrix_multiplication/whole_array_mixed/_build'
[100%] Built target whole_array
gmake[2]: Leaving directory '/scratch/luisr/mlir-aie/programming_examples/basic/block_datatypes/matrix_multiplication/whole_array_mixed/_build'
gmake[1]: Leaving directory '/scratch/luisr/mlir-aie/programming_examples/basic/block_datatypes/matrix_multiplication/whole_array_mixed/_build'
cp _build/whole_array whole_array.exe 
mkdir -p build
python3 /scratch/luisr/mlir-aie/programming_examples/basic/block_datatypes/matrix_multiplication/whole_array_mixed/whole_array.py -m 80 -k 128 -n 32 -M 8320 -K 4096 -N 1024 > build/aie_8320x4096x1024_80x128x32.mlir
mkdir -p build
cd build && xchesscc_wrapper aie2p -I /proj/xbuilds/2024.2_INT_1113_1001/installs/all_platforms/Vitis/2024.2/aietools/include  -DDIM_M=80 -DDIM_K=128 -DDIM_N=32 -c /scratch/luisr/mlir-aie/programming_examples/basic/block_datatypes/matrix_multiplication/whole_array_mixed/../mm2.cc -o mm_80x128x32.o
WARNING: Default location for XILINX_VIVADO_IP_OVERRIDE not found: /build/xfndry/IP_2024.2_INTEGRATION_VERIFIED/customer/vivado/data/ip
mkdir -p build
cd build && aiecc.py --alloc-scheme= --aie-generate-xclbin --no-compile-host --xclbin-name=final_8320x4096x1024_80x128x32.xclbin \
			 --dynamic-objFifos \
			--aie-generate-npu-insts --npu-insts-name=insts_8320x4096x1024_80x128x32.txt ../build/aie_8320x4096x1024_80x128x32.mlir

Generating: /scratch/luisr/mlir-aie/programming_examples/basic/block_datatypes/matrix_multiplication/whole_array_mixed/build/aie_8320x4096x1024_80x128x32.mlir.prj/aie_cdo_elfs.bin
Generating: /scratch/luisr/mlir-aie/programming_examples/basic/block_datatypes/matrix_multiplication/whole_array_mixed/build/aie_8320x4096x1024_80x128x32.mlir.prj/aie_cdo_init.bin
Generating: /scratch/luisr/mlir-aie/programming_examples/basic/block_datatypes/matrix_multiplication/whole_array_mixed/build/aie_8320x4096x1024_80x128x32.mlir.prj/aie_cdo_enable.bin
export XRT_HACK_UNSECURE_LOADING_XCLBIN=1 && \
 ./whole_array.exe -x build/final_8320x4096x1024_80x128x32.xclbin -i build/insts_8320x4096x1024_80x128x32.txt -k MLIR_AIE -M 8320 -K 4096 -N 1024 -w 80 -y 128 -z 32 --iters 40 --warmup 10 --verify 0

Avg NPU matmul time: 24383.1us.
Avg NPU gflops: 2862.36

Min NPU matmul time: 23559us.
Max NPU gflops: 2962.49

Max NPU matmul time: 25272us.
Min NPU gflops: 2761.68

Shuffle time: 18292us.

PASS!

rm -rf build _build whole_array.exe
rm -rf _build
mkdir -p _build
cd _build &&  cmake -E env CXXFLAGS="-std=c++23 -ggdb -DDTYPE_IN= -DDTYPE_OUT= -DDTYPE_ACC=" \
	cmake `echo /scratch/luisr/mlir-aie/programming_examples/basic/block_datatypes/matrix_multiplication/whole_array_mixed/..` -D CMAKE_C_COMPILER=gcc-13 -D CMAKE_CXX_COMPILER=g++-13 -DTARGET_NAME=whole_array -Dhostsrc=/scratch/luisr/mlir-aie/programming_examples/basic/block_datatypes/matrix_multiplication/whole_array_mixed/../mixed_test.cpp
CMake Deprecation Warning at CMakeLists.txt:13 (cmake_minimum_required):
  Compatibility with CMake < 3.10 will be removed from a future version of
  CMake.

  Update the VERSION argument <min> value.  Or, use the <min>...<max> syntax
  to tell CMake that the project requires at least <min> but has been updated
  to work with policies introduced by <max> or earlier.


-- The C compiler identification is GNU 13.3.0
-- The CXX compiler identification is GNU 13.3.0
-- Detecting C compiler ABI info
-- Detecting C compiler ABI info - done
-- Check for working C compiler: /usr/bin/gcc-13 - skipped
-- Detecting C compile features
-- Detecting C compile features - done
-- Detecting CXX compiler ABI info
-- Detecting CXX compiler ABI info - done
-- Check for working CXX compiler: /usr/bin/g++-13 - skipped
-- Detecting CXX compile features
-- Detecting CXX compile features - done
-- Configuring done (0.3s)
-- Generating done (0.0s)
-- Build files have been written to: /scratch/luisr/mlir-aie/programming_examples/basic/block_datatypes/matrix_multiplication/whole_array_mixed/_build
cd _build &&  cmake --build . --config Release
gmake[1]: Entering directory '/scratch/luisr/mlir-aie/programming_examples/basic/block_datatypes/matrix_multiplication/whole_array_mixed/_build'
gmake[2]: Entering directory '/scratch/luisr/mlir-aie/programming_examples/basic/block_datatypes/matrix_multiplication/whole_array_mixed/_build'
gmake[3]: Entering directory '/scratch/luisr/mlir-aie/programming_examples/basic/block_datatypes/matrix_multiplication/whole_array_mixed/_build'
gmake[3]: Leaving directory '/scratch/luisr/mlir-aie/programming_examples/basic/block_datatypes/matrix_multiplication/whole_array_mixed/_build'
gmake[3]: Entering directory '/scratch/luisr/mlir-aie/programming_examples/basic/block_datatypes/matrix_multiplication/whole_array_mixed/_build'
[ 33%] Building CXX object CMakeFiles/whole_array.dir/mixed_test.cpp.o
[ 66%] Building CXX object CMakeFiles/whole_array.dir/scratch/luisr/mlir-aie/runtime_lib/test_lib/test_utils.cpp.o
[100%] Linking CXX executable whole_array
gmake[3]: Leaving directory '/scratch/luisr/mlir-aie/programming_examples/basic/block_datatypes/matrix_multiplication/whole_array_mixed/_build'
[100%] Built target whole_array
gmake[2]: Leaving directory '/scratch/luisr/mlir-aie/programming_examples/basic/block_datatypes/matrix_multiplication/whole_array_mixed/_build'
gmake[1]: Leaving directory '/scratch/luisr/mlir-aie/programming_examples/basic/block_datatypes/matrix_multiplication/whole_array_mixed/_build'
cp _build/whole_array whole_array.exe 
mkdir -p build
python3 /scratch/luisr/mlir-aie/programming_examples/basic/block_datatypes/matrix_multiplication/whole_array_mixed/whole_array.py -m 80 -k 128 -n 32 -M 8320 -K 4096 -N 4096 > build/aie_8320x4096x4096_80x128x32.mlir
mkdir -p build
cd build && xchesscc_wrapper aie2p -I /proj/xbuilds/2024.2_INT_1113_1001/installs/all_platforms/Vitis/2024.2/aietools/include  -DDIM_M=80 -DDIM_K=128 -DDIM_N=32 -c /scratch/luisr/mlir-aie/programming_examples/basic/block_datatypes/matrix_multiplication/whole_array_mixed/../mm2.cc -o mm_80x128x32.o
WARNING: Default location for XILINX_VIVADO_IP_OVERRIDE not found: /build/xfndry/IP_2024.2_INTEGRATION_VERIFIED/customer/vivado/data/ip
mkdir -p build
cd build && aiecc.py --alloc-scheme= --aie-generate-xclbin --no-compile-host --xclbin-name=final_8320x4096x4096_80x128x32.xclbin \
			 --dynamic-objFifos \
			--aie-generate-npu-insts --npu-insts-name=insts_8320x4096x4096_80x128x32.txt ../build/aie_8320x4096x4096_80x128x32.mlir

Generating: /scratch/luisr/mlir-aie/programming_examples/basic/block_datatypes/matrix_multiplication/whole_array_mixed/build/aie_8320x4096x4096_80x128x32.mlir.prj/aie_cdo_elfs.bin
Generating: /scratch/luisr/mlir-aie/programming_examples/basic/block_datatypes/matrix_multiplication/whole_array_mixed/build/aie_8320x4096x4096_80x128x32.mlir.prj/aie_cdo_init.bin
Generating: /scratch/luisr/mlir-aie/programming_examples/basic/block_datatypes/matrix_multiplication/whole_array_mixed/build/aie_8320x4096x4096_80x128x32.mlir.prj/aie_cdo_enable.bin
export XRT_HACK_UNSECURE_LOADING_XCLBIN=1 && \
 ./whole_array.exe -x build/final_8320x4096x4096_80x128x32.xclbin -i build/insts_8320x4096x4096_80x128x32.txt -k MLIR_AIE -M 8320 -K 4096 -N 4096 -w 80 -y 128 -z 32 --iters 40 --warmup 10 --verify 0

Avg NPU matmul time: 93807.1us.
Avg NPU gflops: 2976.03

Min NPU matmul time: 93369us.
Max NPU gflops: 2990

Max NPU matmul time: 94381us.
Min NPU gflops: 2957.94

Shuffle time: 79467us.

PASS!

rm -rf build _build whole_array.exe
rm -rf _build
mkdir -p _build
cd _build &&  cmake -E env CXXFLAGS="-std=c++23 -ggdb -DDTYPE_IN= -DDTYPE_OUT= -DDTYPE_ACC=" \
	cmake `echo /scratch/luisr/mlir-aie/programming_examples/basic/block_datatypes/matrix_multiplication/whole_array_mixed/..` -D CMAKE_C_COMPILER=gcc-13 -D CMAKE_CXX_COMPILER=g++-13 -DTARGET_NAME=whole_array -Dhostsrc=/scratch/luisr/mlir-aie/programming_examples/basic/block_datatypes/matrix_multiplication/whole_array_mixed/../mixed_test.cpp
CMake Deprecation Warning at CMakeLists.txt:13 (cmake_minimum_required):
  Compatibility with CMake < 3.10 will be removed from a future version of
  CMake.

  Update the VERSION argument <min> value.  Or, use the <min>...<max> syntax
  to tell CMake that the project requires at least <min> but has been updated
  to work with policies introduced by <max> or earlier.


-- The C compiler identification is GNU 13.3.0
-- The CXX compiler identification is GNU 13.3.0
-- Detecting C compiler ABI info
-- Detecting C compiler ABI info - done
-- Check for working C compiler: /usr/bin/gcc-13 - skipped
-- Detecting C compile features
-- Detecting C compile features - done
-- Detecting CXX compiler ABI info
-- Detecting CXX compiler ABI info - done
-- Check for working CXX compiler: /usr/bin/g++-13 - skipped
-- Detecting CXX compile features
-- Detecting CXX compile features - done
-- Configuring done (0.3s)
-- Generating done (0.0s)
-- Build files have been written to: /scratch/luisr/mlir-aie/programming_examples/basic/block_datatypes/matrix_multiplication/whole_array_mixed/_build
cd _build &&  cmake --build . --config Release
gmake[1]: Entering directory '/scratch/luisr/mlir-aie/programming_examples/basic/block_datatypes/matrix_multiplication/whole_array_mixed/_build'
gmake[2]: Entering directory '/scratch/luisr/mlir-aie/programming_examples/basic/block_datatypes/matrix_multiplication/whole_array_mixed/_build'
gmake[3]: Entering directory '/scratch/luisr/mlir-aie/programming_examples/basic/block_datatypes/matrix_multiplication/whole_array_mixed/_build'
gmake[3]: Leaving directory '/scratch/luisr/mlir-aie/programming_examples/basic/block_datatypes/matrix_multiplication/whole_array_mixed/_build'
gmake[3]: Entering directory '/scratch/luisr/mlir-aie/programming_examples/basic/block_datatypes/matrix_multiplication/whole_array_mixed/_build'
[ 33%] Building CXX object CMakeFiles/whole_array.dir/mixed_test.cpp.o
[ 66%] Building CXX object CMakeFiles/whole_array.dir/scratch/luisr/mlir-aie/runtime_lib/test_lib/test_utils.cpp.o
[100%] Linking CXX executable whole_array
gmake[3]: Leaving directory '/scratch/luisr/mlir-aie/programming_examples/basic/block_datatypes/matrix_multiplication/whole_array_mixed/_build'
[100%] Built target whole_array
gmake[2]: Leaving directory '/scratch/luisr/mlir-aie/programming_examples/basic/block_datatypes/matrix_multiplication/whole_array_mixed/_build'
gmake[1]: Leaving directory '/scratch/luisr/mlir-aie/programming_examples/basic/block_datatypes/matrix_multiplication/whole_array_mixed/_build'
cp _build/whole_array whole_array.exe 
mkdir -p build
python3 /scratch/luisr/mlir-aie/programming_examples/basic/block_datatypes/matrix_multiplication/whole_array_mixed/whole_array.py -m 80 -k 128 -n 32 -M 8320 -K 4096 -N 8192 > build/aie_8320x4096x8192_80x128x32.mlir
mkdir -p build
cd build && xchesscc_wrapper aie2p -I /proj/xbuilds/2024.2_INT_1113_1001/installs/all_platforms/Vitis/2024.2/aietools/include  -DDIM_M=80 -DDIM_K=128 -DDIM_N=32 -c /scratch/luisr/mlir-aie/programming_examples/basic/block_datatypes/matrix_multiplication/whole_array_mixed/../mm2.cc -o mm_80x128x32.o
WARNING: Default location for XILINX_VIVADO_IP_OVERRIDE not found: /build/xfndry/IP_2024.2_INTEGRATION_VERIFIED/customer/vivado/data/ip
mkdir -p build
cd build && aiecc.py --alloc-scheme= --aie-generate-xclbin --no-compile-host --xclbin-name=final_8320x4096x8192_80x128x32.xclbin \
			 --dynamic-objFifos \
			--aie-generate-npu-insts --npu-insts-name=insts_8320x4096x8192_80x128x32.txt ../build/aie_8320x4096x8192_80x128x32.mlir
Error running pass pipeline:  builtin.module(aie.device(aie-materialize-bd-chains,aie-substitute-shim-dma-allocations,aie-assign-runtime-sequence-bd-ids,aie-dma-tasks-to-npu,aie-dma-to-npu,aie-lower-set-lock)) Failure while executing pass pipeline:
error: "-":2411:9: 'aie.dma_bd' op Stride 3 exceeds the [1:1048576] range.
 note: "-":2411:9: see current operation: "aie.dma_bd"(%arg2) <{bd_id = 0 : i32, burst_length = 0 : i32, dimensions = #aie<bd_dim_layout_array[<size = 2, stride = 2621440>, <size = 64, stride = 128>, <size = 320, stride = 8192>, <size = 32, stride = 1>]>, len = 655360 : i32, offset = 0 : i32}> : (memref<68157440xbf16>) -> ()

Traceback (most recent call last):
  File "/scratch/luisr/mlir-aie/install/bin/aiecc.py", line 12, in <module>
    main()
  File "/scratch/luisr/mlir-aie/install/python/aie/compiler/aiecc/main.py", line 1476, in main
    run(module_str)
  File "/scratch/luisr/mlir-aie/install/python/aie/compiler/aiecc/main.py", line 1450, in run
    asyncio.run(runner.run_flow())
  File "/usr/lib/python3.12/asyncio/runners.py", line 194, in run
    return runner.run(main)
           ^^^^^^^^^^^^^^^^
  File "/usr/lib/python3.12/asyncio/runners.py", line 118, in run
    return self._loop.run_until_complete(task)
           ^^^^^^^^^^^^^^^^^^^^^^^^^^^^^^^^^^^
  File "/usr/lib/python3.12/asyncio/base_events.py", line 687, in run_until_complete
    return future.result()
           ^^^^^^^^^^^^^^^
  File "/scratch/luisr/mlir-aie/install/python/aie/compiler/aiecc/main.py", line 1248, in run_flow
    npu_insts_module = run_passes_module(
                       ^^^^^^^^^^^^^^^^^^
  File "/scratch/luisr/mlir-aie/install/python/aie/compiler/aiecc/main.py", line 347, in run_passes_module
    raise e
  File "/scratch/luisr/mlir-aie/install/python/aie/compiler/aiecc/main.py", line 344, in run_passes_module
    pm.run(mlir_module.operation)
aie._mlir_libs._site_initialize.<locals>.MLIRError: Failure while executing pass pipeline:
error: "-":2411:9: 'aie.dma_bd' op Stride 3 exceeds the [1:1048576] range.
 note: "-":2411:9: see current operation: "aie.dma_bd"(%arg2) <{bd_id = 0 : i32, burst_length = 0 : i32, dimensions = #aie<bd_dim_layout_array[<size = 2, stride = 2621440>, <size = 64, stride = 128>, <size = 320, stride = 8192>, <size = 32, stride = 1>]>, len = 655360 : i32, offset = 0 : i32}> : (memref<68157440xbf16>) -> ()
make: *** [/scratch/luisr/mlir-aie/programming_examples/basic/block_datatypes/matrix_multiplication/whole_array_mixed/../makefile_common:73: build/final_8320x4096x8192_80x128x32.xclbin] Error 1
rm -rf build _build whole_array.exe
rm -rf _build
mkdir -p _build
cd _build &&  cmake -E env CXXFLAGS="-std=c++23 -ggdb -DDTYPE_IN= -DDTYPE_OUT= -DDTYPE_ACC=" \
	cmake `echo /scratch/luisr/mlir-aie/programming_examples/basic/block_datatypes/matrix_multiplication/whole_array_mixed/..` -D CMAKE_C_COMPILER=gcc-13 -D CMAKE_CXX_COMPILER=g++-13 -DTARGET_NAME=whole_array -Dhostsrc=/scratch/luisr/mlir-aie/programming_examples/basic/block_datatypes/matrix_multiplication/whole_array_mixed/../mixed_test.cpp
CMake Deprecation Warning at CMakeLists.txt:13 (cmake_minimum_required):
  Compatibility with CMake < 3.10 will be removed from a future version of
  CMake.

  Update the VERSION argument <min> value.  Or, use the <min>...<max> syntax
  to tell CMake that the project requires at least <min> but has been updated
  to work with policies introduced by <max> or earlier.


-- The C compiler identification is GNU 13.3.0
-- The CXX compiler identification is GNU 13.3.0
-- Detecting C compiler ABI info
-- Detecting C compiler ABI info - done
-- Check for working C compiler: /usr/bin/gcc-13 - skipped
-- Detecting C compile features
-- Detecting C compile features - done
-- Detecting CXX compiler ABI info
-- Detecting CXX compiler ABI info - done
-- Check for working CXX compiler: /usr/bin/g++-13 - skipped
-- Detecting CXX compile features
-- Detecting CXX compile features - done
-- Configuring done (0.3s)
-- Generating done (0.0s)
-- Build files have been written to: /scratch/luisr/mlir-aie/programming_examples/basic/block_datatypes/matrix_multiplication/whole_array_mixed/_build
cd _build &&  cmake --build . --config Release
gmake[1]: Entering directory '/scratch/luisr/mlir-aie/programming_examples/basic/block_datatypes/matrix_multiplication/whole_array_mixed/_build'
gmake[2]: Entering directory '/scratch/luisr/mlir-aie/programming_examples/basic/block_datatypes/matrix_multiplication/whole_array_mixed/_build'
gmake[3]: Entering directory '/scratch/luisr/mlir-aie/programming_examples/basic/block_datatypes/matrix_multiplication/whole_array_mixed/_build'
gmake[3]: Leaving directory '/scratch/luisr/mlir-aie/programming_examples/basic/block_datatypes/matrix_multiplication/whole_array_mixed/_build'
gmake[3]: Entering directory '/scratch/luisr/mlir-aie/programming_examples/basic/block_datatypes/matrix_multiplication/whole_array_mixed/_build'
[ 33%] Building CXX object CMakeFiles/whole_array.dir/mixed_test.cpp.o
[ 66%] Building CXX object CMakeFiles/whole_array.dir/scratch/luisr/mlir-aie/runtime_lib/test_lib/test_utils.cpp.o
[100%] Linking CXX executable whole_array
gmake[3]: Leaving directory '/scratch/luisr/mlir-aie/programming_examples/basic/block_datatypes/matrix_multiplication/whole_array_mixed/_build'
[100%] Built target whole_array
gmake[2]: Leaving directory '/scratch/luisr/mlir-aie/programming_examples/basic/block_datatypes/matrix_multiplication/whole_array_mixed/_build'
gmake[1]: Leaving directory '/scratch/luisr/mlir-aie/programming_examples/basic/block_datatypes/matrix_multiplication/whole_array_mixed/_build'
cp _build/whole_array whole_array.exe 
mkdir -p build
python3 /scratch/luisr/mlir-aie/programming_examples/basic/block_datatypes/matrix_multiplication/whole_array_mixed/whole_array.py -m 80 -k 128 -n 32 -M 8320 -K 6144 -N 512 > build/aie_8320x6144x512_80x128x32.mlir
mkdir -p build
cd build && xchesscc_wrapper aie2p -I /proj/xbuilds/2024.2_INT_1113_1001/installs/all_platforms/Vitis/2024.2/aietools/include  -DDIM_M=80 -DDIM_K=128 -DDIM_N=32 -c /scratch/luisr/mlir-aie/programming_examples/basic/block_datatypes/matrix_multiplication/whole_array_mixed/../mm2.cc -o mm_80x128x32.o
WARNING: Default location for XILINX_VIVADO_IP_OVERRIDE not found: /build/xfndry/IP_2024.2_INTEGRATION_VERIFIED/customer/vivado/data/ip
mkdir -p build
cd build && aiecc.py --alloc-scheme= --aie-generate-xclbin --no-compile-host --xclbin-name=final_8320x6144x512_80x128x32.xclbin \
			 --dynamic-objFifos \
			--aie-generate-npu-insts --npu-insts-name=insts_8320x6144x512_80x128x32.txt ../build/aie_8320x6144x512_80x128x32.mlir

Generating: /scratch/luisr/mlir-aie/programming_examples/basic/block_datatypes/matrix_multiplication/whole_array_mixed/build/aie_8320x6144x512_80x128x32.mlir.prj/aie_cdo_elfs.bin
Generating: /scratch/luisr/mlir-aie/programming_examples/basic/block_datatypes/matrix_multiplication/whole_array_mixed/build/aie_8320x6144x512_80x128x32.mlir.prj/aie_cdo_init.bin
Generating: /scratch/luisr/mlir-aie/programming_examples/basic/block_datatypes/matrix_multiplication/whole_array_mixed/build/aie_8320x6144x512_80x128x32.mlir.prj/aie_cdo_enable.bin
export XRT_HACK_UNSECURE_LOADING_XCLBIN=1 && \
 ./whole_array.exe -x build/final_8320x6144x512_80x128x32.xclbin -i build/insts_8320x6144x512_80x128x32.txt -k MLIR_AIE -M 8320 -K 6144 -N 512 -w 80 -y 128 -z 32 --iters 40 --warmup 10 --verify 0

Avg NPU matmul time: 18715.4us.
Avg NPU gflops: 2796.89

Min NPU matmul time: 18180us.
Max NPU gflops: 2879.26

Max NPU matmul time: 19296us.
Min NPU gflops: 2712.73

Shuffle time: 13901us.

PASS!

rm -rf build _build whole_array.exe
rm -rf _build
mkdir -p _build
cd _build &&  cmake -E env CXXFLAGS="-std=c++23 -ggdb -DDTYPE_IN= -DDTYPE_OUT= -DDTYPE_ACC=" \
	cmake `echo /scratch/luisr/mlir-aie/programming_examples/basic/block_datatypes/matrix_multiplication/whole_array_mixed/..` -D CMAKE_C_COMPILER=gcc-13 -D CMAKE_CXX_COMPILER=g++-13 -DTARGET_NAME=whole_array -Dhostsrc=/scratch/luisr/mlir-aie/programming_examples/basic/block_datatypes/matrix_multiplication/whole_array_mixed/../mixed_test.cpp
CMake Deprecation Warning at CMakeLists.txt:13 (cmake_minimum_required):
  Compatibility with CMake < 3.10 will be removed from a future version of
  CMake.

  Update the VERSION argument <min> value.  Or, use the <min>...<max> syntax
  to tell CMake that the project requires at least <min> but has been updated
  to work with policies introduced by <max> or earlier.


-- The C compiler identification is GNU 13.3.0
-- The CXX compiler identification is GNU 13.3.0
-- Detecting C compiler ABI info
-- Detecting C compiler ABI info - done
-- Check for working C compiler: /usr/bin/gcc-13 - skipped
-- Detecting C compile features
-- Detecting C compile features - done
-- Detecting CXX compiler ABI info
-- Detecting CXX compiler ABI info - done
-- Check for working CXX compiler: /usr/bin/g++-13 - skipped
-- Detecting CXX compile features
-- Detecting CXX compile features - done
-- Configuring done (0.3s)
-- Generating done (0.0s)
-- Build files have been written to: /scratch/luisr/mlir-aie/programming_examples/basic/block_datatypes/matrix_multiplication/whole_array_mixed/_build
cd _build &&  cmake --build . --config Release
gmake[1]: Entering directory '/scratch/luisr/mlir-aie/programming_examples/basic/block_datatypes/matrix_multiplication/whole_array_mixed/_build'
gmake[2]: Entering directory '/scratch/luisr/mlir-aie/programming_examples/basic/block_datatypes/matrix_multiplication/whole_array_mixed/_build'
gmake[3]: Entering directory '/scratch/luisr/mlir-aie/programming_examples/basic/block_datatypes/matrix_multiplication/whole_array_mixed/_build'
gmake[3]: Leaving directory '/scratch/luisr/mlir-aie/programming_examples/basic/block_datatypes/matrix_multiplication/whole_array_mixed/_build'
gmake[3]: Entering directory '/scratch/luisr/mlir-aie/programming_examples/basic/block_datatypes/matrix_multiplication/whole_array_mixed/_build'
[ 33%] Building CXX object CMakeFiles/whole_array.dir/mixed_test.cpp.o
[ 66%] Building CXX object CMakeFiles/whole_array.dir/scratch/luisr/mlir-aie/runtime_lib/test_lib/test_utils.cpp.o
[100%] Linking CXX executable whole_array
gmake[3]: Leaving directory '/scratch/luisr/mlir-aie/programming_examples/basic/block_datatypes/matrix_multiplication/whole_array_mixed/_build'
[100%] Built target whole_array
gmake[2]: Leaving directory '/scratch/luisr/mlir-aie/programming_examples/basic/block_datatypes/matrix_multiplication/whole_array_mixed/_build'
gmake[1]: Leaving directory '/scratch/luisr/mlir-aie/programming_examples/basic/block_datatypes/matrix_multiplication/whole_array_mixed/_build'
cp _build/whole_array whole_array.exe 
mkdir -p build
python3 /scratch/luisr/mlir-aie/programming_examples/basic/block_datatypes/matrix_multiplication/whole_array_mixed/whole_array.py -m 80 -k 128 -n 32 -M 8320 -K 6144 -N 1024 > build/aie_8320x6144x1024_80x128x32.mlir
mkdir -p build
cd build && xchesscc_wrapper aie2p -I /proj/xbuilds/2024.2_INT_1113_1001/installs/all_platforms/Vitis/2024.2/aietools/include  -DDIM_M=80 -DDIM_K=128 -DDIM_N=32 -c /scratch/luisr/mlir-aie/programming_examples/basic/block_datatypes/matrix_multiplication/whole_array_mixed/../mm2.cc -o mm_80x128x32.o
WARNING: Default location for XILINX_VIVADO_IP_OVERRIDE not found: /build/xfndry/IP_2024.2_INTEGRATION_VERIFIED/customer/vivado/data/ip
mkdir -p build
cd build && aiecc.py --alloc-scheme= --aie-generate-xclbin --no-compile-host --xclbin-name=final_8320x6144x1024_80x128x32.xclbin \
			 --dynamic-objFifos \
			--aie-generate-npu-insts --npu-insts-name=insts_8320x6144x1024_80x128x32.txt ../build/aie_8320x6144x1024_80x128x32.mlir

Generating: /scratch/luisr/mlir-aie/programming_examples/basic/block_datatypes/matrix_multiplication/whole_array_mixed/build/aie_8320x6144x1024_80x128x32.mlir.prj/aie_cdo_elfs.bin
Generating: /scratch/luisr/mlir-aie/programming_examples/basic/block_datatypes/matrix_multiplication/whole_array_mixed/build/aie_8320x6144x1024_80x128x32.mlir.prj/aie_cdo_init.bin
Generating: /scratch/luisr/mlir-aie/programming_examples/basic/block_datatypes/matrix_multiplication/whole_array_mixed/build/aie_8320x6144x1024_80x128x32.mlir.prj/aie_cdo_enable.bin
export XRT_HACK_UNSECURE_LOADING_XCLBIN=1 && \
 ./whole_array.exe -x build/final_8320x6144x1024_80x128x32.xclbin -i build/insts_8320x6144x1024_80x128x32.txt -k MLIR_AIE -M 8320 -K 6144 -N 1024 -w 80 -y 128 -z 32 --iters 40 --warmup 10 --verify 0

Avg NPU matmul time: 36069.8us.
Avg NPU gflops: 2902.43

Min NPU matmul time: 35313us.
Max NPU gflops: 2964.63

Max NPU matmul time: 36779us.
Min NPU gflops: 2846.46

Shuffle time: 29572us.

PASS!

rm -rf build _build whole_array.exe
rm -rf _build
mkdir -p _build
cd _build &&  cmake -E env CXXFLAGS="-std=c++23 -ggdb -DDTYPE_IN= -DDTYPE_OUT= -DDTYPE_ACC=" \
	cmake `echo /scratch/luisr/mlir-aie/programming_examples/basic/block_datatypes/matrix_multiplication/whole_array_mixed/..` -D CMAKE_C_COMPILER=gcc-13 -D CMAKE_CXX_COMPILER=g++-13 -DTARGET_NAME=whole_array -Dhostsrc=/scratch/luisr/mlir-aie/programming_examples/basic/block_datatypes/matrix_multiplication/whole_array_mixed/../mixed_test.cpp
CMake Deprecation Warning at CMakeLists.txt:13 (cmake_minimum_required):
  Compatibility with CMake < 3.10 will be removed from a future version of
  CMake.

  Update the VERSION argument <min> value.  Or, use the <min>...<max> syntax
  to tell CMake that the project requires at least <min> but has been updated
  to work with policies introduced by <max> or earlier.


-- The C compiler identification is GNU 13.3.0
-- The CXX compiler identification is GNU 13.3.0
-- Detecting C compiler ABI info
-- Detecting C compiler ABI info - done
-- Check for working C compiler: /usr/bin/gcc-13 - skipped
-- Detecting C compile features
-- Detecting C compile features - done
-- Detecting CXX compiler ABI info
-- Detecting CXX compiler ABI info - done
-- Check for working CXX compiler: /usr/bin/g++-13 - skipped
-- Detecting CXX compile features
-- Detecting CXX compile features - done
-- Configuring done (0.3s)
-- Generating done (0.0s)
-- Build files have been written to: /scratch/luisr/mlir-aie/programming_examples/basic/block_datatypes/matrix_multiplication/whole_array_mixed/_build
cd _build &&  cmake --build . --config Release
gmake[1]: Entering directory '/scratch/luisr/mlir-aie/programming_examples/basic/block_datatypes/matrix_multiplication/whole_array_mixed/_build'
gmake[2]: Entering directory '/scratch/luisr/mlir-aie/programming_examples/basic/block_datatypes/matrix_multiplication/whole_array_mixed/_build'
gmake[3]: Entering directory '/scratch/luisr/mlir-aie/programming_examples/basic/block_datatypes/matrix_multiplication/whole_array_mixed/_build'
gmake[3]: Leaving directory '/scratch/luisr/mlir-aie/programming_examples/basic/block_datatypes/matrix_multiplication/whole_array_mixed/_build'
gmake[3]: Entering directory '/scratch/luisr/mlir-aie/programming_examples/basic/block_datatypes/matrix_multiplication/whole_array_mixed/_build'
[ 33%] Building CXX object CMakeFiles/whole_array.dir/mixed_test.cpp.o
[ 66%] Building CXX object CMakeFiles/whole_array.dir/scratch/luisr/mlir-aie/runtime_lib/test_lib/test_utils.cpp.o
[100%] Linking CXX executable whole_array
gmake[3]: Leaving directory '/scratch/luisr/mlir-aie/programming_examples/basic/block_datatypes/matrix_multiplication/whole_array_mixed/_build'
[100%] Built target whole_array
gmake[2]: Leaving directory '/scratch/luisr/mlir-aie/programming_examples/basic/block_datatypes/matrix_multiplication/whole_array_mixed/_build'
gmake[1]: Leaving directory '/scratch/luisr/mlir-aie/programming_examples/basic/block_datatypes/matrix_multiplication/whole_array_mixed/_build'
cp _build/whole_array whole_array.exe 
mkdir -p build
python3 /scratch/luisr/mlir-aie/programming_examples/basic/block_datatypes/matrix_multiplication/whole_array_mixed/whole_array.py -m 80 -k 128 -n 32 -M 8320 -K 6144 -N 4096 > build/aie_8320x6144x4096_80x128x32.mlir
mkdir -p build
cd build && xchesscc_wrapper aie2p -I /proj/xbuilds/2024.2_INT_1113_1001/installs/all_platforms/Vitis/2024.2/aietools/include  -DDIM_M=80 -DDIM_K=128 -DDIM_N=32 -c /scratch/luisr/mlir-aie/programming_examples/basic/block_datatypes/matrix_multiplication/whole_array_mixed/../mm2.cc -o mm_80x128x32.o
WARNING: Default location for XILINX_VIVADO_IP_OVERRIDE not found: /build/xfndry/IP_2024.2_INTEGRATION_VERIFIED/customer/vivado/data/ip
mkdir -p build
cd build && aiecc.py --alloc-scheme= --aie-generate-xclbin --no-compile-host --xclbin-name=final_8320x6144x4096_80x128x32.xclbin \
			 --dynamic-objFifos \
			--aie-generate-npu-insts --npu-insts-name=insts_8320x6144x4096_80x128x32.txt ../build/aie_8320x6144x4096_80x128x32.mlir

Generating: /scratch/luisr/mlir-aie/programming_examples/basic/block_datatypes/matrix_multiplication/whole_array_mixed/build/aie_8320x6144x4096_80x128x32.mlir.prj/aie_cdo_elfs.bin
Generating: /scratch/luisr/mlir-aie/programming_examples/basic/block_datatypes/matrix_multiplication/whole_array_mixed/build/aie_8320x6144x4096_80x128x32.mlir.prj/aie_cdo_init.bin
Generating: /scratch/luisr/mlir-aie/programming_examples/basic/block_datatypes/matrix_multiplication/whole_array_mixed/build/aie_8320x6144x4096_80x128x32.mlir.prj/aie_cdo_enable.bin
export XRT_HACK_UNSECURE_LOADING_XCLBIN=1 && \
 ./whole_array.exe -x build/final_8320x6144x4096_80x128x32.xclbin -i build/insts_8320x6144x4096_80x128x32.txt -k MLIR_AIE -M 8320 -K 6144 -N 4096 -w 80 -y 128 -z 32 --iters 40 --warmup 10 --verify 0

Avg NPU matmul time: 141575us.
Avg NPU gflops: 2957.86

Min NPU matmul time: 140848us.
Max NPU gflops: 2973.13

Max NPU matmul time: 141979us.
Min NPU gflops: 2949.45

Shuffle time: 117590us.

PASS!

rm -rf build _build whole_array.exe
rm -rf _build
mkdir -p _build
cd _build &&  cmake -E env CXXFLAGS="-std=c++23 -ggdb -DDTYPE_IN= -DDTYPE_OUT= -DDTYPE_ACC=" \
	cmake `echo /scratch/luisr/mlir-aie/programming_examples/basic/block_datatypes/matrix_multiplication/whole_array_mixed/..` -D CMAKE_C_COMPILER=gcc-13 -D CMAKE_CXX_COMPILER=g++-13 -DTARGET_NAME=whole_array -Dhostsrc=/scratch/luisr/mlir-aie/programming_examples/basic/block_datatypes/matrix_multiplication/whole_array_mixed/../mixed_test.cpp
CMake Deprecation Warning at CMakeLists.txt:13 (cmake_minimum_required):
  Compatibility with CMake < 3.10 will be removed from a future version of
  CMake.

  Update the VERSION argument <min> value.  Or, use the <min>...<max> syntax
  to tell CMake that the project requires at least <min> but has been updated
  to work with policies introduced by <max> or earlier.


-- The C compiler identification is GNU 13.3.0
-- The CXX compiler identification is GNU 13.3.0
-- Detecting C compiler ABI info
-- Detecting C compiler ABI info - done
-- Check for working C compiler: /usr/bin/gcc-13 - skipped
-- Detecting C compile features
-- Detecting C compile features - done
-- Detecting CXX compiler ABI info
-- Detecting CXX compiler ABI info - done
-- Check for working CXX compiler: /usr/bin/g++-13 - skipped
-- Detecting CXX compile features
-- Detecting CXX compile features - done
-- Configuring done (0.3s)
-- Generating done (0.0s)
-- Build files have been written to: /scratch/luisr/mlir-aie/programming_examples/basic/block_datatypes/matrix_multiplication/whole_array_mixed/_build
cd _build &&  cmake --build . --config Release
gmake[1]: Entering directory '/scratch/luisr/mlir-aie/programming_examples/basic/block_datatypes/matrix_multiplication/whole_array_mixed/_build'
gmake[2]: Entering directory '/scratch/luisr/mlir-aie/programming_examples/basic/block_datatypes/matrix_multiplication/whole_array_mixed/_build'
gmake[3]: Entering directory '/scratch/luisr/mlir-aie/programming_examples/basic/block_datatypes/matrix_multiplication/whole_array_mixed/_build'
gmake[3]: Leaving directory '/scratch/luisr/mlir-aie/programming_examples/basic/block_datatypes/matrix_multiplication/whole_array_mixed/_build'
gmake[3]: Entering directory '/scratch/luisr/mlir-aie/programming_examples/basic/block_datatypes/matrix_multiplication/whole_array_mixed/_build'
[ 33%] Building CXX object CMakeFiles/whole_array.dir/mixed_test.cpp.o
[ 66%] Building CXX object CMakeFiles/whole_array.dir/scratch/luisr/mlir-aie/runtime_lib/test_lib/test_utils.cpp.o
[100%] Linking CXX executable whole_array
gmake[3]: Leaving directory '/scratch/luisr/mlir-aie/programming_examples/basic/block_datatypes/matrix_multiplication/whole_array_mixed/_build'
[100%] Built target whole_array
gmake[2]: Leaving directory '/scratch/luisr/mlir-aie/programming_examples/basic/block_datatypes/matrix_multiplication/whole_array_mixed/_build'
gmake[1]: Leaving directory '/scratch/luisr/mlir-aie/programming_examples/basic/block_datatypes/matrix_multiplication/whole_array_mixed/_build'
cp _build/whole_array whole_array.exe 
mkdir -p build
python3 /scratch/luisr/mlir-aie/programming_examples/basic/block_datatypes/matrix_multiplication/whole_array_mixed/whole_array.py -m 80 -k 128 -n 32 -M 8320 -K 6144 -N 8192 > build/aie_8320x6144x8192_80x128x32.mlir
mkdir -p build
cd build && xchesscc_wrapper aie2p -I /proj/xbuilds/2024.2_INT_1113_1001/installs/all_platforms/Vitis/2024.2/aietools/include  -DDIM_M=80 -DDIM_K=128 -DDIM_N=32 -c /scratch/luisr/mlir-aie/programming_examples/basic/block_datatypes/matrix_multiplication/whole_array_mixed/../mm2.cc -o mm_80x128x32.o
WARNING: Default location for XILINX_VIVADO_IP_OVERRIDE not found: /build/xfndry/IP_2024.2_INTEGRATION_VERIFIED/customer/vivado/data/ip
mkdir -p build
cd build && aiecc.py --alloc-scheme= --aie-generate-xclbin --no-compile-host --xclbin-name=final_8320x6144x8192_80x128x32.xclbin \
			 --dynamic-objFifos \
			--aie-generate-npu-insts --npu-insts-name=insts_8320x6144x8192_80x128x32.txt ../build/aie_8320x6144x8192_80x128x32.mlir
Error running pass pipeline:  builtin.module(aie.device(aie-materialize-bd-chains,aie-substitute-shim-dma-allocations,aie-assign-runtime-sequence-bd-ids,aie-dma-tasks-to-npu,aie-dma-to-npu,aie-lower-set-lock)) Failure while executing pass pipeline:
error: "-":2411:9: 'aie.dma_bd' op Stride 3 exceeds the [1:1048576] range.
 note: "-":2411:9: see current operation: "aie.dma_bd"(%arg2) <{bd_id = 0 : i32, burst_length = 0 : i32, dimensions = #aie<bd_dim_layout_array[<size = 2, stride = 2621440>, <size = 64, stride = 128>, <size = 320, stride = 8192>, <size = 32, stride = 1>]>, len = 655360 : i32, offset = 0 : i32}> : (memref<68157440xbf16>) -> ()

Traceback (most recent call last):
  File "/scratch/luisr/mlir-aie/install/bin/aiecc.py", line 12, in <module>
    main()
  File "/scratch/luisr/mlir-aie/install/python/aie/compiler/aiecc/main.py", line 1476, in main
    run(module_str)
  File "/scratch/luisr/mlir-aie/install/python/aie/compiler/aiecc/main.py", line 1450, in run
    asyncio.run(runner.run_flow())
  File "/usr/lib/python3.12/asyncio/runners.py", line 194, in run
    return runner.run(main)
           ^^^^^^^^^^^^^^^^
  File "/usr/lib/python3.12/asyncio/runners.py", line 118, in run
    return self._loop.run_until_complete(task)
           ^^^^^^^^^^^^^^^^^^^^^^^^^^^^^^^^^^^
  File "/usr/lib/python3.12/asyncio/base_events.py", line 687, in run_until_complete
    return future.result()
           ^^^^^^^^^^^^^^^
  File "/scratch/luisr/mlir-aie/install/python/aie/compiler/aiecc/main.py", line 1248, in run_flow
    npu_insts_module = run_passes_module(
                       ^^^^^^^^^^^^^^^^^^
  File "/scratch/luisr/mlir-aie/install/python/aie/compiler/aiecc/main.py", line 347, in run_passes_module
    raise e
  File "/scratch/luisr/mlir-aie/install/python/aie/compiler/aiecc/main.py", line 344, in run_passes_module
    pm.run(mlir_module.operation)
aie._mlir_libs._site_initialize.<locals>.MLIRError: Failure while executing pass pipeline:
error: "-":2411:9: 'aie.dma_bd' op Stride 3 exceeds the [1:1048576] range.
 note: "-":2411:9: see current operation: "aie.dma_bd"(%arg2) <{bd_id = 0 : i32, burst_length = 0 : i32, dimensions = #aie<bd_dim_layout_array[<size = 2, stride = 2621440>, <size = 64, stride = 128>, <size = 320, stride = 8192>, <size = 32, stride = 1>]>, len = 655360 : i32, offset = 0 : i32}> : (memref<68157440xbf16>) -> ()
make: *** [/scratch/luisr/mlir-aie/programming_examples/basic/block_datatypes/matrix_multiplication/whole_array_mixed/../makefile_common:73: build/final_8320x6144x8192_80x128x32.xclbin] Error 1
