XILINX_LOC=/proj/xbuilds/2024.2_INT_daily_latest/installs/lin64/Vitis/2024.2
SHELL=/bin/csh
MYXILINX_VER=2024.2
HISTCONTROL=ignoreboth:erasedups
TERM_PROGRAM_VERSION=3.4
GROUP=newhiredefaultgrp
MACHTYPE=x86_64
TMUX=/tmp/tmux-50093633/default,2175750,0
AIETOOLS_ROOT=/proj/xbuilds/2024.2_INT_daily_latest/installs/lin64/Vitis/2024.2/aietools
XILINX_XRT=/opt/xilinx/xrt
n_aie_cols=8
PWD=/scratch/luisr/mlir-aie/programming_examples/basic/block_datatypes/matrix_multiplication/whole_array
LOGNAME=lromeror
NPU2=1
XDG_SESSION_TYPE=tty
MLIR_AIE_INSTALL_DIR=/scratch/luisr/mlir-aie/install
N=8192
M=8192
K=6144
n=64
m=96
k=128
HOME=/home/lromeror
LANG=en_US.UTF-8
PEANO_INSTALL_DIR=/scratch/luisr/mlir-aie/ironenv/lib/python3.12/site-packages/llvm-aie
VIRTUAL_ENV=/scratch/luisr/mlir-aie/ironenv
OSTYPE=linux
SSH_CONNECTION=172.21.39.59 54406 172.20.10.58 22
XDG_SESSION_CLASS=user
PYTHONPATH=/scratch/luisr/mlir-aie/install/python:/opt/xilinx/xrt/python:/scratch/luisr/mlir-aie/install/python:/opt/xilinx/xrt/python
TERM=tmux-256color
HOST=xcoradaie213
USER=lromeror
use_chess=1
TMUX_PANE=%0
SHLVL=3
XDG_SESSION_ID=2023
VIRTUAL_ENV_PROMPT=(ironenv) 
LM_LICENSE_FILE=2100@aiengine
LD_LIBRARY_PATH=/scratch/luisr/mlir-aie/install/lib:/opt/xilinx/xrt/lib:/scratch/luisr/mlir-aie/install/lib:/opt/xilinx/xrt/lib
XDG_RUNTIME_DIR=/run/user/50093633
MYXILINX_BASE=/proj/xbuilds/2024.2_INT_daily_latest
dtype_out=bfp16
SSH_CLIENT=172.21.39.59 54406 22
NLSPATH=/usr/share/locale/%L/LC_MESSAGES/%N.cat:/usr/share/locale/%l/LC_MESSAGES/%N.cat
VENDOR=unknown
PATH=/scratch/luisr/mlir-aie/install/bin:/scratch/luisr/mlir-aie/ironenv/bin:/opt/xilinx/xrt/bin:/scratch/luisr/mlir-aie/install/bin:/scratch/luisr/mlir-aie/ironenv/bin:/opt/xilinx/xrt/bin:/usr/local/sbin:/usr/local/bin:/usr/sbin:/usr/bin:/sbin:/bin:/usr/games:/usr/local/games:/snap/bin:/proj/xbuilds/2024.2_INT_daily_latest/installs/lin64/Vitis/2024.2/aietools/bin:/proj/xbuilds/2024.2_INT_daily_latest/installs/lin64/Vitis/2024.2/bin:/proj/xbuilds/2024.2_INT_daily_latest/installs/lin64/Vitis/2024.2/aietools/bin:/proj/xbuilds/2024.2_INT_daily_latest/installs/lin64/Vitis/2024.2/bin
dtype_in=bfp16
DBUS_SESSION_BUS_ADDRESS=unix:path=/run/user/50093633/bus
opt_perf=0
SSH_TTY=/dev/pts/1
HOSTTYPE=x86_64-linux
REMOTEHOST=172.21.39.59
OLDPWD=/scratch/luisr/mlir-aie/programming_examples/basic/block_datatypes/matrix_multiplication
runargs=--iters 40 --warmup 10 --verify 0
TERM_PROGRAM=tmux
_=/usr/bin/env
##===- Makefile -----------------------------------------------------------===##
# 
# This file licensed under the Apache License v2.0 with LLVM Exceptions.
# See https://llvm.org/LICENSE.txt for license information.
# SPDX-License-Identifier: Apache-2.0 WITH LLVM-exception
#
# Copyright (C) 2025, Advanced Micro Devices, Inc.
# 
##===----------------------------------------------------------------------===##

srcdir := $(shell dirname $(realpath $(firstword $(MAKEFILE_LIST))))
subdir=${srcdir}
targetname=whole_array
devicename=npu2
kernelsrc:= $(firstword $(wildcard ${srcdir}/../*mm.cc))
hostsrc := $(firstword $(wildcard ${srcdir}/../*bfp_test.cpp))

n_aie_cols?=4
aieargs+=--n-aie-cols ${n_aie_cols}

# M, K, N: final GEMM dimensions
M?=512
K?=512
N?=512

# m, k, n: single AIE core GEMM dimensions
m?=64
k?=64
n?=64

include ${srcdir}/../makefile_common
rm -rf build _build whole_array.exe
rm -rf _build
mkdir -p _build
cd _build &&  cmake -E env CXXFLAGS="-std=c++23 -ggdb -DDTYPE_IN= -DDTYPE_OUT= -DDTYPE_ACC=" \
	cmake `echo /scratch/luisr/mlir-aie/programming_examples/basic/block_datatypes/matrix_multiplication/whole_array/..` -D CMAKE_C_COMPILER=gcc-13 -D CMAKE_CXX_COMPILER=g++-13 -DTARGET_NAME=whole_array -Dhostsrc=/scratch/luisr/mlir-aie/programming_examples/basic/block_datatypes/matrix_multiplication/whole_array/../bfp_test.cpp
CMake Deprecation Warning at CMakeLists.txt:13 (cmake_minimum_required):
  Compatibility with CMake < 3.10 will be removed from a future version of
  CMake.

  Update the VERSION argument <min> value.  Or, use the <min>...<max> syntax
  to tell CMake that the project requires at least <min> but has been updated
  to work with policies introduced by <max> or earlier.


-- The C compiler identification is GNU 13.3.0
-- The CXX compiler identification is GNU 13.3.0
-- Detecting C compiler ABI info
-- Detecting C compiler ABI info - done
-- Check for working C compiler: /usr/bin/gcc-13 - skipped
-- Detecting C compile features
-- Detecting C compile features - done
-- Detecting CXX compiler ABI info
-- Detecting CXX compiler ABI info - done
-- Check for working CXX compiler: /usr/bin/g++-13 - skipped
-- Detecting CXX compile features
-- Detecting CXX compile features - done
-- Configuring done (0.3s)
-- Generating done (0.0s)
-- Build files have been written to: /scratch/luisr/mlir-aie/programming_examples/basic/block_datatypes/matrix_multiplication/whole_array/_build
cd _build &&  cmake --build . --config Release
gmake[1]: Entering directory '/scratch/luisr/mlir-aie/programming_examples/basic/block_datatypes/matrix_multiplication/whole_array/_build'
gmake[2]: Entering directory '/scratch/luisr/mlir-aie/programming_examples/basic/block_datatypes/matrix_multiplication/whole_array/_build'
gmake[3]: Entering directory '/scratch/luisr/mlir-aie/programming_examples/basic/block_datatypes/matrix_multiplication/whole_array/_build'
gmake[3]: Leaving directory '/scratch/luisr/mlir-aie/programming_examples/basic/block_datatypes/matrix_multiplication/whole_array/_build'
gmake[3]: Entering directory '/scratch/luisr/mlir-aie/programming_examples/basic/block_datatypes/matrix_multiplication/whole_array/_build'
[ 33%] Building CXX object CMakeFiles/whole_array.dir/bfp_test.cpp.o
[ 66%] Building CXX object CMakeFiles/whole_array.dir/scratch/luisr/mlir-aie/runtime_lib/test_lib/test_utils.cpp.o
[100%] Linking CXX executable whole_array
gmake[3]: Leaving directory '/scratch/luisr/mlir-aie/programming_examples/basic/block_datatypes/matrix_multiplication/whole_array/_build'
[100%] Built target whole_array
gmake[2]: Leaving directory '/scratch/luisr/mlir-aie/programming_examples/basic/block_datatypes/matrix_multiplication/whole_array/_build'
gmake[1]: Leaving directory '/scratch/luisr/mlir-aie/programming_examples/basic/block_datatypes/matrix_multiplication/whole_array/_build'
cp _build/whole_array whole_array.exe 
mkdir -p build
python3 /scratch/luisr/mlir-aie/programming_examples/basic/block_datatypes/matrix_multiplication/whole_array/whole_array.py --n-aie-cols 8 -m 96 -k 128 -n 64 -M 768 -K 512 -N 512 > build/aie_768x512x512_96x128x64.mlir
mkdir -p build
cd build && xchesscc_wrapper aie2p -I /proj/xbuilds/2024.2_INT_1113_1001/installs/all_platforms/Vitis/2024.2/aietools/include  -DDIM_M=96 -DDIM_K=128 -DDIM_N=64 -c /scratch/luisr/mlir-aie/programming_examples/basic/block_datatypes/matrix_multiplication/whole_array/../mm.cc -o mm_96x128x64.o
WARNING: Default location for XILINX_VIVADO_IP_OVERRIDE not found: /build/xfndry/IP_2024.2_INTEGRATION_VERIFIED/customer/vivado/data/ip
mkdir -p build
cd build && aiecc.py --alloc-scheme= --aie-generate-xclbin --no-compile-host --xclbin-name=final_768x512x512_96x128x64.xclbin \
			 --dynamic-objFifos \
			--aie-generate-npu-insts --npu-insts-name=insts_768x512x512_96x128x64.txt ../build/aie_768x512x512_96x128x64.mlir

Generating: /scratch/luisr/mlir-aie/programming_examples/basic/block_datatypes/matrix_multiplication/whole_array/build/aie_768x512x512_96x128x64.mlir.prj/aie_cdo_elfs.bin
Generating: /scratch/luisr/mlir-aie/programming_examples/basic/block_datatypes/matrix_multiplication/whole_array/build/aie_768x512x512_96x128x64.mlir.prj/aie_cdo_init.bin
Generating: /scratch/luisr/mlir-aie/programming_examples/basic/block_datatypes/matrix_multiplication/whole_array/build/aie_768x512x512_96x128x64.mlir.prj/aie_cdo_enable.bin
export XRT_HACK_UNSECURE_LOADING_XCLBIN=1 && \
 ./whole_array.exe -x build/final_768x512x512_96x128x64.xclbin -i build/insts_768x512x512_96x128x64.txt -k MLIR_AIE -M 768 -K 512 -N 512 -w 96 -y 128 -z 64 --iters 40 --warmup 10 --verify 0

Avg NPU matmul time: 148.875us.
Avg NPU gflops: 2704.64

Min NPU matmul time: 137us.
Max NPU gflops: 2939.07

Max NPU matmul time: 155us.
Min NPU gflops: 2597.76

Shuffle time: 2786us.

PASS!

rm -rf build _build whole_array.exe
rm -rf _build
mkdir -p _build
cd _build &&  cmake -E env CXXFLAGS="-std=c++23 -ggdb -DDTYPE_IN= -DDTYPE_OUT= -DDTYPE_ACC=" \
	cmake `echo /scratch/luisr/mlir-aie/programming_examples/basic/block_datatypes/matrix_multiplication/whole_array/..` -D CMAKE_C_COMPILER=gcc-13 -D CMAKE_CXX_COMPILER=g++-13 -DTARGET_NAME=whole_array -Dhostsrc=/scratch/luisr/mlir-aie/programming_examples/basic/block_datatypes/matrix_multiplication/whole_array/../bfp_test.cpp
CMake Deprecation Warning at CMakeLists.txt:13 (cmake_minimum_required):
  Compatibility with CMake < 3.10 will be removed from a future version of
  CMake.

  Update the VERSION argument <min> value.  Or, use the <min>...<max> syntax
  to tell CMake that the project requires at least <min> but has been updated
  to work with policies introduced by <max> or earlier.


-- The C compiler identification is GNU 13.3.0
-- The CXX compiler identification is GNU 13.3.0
-- Detecting C compiler ABI info
-- Detecting C compiler ABI info - done
-- Check for working C compiler: /usr/bin/gcc-13 - skipped
-- Detecting C compile features
-- Detecting C compile features - done
-- Detecting CXX compiler ABI info
-- Detecting CXX compiler ABI info - done
-- Check for working CXX compiler: /usr/bin/g++-13 - skipped
-- Detecting CXX compile features
-- Detecting CXX compile features - done
-- Configuring done (0.2s)
-- Generating done (0.0s)
-- Build files have been written to: /scratch/luisr/mlir-aie/programming_examples/basic/block_datatypes/matrix_multiplication/whole_array/_build
cd _build &&  cmake --build . --config Release
gmake[1]: Entering directory '/scratch/luisr/mlir-aie/programming_examples/basic/block_datatypes/matrix_multiplication/whole_array/_build'
gmake[2]: Entering directory '/scratch/luisr/mlir-aie/programming_examples/basic/block_datatypes/matrix_multiplication/whole_array/_build'
gmake[3]: Entering directory '/scratch/luisr/mlir-aie/programming_examples/basic/block_datatypes/matrix_multiplication/whole_array/_build'
gmake[3]: Leaving directory '/scratch/luisr/mlir-aie/programming_examples/basic/block_datatypes/matrix_multiplication/whole_array/_build'
gmake[3]: Entering directory '/scratch/luisr/mlir-aie/programming_examples/basic/block_datatypes/matrix_multiplication/whole_array/_build'
[ 33%] Building CXX object CMakeFiles/whole_array.dir/bfp_test.cpp.o
[ 66%] Building CXX object CMakeFiles/whole_array.dir/scratch/luisr/mlir-aie/runtime_lib/test_lib/test_utils.cpp.o
[100%] Linking CXX executable whole_array
gmake[3]: Leaving directory '/scratch/luisr/mlir-aie/programming_examples/basic/block_datatypes/matrix_multiplication/whole_array/_build'
[100%] Built target whole_array
gmake[2]: Leaving directory '/scratch/luisr/mlir-aie/programming_examples/basic/block_datatypes/matrix_multiplication/whole_array/_build'
gmake[1]: Leaving directory '/scratch/luisr/mlir-aie/programming_examples/basic/block_datatypes/matrix_multiplication/whole_array/_build'
cp _build/whole_array whole_array.exe 
mkdir -p build
python3 /scratch/luisr/mlir-aie/programming_examples/basic/block_datatypes/matrix_multiplication/whole_array/whole_array.py --n-aie-cols 8 -m 96 -k 128 -n 64 -M 768 -K 512 -N 1024 > build/aie_768x512x1024_96x128x64.mlir
mkdir -p build
cd build && xchesscc_wrapper aie2p -I /proj/xbuilds/2024.2_INT_1113_1001/installs/all_platforms/Vitis/2024.2/aietools/include  -DDIM_M=96 -DDIM_K=128 -DDIM_N=64 -c /scratch/luisr/mlir-aie/programming_examples/basic/block_datatypes/matrix_multiplication/whole_array/../mm.cc -o mm_96x128x64.o
WARNING: Default location for XILINX_VIVADO_IP_OVERRIDE not found: /build/xfndry/IP_2024.2_INTEGRATION_VERIFIED/customer/vivado/data/ip
mkdir -p build
cd build && aiecc.py --alloc-scheme= --aie-generate-xclbin --no-compile-host --xclbin-name=final_768x512x1024_96x128x64.xclbin \
			 --dynamic-objFifos \
			--aie-generate-npu-insts --npu-insts-name=insts_768x512x1024_96x128x64.txt ../build/aie_768x512x1024_96x128x64.mlir

Generating: /scratch/luisr/mlir-aie/programming_examples/basic/block_datatypes/matrix_multiplication/whole_array/build/aie_768x512x1024_96x128x64.mlir.prj/aie_cdo_elfs.bin
Generating: /scratch/luisr/mlir-aie/programming_examples/basic/block_datatypes/matrix_multiplication/whole_array/build/aie_768x512x1024_96x128x64.mlir.prj/aie_cdo_init.bin
Generating: /scratch/luisr/mlir-aie/programming_examples/basic/block_datatypes/matrix_multiplication/whole_array/build/aie_768x512x1024_96x128x64.mlir.prj/aie_cdo_enable.bin
export XRT_HACK_UNSECURE_LOADING_XCLBIN=1 && \
 ./whole_array.exe -x build/final_768x512x1024_96x128x64.xclbin -i build/insts_768x512x1024_96x128x64.txt -k MLIR_AIE -M 768 -K 512 -N 1024 -w 96 -y 128 -z 64 --iters 40 --warmup 10 --verify 0

Avg NPU matmul time: 180.925us.
Avg NPU gflops: 4451.05

Min NPU matmul time: 175us.
Max NPU gflops: 4601.75

Max NPU matmul time: 199us.
Min NPU gflops: 4046.77

Shuffle time: 3976us.

PASS!

rm -rf build _build whole_array.exe
rm -rf _build
mkdir -p _build
cd _build &&  cmake -E env CXXFLAGS="-std=c++23 -ggdb -DDTYPE_IN= -DDTYPE_OUT= -DDTYPE_ACC=" \
	cmake `echo /scratch/luisr/mlir-aie/programming_examples/basic/block_datatypes/matrix_multiplication/whole_array/..` -D CMAKE_C_COMPILER=gcc-13 -D CMAKE_CXX_COMPILER=g++-13 -DTARGET_NAME=whole_array -Dhostsrc=/scratch/luisr/mlir-aie/programming_examples/basic/block_datatypes/matrix_multiplication/whole_array/../bfp_test.cpp
CMake Deprecation Warning at CMakeLists.txt:13 (cmake_minimum_required):
  Compatibility with CMake < 3.10 will be removed from a future version of
  CMake.

  Update the VERSION argument <min> value.  Or, use the <min>...<max> syntax
  to tell CMake that the project requires at least <min> but has been updated
  to work with policies introduced by <max> or earlier.


-- The C compiler identification is GNU 13.3.0
-- The CXX compiler identification is GNU 13.3.0
-- Detecting C compiler ABI info
-- Detecting C compiler ABI info - done
-- Check for working C compiler: /usr/bin/gcc-13 - skipped
-- Detecting C compile features
-- Detecting C compile features - done
-- Detecting CXX compiler ABI info
-- Detecting CXX compiler ABI info - done
-- Check for working CXX compiler: /usr/bin/g++-13 - skipped
-- Detecting CXX compile features
-- Detecting CXX compile features - done
-- Configuring done (0.3s)
-- Generating done (0.0s)
-- Build files have been written to: /scratch/luisr/mlir-aie/programming_examples/basic/block_datatypes/matrix_multiplication/whole_array/_build
cd _build &&  cmake --build . --config Release
gmake[1]: Entering directory '/scratch/luisr/mlir-aie/programming_examples/basic/block_datatypes/matrix_multiplication/whole_array/_build'
gmake[2]: Entering directory '/scratch/luisr/mlir-aie/programming_examples/basic/block_datatypes/matrix_multiplication/whole_array/_build'
gmake[3]: Entering directory '/scratch/luisr/mlir-aie/programming_examples/basic/block_datatypes/matrix_multiplication/whole_array/_build'
gmake[3]: Leaving directory '/scratch/luisr/mlir-aie/programming_examples/basic/block_datatypes/matrix_multiplication/whole_array/_build'
gmake[3]: Entering directory '/scratch/luisr/mlir-aie/programming_examples/basic/block_datatypes/matrix_multiplication/whole_array/_build'
[ 33%] Building CXX object CMakeFiles/whole_array.dir/bfp_test.cpp.o
[ 66%] Building CXX object CMakeFiles/whole_array.dir/scratch/luisr/mlir-aie/runtime_lib/test_lib/test_utils.cpp.o
[100%] Linking CXX executable whole_array
gmake[3]: Leaving directory '/scratch/luisr/mlir-aie/programming_examples/basic/block_datatypes/matrix_multiplication/whole_array/_build'
[100%] Built target whole_array
gmake[2]: Leaving directory '/scratch/luisr/mlir-aie/programming_examples/basic/block_datatypes/matrix_multiplication/whole_array/_build'
gmake[1]: Leaving directory '/scratch/luisr/mlir-aie/programming_examples/basic/block_datatypes/matrix_multiplication/whole_array/_build'
cp _build/whole_array whole_array.exe 
mkdir -p build
python3 /scratch/luisr/mlir-aie/programming_examples/basic/block_datatypes/matrix_multiplication/whole_array/whole_array.py --n-aie-cols 8 -m 96 -k 128 -n 64 -M 768 -K 512 -N 4096 > build/aie_768x512x4096_96x128x64.mlir
mkdir -p build
cd build && xchesscc_wrapper aie2p -I /proj/xbuilds/2024.2_INT_1113_1001/installs/all_platforms/Vitis/2024.2/aietools/include  -DDIM_M=96 -DDIM_K=128 -DDIM_N=64 -c /scratch/luisr/mlir-aie/programming_examples/basic/block_datatypes/matrix_multiplication/whole_array/../mm.cc -o mm_96x128x64.o
WARNING: Default location for XILINX_VIVADO_IP_OVERRIDE not found: /build/xfndry/IP_2024.2_INTEGRATION_VERIFIED/customer/vivado/data/ip
mkdir -p build
cd build && aiecc.py --alloc-scheme= --aie-generate-xclbin --no-compile-host --xclbin-name=final_768x512x4096_96x128x64.xclbin \
			 --dynamic-objFifos \
			--aie-generate-npu-insts --npu-insts-name=insts_768x512x4096_96x128x64.txt ../build/aie_768x512x4096_96x128x64.mlir

Generating: /scratch/luisr/mlir-aie/programming_examples/basic/block_datatypes/matrix_multiplication/whole_array/build/aie_768x512x4096_96x128x64.mlir.prj/aie_cdo_elfs.bin
Generating: /scratch/luisr/mlir-aie/programming_examples/basic/block_datatypes/matrix_multiplication/whole_array/build/aie_768x512x4096_96x128x64.mlir.prj/aie_cdo_init.bin
Generating: /scratch/luisr/mlir-aie/programming_examples/basic/block_datatypes/matrix_multiplication/whole_array/build/aie_768x512x4096_96x128x64.mlir.prj/aie_cdo_enable.bin
export XRT_HACK_UNSECURE_LOADING_XCLBIN=1 && \
 ./whole_array.exe -x build/final_768x512x4096_96x128x64.xclbin -i build/insts_768x512x4096_96x128x64.txt -k MLIR_AIE -M 768 -K 512 -N 4096 -w 96 -y 128 -z 64 --iters 40 --warmup 10 --verify 0

Avg NPU matmul time: 499.15us.
Avg NPU gflops: 6453.42

Min NPU matmul time: 476us.
Max NPU gflops: 6767.28

Max NPU matmul time: 516us.
Min NPU gflops: 6242.69

Shuffle time: 11398us.

PASS!

rm -rf build _build whole_array.exe
rm -rf _build
mkdir -p _build
cd _build &&  cmake -E env CXXFLAGS="-std=c++23 -ggdb -DDTYPE_IN= -DDTYPE_OUT= -DDTYPE_ACC=" \
	cmake `echo /scratch/luisr/mlir-aie/programming_examples/basic/block_datatypes/matrix_multiplication/whole_array/..` -D CMAKE_C_COMPILER=gcc-13 -D CMAKE_CXX_COMPILER=g++-13 -DTARGET_NAME=whole_array -Dhostsrc=/scratch/luisr/mlir-aie/programming_examples/basic/block_datatypes/matrix_multiplication/whole_array/../bfp_test.cpp
CMake Deprecation Warning at CMakeLists.txt:13 (cmake_minimum_required):
  Compatibility with CMake < 3.10 will be removed from a future version of
  CMake.

  Update the VERSION argument <min> value.  Or, use the <min>...<max> syntax
  to tell CMake that the project requires at least <min> but has been updated
  to work with policies introduced by <max> or earlier.


-- The C compiler identification is GNU 13.3.0
-- The CXX compiler identification is GNU 13.3.0
-- Detecting C compiler ABI info
-- Detecting C compiler ABI info - done
-- Check for working C compiler: /usr/bin/gcc-13 - skipped
-- Detecting C compile features
-- Detecting C compile features - done
-- Detecting CXX compiler ABI info
-- Detecting CXX compiler ABI info - done
-- Check for working CXX compiler: /usr/bin/g++-13 - skipped
-- Detecting CXX compile features
-- Detecting CXX compile features - done
-- Configuring done (0.3s)
-- Generating done (0.0s)
-- Build files have been written to: /scratch/luisr/mlir-aie/programming_examples/basic/block_datatypes/matrix_multiplication/whole_array/_build
cd _build &&  cmake --build . --config Release
gmake[1]: Entering directory '/scratch/luisr/mlir-aie/programming_examples/basic/block_datatypes/matrix_multiplication/whole_array/_build'
gmake[2]: Entering directory '/scratch/luisr/mlir-aie/programming_examples/basic/block_datatypes/matrix_multiplication/whole_array/_build'
gmake[3]: Entering directory '/scratch/luisr/mlir-aie/programming_examples/basic/block_datatypes/matrix_multiplication/whole_array/_build'
gmake[3]: Leaving directory '/scratch/luisr/mlir-aie/programming_examples/basic/block_datatypes/matrix_multiplication/whole_array/_build'
gmake[3]: Entering directory '/scratch/luisr/mlir-aie/programming_examples/basic/block_datatypes/matrix_multiplication/whole_array/_build'
[ 33%] Building CXX object CMakeFiles/whole_array.dir/bfp_test.cpp.o
[ 66%] Building CXX object CMakeFiles/whole_array.dir/scratch/luisr/mlir-aie/runtime_lib/test_lib/test_utils.cpp.o
[100%] Linking CXX executable whole_array
gmake[3]: Leaving directory '/scratch/luisr/mlir-aie/programming_examples/basic/block_datatypes/matrix_multiplication/whole_array/_build'
[100%] Built target whole_array
gmake[2]: Leaving directory '/scratch/luisr/mlir-aie/programming_examples/basic/block_datatypes/matrix_multiplication/whole_array/_build'
gmake[1]: Leaving directory '/scratch/luisr/mlir-aie/programming_examples/basic/block_datatypes/matrix_multiplication/whole_array/_build'
cp _build/whole_array whole_array.exe 
mkdir -p build
python3 /scratch/luisr/mlir-aie/programming_examples/basic/block_datatypes/matrix_multiplication/whole_array/whole_array.py --n-aie-cols 8 -m 96 -k 128 -n 64 -M 768 -K 512 -N 8192 > build/aie_768x512x8192_96x128x64.mlir
mkdir -p build
cd build && xchesscc_wrapper aie2p -I /proj/xbuilds/2024.2_INT_1113_1001/installs/all_platforms/Vitis/2024.2/aietools/include  -DDIM_M=96 -DDIM_K=128 -DDIM_N=64 -c /scratch/luisr/mlir-aie/programming_examples/basic/block_datatypes/matrix_multiplication/whole_array/../mm.cc -o mm_96x128x64.o
WARNING: Default location for XILINX_VIVADO_IP_OVERRIDE not found: /build/xfndry/IP_2024.2_INTEGRATION_VERIFIED/customer/vivado/data/ip
mkdir -p build
cd build && aiecc.py --alloc-scheme= --aie-generate-xclbin --no-compile-host --xclbin-name=final_768x512x8192_96x128x64.xclbin \
			 --dynamic-objFifos \
			--aie-generate-npu-insts --npu-insts-name=insts_768x512x8192_96x128x64.txt ../build/aie_768x512x8192_96x128x64.mlir

Generating: /scratch/luisr/mlir-aie/programming_examples/basic/block_datatypes/matrix_multiplication/whole_array/build/aie_768x512x8192_96x128x64.mlir.prj/aie_cdo_elfs.bin
Generating: /scratch/luisr/mlir-aie/programming_examples/basic/block_datatypes/matrix_multiplication/whole_array/build/aie_768x512x8192_96x128x64.mlir.prj/aie_cdo_init.bin
Generating: /scratch/luisr/mlir-aie/programming_examples/basic/block_datatypes/matrix_multiplication/whole_array/build/aie_768x512x8192_96x128x64.mlir.prj/aie_cdo_enable.bin
export XRT_HACK_UNSECURE_LOADING_XCLBIN=1 && \
 ./whole_array.exe -x build/final_768x512x8192_96x128x64.xclbin -i build/insts_768x512x8192_96x128x64.txt -k MLIR_AIE -M 768 -K 512 -N 8192 -w 96 -y 128 -z 64 --iters 40 --warmup 10 --verify 0

Avg NPU matmul time: 1107.1us.
Avg NPU gflops: 5819.21

Min NPU matmul time: 1076us.
Max NPU gflops: 5987.41

Max NPU matmul time: 1132us.
Min NPU gflops: 5691.21

Shuffle time: 19307us.

PASS!

rm -rf build _build whole_array.exe
rm -rf _build
mkdir -p _build
cd _build &&  cmake -E env CXXFLAGS="-std=c++23 -ggdb -DDTYPE_IN= -DDTYPE_OUT= -DDTYPE_ACC=" \
	cmake `echo /scratch/luisr/mlir-aie/programming_examples/basic/block_datatypes/matrix_multiplication/whole_array/..` -D CMAKE_C_COMPILER=gcc-13 -D CMAKE_CXX_COMPILER=g++-13 -DTARGET_NAME=whole_array -Dhostsrc=/scratch/luisr/mlir-aie/programming_examples/basic/block_datatypes/matrix_multiplication/whole_array/../bfp_test.cpp
CMake Deprecation Warning at CMakeLists.txt:13 (cmake_minimum_required):
  Compatibility with CMake < 3.10 will be removed from a future version of
  CMake.

  Update the VERSION argument <min> value.  Or, use the <min>...<max> syntax
  to tell CMake that the project requires at least <min> but has been updated
  to work with policies introduced by <max> or earlier.


-- The C compiler identification is GNU 13.3.0
-- The CXX compiler identification is GNU 13.3.0
-- Detecting C compiler ABI info
-- Detecting C compiler ABI info - done
-- Check for working C compiler: /usr/bin/gcc-13 - skipped
-- Detecting C compile features
-- Detecting C compile features - done
-- Detecting CXX compiler ABI info
-- Detecting CXX compiler ABI info - done
-- Check for working CXX compiler: /usr/bin/g++-13 - skipped
-- Detecting CXX compile features
-- Detecting CXX compile features - done
-- Configuring done (0.3s)
-- Generating done (0.0s)
-- Build files have been written to: /scratch/luisr/mlir-aie/programming_examples/basic/block_datatypes/matrix_multiplication/whole_array/_build
cd _build &&  cmake --build . --config Release
gmake[1]: Entering directory '/scratch/luisr/mlir-aie/programming_examples/basic/block_datatypes/matrix_multiplication/whole_array/_build'
gmake[2]: Entering directory '/scratch/luisr/mlir-aie/programming_examples/basic/block_datatypes/matrix_multiplication/whole_array/_build'
gmake[3]: Entering directory '/scratch/luisr/mlir-aie/programming_examples/basic/block_datatypes/matrix_multiplication/whole_array/_build'
gmake[3]: Leaving directory '/scratch/luisr/mlir-aie/programming_examples/basic/block_datatypes/matrix_multiplication/whole_array/_build'
gmake[3]: Entering directory '/scratch/luisr/mlir-aie/programming_examples/basic/block_datatypes/matrix_multiplication/whole_array/_build'
[ 33%] Building CXX object CMakeFiles/whole_array.dir/bfp_test.cpp.o
[ 66%] Building CXX object CMakeFiles/whole_array.dir/scratch/luisr/mlir-aie/runtime_lib/test_lib/test_utils.cpp.o
[100%] Linking CXX executable whole_array
gmake[3]: Leaving directory '/scratch/luisr/mlir-aie/programming_examples/basic/block_datatypes/matrix_multiplication/whole_array/_build'
[100%] Built target whole_array
gmake[2]: Leaving directory '/scratch/luisr/mlir-aie/programming_examples/basic/block_datatypes/matrix_multiplication/whole_array/_build'
gmake[1]: Leaving directory '/scratch/luisr/mlir-aie/programming_examples/basic/block_datatypes/matrix_multiplication/whole_array/_build'
cp _build/whole_array whole_array.exe 
mkdir -p build
python3 /scratch/luisr/mlir-aie/programming_examples/basic/block_datatypes/matrix_multiplication/whole_array/whole_array.py --n-aie-cols 8 -m 96 -k 128 -n 64 -M 768 -K 1024 -N 512 > build/aie_768x1024x512_96x128x64.mlir
mkdir -p build
cd build && xchesscc_wrapper aie2p -I /proj/xbuilds/2024.2_INT_1113_1001/installs/all_platforms/Vitis/2024.2/aietools/include  -DDIM_M=96 -DDIM_K=128 -DDIM_N=64 -c /scratch/luisr/mlir-aie/programming_examples/basic/block_datatypes/matrix_multiplication/whole_array/../mm.cc -o mm_96x128x64.o
WARNING: Default location for XILINX_VIVADO_IP_OVERRIDE not found: /build/xfndry/IP_2024.2_INTEGRATION_VERIFIED/customer/vivado/data/ip
mkdir -p build
cd build && aiecc.py --alloc-scheme= --aie-generate-xclbin --no-compile-host --xclbin-name=final_768x1024x512_96x128x64.xclbin \
			 --dynamic-objFifos \
			--aie-generate-npu-insts --npu-insts-name=insts_768x1024x512_96x128x64.txt ../build/aie_768x1024x512_96x128x64.mlir

Generating: /scratch/luisr/mlir-aie/programming_examples/basic/block_datatypes/matrix_multiplication/whole_array/build/aie_768x1024x512_96x128x64.mlir.prj/aie_cdo_elfs.bin
Generating: /scratch/luisr/mlir-aie/programming_examples/basic/block_datatypes/matrix_multiplication/whole_array/build/aie_768x1024x512_96x128x64.mlir.prj/aie_cdo_init.bin
Generating: /scratch/luisr/mlir-aie/programming_examples/basic/block_datatypes/matrix_multiplication/whole_array/build/aie_768x1024x512_96x128x64.mlir.prj/aie_cdo_enable.bin
export XRT_HACK_UNSECURE_LOADING_XCLBIN=1 && \
 ./whole_array.exe -x build/final_768x1024x512_96x128x64.xclbin -i build/insts_768x1024x512_96x128x64.txt -k MLIR_AIE -M 768 -K 1024 -N 512 -w 96 -y 128 -z 64 --iters 40 --warmup 10 --verify 0

Avg NPU matmul time: 182.175us.
Avg NPU gflops: 4420.51

Min NPU matmul time: 174us.
Max NPU gflops: 4628.2

Max NPU matmul time: 192us.
Min NPU gflops: 4194.3

Shuffle time: 5916us.

PASS!

rm -rf build _build whole_array.exe
rm -rf _build
mkdir -p _build
cd _build &&  cmake -E env CXXFLAGS="-std=c++23 -ggdb -DDTYPE_IN= -DDTYPE_OUT= -DDTYPE_ACC=" \
	cmake `echo /scratch/luisr/mlir-aie/programming_examples/basic/block_datatypes/matrix_multiplication/whole_array/..` -D CMAKE_C_COMPILER=gcc-13 -D CMAKE_CXX_COMPILER=g++-13 -DTARGET_NAME=whole_array -Dhostsrc=/scratch/luisr/mlir-aie/programming_examples/basic/block_datatypes/matrix_multiplication/whole_array/../bfp_test.cpp
CMake Deprecation Warning at CMakeLists.txt:13 (cmake_minimum_required):
  Compatibility with CMake < 3.10 will be removed from a future version of
  CMake.

  Update the VERSION argument <min> value.  Or, use the <min>...<max> syntax
  to tell CMake that the project requires at least <min> but has been updated
  to work with policies introduced by <max> or earlier.


-- The C compiler identification is GNU 13.3.0
-- The CXX compiler identification is GNU 13.3.0
-- Detecting C compiler ABI info
-- Detecting C compiler ABI info - done
-- Check for working C compiler: /usr/bin/gcc-13 - skipped
-- Detecting C compile features
-- Detecting C compile features - done
-- Detecting CXX compiler ABI info
-- Detecting CXX compiler ABI info - done
-- Check for working CXX compiler: /usr/bin/g++-13 - skipped
-- Detecting CXX compile features
-- Detecting CXX compile features - done
-- Configuring done (0.3s)
-- Generating done (0.0s)
-- Build files have been written to: /scratch/luisr/mlir-aie/programming_examples/basic/block_datatypes/matrix_multiplication/whole_array/_build
cd _build &&  cmake --build . --config Release
gmake[1]: Entering directory '/scratch/luisr/mlir-aie/programming_examples/basic/block_datatypes/matrix_multiplication/whole_array/_build'
gmake[2]: Entering directory '/scratch/luisr/mlir-aie/programming_examples/basic/block_datatypes/matrix_multiplication/whole_array/_build'
gmake[3]: Entering directory '/scratch/luisr/mlir-aie/programming_examples/basic/block_datatypes/matrix_multiplication/whole_array/_build'
gmake[3]: Leaving directory '/scratch/luisr/mlir-aie/programming_examples/basic/block_datatypes/matrix_multiplication/whole_array/_build'
gmake[3]: Entering directory '/scratch/luisr/mlir-aie/programming_examples/basic/block_datatypes/matrix_multiplication/whole_array/_build'
[ 33%] Building CXX object CMakeFiles/whole_array.dir/bfp_test.cpp.o
[ 66%] Building CXX object CMakeFiles/whole_array.dir/scratch/luisr/mlir-aie/runtime_lib/test_lib/test_utils.cpp.o
[100%] Linking CXX executable whole_array
gmake[3]: Leaving directory '/scratch/luisr/mlir-aie/programming_examples/basic/block_datatypes/matrix_multiplication/whole_array/_build'
[100%] Built target whole_array
gmake[2]: Leaving directory '/scratch/luisr/mlir-aie/programming_examples/basic/block_datatypes/matrix_multiplication/whole_array/_build'
gmake[1]: Leaving directory '/scratch/luisr/mlir-aie/programming_examples/basic/block_datatypes/matrix_multiplication/whole_array/_build'
cp _build/whole_array whole_array.exe 
mkdir -p build
python3 /scratch/luisr/mlir-aie/programming_examples/basic/block_datatypes/matrix_multiplication/whole_array/whole_array.py --n-aie-cols 8 -m 96 -k 128 -n 64 -M 768 -K 1024 -N 1024 > build/aie_768x1024x1024_96x128x64.mlir
mkdir -p build
cd build && xchesscc_wrapper aie2p -I /proj/xbuilds/2024.2_INT_1113_1001/installs/all_platforms/Vitis/2024.2/aietools/include  -DDIM_M=96 -DDIM_K=128 -DDIM_N=64 -c /scratch/luisr/mlir-aie/programming_examples/basic/block_datatypes/matrix_multiplication/whole_array/../mm.cc -o mm_96x128x64.o
WARNING: Default location for XILINX_VIVADO_IP_OVERRIDE not found: /build/xfndry/IP_2024.2_INTEGRATION_VERIFIED/customer/vivado/data/ip
mkdir -p build
cd build && aiecc.py --alloc-scheme= --aie-generate-xclbin --no-compile-host --xclbin-name=final_768x1024x1024_96x128x64.xclbin \
			 --dynamic-objFifos \
			--aie-generate-npu-insts --npu-insts-name=insts_768x1024x1024_96x128x64.txt ../build/aie_768x1024x1024_96x128x64.mlir

Generating: /scratch/luisr/mlir-aie/programming_examples/basic/block_datatypes/matrix_multiplication/whole_array/build/aie_768x1024x1024_96x128x64.mlir.prj/aie_cdo_elfs.bin
Generating: /scratch/luisr/mlir-aie/programming_examples/basic/block_datatypes/matrix_multiplication/whole_array/build/aie_768x1024x1024_96x128x64.mlir.prj/aie_cdo_init.bin
Generating: /scratch/luisr/mlir-aie/programming_examples/basic/block_datatypes/matrix_multiplication/whole_array/build/aie_768x1024x1024_96x128x64.mlir.prj/aie_cdo_enable.bin
export XRT_HACK_UNSECURE_LOADING_XCLBIN=1 && \
 ./whole_array.exe -x build/final_768x1024x1024_96x128x64.xclbin -i build/insts_768x1024x1024_96x128x64.txt -k MLIR_AIE -M 768 -K 1024 -N 1024 -w 96 -y 128 -z 64 --iters 40 --warmup 10 --verify 0

Avg NPU matmul time: 249.225us.
Avg NPU gflops: 6462.48

Min NPU matmul time: 244us.
Max NPU gflops: 6600.87

Max NPU matmul time: 256us.
Min NPU gflops: 6291.46

Shuffle time: 7790us.

PASS!

rm -rf build _build whole_array.exe
rm -rf _build
mkdir -p _build
cd _build &&  cmake -E env CXXFLAGS="-std=c++23 -ggdb -DDTYPE_IN= -DDTYPE_OUT= -DDTYPE_ACC=" \
	cmake `echo /scratch/luisr/mlir-aie/programming_examples/basic/block_datatypes/matrix_multiplication/whole_array/..` -D CMAKE_C_COMPILER=gcc-13 -D CMAKE_CXX_COMPILER=g++-13 -DTARGET_NAME=whole_array -Dhostsrc=/scratch/luisr/mlir-aie/programming_examples/basic/block_datatypes/matrix_multiplication/whole_array/../bfp_test.cpp
CMake Deprecation Warning at CMakeLists.txt:13 (cmake_minimum_required):
  Compatibility with CMake < 3.10 will be removed from a future version of
  CMake.

  Update the VERSION argument <min> value.  Or, use the <min>...<max> syntax
  to tell CMake that the project requires at least <min> but has been updated
  to work with policies introduced by <max> or earlier.


-- The C compiler identification is GNU 13.3.0
-- The CXX compiler identification is GNU 13.3.0
-- Detecting C compiler ABI info
-- Detecting C compiler ABI info - done
-- Check for working C compiler: /usr/bin/gcc-13 - skipped
-- Detecting C compile features
-- Detecting C compile features - done
-- Detecting CXX compiler ABI info
-- Detecting CXX compiler ABI info - done
-- Check for working CXX compiler: /usr/bin/g++-13 - skipped
-- Detecting CXX compile features
-- Detecting CXX compile features - done
-- Configuring done (0.3s)
-- Generating done (0.0s)
-- Build files have been written to: /scratch/luisr/mlir-aie/programming_examples/basic/block_datatypes/matrix_multiplication/whole_array/_build
cd _build &&  cmake --build . --config Release
gmake[1]: Entering directory '/scratch/luisr/mlir-aie/programming_examples/basic/block_datatypes/matrix_multiplication/whole_array/_build'
gmake[2]: Entering directory '/scratch/luisr/mlir-aie/programming_examples/basic/block_datatypes/matrix_multiplication/whole_array/_build'
gmake[3]: Entering directory '/scratch/luisr/mlir-aie/programming_examples/basic/block_datatypes/matrix_multiplication/whole_array/_build'
gmake[3]: Leaving directory '/scratch/luisr/mlir-aie/programming_examples/basic/block_datatypes/matrix_multiplication/whole_array/_build'
gmake[3]: Entering directory '/scratch/luisr/mlir-aie/programming_examples/basic/block_datatypes/matrix_multiplication/whole_array/_build'
[ 33%] Building CXX object CMakeFiles/whole_array.dir/bfp_test.cpp.o
[ 66%] Building CXX object CMakeFiles/whole_array.dir/scratch/luisr/mlir-aie/runtime_lib/test_lib/test_utils.cpp.o
[100%] Linking CXX executable whole_array
gmake[3]: Leaving directory '/scratch/luisr/mlir-aie/programming_examples/basic/block_datatypes/matrix_multiplication/whole_array/_build'
[100%] Built target whole_array
gmake[2]: Leaving directory '/scratch/luisr/mlir-aie/programming_examples/basic/block_datatypes/matrix_multiplication/whole_array/_build'
gmake[1]: Leaving directory '/scratch/luisr/mlir-aie/programming_examples/basic/block_datatypes/matrix_multiplication/whole_array/_build'
cp _build/whole_array whole_array.exe 
mkdir -p build
python3 /scratch/luisr/mlir-aie/programming_examples/basic/block_datatypes/matrix_multiplication/whole_array/whole_array.py --n-aie-cols 8 -m 96 -k 128 -n 64 -M 768 -K 1024 -N 4096 > build/aie_768x1024x4096_96x128x64.mlir
mkdir -p build
cd build && xchesscc_wrapper aie2p -I /proj/xbuilds/2024.2_INT_1113_1001/installs/all_platforms/Vitis/2024.2/aietools/include  -DDIM_M=96 -DDIM_K=128 -DDIM_N=64 -c /scratch/luisr/mlir-aie/programming_examples/basic/block_datatypes/matrix_multiplication/whole_array/../mm.cc -o mm_96x128x64.o
WARNING: Default location for XILINX_VIVADO_IP_OVERRIDE not found: /build/xfndry/IP_2024.2_INTEGRATION_VERIFIED/customer/vivado/data/ip
mkdir -p build
cd build && aiecc.py --alloc-scheme= --aie-generate-xclbin --no-compile-host --xclbin-name=final_768x1024x4096_96x128x64.xclbin \
			 --dynamic-objFifos \
			--aie-generate-npu-insts --npu-insts-name=insts_768x1024x4096_96x128x64.txt ../build/aie_768x1024x4096_96x128x64.mlir

Generating: /scratch/luisr/mlir-aie/programming_examples/basic/block_datatypes/matrix_multiplication/whole_array/build/aie_768x1024x4096_96x128x64.mlir.prj/aie_cdo_elfs.bin
Generating: /scratch/luisr/mlir-aie/programming_examples/basic/block_datatypes/matrix_multiplication/whole_array/build/aie_768x1024x4096_96x128x64.mlir.prj/aie_cdo_init.bin
Generating: /scratch/luisr/mlir-aie/programming_examples/basic/block_datatypes/matrix_multiplication/whole_array/build/aie_768x1024x4096_96x128x64.mlir.prj/aie_cdo_enable.bin
export XRT_HACK_UNSECURE_LOADING_XCLBIN=1 && \
 ./whole_array.exe -x build/final_768x1024x4096_96x128x64.xclbin -i build/insts_768x1024x4096_96x128x64.txt -k MLIR_AIE -M 768 -K 1024 -N 4096 -w 96 -y 128 -z 64 --iters 40 --warmup 10 --verify 0

Avg NPU matmul time: 690.175us.
Avg NPU gflops: 9334.52

Min NPU matmul time: 684us.
Max NPU gflops: 9418.79

Max NPU matmul time: 705us.
Min NPU gflops: 9138.23

Shuffle time: 21536us.

PASS!

rm -rf build _build whole_array.exe
rm -rf _build
mkdir -p _build
cd _build &&  cmake -E env CXXFLAGS="-std=c++23 -ggdb -DDTYPE_IN= -DDTYPE_OUT= -DDTYPE_ACC=" \
	cmake `echo /scratch/luisr/mlir-aie/programming_examples/basic/block_datatypes/matrix_multiplication/whole_array/..` -D CMAKE_C_COMPILER=gcc-13 -D CMAKE_CXX_COMPILER=g++-13 -DTARGET_NAME=whole_array -Dhostsrc=/scratch/luisr/mlir-aie/programming_examples/basic/block_datatypes/matrix_multiplication/whole_array/../bfp_test.cpp
CMake Deprecation Warning at CMakeLists.txt:13 (cmake_minimum_required):
  Compatibility with CMake < 3.10 will be removed from a future version of
  CMake.

  Update the VERSION argument <min> value.  Or, use the <min>...<max> syntax
  to tell CMake that the project requires at least <min> but has been updated
  to work with policies introduced by <max> or earlier.


-- The C compiler identification is GNU 13.3.0
-- The CXX compiler identification is GNU 13.3.0
-- Detecting C compiler ABI info
-- Detecting C compiler ABI info - done
-- Check for working C compiler: /usr/bin/gcc-13 - skipped
-- Detecting C compile features
-- Detecting C compile features - done
-- Detecting CXX compiler ABI info
-- Detecting CXX compiler ABI info - done
-- Check for working CXX compiler: /usr/bin/g++-13 - skipped
-- Detecting CXX compile features
-- Detecting CXX compile features - done
-- Configuring done (0.3s)
-- Generating done (0.0s)
-- Build files have been written to: /scratch/luisr/mlir-aie/programming_examples/basic/block_datatypes/matrix_multiplication/whole_array/_build
cd _build &&  cmake --build . --config Release
gmake[1]: Entering directory '/scratch/luisr/mlir-aie/programming_examples/basic/block_datatypes/matrix_multiplication/whole_array/_build'
gmake[2]: Entering directory '/scratch/luisr/mlir-aie/programming_examples/basic/block_datatypes/matrix_multiplication/whole_array/_build'
gmake[3]: Entering directory '/scratch/luisr/mlir-aie/programming_examples/basic/block_datatypes/matrix_multiplication/whole_array/_build'
gmake[3]: Leaving directory '/scratch/luisr/mlir-aie/programming_examples/basic/block_datatypes/matrix_multiplication/whole_array/_build'
gmake[3]: Entering directory '/scratch/luisr/mlir-aie/programming_examples/basic/block_datatypes/matrix_multiplication/whole_array/_build'
[ 33%] Building CXX object CMakeFiles/whole_array.dir/bfp_test.cpp.o
[ 66%] Building CXX object CMakeFiles/whole_array.dir/scratch/luisr/mlir-aie/runtime_lib/test_lib/test_utils.cpp.o
[100%] Linking CXX executable whole_array
gmake[3]: Leaving directory '/scratch/luisr/mlir-aie/programming_examples/basic/block_datatypes/matrix_multiplication/whole_array/_build'
[100%] Built target whole_array
gmake[2]: Leaving directory '/scratch/luisr/mlir-aie/programming_examples/basic/block_datatypes/matrix_multiplication/whole_array/_build'
gmake[1]: Leaving directory '/scratch/luisr/mlir-aie/programming_examples/basic/block_datatypes/matrix_multiplication/whole_array/_build'
cp _build/whole_array whole_array.exe 
mkdir -p build
python3 /scratch/luisr/mlir-aie/programming_examples/basic/block_datatypes/matrix_multiplication/whole_array/whole_array.py --n-aie-cols 8 -m 96 -k 128 -n 64 -M 768 -K 1024 -N 8192 > build/aie_768x1024x8192_96x128x64.mlir
mkdir -p build
cd build && xchesscc_wrapper aie2p -I /proj/xbuilds/2024.2_INT_1113_1001/installs/all_platforms/Vitis/2024.2/aietools/include  -DDIM_M=96 -DDIM_K=128 -DDIM_N=64 -c /scratch/luisr/mlir-aie/programming_examples/basic/block_datatypes/matrix_multiplication/whole_array/../mm.cc -o mm_96x128x64.o
WARNING: Default location for XILINX_VIVADO_IP_OVERRIDE not found: /build/xfndry/IP_2024.2_INTEGRATION_VERIFIED/customer/vivado/data/ip
mkdir -p build
cd build && aiecc.py --alloc-scheme= --aie-generate-xclbin --no-compile-host --xclbin-name=final_768x1024x8192_96x128x64.xclbin \
			 --dynamic-objFifos \
			--aie-generate-npu-insts --npu-insts-name=insts_768x1024x8192_96x128x64.txt ../build/aie_768x1024x8192_96x128x64.mlir

Generating: /scratch/luisr/mlir-aie/programming_examples/basic/block_datatypes/matrix_multiplication/whole_array/build/aie_768x1024x8192_96x128x64.mlir.prj/aie_cdo_elfs.bin
Generating: /scratch/luisr/mlir-aie/programming_examples/basic/block_datatypes/matrix_multiplication/whole_array/build/aie_768x1024x8192_96x128x64.mlir.prj/aie_cdo_init.bin
Generating: /scratch/luisr/mlir-aie/programming_examples/basic/block_datatypes/matrix_multiplication/whole_array/build/aie_768x1024x8192_96x128x64.mlir.prj/aie_cdo_enable.bin
export XRT_HACK_UNSECURE_LOADING_XCLBIN=1 && \
 ./whole_array.exe -x build/final_768x1024x8192_96x128x64.xclbin -i build/insts_768x1024x8192_96x128x64.txt -k MLIR_AIE -M 768 -K 1024 -N 8192 -w 96 -y 128 -z 64 --iters 40 --warmup 10 --verify 0

Avg NPU matmul time: 1322.97us.
Avg NPU gflops: 9739.34

Min NPU matmul time: 1300us.
Max NPU gflops: 9911.46

Max NPU matmul time: 1334us.
Min NPU gflops: 9658.85

Shuffle time: 41272us.

PASS!

rm -rf build _build whole_array.exe
rm -rf _build
mkdir -p _build
cd _build &&  cmake -E env CXXFLAGS="-std=c++23 -ggdb -DDTYPE_IN= -DDTYPE_OUT= -DDTYPE_ACC=" \
	cmake `echo /scratch/luisr/mlir-aie/programming_examples/basic/block_datatypes/matrix_multiplication/whole_array/..` -D CMAKE_C_COMPILER=gcc-13 -D CMAKE_CXX_COMPILER=g++-13 -DTARGET_NAME=whole_array -Dhostsrc=/scratch/luisr/mlir-aie/programming_examples/basic/block_datatypes/matrix_multiplication/whole_array/../bfp_test.cpp
CMake Deprecation Warning at CMakeLists.txt:13 (cmake_minimum_required):
  Compatibility with CMake < 3.10 will be removed from a future version of
  CMake.

  Update the VERSION argument <min> value.  Or, use the <min>...<max> syntax
  to tell CMake that the project requires at least <min> but has been updated
  to work with policies introduced by <max> or earlier.


-- The C compiler identification is GNU 13.3.0
-- The CXX compiler identification is GNU 13.3.0
-- Detecting C compiler ABI info
-- Detecting C compiler ABI info - done
-- Check for working C compiler: /usr/bin/gcc-13 - skipped
-- Detecting C compile features
-- Detecting C compile features - done
-- Detecting CXX compiler ABI info
-- Detecting CXX compiler ABI info - done
-- Check for working CXX compiler: /usr/bin/g++-13 - skipped
-- Detecting CXX compile features
-- Detecting CXX compile features - done
-- Configuring done (0.3s)
-- Generating done (0.0s)
-- Build files have been written to: /scratch/luisr/mlir-aie/programming_examples/basic/block_datatypes/matrix_multiplication/whole_array/_build
cd _build &&  cmake --build . --config Release
gmake[1]: Entering directory '/scratch/luisr/mlir-aie/programming_examples/basic/block_datatypes/matrix_multiplication/whole_array/_build'
gmake[2]: Entering directory '/scratch/luisr/mlir-aie/programming_examples/basic/block_datatypes/matrix_multiplication/whole_array/_build'
gmake[3]: Entering directory '/scratch/luisr/mlir-aie/programming_examples/basic/block_datatypes/matrix_multiplication/whole_array/_build'
gmake[3]: Leaving directory '/scratch/luisr/mlir-aie/programming_examples/basic/block_datatypes/matrix_multiplication/whole_array/_build'
gmake[3]: Entering directory '/scratch/luisr/mlir-aie/programming_examples/basic/block_datatypes/matrix_multiplication/whole_array/_build'
[ 33%] Building CXX object CMakeFiles/whole_array.dir/bfp_test.cpp.o
[ 66%] Building CXX object CMakeFiles/whole_array.dir/scratch/luisr/mlir-aie/runtime_lib/test_lib/test_utils.cpp.o
[100%] Linking CXX executable whole_array
gmake[3]: Leaving directory '/scratch/luisr/mlir-aie/programming_examples/basic/block_datatypes/matrix_multiplication/whole_array/_build'
[100%] Built target whole_array
gmake[2]: Leaving directory '/scratch/luisr/mlir-aie/programming_examples/basic/block_datatypes/matrix_multiplication/whole_array/_build'
gmake[1]: Leaving directory '/scratch/luisr/mlir-aie/programming_examples/basic/block_datatypes/matrix_multiplication/whole_array/_build'
cp _build/whole_array whole_array.exe 
mkdir -p build
python3 /scratch/luisr/mlir-aie/programming_examples/basic/block_datatypes/matrix_multiplication/whole_array/whole_array.py --n-aie-cols 8 -m 96 -k 128 -n 64 -M 768 -K 4096 -N 512 > build/aie_768x4096x512_96x128x64.mlir
mkdir -p build
cd build && xchesscc_wrapper aie2p -I /proj/xbuilds/2024.2_INT_1113_1001/installs/all_platforms/Vitis/2024.2/aietools/include  -DDIM_M=96 -DDIM_K=128 -DDIM_N=64 -c /scratch/luisr/mlir-aie/programming_examples/basic/block_datatypes/matrix_multiplication/whole_array/../mm.cc -o mm_96x128x64.o
WARNING: Default location for XILINX_VIVADO_IP_OVERRIDE not found: /build/xfndry/IP_2024.2_INTEGRATION_VERIFIED/customer/vivado/data/ip
mkdir -p build
cd build && aiecc.py --alloc-scheme= --aie-generate-xclbin --no-compile-host --xclbin-name=final_768x4096x512_96x128x64.xclbin \
			 --dynamic-objFifos \
			--aie-generate-npu-insts --npu-insts-name=insts_768x4096x512_96x128x64.txt ../build/aie_768x4096x512_96x128x64.mlir

Generating: /scratch/luisr/mlir-aie/programming_examples/basic/block_datatypes/matrix_multiplication/whole_array/build/aie_768x4096x512_96x128x64.mlir.prj/aie_cdo_elfs.bin
Generating: /scratch/luisr/mlir-aie/programming_examples/basic/block_datatypes/matrix_multiplication/whole_array/build/aie_768x4096x512_96x128x64.mlir.prj/aie_cdo_init.bin
Generating: /scratch/luisr/mlir-aie/programming_examples/basic/block_datatypes/matrix_multiplication/whole_array/build/aie_768x4096x512_96x128x64.mlir.prj/aie_cdo_enable.bin
export XRT_HACK_UNSECURE_LOADING_XCLBIN=1 && \
 ./whole_array.exe -x build/final_768x4096x512_96x128x64.xclbin -i build/insts_768x4096x512_96x128x64.txt -k MLIR_AIE -M 768 -K 4096 -N 512 -w 96 -y 128 -z 64 --iters 40 --warmup 10 --verify 0

Avg NPU matmul time: 418.6us.
Avg NPU gflops: 7695.24

Min NPU matmul time: 403us.
Max NPU gflops: 7993.12

Max NPU matmul time: 439us.
Min NPU gflops: 7337.64

Shuffle time: 22171us.

PASS!

rm -rf build _build whole_array.exe
rm -rf _build
mkdir -p _build
cd _build &&  cmake -E env CXXFLAGS="-std=c++23 -ggdb -DDTYPE_IN= -DDTYPE_OUT= -DDTYPE_ACC=" \
	cmake `echo /scratch/luisr/mlir-aie/programming_examples/basic/block_datatypes/matrix_multiplication/whole_array/..` -D CMAKE_C_COMPILER=gcc-13 -D CMAKE_CXX_COMPILER=g++-13 -DTARGET_NAME=whole_array -Dhostsrc=/scratch/luisr/mlir-aie/programming_examples/basic/block_datatypes/matrix_multiplication/whole_array/../bfp_test.cpp
CMake Deprecation Warning at CMakeLists.txt:13 (cmake_minimum_required):
  Compatibility with CMake < 3.10 will be removed from a future version of
  CMake.

  Update the VERSION argument <min> value.  Or, use the <min>...<max> syntax
  to tell CMake that the project requires at least <min> but has been updated
  to work with policies introduced by <max> or earlier.


-- The C compiler identification is GNU 13.3.0
-- The CXX compiler identification is GNU 13.3.0
-- Detecting C compiler ABI info
-- Detecting C compiler ABI info - done
-- Check for working C compiler: /usr/bin/gcc-13 - skipped
-- Detecting C compile features
-- Detecting C compile features - done
-- Detecting CXX compiler ABI info
-- Detecting CXX compiler ABI info - done
-- Check for working CXX compiler: /usr/bin/g++-13 - skipped
-- Detecting CXX compile features
-- Detecting CXX compile features - done
-- Configuring done (0.3s)
-- Generating done (0.0s)
-- Build files have been written to: /scratch/luisr/mlir-aie/programming_examples/basic/block_datatypes/matrix_multiplication/whole_array/_build
cd _build &&  cmake --build . --config Release
gmake[1]: Entering directory '/scratch/luisr/mlir-aie/programming_examples/basic/block_datatypes/matrix_multiplication/whole_array/_build'
gmake[2]: Entering directory '/scratch/luisr/mlir-aie/programming_examples/basic/block_datatypes/matrix_multiplication/whole_array/_build'
gmake[3]: Entering directory '/scratch/luisr/mlir-aie/programming_examples/basic/block_datatypes/matrix_multiplication/whole_array/_build'
gmake[3]: Leaving directory '/scratch/luisr/mlir-aie/programming_examples/basic/block_datatypes/matrix_multiplication/whole_array/_build'
gmake[3]: Entering directory '/scratch/luisr/mlir-aie/programming_examples/basic/block_datatypes/matrix_multiplication/whole_array/_build'
[ 33%] Building CXX object CMakeFiles/whole_array.dir/bfp_test.cpp.o
[ 66%] Building CXX object CMakeFiles/whole_array.dir/scratch/luisr/mlir-aie/runtime_lib/test_lib/test_utils.cpp.o
[100%] Linking CXX executable whole_array
gmake[3]: Leaving directory '/scratch/luisr/mlir-aie/programming_examples/basic/block_datatypes/matrix_multiplication/whole_array/_build'
[100%] Built target whole_array
gmake[2]: Leaving directory '/scratch/luisr/mlir-aie/programming_examples/basic/block_datatypes/matrix_multiplication/whole_array/_build'
gmake[1]: Leaving directory '/scratch/luisr/mlir-aie/programming_examples/basic/block_datatypes/matrix_multiplication/whole_array/_build'
cp _build/whole_array whole_array.exe 
mkdir -p build
python3 /scratch/luisr/mlir-aie/programming_examples/basic/block_datatypes/matrix_multiplication/whole_array/whole_array.py --n-aie-cols 8 -m 96 -k 128 -n 64 -M 768 -K 4096 -N 1024 > build/aie_768x4096x1024_96x128x64.mlir
mkdir -p build
cd build && xchesscc_wrapper aie2p -I /proj/xbuilds/2024.2_INT_1113_1001/installs/all_platforms/Vitis/2024.2/aietools/include  -DDIM_M=96 -DDIM_K=128 -DDIM_N=64 -c /scratch/luisr/mlir-aie/programming_examples/basic/block_datatypes/matrix_multiplication/whole_array/../mm.cc -o mm_96x128x64.o
WARNING: Default location for XILINX_VIVADO_IP_OVERRIDE not found: /build/xfndry/IP_2024.2_INTEGRATION_VERIFIED/customer/vivado/data/ip
mkdir -p build
cd build && aiecc.py --alloc-scheme= --aie-generate-xclbin --no-compile-host --xclbin-name=final_768x4096x1024_96x128x64.xclbin \
			 --dynamic-objFifos \
			--aie-generate-npu-insts --npu-insts-name=insts_768x4096x1024_96x128x64.txt ../build/aie_768x4096x1024_96x128x64.mlir

Generating: /scratch/luisr/mlir-aie/programming_examples/basic/block_datatypes/matrix_multiplication/whole_array/build/aie_768x4096x1024_96x128x64.mlir.prj/aie_cdo_elfs.bin
Generating: /scratch/luisr/mlir-aie/programming_examples/basic/block_datatypes/matrix_multiplication/whole_array/build/aie_768x4096x1024_96x128x64.mlir.prj/aie_cdo_init.bin
Generating: /scratch/luisr/mlir-aie/programming_examples/basic/block_datatypes/matrix_multiplication/whole_array/build/aie_768x4096x1024_96x128x64.mlir.prj/aie_cdo_enable.bin
export XRT_HACK_UNSECURE_LOADING_XCLBIN=1 && \
 ./whole_array.exe -x build/final_768x4096x1024_96x128x64.xclbin -i build/insts_768x4096x1024_96x128x64.txt -k MLIR_AIE -M 768 -K 4096 -N 1024 -w 96 -y 128 -z 64 --iters 40 --warmup 10 --verify 0

Avg NPU matmul time: 731.375us.
Avg NPU gflops: 8808.68

Min NPU matmul time: 722us.
Max NPU gflops: 8923.06

Max NPU matmul time: 741us.
Min NPU gflops: 8694.27

Shuffle time: 31538us.

PASS!

rm -rf build _build whole_array.exe
rm -rf _build
mkdir -p _build
cd _build &&  cmake -E env CXXFLAGS="-std=c++23 -ggdb -DDTYPE_IN= -DDTYPE_OUT= -DDTYPE_ACC=" \
	cmake `echo /scratch/luisr/mlir-aie/programming_examples/basic/block_datatypes/matrix_multiplication/whole_array/..` -D CMAKE_C_COMPILER=gcc-13 -D CMAKE_CXX_COMPILER=g++-13 -DTARGET_NAME=whole_array -Dhostsrc=/scratch/luisr/mlir-aie/programming_examples/basic/block_datatypes/matrix_multiplication/whole_array/../bfp_test.cpp
CMake Deprecation Warning at CMakeLists.txt:13 (cmake_minimum_required):
  Compatibility with CMake < 3.10 will be removed from a future version of
  CMake.

  Update the VERSION argument <min> value.  Or, use the <min>...<max> syntax
  to tell CMake that the project requires at least <min> but has been updated
  to work with policies introduced by <max> or earlier.


-- The C compiler identification is GNU 13.3.0
-- The CXX compiler identification is GNU 13.3.0
-- Detecting C compiler ABI info
-- Detecting C compiler ABI info - done
-- Check for working C compiler: /usr/bin/gcc-13 - skipped
-- Detecting C compile features
-- Detecting C compile features - done
-- Detecting CXX compiler ABI info
-- Detecting CXX compiler ABI info - done
-- Check for working CXX compiler: /usr/bin/g++-13 - skipped
-- Detecting CXX compile features
-- Detecting CXX compile features - done
-- Configuring done (0.3s)
-- Generating done (0.0s)
-- Build files have been written to: /scratch/luisr/mlir-aie/programming_examples/basic/block_datatypes/matrix_multiplication/whole_array/_build
cd _build &&  cmake --build . --config Release
gmake[1]: Entering directory '/scratch/luisr/mlir-aie/programming_examples/basic/block_datatypes/matrix_multiplication/whole_array/_build'
gmake[2]: Entering directory '/scratch/luisr/mlir-aie/programming_examples/basic/block_datatypes/matrix_multiplication/whole_array/_build'
gmake[3]: Entering directory '/scratch/luisr/mlir-aie/programming_examples/basic/block_datatypes/matrix_multiplication/whole_array/_build'
gmake[3]: Leaving directory '/scratch/luisr/mlir-aie/programming_examples/basic/block_datatypes/matrix_multiplication/whole_array/_build'
gmake[3]: Entering directory '/scratch/luisr/mlir-aie/programming_examples/basic/block_datatypes/matrix_multiplication/whole_array/_build'
[ 33%] Building CXX object CMakeFiles/whole_array.dir/bfp_test.cpp.o
[ 66%] Building CXX object CMakeFiles/whole_array.dir/scratch/luisr/mlir-aie/runtime_lib/test_lib/test_utils.cpp.o
[100%] Linking CXX executable whole_array
gmake[3]: Leaving directory '/scratch/luisr/mlir-aie/programming_examples/basic/block_datatypes/matrix_multiplication/whole_array/_build'
[100%] Built target whole_array
gmake[2]: Leaving directory '/scratch/luisr/mlir-aie/programming_examples/basic/block_datatypes/matrix_multiplication/whole_array/_build'
gmake[1]: Leaving directory '/scratch/luisr/mlir-aie/programming_examples/basic/block_datatypes/matrix_multiplication/whole_array/_build'
cp _build/whole_array whole_array.exe 
mkdir -p build
python3 /scratch/luisr/mlir-aie/programming_examples/basic/block_datatypes/matrix_multiplication/whole_array/whole_array.py --n-aie-cols 8 -m 96 -k 128 -n 64 -M 768 -K 4096 -N 4096 > build/aie_768x4096x4096_96x128x64.mlir
mkdir -p build
cd build && xchesscc_wrapper aie2p -I /proj/xbuilds/2024.2_INT_1113_1001/installs/all_platforms/Vitis/2024.2/aietools/include  -DDIM_M=96 -DDIM_K=128 -DDIM_N=64 -c /scratch/luisr/mlir-aie/programming_examples/basic/block_datatypes/matrix_multiplication/whole_array/../mm.cc -o mm_96x128x64.o
WARNING: Default location for XILINX_VIVADO_IP_OVERRIDE not found: /build/xfndry/IP_2024.2_INTEGRATION_VERIFIED/customer/vivado/data/ip
mkdir -p build
cd build && aiecc.py --alloc-scheme= --aie-generate-xclbin --no-compile-host --xclbin-name=final_768x4096x4096_96x128x64.xclbin \
			 --dynamic-objFifos \
			--aie-generate-npu-insts --npu-insts-name=insts_768x4096x4096_96x128x64.txt ../build/aie_768x4096x4096_96x128x64.mlir

Generating: /scratch/luisr/mlir-aie/programming_examples/basic/block_datatypes/matrix_multiplication/whole_array/build/aie_768x4096x4096_96x128x64.mlir.prj/aie_cdo_elfs.bin
Generating: /scratch/luisr/mlir-aie/programming_examples/basic/block_datatypes/matrix_multiplication/whole_array/build/aie_768x4096x4096_96x128x64.mlir.prj/aie_cdo_init.bin
Generating: /scratch/luisr/mlir-aie/programming_examples/basic/block_datatypes/matrix_multiplication/whole_array/build/aie_768x4096x4096_96x128x64.mlir.prj/aie_cdo_enable.bin
export XRT_HACK_UNSECURE_LOADING_XCLBIN=1 && \
 ./whole_array.exe -x build/final_768x4096x4096_96x128x64.xclbin -i build/insts_768x4096x4096_96x128x64.txt -k MLIR_AIE -M 768 -K 4096 -N 4096 -w 96 -y 128 -z 64 --iters 40 --warmup 10 --verify 0

Avg NPU matmul time: 2626.77us.
Avg NPU gflops: 9810.43

Min NPU matmul time: 2585us.
Max NPU gflops: 9968.98

Max NPU matmul time: 3222us.
Min NPU gflops: 7998.08

Shuffle time: 93096us.

PASS!

rm -rf build _build whole_array.exe
rm -rf _build
mkdir -p _build
cd _build &&  cmake -E env CXXFLAGS="-std=c++23 -ggdb -DDTYPE_IN= -DDTYPE_OUT= -DDTYPE_ACC=" \
	cmake `echo /scratch/luisr/mlir-aie/programming_examples/basic/block_datatypes/matrix_multiplication/whole_array/..` -D CMAKE_C_COMPILER=gcc-13 -D CMAKE_CXX_COMPILER=g++-13 -DTARGET_NAME=whole_array -Dhostsrc=/scratch/luisr/mlir-aie/programming_examples/basic/block_datatypes/matrix_multiplication/whole_array/../bfp_test.cpp
CMake Deprecation Warning at CMakeLists.txt:13 (cmake_minimum_required):
  Compatibility with CMake < 3.10 will be removed from a future version of
  CMake.

  Update the VERSION argument <min> value.  Or, use the <min>...<max> syntax
  to tell CMake that the project requires at least <min> but has been updated
  to work with policies introduced by <max> or earlier.


-- The C compiler identification is GNU 13.3.0
-- The CXX compiler identification is GNU 13.3.0
-- Detecting C compiler ABI info
-- Detecting C compiler ABI info - done
-- Check for working C compiler: /usr/bin/gcc-13 - skipped
-- Detecting C compile features
-- Detecting C compile features - done
-- Detecting CXX compiler ABI info
-- Detecting CXX compiler ABI info - done
-- Check for working CXX compiler: /usr/bin/g++-13 - skipped
-- Detecting CXX compile features
-- Detecting CXX compile features - done
-- Configuring done (0.2s)
-- Generating done (0.0s)
-- Build files have been written to: /scratch/luisr/mlir-aie/programming_examples/basic/block_datatypes/matrix_multiplication/whole_array/_build
cd _build &&  cmake --build . --config Release
gmake[1]: Entering directory '/scratch/luisr/mlir-aie/programming_examples/basic/block_datatypes/matrix_multiplication/whole_array/_build'
gmake[2]: Entering directory '/scratch/luisr/mlir-aie/programming_examples/basic/block_datatypes/matrix_multiplication/whole_array/_build'
gmake[3]: Entering directory '/scratch/luisr/mlir-aie/programming_examples/basic/block_datatypes/matrix_multiplication/whole_array/_build'
gmake[3]: Leaving directory '/scratch/luisr/mlir-aie/programming_examples/basic/block_datatypes/matrix_multiplication/whole_array/_build'
gmake[3]: Entering directory '/scratch/luisr/mlir-aie/programming_examples/basic/block_datatypes/matrix_multiplication/whole_array/_build'
[ 33%] Building CXX object CMakeFiles/whole_array.dir/bfp_test.cpp.o
[ 66%] Building CXX object CMakeFiles/whole_array.dir/scratch/luisr/mlir-aie/runtime_lib/test_lib/test_utils.cpp.o
[100%] Linking CXX executable whole_array
gmake[3]: Leaving directory '/scratch/luisr/mlir-aie/programming_examples/basic/block_datatypes/matrix_multiplication/whole_array/_build'
[100%] Built target whole_array
gmake[2]: Leaving directory '/scratch/luisr/mlir-aie/programming_examples/basic/block_datatypes/matrix_multiplication/whole_array/_build'
gmake[1]: Leaving directory '/scratch/luisr/mlir-aie/programming_examples/basic/block_datatypes/matrix_multiplication/whole_array/_build'
cp _build/whole_array whole_array.exe 
mkdir -p build
python3 /scratch/luisr/mlir-aie/programming_examples/basic/block_datatypes/matrix_multiplication/whole_array/whole_array.py --n-aie-cols 8 -m 96 -k 128 -n 64 -M 768 -K 4096 -N 8192 > build/aie_768x4096x8192_96x128x64.mlir
mkdir -p build
cd build && xchesscc_wrapper aie2p -I /proj/xbuilds/2024.2_INT_1113_1001/installs/all_platforms/Vitis/2024.2/aietools/include  -DDIM_M=96 -DDIM_K=128 -DDIM_N=64 -c /scratch/luisr/mlir-aie/programming_examples/basic/block_datatypes/matrix_multiplication/whole_array/../mm.cc -o mm_96x128x64.o
WARNING: Default location for XILINX_VIVADO_IP_OVERRIDE not found: /build/xfndry/IP_2024.2_INTEGRATION_VERIFIED/customer/vivado/data/ip
mkdir -p build
cd build && aiecc.py --alloc-scheme= --aie-generate-xclbin --no-compile-host --xclbin-name=final_768x4096x8192_96x128x64.xclbin \
			 --dynamic-objFifos \
			--aie-generate-npu-insts --npu-insts-name=insts_768x4096x8192_96x128x64.txt ../build/aie_768x4096x8192_96x128x64.mlir

Generating: /scratch/luisr/mlir-aie/programming_examples/basic/block_datatypes/matrix_multiplication/whole_array/build/aie_768x4096x8192_96x128x64.mlir.prj/aie_cdo_elfs.bin
Generating: /scratch/luisr/mlir-aie/programming_examples/basic/block_datatypes/matrix_multiplication/whole_array/build/aie_768x4096x8192_96x128x64.mlir.prj/aie_cdo_init.bin
Generating: /scratch/luisr/mlir-aie/programming_examples/basic/block_datatypes/matrix_multiplication/whole_array/build/aie_768x4096x8192_96x128x64.mlir.prj/aie_cdo_enable.bin
export XRT_HACK_UNSECURE_LOADING_XCLBIN=1 && \
 ./whole_array.exe -x build/final_768x4096x8192_96x128x64.xclbin -i build/insts_768x4096x8192_96x128x64.txt -k MLIR_AIE -M 768 -K 4096 -N 8192 -w 96 -y 128 -z 64 --iters 40 --warmup 10 --verify 0

Avg NPU matmul time: 5188.92us.
Avg NPU gflops: 9932.62

Min NPU matmul time: 5121us.
Max NPU gflops: 10064.4

Max NPU matmul time: 5242us.
Min NPU gflops: 9832.05

Shuffle time: 177307us.

PASS!

rm -rf build _build whole_array.exe
rm -rf _build
mkdir -p _build
cd _build &&  cmake -E env CXXFLAGS="-std=c++23 -ggdb -DDTYPE_IN= -DDTYPE_OUT= -DDTYPE_ACC=" \
	cmake `echo /scratch/luisr/mlir-aie/programming_examples/basic/block_datatypes/matrix_multiplication/whole_array/..` -D CMAKE_C_COMPILER=gcc-13 -D CMAKE_CXX_COMPILER=g++-13 -DTARGET_NAME=whole_array -Dhostsrc=/scratch/luisr/mlir-aie/programming_examples/basic/block_datatypes/matrix_multiplication/whole_array/../bfp_test.cpp
CMake Deprecation Warning at CMakeLists.txt:13 (cmake_minimum_required):
  Compatibility with CMake < 3.10 will be removed from a future version of
  CMake.

  Update the VERSION argument <min> value.  Or, use the <min>...<max> syntax
  to tell CMake that the project requires at least <min> but has been updated
  to work with policies introduced by <max> or earlier.


-- The C compiler identification is GNU 13.3.0
-- The CXX compiler identification is GNU 13.3.0
-- Detecting C compiler ABI info
-- Detecting C compiler ABI info - done
-- Check for working C compiler: /usr/bin/gcc-13 - skipped
-- Detecting C compile features
-- Detecting C compile features - done
-- Detecting CXX compiler ABI info
-- Detecting CXX compiler ABI info - done
-- Check for working CXX compiler: /usr/bin/g++-13 - skipped
-- Detecting CXX compile features
-- Detecting CXX compile features - done
-- Configuring done (0.2s)
-- Generating done (0.0s)
-- Build files have been written to: /scratch/luisr/mlir-aie/programming_examples/basic/block_datatypes/matrix_multiplication/whole_array/_build
cd _build &&  cmake --build . --config Release
gmake[1]: Entering directory '/scratch/luisr/mlir-aie/programming_examples/basic/block_datatypes/matrix_multiplication/whole_array/_build'
gmake[2]: Entering directory '/scratch/luisr/mlir-aie/programming_examples/basic/block_datatypes/matrix_multiplication/whole_array/_build'
gmake[3]: Entering directory '/scratch/luisr/mlir-aie/programming_examples/basic/block_datatypes/matrix_multiplication/whole_array/_build'
gmake[3]: Leaving directory '/scratch/luisr/mlir-aie/programming_examples/basic/block_datatypes/matrix_multiplication/whole_array/_build'
gmake[3]: Entering directory '/scratch/luisr/mlir-aie/programming_examples/basic/block_datatypes/matrix_multiplication/whole_array/_build'
[ 33%] Building CXX object CMakeFiles/whole_array.dir/bfp_test.cpp.o
[ 66%] Building CXX object CMakeFiles/whole_array.dir/scratch/luisr/mlir-aie/runtime_lib/test_lib/test_utils.cpp.o
[100%] Linking CXX executable whole_array
gmake[3]: Leaving directory '/scratch/luisr/mlir-aie/programming_examples/basic/block_datatypes/matrix_multiplication/whole_array/_build'
[100%] Built target whole_array
gmake[2]: Leaving directory '/scratch/luisr/mlir-aie/programming_examples/basic/block_datatypes/matrix_multiplication/whole_array/_build'
gmake[1]: Leaving directory '/scratch/luisr/mlir-aie/programming_examples/basic/block_datatypes/matrix_multiplication/whole_array/_build'
cp _build/whole_array whole_array.exe 
mkdir -p build
python3 /scratch/luisr/mlir-aie/programming_examples/basic/block_datatypes/matrix_multiplication/whole_array/whole_array.py --n-aie-cols 8 -m 96 -k 128 -n 64 -M 768 -K 6144 -N 512 > build/aie_768x6144x512_96x128x64.mlir
mkdir -p build
cd build && xchesscc_wrapper aie2p -I /proj/xbuilds/2024.2_INT_1113_1001/installs/all_platforms/Vitis/2024.2/aietools/include  -DDIM_M=96 -DDIM_K=128 -DDIM_N=64 -c /scratch/luisr/mlir-aie/programming_examples/basic/block_datatypes/matrix_multiplication/whole_array/../mm.cc -o mm_96x128x64.o
WARNING: Default location for XILINX_VIVADO_IP_OVERRIDE not found: /build/xfndry/IP_2024.2_INTEGRATION_VERIFIED/customer/vivado/data/ip
mkdir -p build
cd build && aiecc.py --alloc-scheme= --aie-generate-xclbin --no-compile-host --xclbin-name=final_768x6144x512_96x128x64.xclbin \
			 --dynamic-objFifos \
			--aie-generate-npu-insts --npu-insts-name=insts_768x6144x512_96x128x64.txt ../build/aie_768x6144x512_96x128x64.mlir

Generating: /scratch/luisr/mlir-aie/programming_examples/basic/block_datatypes/matrix_multiplication/whole_array/build/aie_768x6144x512_96x128x64.mlir.prj/aie_cdo_elfs.bin
Generating: /scratch/luisr/mlir-aie/programming_examples/basic/block_datatypes/matrix_multiplication/whole_array/build/aie_768x6144x512_96x128x64.mlir.prj/aie_cdo_init.bin
Generating: /scratch/luisr/mlir-aie/programming_examples/basic/block_datatypes/matrix_multiplication/whole_array/build/aie_768x6144x512_96x128x64.mlir.prj/aie_cdo_enable.bin
export XRT_HACK_UNSECURE_LOADING_XCLBIN=1 && \
 ./whole_array.exe -x build/final_768x6144x512_96x128x64.xclbin -i build/insts_768x6144x512_96x128x64.txt -k MLIR_AIE -M 768 -K 6144 -N 512 -w 96 -y 128 -z 64 --iters 40 --warmup 10 --verify 0

Avg NPU matmul time: 727.525us.
Avg NPU gflops: 6641.47

Min NPU matmul time: 716us.
Max NPU gflops: 6748.38

Max NPU matmul time: 749us.
Min NPU gflops: 6451.05

Shuffle time: 33427us.

PASS!

rm -rf build _build whole_array.exe
rm -rf _build
mkdir -p _build
cd _build &&  cmake -E env CXXFLAGS="-std=c++23 -ggdb -DDTYPE_IN= -DDTYPE_OUT= -DDTYPE_ACC=" \
	cmake `echo /scratch/luisr/mlir-aie/programming_examples/basic/block_datatypes/matrix_multiplication/whole_array/..` -D CMAKE_C_COMPILER=gcc-13 -D CMAKE_CXX_COMPILER=g++-13 -DTARGET_NAME=whole_array -Dhostsrc=/scratch/luisr/mlir-aie/programming_examples/basic/block_datatypes/matrix_multiplication/whole_array/../bfp_test.cpp
CMake Deprecation Warning at CMakeLists.txt:13 (cmake_minimum_required):
  Compatibility with CMake < 3.10 will be removed from a future version of
  CMake.

  Update the VERSION argument <min> value.  Or, use the <min>...<max> syntax
  to tell CMake that the project requires at least <min> but has been updated
  to work with policies introduced by <max> or earlier.


-- The C compiler identification is GNU 13.3.0
-- The CXX compiler identification is GNU 13.3.0
-- Detecting C compiler ABI info
-- Detecting C compiler ABI info - done
-- Check for working C compiler: /usr/bin/gcc-13 - skipped
-- Detecting C compile features
-- Detecting C compile features - done
-- Detecting CXX compiler ABI info
-- Detecting CXX compiler ABI info - done
-- Check for working CXX compiler: /usr/bin/g++-13 - skipped
-- Detecting CXX compile features
-- Detecting CXX compile features - done
-- Configuring done (0.3s)
-- Generating done (0.0s)
-- Build files have been written to: /scratch/luisr/mlir-aie/programming_examples/basic/block_datatypes/matrix_multiplication/whole_array/_build
cd _build &&  cmake --build . --config Release
gmake[1]: Entering directory '/scratch/luisr/mlir-aie/programming_examples/basic/block_datatypes/matrix_multiplication/whole_array/_build'
gmake[2]: Entering directory '/scratch/luisr/mlir-aie/programming_examples/basic/block_datatypes/matrix_multiplication/whole_array/_build'
gmake[3]: Entering directory '/scratch/luisr/mlir-aie/programming_examples/basic/block_datatypes/matrix_multiplication/whole_array/_build'
gmake[3]: Leaving directory '/scratch/luisr/mlir-aie/programming_examples/basic/block_datatypes/matrix_multiplication/whole_array/_build'
gmake[3]: Entering directory '/scratch/luisr/mlir-aie/programming_examples/basic/block_datatypes/matrix_multiplication/whole_array/_build'
[ 33%] Building CXX object CMakeFiles/whole_array.dir/bfp_test.cpp.o
[ 66%] Building CXX object CMakeFiles/whole_array.dir/scratch/luisr/mlir-aie/runtime_lib/test_lib/test_utils.cpp.o
[100%] Linking CXX executable whole_array
gmake[3]: Leaving directory '/scratch/luisr/mlir-aie/programming_examples/basic/block_datatypes/matrix_multiplication/whole_array/_build'
[100%] Built target whole_array
gmake[2]: Leaving directory '/scratch/luisr/mlir-aie/programming_examples/basic/block_datatypes/matrix_multiplication/whole_array/_build'
gmake[1]: Leaving directory '/scratch/luisr/mlir-aie/programming_examples/basic/block_datatypes/matrix_multiplication/whole_array/_build'
cp _build/whole_array whole_array.exe 
mkdir -p build
python3 /scratch/luisr/mlir-aie/programming_examples/basic/block_datatypes/matrix_multiplication/whole_array/whole_array.py --n-aie-cols 8 -m 96 -k 128 -n 64 -M 768 -K 6144 -N 1024 > build/aie_768x6144x1024_96x128x64.mlir
mkdir -p build
cd build && xchesscc_wrapper aie2p -I /proj/xbuilds/2024.2_INT_1113_1001/installs/all_platforms/Vitis/2024.2/aietools/include  -DDIM_M=96 -DDIM_K=128 -DDIM_N=64 -c /scratch/luisr/mlir-aie/programming_examples/basic/block_datatypes/matrix_multiplication/whole_array/../mm.cc -o mm_96x128x64.o
WARNING: Default location for XILINX_VIVADO_IP_OVERRIDE not found: /build/xfndry/IP_2024.2_INTEGRATION_VERIFIED/customer/vivado/data/ip
mkdir -p build
cd build && aiecc.py --alloc-scheme= --aie-generate-xclbin --no-compile-host --xclbin-name=final_768x6144x1024_96x128x64.xclbin \
			 --dynamic-objFifos \
			--aie-generate-npu-insts --npu-insts-name=insts_768x6144x1024_96x128x64.txt ../build/aie_768x6144x1024_96x128x64.mlir

Generating: /scratch/luisr/mlir-aie/programming_examples/basic/block_datatypes/matrix_multiplication/whole_array/build/aie_768x6144x1024_96x128x64.mlir.prj/aie_cdo_elfs.bin
Generating: /scratch/luisr/mlir-aie/programming_examples/basic/block_datatypes/matrix_multiplication/whole_array/build/aie_768x6144x1024_96x128x64.mlir.prj/aie_cdo_init.bin
Generating: /scratch/luisr/mlir-aie/programming_examples/basic/block_datatypes/matrix_multiplication/whole_array/build/aie_768x6144x1024_96x128x64.mlir.prj/aie_cdo_enable.bin
export XRT_HACK_UNSECURE_LOADING_XCLBIN=1 && \
 ./whole_array.exe -x build/final_768x6144x1024_96x128x64.xclbin -i build/insts_768x6144x1024_96x128x64.txt -k MLIR_AIE -M 768 -K 6144 -N 1024 -w 96 -y 128 -z 64 --iters 40 --warmup 10 --verify 0

Avg NPU matmul time: 1317us.
Avg NPU gflops: 7337.64

Min NPU matmul time: 1290us.
Max NPU gflops: 7491.22

Max NPU matmul time: 1331us.
Min NPU gflops: 7260.46

Shuffle time: 50063us.

PASS!

rm -rf build _build whole_array.exe
rm -rf _build
mkdir -p _build
cd _build &&  cmake -E env CXXFLAGS="-std=c++23 -ggdb -DDTYPE_IN= -DDTYPE_OUT= -DDTYPE_ACC=" \
	cmake `echo /scratch/luisr/mlir-aie/programming_examples/basic/block_datatypes/matrix_multiplication/whole_array/..` -D CMAKE_C_COMPILER=gcc-13 -D CMAKE_CXX_COMPILER=g++-13 -DTARGET_NAME=whole_array -Dhostsrc=/scratch/luisr/mlir-aie/programming_examples/basic/block_datatypes/matrix_multiplication/whole_array/../bfp_test.cpp
CMake Deprecation Warning at CMakeLists.txt:13 (cmake_minimum_required):
  Compatibility with CMake < 3.10 will be removed from a future version of
  CMake.

  Update the VERSION argument <min> value.  Or, use the <min>...<max> syntax
  to tell CMake that the project requires at least <min> but has been updated
  to work with policies introduced by <max> or earlier.


-- The C compiler identification is GNU 13.3.0
-- The CXX compiler identification is GNU 13.3.0
-- Detecting C compiler ABI info
-- Detecting C compiler ABI info - done
-- Check for working C compiler: /usr/bin/gcc-13 - skipped
-- Detecting C compile features
-- Detecting C compile features - done
-- Detecting CXX compiler ABI info
-- Detecting CXX compiler ABI info - done
-- Check for working CXX compiler: /usr/bin/g++-13 - skipped
-- Detecting CXX compile features
-- Detecting CXX compile features - done
-- Configuring done (0.3s)
-- Generating done (0.0s)
-- Build files have been written to: /scratch/luisr/mlir-aie/programming_examples/basic/block_datatypes/matrix_multiplication/whole_array/_build
cd _build &&  cmake --build . --config Release
gmake[1]: Entering directory '/scratch/luisr/mlir-aie/programming_examples/basic/block_datatypes/matrix_multiplication/whole_array/_build'
gmake[2]: Entering directory '/scratch/luisr/mlir-aie/programming_examples/basic/block_datatypes/matrix_multiplication/whole_array/_build'
gmake[3]: Entering directory '/scratch/luisr/mlir-aie/programming_examples/basic/block_datatypes/matrix_multiplication/whole_array/_build'
gmake[3]: Leaving directory '/scratch/luisr/mlir-aie/programming_examples/basic/block_datatypes/matrix_multiplication/whole_array/_build'
gmake[3]: Entering directory '/scratch/luisr/mlir-aie/programming_examples/basic/block_datatypes/matrix_multiplication/whole_array/_build'
[ 33%] Building CXX object CMakeFiles/whole_array.dir/bfp_test.cpp.o
[ 66%] Building CXX object CMakeFiles/whole_array.dir/scratch/luisr/mlir-aie/runtime_lib/test_lib/test_utils.cpp.o
[100%] Linking CXX executable whole_array
gmake[3]: Leaving directory '/scratch/luisr/mlir-aie/programming_examples/basic/block_datatypes/matrix_multiplication/whole_array/_build'
[100%] Built target whole_array
gmake[2]: Leaving directory '/scratch/luisr/mlir-aie/programming_examples/basic/block_datatypes/matrix_multiplication/whole_array/_build'
gmake[1]: Leaving directory '/scratch/luisr/mlir-aie/programming_examples/basic/block_datatypes/matrix_multiplication/whole_array/_build'
cp _build/whole_array whole_array.exe 
mkdir -p build
python3 /scratch/luisr/mlir-aie/programming_examples/basic/block_datatypes/matrix_multiplication/whole_array/whole_array.py --n-aie-cols 8 -m 96 -k 128 -n 64 -M 768 -K 6144 -N 4096 > build/aie_768x6144x4096_96x128x64.mlir
mkdir -p build
cd build && xchesscc_wrapper aie2p -I /proj/xbuilds/2024.2_INT_1113_1001/installs/all_platforms/Vitis/2024.2/aietools/include  -DDIM_M=96 -DDIM_K=128 -DDIM_N=64 -c /scratch/luisr/mlir-aie/programming_examples/basic/block_datatypes/matrix_multiplication/whole_array/../mm.cc -o mm_96x128x64.o
WARNING: Default location for XILINX_VIVADO_IP_OVERRIDE not found: /build/xfndry/IP_2024.2_INTEGRATION_VERIFIED/customer/vivado/data/ip
mkdir -p build
cd build && aiecc.py --alloc-scheme= --aie-generate-xclbin --no-compile-host --xclbin-name=final_768x6144x4096_96x128x64.xclbin \
			 --dynamic-objFifos \
			--aie-generate-npu-insts --npu-insts-name=insts_768x6144x4096_96x128x64.txt ../build/aie_768x6144x4096_96x128x64.mlir

Generating: /scratch/luisr/mlir-aie/programming_examples/basic/block_datatypes/matrix_multiplication/whole_array/build/aie_768x6144x4096_96x128x64.mlir.prj/aie_cdo_elfs.bin
Generating: /scratch/luisr/mlir-aie/programming_examples/basic/block_datatypes/matrix_multiplication/whole_array/build/aie_768x6144x4096_96x128x64.mlir.prj/aie_cdo_init.bin
Generating: /scratch/luisr/mlir-aie/programming_examples/basic/block_datatypes/matrix_multiplication/whole_array/build/aie_768x6144x4096_96x128x64.mlir.prj/aie_cdo_enable.bin
export XRT_HACK_UNSECURE_LOADING_XCLBIN=1 && \
 ./whole_array.exe -x build/final_768x6144x4096_96x128x64.xclbin -i build/insts_768x6144x4096_96x128x64.txt -k MLIR_AIE -M 768 -K 6144 -N 4096 -w 96 -y 128 -z 64 --iters 40 --warmup 10 --verify 0

Avg NPU matmul time: 5366.52us.
Avg NPU gflops: 7202.93

Min NPU matmul time: 5017us.
Max NPU gflops: 7704.75

Max NPU matmul time: 6036us.
Min NPU gflops: 6404.03

Shuffle time: 140753us.

PASS!

rm -rf build _build whole_array.exe
rm -rf _build
mkdir -p _build
cd _build &&  cmake -E env CXXFLAGS="-std=c++23 -ggdb -DDTYPE_IN= -DDTYPE_OUT= -DDTYPE_ACC=" \
	cmake `echo /scratch/luisr/mlir-aie/programming_examples/basic/block_datatypes/matrix_multiplication/whole_array/..` -D CMAKE_C_COMPILER=gcc-13 -D CMAKE_CXX_COMPILER=g++-13 -DTARGET_NAME=whole_array -Dhostsrc=/scratch/luisr/mlir-aie/programming_examples/basic/block_datatypes/matrix_multiplication/whole_array/../bfp_test.cpp
CMake Deprecation Warning at CMakeLists.txt:13 (cmake_minimum_required):
  Compatibility with CMake < 3.10 will be removed from a future version of
  CMake.

  Update the VERSION argument <min> value.  Or, use the <min>...<max> syntax
  to tell CMake that the project requires at least <min> but has been updated
  to work with policies introduced by <max> or earlier.


-- The C compiler identification is GNU 13.3.0
-- The CXX compiler identification is GNU 13.3.0
-- Detecting C compiler ABI info
-- Detecting C compiler ABI info - done
-- Check for working C compiler: /usr/bin/gcc-13 - skipped
-- Detecting C compile features
-- Detecting C compile features - done
-- Detecting CXX compiler ABI info
-- Detecting CXX compiler ABI info - done
-- Check for working CXX compiler: /usr/bin/g++-13 - skipped
-- Detecting CXX compile features
-- Detecting CXX compile features - done
-- Configuring done (0.3s)
-- Generating done (0.0s)
-- Build files have been written to: /scratch/luisr/mlir-aie/programming_examples/basic/block_datatypes/matrix_multiplication/whole_array/_build
cd _build &&  cmake --build . --config Release
gmake[1]: Entering directory '/scratch/luisr/mlir-aie/programming_examples/basic/block_datatypes/matrix_multiplication/whole_array/_build'
gmake[2]: Entering directory '/scratch/luisr/mlir-aie/programming_examples/basic/block_datatypes/matrix_multiplication/whole_array/_build'
gmake[3]: Entering directory '/scratch/luisr/mlir-aie/programming_examples/basic/block_datatypes/matrix_multiplication/whole_array/_build'
gmake[3]: Leaving directory '/scratch/luisr/mlir-aie/programming_examples/basic/block_datatypes/matrix_multiplication/whole_array/_build'
gmake[3]: Entering directory '/scratch/luisr/mlir-aie/programming_examples/basic/block_datatypes/matrix_multiplication/whole_array/_build'
[ 33%] Building CXX object CMakeFiles/whole_array.dir/bfp_test.cpp.o
[ 66%] Building CXX object CMakeFiles/whole_array.dir/scratch/luisr/mlir-aie/runtime_lib/test_lib/test_utils.cpp.o
[100%] Linking CXX executable whole_array
gmake[3]: Leaving directory '/scratch/luisr/mlir-aie/programming_examples/basic/block_datatypes/matrix_multiplication/whole_array/_build'
[100%] Built target whole_array
gmake[2]: Leaving directory '/scratch/luisr/mlir-aie/programming_examples/basic/block_datatypes/matrix_multiplication/whole_array/_build'
gmake[1]: Leaving directory '/scratch/luisr/mlir-aie/programming_examples/basic/block_datatypes/matrix_multiplication/whole_array/_build'
cp _build/whole_array whole_array.exe 
mkdir -p build
python3 /scratch/luisr/mlir-aie/programming_examples/basic/block_datatypes/matrix_multiplication/whole_array/whole_array.py --n-aie-cols 8 -m 96 -k 128 -n 64 -M 768 -K 6144 -N 8192 > build/aie_768x6144x8192_96x128x64.mlir
mkdir -p build
cd build && xchesscc_wrapper aie2p -I /proj/xbuilds/2024.2_INT_1113_1001/installs/all_platforms/Vitis/2024.2/aietools/include  -DDIM_M=96 -DDIM_K=128 -DDIM_N=64 -c /scratch/luisr/mlir-aie/programming_examples/basic/block_datatypes/matrix_multiplication/whole_array/../mm.cc -o mm_96x128x64.o
WARNING: Default location for XILINX_VIVADO_IP_OVERRIDE not found: /build/xfndry/IP_2024.2_INTEGRATION_VERIFIED/customer/vivado/data/ip
mkdir -p build
cd build && aiecc.py --alloc-scheme= --aie-generate-xclbin --no-compile-host --xclbin-name=final_768x6144x8192_96x128x64.xclbin \
			 --dynamic-objFifos \
			--aie-generate-npu-insts --npu-insts-name=insts_768x6144x8192_96x128x64.txt ../build/aie_768x6144x8192_96x128x64.mlir

Generating: /scratch/luisr/mlir-aie/programming_examples/basic/block_datatypes/matrix_multiplication/whole_array/build/aie_768x6144x8192_96x128x64.mlir.prj/aie_cdo_elfs.bin
Generating: /scratch/luisr/mlir-aie/programming_examples/basic/block_datatypes/matrix_multiplication/whole_array/build/aie_768x6144x8192_96x128x64.mlir.prj/aie_cdo_init.bin
Generating: /scratch/luisr/mlir-aie/programming_examples/basic/block_datatypes/matrix_multiplication/whole_array/build/aie_768x6144x8192_96x128x64.mlir.prj/aie_cdo_enable.bin
export XRT_HACK_UNSECURE_LOADING_XCLBIN=1 && \
 ./whole_array.exe -x build/final_768x6144x8192_96x128x64.xclbin -i build/insts_768x6144x8192_96x128x64.txt -k MLIR_AIE -M 768 -K 6144 -N 8192 -w 96 -y 128 -z 64 --iters 40 --warmup 10 --verify 0

Avg NPU matmul time: 10607.2us.
Avg NPU gflops: 7288.36

Min NPU matmul time: 10160us.
Max NPU gflops: 7609.19

Max NPU matmul time: 11863us.
Min NPU gflops: 6516.85

Shuffle time: 256448us.

PASS!

rm -rf build _build whole_array.exe
rm -rf _build
mkdir -p _build
cd _build &&  cmake -E env CXXFLAGS="-std=c++23 -ggdb -DDTYPE_IN= -DDTYPE_OUT= -DDTYPE_ACC=" \
	cmake `echo /scratch/luisr/mlir-aie/programming_examples/basic/block_datatypes/matrix_multiplication/whole_array/..` -D CMAKE_C_COMPILER=gcc-13 -D CMAKE_CXX_COMPILER=g++-13 -DTARGET_NAME=whole_array -Dhostsrc=/scratch/luisr/mlir-aie/programming_examples/basic/block_datatypes/matrix_multiplication/whole_array/../bfp_test.cpp
CMake Deprecation Warning at CMakeLists.txt:13 (cmake_minimum_required):
  Compatibility with CMake < 3.10 will be removed from a future version of
  CMake.

  Update the VERSION argument <min> value.  Or, use the <min>...<max> syntax
  to tell CMake that the project requires at least <min> but has been updated
  to work with policies introduced by <max> or earlier.


-- The C compiler identification is GNU 13.3.0
-- The CXX compiler identification is GNU 13.3.0
-- Detecting C compiler ABI info
-- Detecting C compiler ABI info - done
-- Check for working C compiler: /usr/bin/gcc-13 - skipped
-- Detecting C compile features
-- Detecting C compile features - done
-- Detecting CXX compiler ABI info
-- Detecting CXX compiler ABI info - done
-- Check for working CXX compiler: /usr/bin/g++-13 - skipped
-- Detecting CXX compile features
-- Detecting CXX compile features - done
-- Configuring done (0.3s)
-- Generating done (0.0s)
-- Build files have been written to: /scratch/luisr/mlir-aie/programming_examples/basic/block_datatypes/matrix_multiplication/whole_array/_build
cd _build &&  cmake --build . --config Release
gmake[1]: Entering directory '/scratch/luisr/mlir-aie/programming_examples/basic/block_datatypes/matrix_multiplication/whole_array/_build'
gmake[2]: Entering directory '/scratch/luisr/mlir-aie/programming_examples/basic/block_datatypes/matrix_multiplication/whole_array/_build'
gmake[3]: Entering directory '/scratch/luisr/mlir-aie/programming_examples/basic/block_datatypes/matrix_multiplication/whole_array/_build'
gmake[3]: Leaving directory '/scratch/luisr/mlir-aie/programming_examples/basic/block_datatypes/matrix_multiplication/whole_array/_build'
gmake[3]: Entering directory '/scratch/luisr/mlir-aie/programming_examples/basic/block_datatypes/matrix_multiplication/whole_array/_build'
[ 33%] Building CXX object CMakeFiles/whole_array.dir/bfp_test.cpp.o
[ 66%] Building CXX object CMakeFiles/whole_array.dir/scratch/luisr/mlir-aie/runtime_lib/test_lib/test_utils.cpp.o
[100%] Linking CXX executable whole_array
gmake[3]: Leaving directory '/scratch/luisr/mlir-aie/programming_examples/basic/block_datatypes/matrix_multiplication/whole_array/_build'
[100%] Built target whole_array
gmake[2]: Leaving directory '/scratch/luisr/mlir-aie/programming_examples/basic/block_datatypes/matrix_multiplication/whole_array/_build'
gmake[1]: Leaving directory '/scratch/luisr/mlir-aie/programming_examples/basic/block_datatypes/matrix_multiplication/whole_array/_build'
cp _build/whole_array whole_array.exe 
mkdir -p build
python3 /scratch/luisr/mlir-aie/programming_examples/basic/block_datatypes/matrix_multiplication/whole_array/whole_array.py --n-aie-cols 8 -m 96 -k 128 -n 64 -M 1536 -K 512 -N 512 > build/aie_1536x512x512_96x128x64.mlir
mkdir -p build
cd build && xchesscc_wrapper aie2p -I /proj/xbuilds/2024.2_INT_1113_1001/installs/all_platforms/Vitis/2024.2/aietools/include  -DDIM_M=96 -DDIM_K=128 -DDIM_N=64 -c /scratch/luisr/mlir-aie/programming_examples/basic/block_datatypes/matrix_multiplication/whole_array/../mm.cc -o mm_96x128x64.o
WARNING: Default location for XILINX_VIVADO_IP_OVERRIDE not found: /build/xfndry/IP_2024.2_INTEGRATION_VERIFIED/customer/vivado/data/ip
mkdir -p build
cd build && aiecc.py --alloc-scheme= --aie-generate-xclbin --no-compile-host --xclbin-name=final_1536x512x512_96x128x64.xclbin \
			 --dynamic-objFifos \
			--aie-generate-npu-insts --npu-insts-name=insts_1536x512x512_96x128x64.txt ../build/aie_1536x512x512_96x128x64.mlir

Generating: /scratch/luisr/mlir-aie/programming_examples/basic/block_datatypes/matrix_multiplication/whole_array/build/aie_1536x512x512_96x128x64.mlir.prj/aie_cdo_elfs.bin
Generating: /scratch/luisr/mlir-aie/programming_examples/basic/block_datatypes/matrix_multiplication/whole_array/build/aie_1536x512x512_96x128x64.mlir.prj/aie_cdo_init.bin
Generating: /scratch/luisr/mlir-aie/programming_examples/basic/block_datatypes/matrix_multiplication/whole_array/build/aie_1536x512x512_96x128x64.mlir.prj/aie_cdo_enable.bin
export XRT_HACK_UNSECURE_LOADING_XCLBIN=1 && \
 ./whole_array.exe -x build/final_1536x512x512_96x128x64.xclbin -i build/insts_1536x512x512_96x128x64.txt -k MLIR_AIE -M 1536 -K 512 -N 512 -w 96 -y 128 -z 64 --iters 40 --warmup 10 --verify 0

Avg NPU matmul time: 197.125us.
Avg NPU gflops: 4085.26

Min NPU matmul time: 189us.
Max NPU gflops: 4260.88

Max NPU matmul time: 214us.
Min NPU gflops: 3763.11

Shuffle time: 4290us.

PASS!

rm -rf build _build whole_array.exe
rm -rf _build
mkdir -p _build
cd _build &&  cmake -E env CXXFLAGS="-std=c++23 -ggdb -DDTYPE_IN= -DDTYPE_OUT= -DDTYPE_ACC=" \
	cmake `echo /scratch/luisr/mlir-aie/programming_examples/basic/block_datatypes/matrix_multiplication/whole_array/..` -D CMAKE_C_COMPILER=gcc-13 -D CMAKE_CXX_COMPILER=g++-13 -DTARGET_NAME=whole_array -Dhostsrc=/scratch/luisr/mlir-aie/programming_examples/basic/block_datatypes/matrix_multiplication/whole_array/../bfp_test.cpp
CMake Deprecation Warning at CMakeLists.txt:13 (cmake_minimum_required):
  Compatibility with CMake < 3.10 will be removed from a future version of
  CMake.

  Update the VERSION argument <min> value.  Or, use the <min>...<max> syntax
  to tell CMake that the project requires at least <min> but has been updated
  to work with policies introduced by <max> or earlier.


-- The C compiler identification is GNU 13.3.0
-- The CXX compiler identification is GNU 13.3.0
-- Detecting C compiler ABI info
-- Detecting C compiler ABI info - done
-- Check for working C compiler: /usr/bin/gcc-13 - skipped
-- Detecting C compile features
-- Detecting C compile features - done
-- Detecting CXX compiler ABI info
-- Detecting CXX compiler ABI info - done
-- Check for working CXX compiler: /usr/bin/g++-13 - skipped
-- Detecting CXX compile features
-- Detecting CXX compile features - done
-- Configuring done (0.2s)
-- Generating done (0.0s)
-- Build files have been written to: /scratch/luisr/mlir-aie/programming_examples/basic/block_datatypes/matrix_multiplication/whole_array/_build
cd _build &&  cmake --build . --config Release
gmake[1]: Entering directory '/scratch/luisr/mlir-aie/programming_examples/basic/block_datatypes/matrix_multiplication/whole_array/_build'
gmake[2]: Entering directory '/scratch/luisr/mlir-aie/programming_examples/basic/block_datatypes/matrix_multiplication/whole_array/_build'
gmake[3]: Entering directory '/scratch/luisr/mlir-aie/programming_examples/basic/block_datatypes/matrix_multiplication/whole_array/_build'
gmake[3]: Leaving directory '/scratch/luisr/mlir-aie/programming_examples/basic/block_datatypes/matrix_multiplication/whole_array/_build'
gmake[3]: Entering directory '/scratch/luisr/mlir-aie/programming_examples/basic/block_datatypes/matrix_multiplication/whole_array/_build'
[ 33%] Building CXX object CMakeFiles/whole_array.dir/bfp_test.cpp.o
[ 66%] Building CXX object CMakeFiles/whole_array.dir/scratch/luisr/mlir-aie/runtime_lib/test_lib/test_utils.cpp.o
[100%] Linking CXX executable whole_array
gmake[3]: Leaving directory '/scratch/luisr/mlir-aie/programming_examples/basic/block_datatypes/matrix_multiplication/whole_array/_build'
[100%] Built target whole_array
gmake[2]: Leaving directory '/scratch/luisr/mlir-aie/programming_examples/basic/block_datatypes/matrix_multiplication/whole_array/_build'
gmake[1]: Leaving directory '/scratch/luisr/mlir-aie/programming_examples/basic/block_datatypes/matrix_multiplication/whole_array/_build'
cp _build/whole_array whole_array.exe 
mkdir -p build
python3 /scratch/luisr/mlir-aie/programming_examples/basic/block_datatypes/matrix_multiplication/whole_array/whole_array.py --n-aie-cols 8 -m 96 -k 128 -n 64 -M 1536 -K 512 -N 1024 > build/aie_1536x512x1024_96x128x64.mlir
mkdir -p build
cd build && xchesscc_wrapper aie2p -I /proj/xbuilds/2024.2_INT_1113_1001/installs/all_platforms/Vitis/2024.2/aietools/include  -DDIM_M=96 -DDIM_K=128 -DDIM_N=64 -c /scratch/luisr/mlir-aie/programming_examples/basic/block_datatypes/matrix_multiplication/whole_array/../mm.cc -o mm_96x128x64.o
WARNING: Default location for XILINX_VIVADO_IP_OVERRIDE not found: /build/xfndry/IP_2024.2_INTEGRATION_VERIFIED/customer/vivado/data/ip
mkdir -p build
cd build && aiecc.py --alloc-scheme= --aie-generate-xclbin --no-compile-host --xclbin-name=final_1536x512x1024_96x128x64.xclbin \
			 --dynamic-objFifos \
			--aie-generate-npu-insts --npu-insts-name=insts_1536x512x1024_96x128x64.txt ../build/aie_1536x512x1024_96x128x64.mlir

Generating: /scratch/luisr/mlir-aie/programming_examples/basic/block_datatypes/matrix_multiplication/whole_array/build/aie_1536x512x1024_96x128x64.mlir.prj/aie_cdo_elfs.bin
Generating: /scratch/luisr/mlir-aie/programming_examples/basic/block_datatypes/matrix_multiplication/whole_array/build/aie_1536x512x1024_96x128x64.mlir.prj/aie_cdo_init.bin
Generating: /scratch/luisr/mlir-aie/programming_examples/basic/block_datatypes/matrix_multiplication/whole_array/build/aie_1536x512x1024_96x128x64.mlir.prj/aie_cdo_enable.bin
export XRT_HACK_UNSECURE_LOADING_XCLBIN=1 && \
 ./whole_array.exe -x build/final_1536x512x1024_96x128x64.xclbin -i build/insts_1536x512x1024_96x128x64.txt -k MLIR_AIE -M 1536 -K 512 -N 1024 -w 96 -y 128 -z 64 --iters 40 --warmup 10 --verify 0

Avg NPU matmul time: 265.8us.
Avg NPU gflops: 6059.49

Min NPU matmul time: 253us.
Max NPU gflops: 6366.06

Max NPU matmul time: 286us.
Min NPU gflops: 5631.51

Shuffle time: 5511us.

PASS!

rm -rf build _build whole_array.exe
rm -rf _build
mkdir -p _build
cd _build &&  cmake -E env CXXFLAGS="-std=c++23 -ggdb -DDTYPE_IN= -DDTYPE_OUT= -DDTYPE_ACC=" \
	cmake `echo /scratch/luisr/mlir-aie/programming_examples/basic/block_datatypes/matrix_multiplication/whole_array/..` -D CMAKE_C_COMPILER=gcc-13 -D CMAKE_CXX_COMPILER=g++-13 -DTARGET_NAME=whole_array -Dhostsrc=/scratch/luisr/mlir-aie/programming_examples/basic/block_datatypes/matrix_multiplication/whole_array/../bfp_test.cpp
CMake Deprecation Warning at CMakeLists.txt:13 (cmake_minimum_required):
  Compatibility with CMake < 3.10 will be removed from a future version of
  CMake.

  Update the VERSION argument <min> value.  Or, use the <min>...<max> syntax
  to tell CMake that the project requires at least <min> but has been updated
  to work with policies introduced by <max> or earlier.


-- The C compiler identification is GNU 13.3.0
-- The CXX compiler identification is GNU 13.3.0
-- Detecting C compiler ABI info
-- Detecting C compiler ABI info - done
-- Check for working C compiler: /usr/bin/gcc-13 - skipped
-- Detecting C compile features
-- Detecting C compile features - done
-- Detecting CXX compiler ABI info
-- Detecting CXX compiler ABI info - done
-- Check for working CXX compiler: /usr/bin/g++-13 - skipped
-- Detecting CXX compile features
-- Detecting CXX compile features - done
-- Configuring done (0.2s)
-- Generating done (0.0s)
-- Build files have been written to: /scratch/luisr/mlir-aie/programming_examples/basic/block_datatypes/matrix_multiplication/whole_array/_build
cd _build &&  cmake --build . --config Release
gmake[1]: Entering directory '/scratch/luisr/mlir-aie/programming_examples/basic/block_datatypes/matrix_multiplication/whole_array/_build'
gmake[2]: Entering directory '/scratch/luisr/mlir-aie/programming_examples/basic/block_datatypes/matrix_multiplication/whole_array/_build'
gmake[3]: Entering directory '/scratch/luisr/mlir-aie/programming_examples/basic/block_datatypes/matrix_multiplication/whole_array/_build'
gmake[3]: Leaving directory '/scratch/luisr/mlir-aie/programming_examples/basic/block_datatypes/matrix_multiplication/whole_array/_build'
gmake[3]: Entering directory '/scratch/luisr/mlir-aie/programming_examples/basic/block_datatypes/matrix_multiplication/whole_array/_build'
[ 33%] Building CXX object CMakeFiles/whole_array.dir/bfp_test.cpp.o
[ 66%] Building CXX object CMakeFiles/whole_array.dir/scratch/luisr/mlir-aie/runtime_lib/test_lib/test_utils.cpp.o
[100%] Linking CXX executable whole_array
gmake[3]: Leaving directory '/scratch/luisr/mlir-aie/programming_examples/basic/block_datatypes/matrix_multiplication/whole_array/_build'
[100%] Built target whole_array
gmake[2]: Leaving directory '/scratch/luisr/mlir-aie/programming_examples/basic/block_datatypes/matrix_multiplication/whole_array/_build'
gmake[1]: Leaving directory '/scratch/luisr/mlir-aie/programming_examples/basic/block_datatypes/matrix_multiplication/whole_array/_build'
cp _build/whole_array whole_array.exe 
mkdir -p build
python3 /scratch/luisr/mlir-aie/programming_examples/basic/block_datatypes/matrix_multiplication/whole_array/whole_array.py --n-aie-cols 8 -m 96 -k 128 -n 64 -M 1536 -K 512 -N 4096 > build/aie_1536x512x4096_96x128x64.mlir
mkdir -p build
cd build && xchesscc_wrapper aie2p -I /proj/xbuilds/2024.2_INT_1113_1001/installs/all_platforms/Vitis/2024.2/aietools/include  -DDIM_M=96 -DDIM_K=128 -DDIM_N=64 -c /scratch/luisr/mlir-aie/programming_examples/basic/block_datatypes/matrix_multiplication/whole_array/../mm.cc -o mm_96x128x64.o
WARNING: Default location for XILINX_VIVADO_IP_OVERRIDE not found: /build/xfndry/IP_2024.2_INTEGRATION_VERIFIED/customer/vivado/data/ip
mkdir -p build
cd build && aiecc.py --alloc-scheme= --aie-generate-xclbin --no-compile-host --xclbin-name=final_1536x512x4096_96x128x64.xclbin \
			 --dynamic-objFifos \
			--aie-generate-npu-insts --npu-insts-name=insts_1536x512x4096_96x128x64.txt ../build/aie_1536x512x4096_96x128x64.mlir

Generating: /scratch/luisr/mlir-aie/programming_examples/basic/block_datatypes/matrix_multiplication/whole_array/build/aie_1536x512x4096_96x128x64.mlir.prj/aie_cdo_elfs.bin
Generating: /scratch/luisr/mlir-aie/programming_examples/basic/block_datatypes/matrix_multiplication/whole_array/build/aie_1536x512x4096_96x128x64.mlir.prj/aie_cdo_init.bin
Generating: /scratch/luisr/mlir-aie/programming_examples/basic/block_datatypes/matrix_multiplication/whole_array/build/aie_1536x512x4096_96x128x64.mlir.prj/aie_cdo_enable.bin
export XRT_HACK_UNSECURE_LOADING_XCLBIN=1 && \
 ./whole_array.exe -x build/final_1536x512x4096_96x128x64.xclbin -i build/insts_1536x512x4096_96x128x64.txt -k MLIR_AIE -M 1536 -K 512 -N 4096 -w 96 -y 128 -z 64 --iters 40 --warmup 10 --verify 0

Avg NPU matmul time: 866.25us.
Avg NPU gflops: 7437.17

Min NPU matmul time: 809us.
Max NPU gflops: 7963.47

Max NPU matmul time: 897us.
Min NPU gflops: 7182.22

Shuffle time: 12475us.

PASS!

rm -rf build _build whole_array.exe
rm -rf _build
mkdir -p _build
cd _build &&  cmake -E env CXXFLAGS="-std=c++23 -ggdb -DDTYPE_IN= -DDTYPE_OUT= -DDTYPE_ACC=" \
	cmake `echo /scratch/luisr/mlir-aie/programming_examples/basic/block_datatypes/matrix_multiplication/whole_array/..` -D CMAKE_C_COMPILER=gcc-13 -D CMAKE_CXX_COMPILER=g++-13 -DTARGET_NAME=whole_array -Dhostsrc=/scratch/luisr/mlir-aie/programming_examples/basic/block_datatypes/matrix_multiplication/whole_array/../bfp_test.cpp
CMake Deprecation Warning at CMakeLists.txt:13 (cmake_minimum_required):
  Compatibility with CMake < 3.10 will be removed from a future version of
  CMake.

  Update the VERSION argument <min> value.  Or, use the <min>...<max> syntax
  to tell CMake that the project requires at least <min> but has been updated
  to work with policies introduced by <max> or earlier.


-- The C compiler identification is GNU 13.3.0
-- The CXX compiler identification is GNU 13.3.0
-- Detecting C compiler ABI info
-- Detecting C compiler ABI info - done
-- Check for working C compiler: /usr/bin/gcc-13 - skipped
-- Detecting C compile features
-- Detecting C compile features - done
-- Detecting CXX compiler ABI info
-- Detecting CXX compiler ABI info - done
-- Check for working CXX compiler: /usr/bin/g++-13 - skipped
-- Detecting CXX compile features
-- Detecting CXX compile features - done
-- Configuring done (0.3s)
-- Generating done (0.0s)
-- Build files have been written to: /scratch/luisr/mlir-aie/programming_examples/basic/block_datatypes/matrix_multiplication/whole_array/_build
cd _build &&  cmake --build . --config Release
gmake[1]: Entering directory '/scratch/luisr/mlir-aie/programming_examples/basic/block_datatypes/matrix_multiplication/whole_array/_build'
gmake[2]: Entering directory '/scratch/luisr/mlir-aie/programming_examples/basic/block_datatypes/matrix_multiplication/whole_array/_build'
gmake[3]: Entering directory '/scratch/luisr/mlir-aie/programming_examples/basic/block_datatypes/matrix_multiplication/whole_array/_build'
gmake[3]: Leaving directory '/scratch/luisr/mlir-aie/programming_examples/basic/block_datatypes/matrix_multiplication/whole_array/_build'
gmake[3]: Entering directory '/scratch/luisr/mlir-aie/programming_examples/basic/block_datatypes/matrix_multiplication/whole_array/_build'
[ 33%] Building CXX object CMakeFiles/whole_array.dir/bfp_test.cpp.o
[ 66%] Building CXX object CMakeFiles/whole_array.dir/scratch/luisr/mlir-aie/runtime_lib/test_lib/test_utils.cpp.o
[100%] Linking CXX executable whole_array
gmake[3]: Leaving directory '/scratch/luisr/mlir-aie/programming_examples/basic/block_datatypes/matrix_multiplication/whole_array/_build'
[100%] Built target whole_array
gmake[2]: Leaving directory '/scratch/luisr/mlir-aie/programming_examples/basic/block_datatypes/matrix_multiplication/whole_array/_build'
gmake[1]: Leaving directory '/scratch/luisr/mlir-aie/programming_examples/basic/block_datatypes/matrix_multiplication/whole_array/_build'
cp _build/whole_array whole_array.exe 
mkdir -p build
python3 /scratch/luisr/mlir-aie/programming_examples/basic/block_datatypes/matrix_multiplication/whole_array/whole_array.py --n-aie-cols 8 -m 96 -k 128 -n 64 -M 1536 -K 512 -N 8192 > build/aie_1536x512x8192_96x128x64.mlir
mkdir -p build
cd build && xchesscc_wrapper aie2p -I /proj/xbuilds/2024.2_INT_1113_1001/installs/all_platforms/Vitis/2024.2/aietools/include  -DDIM_M=96 -DDIM_K=128 -DDIM_N=64 -c /scratch/luisr/mlir-aie/programming_examples/basic/block_datatypes/matrix_multiplication/whole_array/../mm.cc -o mm_96x128x64.o
WARNING: Default location for XILINX_VIVADO_IP_OVERRIDE not found: /build/xfndry/IP_2024.2_INTEGRATION_VERIFIED/customer/vivado/data/ip
mkdir -p build
cd build && aiecc.py --alloc-scheme= --aie-generate-xclbin --no-compile-host --xclbin-name=final_1536x512x8192_96x128x64.xclbin \
			 --dynamic-objFifos \
			--aie-generate-npu-insts --npu-insts-name=insts_1536x512x8192_96x128x64.txt ../build/aie_1536x512x8192_96x128x64.mlir

Generating: /scratch/luisr/mlir-aie/programming_examples/basic/block_datatypes/matrix_multiplication/whole_array/build/aie_1536x512x8192_96x128x64.mlir.prj/aie_cdo_elfs.bin
Generating: /scratch/luisr/mlir-aie/programming_examples/basic/block_datatypes/matrix_multiplication/whole_array/build/aie_1536x512x8192_96x128x64.mlir.prj/aie_cdo_init.bin
Generating: /scratch/luisr/mlir-aie/programming_examples/basic/block_datatypes/matrix_multiplication/whole_array/build/aie_1536x512x8192_96x128x64.mlir.prj/aie_cdo_enable.bin
export XRT_HACK_UNSECURE_LOADING_XCLBIN=1 && \
 ./whole_array.exe -x build/final_1536x512x8192_96x128x64.xclbin -i build/insts_1536x512x8192_96x128x64.txt -k MLIR_AIE -M 1536 -K 512 -N 8192 -w 96 -y 128 -z 64 --iters 40 --warmup 10 --verify 0

Avg NPU matmul time: 2060.2us.
Avg NPU gflops: 6254.2

Min NPU matmul time: 1938us.
Max NPU gflops: 6648.56

Max NPU matmul time: 2402us.
Min NPU gflops: 5364.24

Shuffle time: 22367us.

PASS!

rm -rf build _build whole_array.exe
rm -rf _build
mkdir -p _build
cd _build &&  cmake -E env CXXFLAGS="-std=c++23 -ggdb -DDTYPE_IN= -DDTYPE_OUT= -DDTYPE_ACC=" \
	cmake `echo /scratch/luisr/mlir-aie/programming_examples/basic/block_datatypes/matrix_multiplication/whole_array/..` -D CMAKE_C_COMPILER=gcc-13 -D CMAKE_CXX_COMPILER=g++-13 -DTARGET_NAME=whole_array -Dhostsrc=/scratch/luisr/mlir-aie/programming_examples/basic/block_datatypes/matrix_multiplication/whole_array/../bfp_test.cpp
CMake Deprecation Warning at CMakeLists.txt:13 (cmake_minimum_required):
  Compatibility with CMake < 3.10 will be removed from a future version of
  CMake.

  Update the VERSION argument <min> value.  Or, use the <min>...<max> syntax
  to tell CMake that the project requires at least <min> but has been updated
  to work with policies introduced by <max> or earlier.


-- The C compiler identification is GNU 13.3.0
-- The CXX compiler identification is GNU 13.3.0
-- Detecting C compiler ABI info
-- Detecting C compiler ABI info - done
-- Check for working C compiler: /usr/bin/gcc-13 - skipped
-- Detecting C compile features
-- Detecting C compile features - done
-- Detecting CXX compiler ABI info
-- Detecting CXX compiler ABI info - done
-- Check for working CXX compiler: /usr/bin/g++-13 - skipped
-- Detecting CXX compile features
-- Detecting CXX compile features - done
-- Configuring done (0.2s)
-- Generating done (0.0s)
-- Build files have been written to: /scratch/luisr/mlir-aie/programming_examples/basic/block_datatypes/matrix_multiplication/whole_array/_build
cd _build &&  cmake --build . --config Release
gmake[1]: Entering directory '/scratch/luisr/mlir-aie/programming_examples/basic/block_datatypes/matrix_multiplication/whole_array/_build'
gmake[2]: Entering directory '/scratch/luisr/mlir-aie/programming_examples/basic/block_datatypes/matrix_multiplication/whole_array/_build'
gmake[3]: Entering directory '/scratch/luisr/mlir-aie/programming_examples/basic/block_datatypes/matrix_multiplication/whole_array/_build'
gmake[3]: Leaving directory '/scratch/luisr/mlir-aie/programming_examples/basic/block_datatypes/matrix_multiplication/whole_array/_build'
gmake[3]: Entering directory '/scratch/luisr/mlir-aie/programming_examples/basic/block_datatypes/matrix_multiplication/whole_array/_build'
[ 33%] Building CXX object CMakeFiles/whole_array.dir/bfp_test.cpp.o
[ 66%] Building CXX object CMakeFiles/whole_array.dir/scratch/luisr/mlir-aie/runtime_lib/test_lib/test_utils.cpp.o
[100%] Linking CXX executable whole_array
gmake[3]: Leaving directory '/scratch/luisr/mlir-aie/programming_examples/basic/block_datatypes/matrix_multiplication/whole_array/_build'
[100%] Built target whole_array
gmake[2]: Leaving directory '/scratch/luisr/mlir-aie/programming_examples/basic/block_datatypes/matrix_multiplication/whole_array/_build'
gmake[1]: Leaving directory '/scratch/luisr/mlir-aie/programming_examples/basic/block_datatypes/matrix_multiplication/whole_array/_build'
cp _build/whole_array whole_array.exe 
mkdir -p build
python3 /scratch/luisr/mlir-aie/programming_examples/basic/block_datatypes/matrix_multiplication/whole_array/whole_array.py --n-aie-cols 8 -m 96 -k 128 -n 64 -M 1536 -K 1024 -N 512 > build/aie_1536x1024x512_96x128x64.mlir
mkdir -p build
cd build && xchesscc_wrapper aie2p -I /proj/xbuilds/2024.2_INT_1113_1001/installs/all_platforms/Vitis/2024.2/aietools/include  -DDIM_M=96 -DDIM_K=128 -DDIM_N=64 -c /scratch/luisr/mlir-aie/programming_examples/basic/block_datatypes/matrix_multiplication/whole_array/../mm.cc -o mm_96x128x64.o
WARNING: Default location for XILINX_VIVADO_IP_OVERRIDE not found: /build/xfndry/IP_2024.2_INTEGRATION_VERIFIED/customer/vivado/data/ip
mkdir -p build
cd build && aiecc.py --alloc-scheme= --aie-generate-xclbin --no-compile-host --xclbin-name=final_1536x1024x512_96x128x64.xclbin \
			 --dynamic-objFifos \
			--aie-generate-npu-insts --npu-insts-name=insts_1536x1024x512_96x128x64.txt ../build/aie_1536x1024x512_96x128x64.mlir

Generating: /scratch/luisr/mlir-aie/programming_examples/basic/block_datatypes/matrix_multiplication/whole_array/build/aie_1536x1024x512_96x128x64.mlir.prj/aie_cdo_elfs.bin
Generating: /scratch/luisr/mlir-aie/programming_examples/basic/block_datatypes/matrix_multiplication/whole_array/build/aie_1536x1024x512_96x128x64.mlir.prj/aie_cdo_init.bin
Generating: /scratch/luisr/mlir-aie/programming_examples/basic/block_datatypes/matrix_multiplication/whole_array/build/aie_1536x1024x512_96x128x64.mlir.prj/aie_cdo_enable.bin
export XRT_HACK_UNSECURE_LOADING_XCLBIN=1 && \
 ./whole_array.exe -x build/final_1536x1024x512_96x128x64.xclbin -i build/insts_1536x1024x512_96x128x64.txt -k MLIR_AIE -M 1536 -K 1024 -N 512 -w 96 -y 128 -z 64 --iters 40 --warmup 10 --verify 0

Avg NPU matmul time: 265.225us.
Avg NPU gflops: 6072.63

Min NPU matmul time: 247us.
Max NPU gflops: 6520.7

Max NPU matmul time: 315us.
Min NPU gflops: 5113.06

Shuffle time: 11845us.

PASS!

rm -rf build _build whole_array.exe
rm -rf _build
mkdir -p _build
cd _build &&  cmake -E env CXXFLAGS="-std=c++23 -ggdb -DDTYPE_IN= -DDTYPE_OUT= -DDTYPE_ACC=" \
	cmake `echo /scratch/luisr/mlir-aie/programming_examples/basic/block_datatypes/matrix_multiplication/whole_array/..` -D CMAKE_C_COMPILER=gcc-13 -D CMAKE_CXX_COMPILER=g++-13 -DTARGET_NAME=whole_array -Dhostsrc=/scratch/luisr/mlir-aie/programming_examples/basic/block_datatypes/matrix_multiplication/whole_array/../bfp_test.cpp
CMake Deprecation Warning at CMakeLists.txt:13 (cmake_minimum_required):
  Compatibility with CMake < 3.10 will be removed from a future version of
  CMake.

  Update the VERSION argument <min> value.  Or, use the <min>...<max> syntax
  to tell CMake that the project requires at least <min> but has been updated
  to work with policies introduced by <max> or earlier.


-- The C compiler identification is GNU 13.3.0
-- The CXX compiler identification is GNU 13.3.0
-- Detecting C compiler ABI info
-- Detecting C compiler ABI info - done
-- Check for working C compiler: /usr/bin/gcc-13 - skipped
-- Detecting C compile features
-- Detecting C compile features - done
-- Detecting CXX compiler ABI info
-- Detecting CXX compiler ABI info - done
-- Check for working CXX compiler: /usr/bin/g++-13 - skipped
-- Detecting CXX compile features
-- Detecting CXX compile features - done
-- Configuring done (0.3s)
-- Generating done (0.0s)
-- Build files have been written to: /scratch/luisr/mlir-aie/programming_examples/basic/block_datatypes/matrix_multiplication/whole_array/_build
cd _build &&  cmake --build . --config Release
gmake[1]: Entering directory '/scratch/luisr/mlir-aie/programming_examples/basic/block_datatypes/matrix_multiplication/whole_array/_build'
gmake[2]: Entering directory '/scratch/luisr/mlir-aie/programming_examples/basic/block_datatypes/matrix_multiplication/whole_array/_build'
gmake[3]: Entering directory '/scratch/luisr/mlir-aie/programming_examples/basic/block_datatypes/matrix_multiplication/whole_array/_build'
gmake[3]: Leaving directory '/scratch/luisr/mlir-aie/programming_examples/basic/block_datatypes/matrix_multiplication/whole_array/_build'
gmake[3]: Entering directory '/scratch/luisr/mlir-aie/programming_examples/basic/block_datatypes/matrix_multiplication/whole_array/_build'
[ 33%] Building CXX object CMakeFiles/whole_array.dir/bfp_test.cpp.o
[ 66%] Building CXX object CMakeFiles/whole_array.dir/scratch/luisr/mlir-aie/runtime_lib/test_lib/test_utils.cpp.o
[100%] Linking CXX executable whole_array
gmake[3]: Leaving directory '/scratch/luisr/mlir-aie/programming_examples/basic/block_datatypes/matrix_multiplication/whole_array/_build'
[100%] Built target whole_array
gmake[2]: Leaving directory '/scratch/luisr/mlir-aie/programming_examples/basic/block_datatypes/matrix_multiplication/whole_array/_build'
gmake[1]: Leaving directory '/scratch/luisr/mlir-aie/programming_examples/basic/block_datatypes/matrix_multiplication/whole_array/_build'
cp _build/whole_array whole_array.exe 
mkdir -p build
python3 /scratch/luisr/mlir-aie/programming_examples/basic/block_datatypes/matrix_multiplication/whole_array/whole_array.py --n-aie-cols 8 -m 96 -k 128 -n 64 -M 1536 -K 1024 -N 1024 > build/aie_1536x1024x1024_96x128x64.mlir
mkdir -p build
cd build && xchesscc_wrapper aie2p -I /proj/xbuilds/2024.2_INT_1113_1001/installs/all_platforms/Vitis/2024.2/aietools/include  -DDIM_M=96 -DDIM_K=128 -DDIM_N=64 -c /scratch/luisr/mlir-aie/programming_examples/basic/block_datatypes/matrix_multiplication/whole_array/../mm.cc -o mm_96x128x64.o
WARNING: Default location for XILINX_VIVADO_IP_OVERRIDE not found: /build/xfndry/IP_2024.2_INTEGRATION_VERIFIED/customer/vivado/data/ip
mkdir -p build
cd build && aiecc.py --alloc-scheme= --aie-generate-xclbin --no-compile-host --xclbin-name=final_1536x1024x1024_96x128x64.xclbin \
			 --dynamic-objFifos \
			--aie-generate-npu-insts --npu-insts-name=insts_1536x1024x1024_96x128x64.txt ../build/aie_1536x1024x1024_96x128x64.mlir

Generating: /scratch/luisr/mlir-aie/programming_examples/basic/block_datatypes/matrix_multiplication/whole_array/build/aie_1536x1024x1024_96x128x64.mlir.prj/aie_cdo_elfs.bin
Generating: /scratch/luisr/mlir-aie/programming_examples/basic/block_datatypes/matrix_multiplication/whole_array/build/aie_1536x1024x1024_96x128x64.mlir.prj/aie_cdo_init.bin
Generating: /scratch/luisr/mlir-aie/programming_examples/basic/block_datatypes/matrix_multiplication/whole_array/build/aie_1536x1024x1024_96x128x64.mlir.prj/aie_cdo_enable.bin
export XRT_HACK_UNSECURE_LOADING_XCLBIN=1 && \
 ./whole_array.exe -x build/final_1536x1024x1024_96x128x64.xclbin -i build/insts_1536x1024x1024_96x128x64.txt -k MLIR_AIE -M 1536 -K 1024 -N 1024 -w 96 -y 128 -z 64 --iters 40 --warmup 10 --verify 0

Avg NPU matmul time: 400.25us.
Avg NPU gflops: 8048.03

Min NPU matmul time: 383us.
Max NPU gflops: 8410.51

Max NPU matmul time: 457us.
Min NPU gflops: 7048.63

Shuffle time: 10672us.

PASS!

rm -rf build _build whole_array.exe
rm -rf _build
mkdir -p _build
cd _build &&  cmake -E env CXXFLAGS="-std=c++23 -ggdb -DDTYPE_IN= -DDTYPE_OUT= -DDTYPE_ACC=" \
	cmake `echo /scratch/luisr/mlir-aie/programming_examples/basic/block_datatypes/matrix_multiplication/whole_array/..` -D CMAKE_C_COMPILER=gcc-13 -D CMAKE_CXX_COMPILER=g++-13 -DTARGET_NAME=whole_array -Dhostsrc=/scratch/luisr/mlir-aie/programming_examples/basic/block_datatypes/matrix_multiplication/whole_array/../bfp_test.cpp
CMake Deprecation Warning at CMakeLists.txt:13 (cmake_minimum_required):
  Compatibility with CMake < 3.10 will be removed from a future version of
  CMake.

  Update the VERSION argument <min> value.  Or, use the <min>...<max> syntax
  to tell CMake that the project requires at least <min> but has been updated
  to work with policies introduced by <max> or earlier.


-- The C compiler identification is GNU 13.3.0
-- The CXX compiler identification is GNU 13.3.0
-- Detecting C compiler ABI info
-- Detecting C compiler ABI info - done
-- Check for working C compiler: /usr/bin/gcc-13 - skipped
-- Detecting C compile features
-- Detecting C compile features - done
-- Detecting CXX compiler ABI info
-- Detecting CXX compiler ABI info - done
-- Check for working CXX compiler: /usr/bin/g++-13 - skipped
-- Detecting CXX compile features
-- Detecting CXX compile features - done
-- Configuring done (0.3s)
-- Generating done (0.0s)
-- Build files have been written to: /scratch/luisr/mlir-aie/programming_examples/basic/block_datatypes/matrix_multiplication/whole_array/_build
cd _build &&  cmake --build . --config Release
gmake[1]: Entering directory '/scratch/luisr/mlir-aie/programming_examples/basic/block_datatypes/matrix_multiplication/whole_array/_build'
gmake[2]: Entering directory '/scratch/luisr/mlir-aie/programming_examples/basic/block_datatypes/matrix_multiplication/whole_array/_build'
gmake[3]: Entering directory '/scratch/luisr/mlir-aie/programming_examples/basic/block_datatypes/matrix_multiplication/whole_array/_build'
gmake[3]: Leaving directory '/scratch/luisr/mlir-aie/programming_examples/basic/block_datatypes/matrix_multiplication/whole_array/_build'
gmake[3]: Entering directory '/scratch/luisr/mlir-aie/programming_examples/basic/block_datatypes/matrix_multiplication/whole_array/_build'
[ 33%] Building CXX object CMakeFiles/whole_array.dir/bfp_test.cpp.o
[ 66%] Building CXX object CMakeFiles/whole_array.dir/scratch/luisr/mlir-aie/runtime_lib/test_lib/test_utils.cpp.o
[100%] Linking CXX executable whole_array
gmake[3]: Leaving directory '/scratch/luisr/mlir-aie/programming_examples/basic/block_datatypes/matrix_multiplication/whole_array/_build'
[100%] Built target whole_array
gmake[2]: Leaving directory '/scratch/luisr/mlir-aie/programming_examples/basic/block_datatypes/matrix_multiplication/whole_array/_build'
gmake[1]: Leaving directory '/scratch/luisr/mlir-aie/programming_examples/basic/block_datatypes/matrix_multiplication/whole_array/_build'
cp _build/whole_array whole_array.exe 
mkdir -p build
python3 /scratch/luisr/mlir-aie/programming_examples/basic/block_datatypes/matrix_multiplication/whole_array/whole_array.py --n-aie-cols 8 -m 96 -k 128 -n 64 -M 1536 -K 1024 -N 4096 > build/aie_1536x1024x4096_96x128x64.mlir
mkdir -p build
cd build && xchesscc_wrapper aie2p -I /proj/xbuilds/2024.2_INT_1113_1001/installs/all_platforms/Vitis/2024.2/aietools/include  -DDIM_M=96 -DDIM_K=128 -DDIM_N=64 -c /scratch/luisr/mlir-aie/programming_examples/basic/block_datatypes/matrix_multiplication/whole_array/../mm.cc -o mm_96x128x64.o
WARNING: Default location for XILINX_VIVADO_IP_OVERRIDE not found: /build/xfndry/IP_2024.2_INTEGRATION_VERIFIED/customer/vivado/data/ip
mkdir -p build
cd build && aiecc.py --alloc-scheme= --aie-generate-xclbin --no-compile-host --xclbin-name=final_1536x1024x4096_96x128x64.xclbin \
			 --dynamic-objFifos \
			--aie-generate-npu-insts --npu-insts-name=insts_1536x1024x4096_96x128x64.txt ../build/aie_1536x1024x4096_96x128x64.mlir

Generating: /scratch/luisr/mlir-aie/programming_examples/basic/block_datatypes/matrix_multiplication/whole_array/build/aie_1536x1024x4096_96x128x64.mlir.prj/aie_cdo_elfs.bin
Generating: /scratch/luisr/mlir-aie/programming_examples/basic/block_datatypes/matrix_multiplication/whole_array/build/aie_1536x1024x4096_96x128x64.mlir.prj/aie_cdo_init.bin
Generating: /scratch/luisr/mlir-aie/programming_examples/basic/block_datatypes/matrix_multiplication/whole_array/build/aie_1536x1024x4096_96x128x64.mlir.prj/aie_cdo_enable.bin
export XRT_HACK_UNSECURE_LOADING_XCLBIN=1 && \
 ./whole_array.exe -x build/final_1536x1024x4096_96x128x64.xclbin -i build/insts_1536x1024x4096_96x128x64.txt -k MLIR_AIE -M 1536 -K 1024 -N 4096 -w 96 -y 128 -z 64 --iters 40 --warmup 10 --verify 0

Avg NPU matmul time: 1292.95us.
Avg NPU gflops: 9965.51

Min NPU matmul time: 1271us.
Max NPU gflops: 10137.6

Max NPU matmul time: 1307us.
Min NPU gflops: 9858.38

Shuffle time: 24671us.

PASS!

rm -rf build _build whole_array.exe
rm -rf _build
mkdir -p _build
cd _build &&  cmake -E env CXXFLAGS="-std=c++23 -ggdb -DDTYPE_IN= -DDTYPE_OUT= -DDTYPE_ACC=" \
	cmake `echo /scratch/luisr/mlir-aie/programming_examples/basic/block_datatypes/matrix_multiplication/whole_array/..` -D CMAKE_C_COMPILER=gcc-13 -D CMAKE_CXX_COMPILER=g++-13 -DTARGET_NAME=whole_array -Dhostsrc=/scratch/luisr/mlir-aie/programming_examples/basic/block_datatypes/matrix_multiplication/whole_array/../bfp_test.cpp
CMake Deprecation Warning at CMakeLists.txt:13 (cmake_minimum_required):
  Compatibility with CMake < 3.10 will be removed from a future version of
  CMake.

  Update the VERSION argument <min> value.  Or, use the <min>...<max> syntax
  to tell CMake that the project requires at least <min> but has been updated
  to work with policies introduced by <max> or earlier.


-- The C compiler identification is GNU 13.3.0
-- The CXX compiler identification is GNU 13.3.0
-- Detecting C compiler ABI info
-- Detecting C compiler ABI info - done
-- Check for working C compiler: /usr/bin/gcc-13 - skipped
-- Detecting C compile features
-- Detecting C compile features - done
-- Detecting CXX compiler ABI info
-- Detecting CXX compiler ABI info - done
-- Check for working CXX compiler: /usr/bin/g++-13 - skipped
-- Detecting CXX compile features
-- Detecting CXX compile features - done
-- Configuring done (0.3s)
-- Generating done (0.0s)
-- Build files have been written to: /scratch/luisr/mlir-aie/programming_examples/basic/block_datatypes/matrix_multiplication/whole_array/_build
cd _build &&  cmake --build . --config Release
gmake[1]: Entering directory '/scratch/luisr/mlir-aie/programming_examples/basic/block_datatypes/matrix_multiplication/whole_array/_build'
gmake[2]: Entering directory '/scratch/luisr/mlir-aie/programming_examples/basic/block_datatypes/matrix_multiplication/whole_array/_build'
gmake[3]: Entering directory '/scratch/luisr/mlir-aie/programming_examples/basic/block_datatypes/matrix_multiplication/whole_array/_build'
gmake[3]: Leaving directory '/scratch/luisr/mlir-aie/programming_examples/basic/block_datatypes/matrix_multiplication/whole_array/_build'
gmake[3]: Entering directory '/scratch/luisr/mlir-aie/programming_examples/basic/block_datatypes/matrix_multiplication/whole_array/_build'
[ 33%] Building CXX object CMakeFiles/whole_array.dir/bfp_test.cpp.o
[ 66%] Building CXX object CMakeFiles/whole_array.dir/scratch/luisr/mlir-aie/runtime_lib/test_lib/test_utils.cpp.o
[100%] Linking CXX executable whole_array
gmake[3]: Leaving directory '/scratch/luisr/mlir-aie/programming_examples/basic/block_datatypes/matrix_multiplication/whole_array/_build'
[100%] Built target whole_array
gmake[2]: Leaving directory '/scratch/luisr/mlir-aie/programming_examples/basic/block_datatypes/matrix_multiplication/whole_array/_build'
gmake[1]: Leaving directory '/scratch/luisr/mlir-aie/programming_examples/basic/block_datatypes/matrix_multiplication/whole_array/_build'
cp _build/whole_array whole_array.exe 
mkdir -p build
python3 /scratch/luisr/mlir-aie/programming_examples/basic/block_datatypes/matrix_multiplication/whole_array/whole_array.py --n-aie-cols 8 -m 96 -k 128 -n 64 -M 1536 -K 1024 -N 8192 > build/aie_1536x1024x8192_96x128x64.mlir
mkdir -p build
cd build && xchesscc_wrapper aie2p -I /proj/xbuilds/2024.2_INT_1113_1001/installs/all_platforms/Vitis/2024.2/aietools/include  -DDIM_M=96 -DDIM_K=128 -DDIM_N=64 -c /scratch/luisr/mlir-aie/programming_examples/basic/block_datatypes/matrix_multiplication/whole_array/../mm.cc -o mm_96x128x64.o
WARNING: Default location for XILINX_VIVADO_IP_OVERRIDE not found: /build/xfndry/IP_2024.2_INTEGRATION_VERIFIED/customer/vivado/data/ip
mkdir -p build
cd build && aiecc.py --alloc-scheme= --aie-generate-xclbin --no-compile-host --xclbin-name=final_1536x1024x8192_96x128x64.xclbin \
			 --dynamic-objFifos \
			--aie-generate-npu-insts --npu-insts-name=insts_1536x1024x8192_96x128x64.txt ../build/aie_1536x1024x8192_96x128x64.mlir

Generating: /scratch/luisr/mlir-aie/programming_examples/basic/block_datatypes/matrix_multiplication/whole_array/build/aie_1536x1024x8192_96x128x64.mlir.prj/aie_cdo_elfs.bin
Generating: /scratch/luisr/mlir-aie/programming_examples/basic/block_datatypes/matrix_multiplication/whole_array/build/aie_1536x1024x8192_96x128x64.mlir.prj/aie_cdo_init.bin
Generating: /scratch/luisr/mlir-aie/programming_examples/basic/block_datatypes/matrix_multiplication/whole_array/build/aie_1536x1024x8192_96x128x64.mlir.prj/aie_cdo_enable.bin
export XRT_HACK_UNSECURE_LOADING_XCLBIN=1 && \
 ./whole_array.exe -x build/final_1536x1024x8192_96x128x64.xclbin -i build/insts_1536x1024x8192_96x128x64.txt -k MLIR_AIE -M 1536 -K 1024 -N 8192 -w 96 -y 128 -z 64 --iters 40 --warmup 10 --verify 0

Avg NPU matmul time: 2789.38us.
Avg NPU gflops: 9238.56

Min NPU matmul time: 2513us.
Max NPU gflops: 10254.6

Max NPU matmul time: 3042us.
Min NPU gflops: 8471.34

Shuffle time: 45088us.

PASS!

rm -rf build _build whole_array.exe
rm -rf _build
mkdir -p _build
cd _build &&  cmake -E env CXXFLAGS="-std=c++23 -ggdb -DDTYPE_IN= -DDTYPE_OUT= -DDTYPE_ACC=" \
	cmake `echo /scratch/luisr/mlir-aie/programming_examples/basic/block_datatypes/matrix_multiplication/whole_array/..` -D CMAKE_C_COMPILER=gcc-13 -D CMAKE_CXX_COMPILER=g++-13 -DTARGET_NAME=whole_array -Dhostsrc=/scratch/luisr/mlir-aie/programming_examples/basic/block_datatypes/matrix_multiplication/whole_array/../bfp_test.cpp
CMake Deprecation Warning at CMakeLists.txt:13 (cmake_minimum_required):
  Compatibility with CMake < 3.10 will be removed from a future version of
  CMake.

  Update the VERSION argument <min> value.  Or, use the <min>...<max> syntax
  to tell CMake that the project requires at least <min> but has been updated
  to work with policies introduced by <max> or earlier.


-- The C compiler identification is GNU 13.3.0
-- The CXX compiler identification is GNU 13.3.0
-- Detecting C compiler ABI info
-- Detecting C compiler ABI info - done
-- Check for working C compiler: /usr/bin/gcc-13 - skipped
-- Detecting C compile features
-- Detecting C compile features - done
-- Detecting CXX compiler ABI info
-- Detecting CXX compiler ABI info - done
-- Check for working CXX compiler: /usr/bin/g++-13 - skipped
-- Detecting CXX compile features
-- Detecting CXX compile features - done
-- Configuring done (0.3s)
-- Generating done (0.0s)
-- Build files have been written to: /scratch/luisr/mlir-aie/programming_examples/basic/block_datatypes/matrix_multiplication/whole_array/_build
cd _build &&  cmake --build . --config Release
gmake[1]: Entering directory '/scratch/luisr/mlir-aie/programming_examples/basic/block_datatypes/matrix_multiplication/whole_array/_build'
gmake[2]: Entering directory '/scratch/luisr/mlir-aie/programming_examples/basic/block_datatypes/matrix_multiplication/whole_array/_build'
gmake[3]: Entering directory '/scratch/luisr/mlir-aie/programming_examples/basic/block_datatypes/matrix_multiplication/whole_array/_build'
gmake[3]: Leaving directory '/scratch/luisr/mlir-aie/programming_examples/basic/block_datatypes/matrix_multiplication/whole_array/_build'
gmake[3]: Entering directory '/scratch/luisr/mlir-aie/programming_examples/basic/block_datatypes/matrix_multiplication/whole_array/_build'
[ 33%] Building CXX object CMakeFiles/whole_array.dir/bfp_test.cpp.o
[ 66%] Building CXX object CMakeFiles/whole_array.dir/scratch/luisr/mlir-aie/runtime_lib/test_lib/test_utils.cpp.o
[100%] Linking CXX executable whole_array
gmake[3]: Leaving directory '/scratch/luisr/mlir-aie/programming_examples/basic/block_datatypes/matrix_multiplication/whole_array/_build'
[100%] Built target whole_array
gmake[2]: Leaving directory '/scratch/luisr/mlir-aie/programming_examples/basic/block_datatypes/matrix_multiplication/whole_array/_build'
gmake[1]: Leaving directory '/scratch/luisr/mlir-aie/programming_examples/basic/block_datatypes/matrix_multiplication/whole_array/_build'
cp _build/whole_array whole_array.exe 
mkdir -p build
python3 /scratch/luisr/mlir-aie/programming_examples/basic/block_datatypes/matrix_multiplication/whole_array/whole_array.py --n-aie-cols 8 -m 96 -k 128 -n 64 -M 1536 -K 4096 -N 512 > build/aie_1536x4096x512_96x128x64.mlir
mkdir -p build
cd build && xchesscc_wrapper aie2p -I /proj/xbuilds/2024.2_INT_1113_1001/installs/all_platforms/Vitis/2024.2/aietools/include  -DDIM_M=96 -DDIM_K=128 -DDIM_N=64 -c /scratch/luisr/mlir-aie/programming_examples/basic/block_datatypes/matrix_multiplication/whole_array/../mm.cc -o mm_96x128x64.o
WARNING: Default location for XILINX_VIVADO_IP_OVERRIDE not found: /build/xfndry/IP_2024.2_INTEGRATION_VERIFIED/customer/vivado/data/ip
mkdir -p build
cd build && aiecc.py --alloc-scheme= --aie-generate-xclbin --no-compile-host --xclbin-name=final_1536x4096x512_96x128x64.xclbin \
			 --dynamic-objFifos \
			--aie-generate-npu-insts --npu-insts-name=insts_1536x4096x512_96x128x64.txt ../build/aie_1536x4096x512_96x128x64.mlir

Generating: /scratch/luisr/mlir-aie/programming_examples/basic/block_datatypes/matrix_multiplication/whole_array/build/aie_1536x4096x512_96x128x64.mlir.prj/aie_cdo_elfs.bin
Generating: /scratch/luisr/mlir-aie/programming_examples/basic/block_datatypes/matrix_multiplication/whole_array/build/aie_1536x4096x512_96x128x64.mlir.prj/aie_cdo_init.bin
Generating: /scratch/luisr/mlir-aie/programming_examples/basic/block_datatypes/matrix_multiplication/whole_array/build/aie_1536x4096x512_96x128x64.mlir.prj/aie_cdo_enable.bin
export XRT_HACK_UNSECURE_LOADING_XCLBIN=1 && \
 ./whole_array.exe -x build/final_1536x4096x512_96x128x64.xclbin -i build/insts_1536x4096x512_96x128x64.txt -k MLIR_AIE -M 1536 -K 4096 -N 512 -w 96 -y 128 -z 64 --iters 40 --warmup 10 --verify 0

Avg NPU matmul time: 727.925us.
Avg NPU gflops: 8850.43

Min NPU matmul time: 718us.
Max NPU gflops: 8972.77

Max NPU matmul time: 738us.
Min NPU gflops: 8729.61

Shuffle time: 38364us.

PASS!

rm -rf build _build whole_array.exe
rm -rf _build
mkdir -p _build
cd _build &&  cmake -E env CXXFLAGS="-std=c++23 -ggdb -DDTYPE_IN= -DDTYPE_OUT= -DDTYPE_ACC=" \
	cmake `echo /scratch/luisr/mlir-aie/programming_examples/basic/block_datatypes/matrix_multiplication/whole_array/..` -D CMAKE_C_COMPILER=gcc-13 -D CMAKE_CXX_COMPILER=g++-13 -DTARGET_NAME=whole_array -Dhostsrc=/scratch/luisr/mlir-aie/programming_examples/basic/block_datatypes/matrix_multiplication/whole_array/../bfp_test.cpp
CMake Deprecation Warning at CMakeLists.txt:13 (cmake_minimum_required):
  Compatibility with CMake < 3.10 will be removed from a future version of
  CMake.

  Update the VERSION argument <min> value.  Or, use the <min>...<max> syntax
  to tell CMake that the project requires at least <min> but has been updated
  to work with policies introduced by <max> or earlier.


-- The C compiler identification is GNU 13.3.0
-- The CXX compiler identification is GNU 13.3.0
-- Detecting C compiler ABI info
-- Detecting C compiler ABI info - done
-- Check for working C compiler: /usr/bin/gcc-13 - skipped
-- Detecting C compile features
-- Detecting C compile features - done
-- Detecting CXX compiler ABI info
-- Detecting CXX compiler ABI info - done
-- Check for working CXX compiler: /usr/bin/g++-13 - skipped
-- Detecting CXX compile features
-- Detecting CXX compile features - done
-- Configuring done (0.3s)
-- Generating done (0.0s)
-- Build files have been written to: /scratch/luisr/mlir-aie/programming_examples/basic/block_datatypes/matrix_multiplication/whole_array/_build
cd _build &&  cmake --build . --config Release
gmake[1]: Entering directory '/scratch/luisr/mlir-aie/programming_examples/basic/block_datatypes/matrix_multiplication/whole_array/_build'
gmake[2]: Entering directory '/scratch/luisr/mlir-aie/programming_examples/basic/block_datatypes/matrix_multiplication/whole_array/_build'
gmake[3]: Entering directory '/scratch/luisr/mlir-aie/programming_examples/basic/block_datatypes/matrix_multiplication/whole_array/_build'
gmake[3]: Leaving directory '/scratch/luisr/mlir-aie/programming_examples/basic/block_datatypes/matrix_multiplication/whole_array/_build'
gmake[3]: Entering directory '/scratch/luisr/mlir-aie/programming_examples/basic/block_datatypes/matrix_multiplication/whole_array/_build'
[ 33%] Building CXX object CMakeFiles/whole_array.dir/bfp_test.cpp.o
[ 66%] Building CXX object CMakeFiles/whole_array.dir/scratch/luisr/mlir-aie/runtime_lib/test_lib/test_utils.cpp.o
[100%] Linking CXX executable whole_array
gmake[3]: Leaving directory '/scratch/luisr/mlir-aie/programming_examples/basic/block_datatypes/matrix_multiplication/whole_array/_build'
[100%] Built target whole_array
gmake[2]: Leaving directory '/scratch/luisr/mlir-aie/programming_examples/basic/block_datatypes/matrix_multiplication/whole_array/_build'
gmake[1]: Leaving directory '/scratch/luisr/mlir-aie/programming_examples/basic/block_datatypes/matrix_multiplication/whole_array/_build'
cp _build/whole_array whole_array.exe 
mkdir -p build
python3 /scratch/luisr/mlir-aie/programming_examples/basic/block_datatypes/matrix_multiplication/whole_array/whole_array.py --n-aie-cols 8 -m 96 -k 128 -n 64 -M 1536 -K 4096 -N 1024 > build/aie_1536x4096x1024_96x128x64.mlir
mkdir -p build
cd build && xchesscc_wrapper aie2p -I /proj/xbuilds/2024.2_INT_1113_1001/installs/all_platforms/Vitis/2024.2/aietools/include  -DDIM_M=96 -DDIM_K=128 -DDIM_N=64 -c /scratch/luisr/mlir-aie/programming_examples/basic/block_datatypes/matrix_multiplication/whole_array/../mm.cc -o mm_96x128x64.o
WARNING: Default location for XILINX_VIVADO_IP_OVERRIDE not found: /build/xfndry/IP_2024.2_INTEGRATION_VERIFIED/customer/vivado/data/ip
mkdir -p build
cd build && aiecc.py --alloc-scheme= --aie-generate-xclbin --no-compile-host --xclbin-name=final_1536x4096x1024_96x128x64.xclbin \
			 --dynamic-objFifos \
			--aie-generate-npu-insts --npu-insts-name=insts_1536x4096x1024_96x128x64.txt ../build/aie_1536x4096x1024_96x128x64.mlir

Generating: /scratch/luisr/mlir-aie/programming_examples/basic/block_datatypes/matrix_multiplication/whole_array/build/aie_1536x4096x1024_96x128x64.mlir.prj/aie_cdo_elfs.bin
Generating: /scratch/luisr/mlir-aie/programming_examples/basic/block_datatypes/matrix_multiplication/whole_array/build/aie_1536x4096x1024_96x128x64.mlir.prj/aie_cdo_init.bin
Generating: /scratch/luisr/mlir-aie/programming_examples/basic/block_datatypes/matrix_multiplication/whole_array/build/aie_1536x4096x1024_96x128x64.mlir.prj/aie_cdo_enable.bin
export XRT_HACK_UNSECURE_LOADING_XCLBIN=1 && \
 ./whole_array.exe -x build/final_1536x4096x1024_96x128x64.xclbin -i build/insts_1536x4096x1024_96x128x64.txt -k MLIR_AIE -M 1536 -K 4096 -N 1024 -w 96 -y 128 -z 64 --iters 40 --warmup 10 --verify 0

Avg NPU matmul time: 1682.7us.
Avg NPU gflops: 7657.28

Min NPU matmul time: 1340us.
Max NPU gflops: 9615.6

Max NPU matmul time: 1930us.
Min NPU gflops: 6676.11

Shuffle time: 48025us.

PASS!

rm -rf build _build whole_array.exe
rm -rf _build
mkdir -p _build
cd _build &&  cmake -E env CXXFLAGS="-std=c++23 -ggdb -DDTYPE_IN= -DDTYPE_OUT= -DDTYPE_ACC=" \
	cmake `echo /scratch/luisr/mlir-aie/programming_examples/basic/block_datatypes/matrix_multiplication/whole_array/..` -D CMAKE_C_COMPILER=gcc-13 -D CMAKE_CXX_COMPILER=g++-13 -DTARGET_NAME=whole_array -Dhostsrc=/scratch/luisr/mlir-aie/programming_examples/basic/block_datatypes/matrix_multiplication/whole_array/../bfp_test.cpp
CMake Deprecation Warning at CMakeLists.txt:13 (cmake_minimum_required):
  Compatibility with CMake < 3.10 will be removed from a future version of
  CMake.

  Update the VERSION argument <min> value.  Or, use the <min>...<max> syntax
  to tell CMake that the project requires at least <min> but has been updated
  to work with policies introduced by <max> or earlier.


-- The C compiler identification is GNU 13.3.0
-- The CXX compiler identification is GNU 13.3.0
-- Detecting C compiler ABI info
-- Detecting C compiler ABI info - done
-- Check for working C compiler: /usr/bin/gcc-13 - skipped
-- Detecting C compile features
-- Detecting C compile features - done
-- Detecting CXX compiler ABI info
-- Detecting CXX compiler ABI info - done
-- Check for working CXX compiler: /usr/bin/g++-13 - skipped
-- Detecting CXX compile features
-- Detecting CXX compile features - done
-- Configuring done (0.3s)
-- Generating done (0.0s)
-- Build files have been written to: /scratch/luisr/mlir-aie/programming_examples/basic/block_datatypes/matrix_multiplication/whole_array/_build
cd _build &&  cmake --build . --config Release
gmake[1]: Entering directory '/scratch/luisr/mlir-aie/programming_examples/basic/block_datatypes/matrix_multiplication/whole_array/_build'
gmake[2]: Entering directory '/scratch/luisr/mlir-aie/programming_examples/basic/block_datatypes/matrix_multiplication/whole_array/_build'
gmake[3]: Entering directory '/scratch/luisr/mlir-aie/programming_examples/basic/block_datatypes/matrix_multiplication/whole_array/_build'
gmake[3]: Leaving directory '/scratch/luisr/mlir-aie/programming_examples/basic/block_datatypes/matrix_multiplication/whole_array/_build'
gmake[3]: Entering directory '/scratch/luisr/mlir-aie/programming_examples/basic/block_datatypes/matrix_multiplication/whole_array/_build'
[ 33%] Building CXX object CMakeFiles/whole_array.dir/bfp_test.cpp.o
[ 66%] Building CXX object CMakeFiles/whole_array.dir/scratch/luisr/mlir-aie/runtime_lib/test_lib/test_utils.cpp.o
[100%] Linking CXX executable whole_array
gmake[3]: Leaving directory '/scratch/luisr/mlir-aie/programming_examples/basic/block_datatypes/matrix_multiplication/whole_array/_build'
[100%] Built target whole_array
gmake[2]: Leaving directory '/scratch/luisr/mlir-aie/programming_examples/basic/block_datatypes/matrix_multiplication/whole_array/_build'
gmake[1]: Leaving directory '/scratch/luisr/mlir-aie/programming_examples/basic/block_datatypes/matrix_multiplication/whole_array/_build'
cp _build/whole_array whole_array.exe 
mkdir -p build
python3 /scratch/luisr/mlir-aie/programming_examples/basic/block_datatypes/matrix_multiplication/whole_array/whole_array.py --n-aie-cols 8 -m 96 -k 128 -n 64 -M 1536 -K 4096 -N 4096 > build/aie_1536x4096x4096_96x128x64.mlir
mkdir -p build
cd build && xchesscc_wrapper aie2p -I /proj/xbuilds/2024.2_INT_1113_1001/installs/all_platforms/Vitis/2024.2/aietools/include  -DDIM_M=96 -DDIM_K=128 -DDIM_N=64 -c /scratch/luisr/mlir-aie/programming_examples/basic/block_datatypes/matrix_multiplication/whole_array/../mm.cc -o mm_96x128x64.o
WARNING: Default location for XILINX_VIVADO_IP_OVERRIDE not found: /build/xfndry/IP_2024.2_INTEGRATION_VERIFIED/customer/vivado/data/ip
mkdir -p build
cd build && aiecc.py --alloc-scheme= --aie-generate-xclbin --no-compile-host --xclbin-name=final_1536x4096x4096_96x128x64.xclbin \
			 --dynamic-objFifos \
			--aie-generate-npu-insts --npu-insts-name=insts_1536x4096x4096_96x128x64.txt ../build/aie_1536x4096x4096_96x128x64.mlir

Generating: /scratch/luisr/mlir-aie/programming_examples/basic/block_datatypes/matrix_multiplication/whole_array/build/aie_1536x4096x4096_96x128x64.mlir.prj/aie_cdo_elfs.bin
Generating: /scratch/luisr/mlir-aie/programming_examples/basic/block_datatypes/matrix_multiplication/whole_array/build/aie_1536x4096x4096_96x128x64.mlir.prj/aie_cdo_init.bin
Generating: /scratch/luisr/mlir-aie/programming_examples/basic/block_datatypes/matrix_multiplication/whole_array/build/aie_1536x4096x4096_96x128x64.mlir.prj/aie_cdo_enable.bin
export XRT_HACK_UNSECURE_LOADING_XCLBIN=1 && \
 ./whole_array.exe -x build/final_1536x4096x4096_96x128x64.xclbin -i build/insts_1536x4096x4096_96x128x64.txt -k MLIR_AIE -M 1536 -K 4096 -N 4096 -w 96 -y 128 -z 64 --iters 40 --warmup 10 --verify 0

Avg NPU matmul time: 5108.12us.
Avg NPU gflops: 10089.7

Min NPU matmul time: 4979us.
Max NPU gflops: 10351.4

Max NPU matmul time: 6276us.
Min NPU gflops: 8212.17

Shuffle time: 108635us.

PASS!

rm -rf build _build whole_array.exe
rm -rf _build
mkdir -p _build
cd _build &&  cmake -E env CXXFLAGS="-std=c++23 -ggdb -DDTYPE_IN= -DDTYPE_OUT= -DDTYPE_ACC=" \
	cmake `echo /scratch/luisr/mlir-aie/programming_examples/basic/block_datatypes/matrix_multiplication/whole_array/..` -D CMAKE_C_COMPILER=gcc-13 -D CMAKE_CXX_COMPILER=g++-13 -DTARGET_NAME=whole_array -Dhostsrc=/scratch/luisr/mlir-aie/programming_examples/basic/block_datatypes/matrix_multiplication/whole_array/../bfp_test.cpp
CMake Deprecation Warning at CMakeLists.txt:13 (cmake_minimum_required):
  Compatibility with CMake < 3.10 will be removed from a future version of
  CMake.

  Update the VERSION argument <min> value.  Or, use the <min>...<max> syntax
  to tell CMake that the project requires at least <min> but has been updated
  to work with policies introduced by <max> or earlier.


-- The C compiler identification is GNU 13.3.0
-- The CXX compiler identification is GNU 13.3.0
-- Detecting C compiler ABI info
-- Detecting C compiler ABI info - done
-- Check for working C compiler: /usr/bin/gcc-13 - skipped
-- Detecting C compile features
-- Detecting C compile features - done
-- Detecting CXX compiler ABI info
-- Detecting CXX compiler ABI info - done
-- Check for working CXX compiler: /usr/bin/g++-13 - skipped
-- Detecting CXX compile features
-- Detecting CXX compile features - done
-- Configuring done (0.3s)
-- Generating done (0.0s)
-- Build files have been written to: /scratch/luisr/mlir-aie/programming_examples/basic/block_datatypes/matrix_multiplication/whole_array/_build
cd _build &&  cmake --build . --config Release
gmake[1]: Entering directory '/scratch/luisr/mlir-aie/programming_examples/basic/block_datatypes/matrix_multiplication/whole_array/_build'
gmake[2]: Entering directory '/scratch/luisr/mlir-aie/programming_examples/basic/block_datatypes/matrix_multiplication/whole_array/_build'
gmake[3]: Entering directory '/scratch/luisr/mlir-aie/programming_examples/basic/block_datatypes/matrix_multiplication/whole_array/_build'
gmake[3]: Leaving directory '/scratch/luisr/mlir-aie/programming_examples/basic/block_datatypes/matrix_multiplication/whole_array/_build'
gmake[3]: Entering directory '/scratch/luisr/mlir-aie/programming_examples/basic/block_datatypes/matrix_multiplication/whole_array/_build'
[ 33%] Building CXX object CMakeFiles/whole_array.dir/bfp_test.cpp.o
[ 66%] Building CXX object CMakeFiles/whole_array.dir/scratch/luisr/mlir-aie/runtime_lib/test_lib/test_utils.cpp.o
[100%] Linking CXX executable whole_array
gmake[3]: Leaving directory '/scratch/luisr/mlir-aie/programming_examples/basic/block_datatypes/matrix_multiplication/whole_array/_build'
[100%] Built target whole_array
gmake[2]: Leaving directory '/scratch/luisr/mlir-aie/programming_examples/basic/block_datatypes/matrix_multiplication/whole_array/_build'
gmake[1]: Leaving directory '/scratch/luisr/mlir-aie/programming_examples/basic/block_datatypes/matrix_multiplication/whole_array/_build'
cp _build/whole_array whole_array.exe 
mkdir -p build
python3 /scratch/luisr/mlir-aie/programming_examples/basic/block_datatypes/matrix_multiplication/whole_array/whole_array.py --n-aie-cols 8 -m 96 -k 128 -n 64 -M 1536 -K 4096 -N 8192 > build/aie_1536x4096x8192_96x128x64.mlir
mkdir -p build
cd build && xchesscc_wrapper aie2p -I /proj/xbuilds/2024.2_INT_1113_1001/installs/all_platforms/Vitis/2024.2/aietools/include  -DDIM_M=96 -DDIM_K=128 -DDIM_N=64 -c /scratch/luisr/mlir-aie/programming_examples/basic/block_datatypes/matrix_multiplication/whole_array/../mm.cc -o mm_96x128x64.o
WARNING: Default location for XILINX_VIVADO_IP_OVERRIDE not found: /build/xfndry/IP_2024.2_INTEGRATION_VERIFIED/customer/vivado/data/ip
mkdir -p build
cd build && aiecc.py --alloc-scheme= --aie-generate-xclbin --no-compile-host --xclbin-name=final_1536x4096x8192_96x128x64.xclbin \
			 --dynamic-objFifos \
			--aie-generate-npu-insts --npu-insts-name=insts_1536x4096x8192_96x128x64.txt ../build/aie_1536x4096x8192_96x128x64.mlir

Generating: /scratch/luisr/mlir-aie/programming_examples/basic/block_datatypes/matrix_multiplication/whole_array/build/aie_1536x4096x8192_96x128x64.mlir.prj/aie_cdo_elfs.bin
Generating: /scratch/luisr/mlir-aie/programming_examples/basic/block_datatypes/matrix_multiplication/whole_array/build/aie_1536x4096x8192_96x128x64.mlir.prj/aie_cdo_init.bin
Generating: /scratch/luisr/mlir-aie/programming_examples/basic/block_datatypes/matrix_multiplication/whole_array/build/aie_1536x4096x8192_96x128x64.mlir.prj/aie_cdo_enable.bin
export XRT_HACK_UNSECURE_LOADING_XCLBIN=1 && \
 ./whole_array.exe -x build/final_1536x4096x8192_96x128x64.xclbin -i build/insts_1536x4096x8192_96x128x64.txt -k MLIR_AIE -M 1536 -K 4096 -N 8192 -w 96 -y 128 -z 64 --iters 40 --warmup 10 --verify 0

Avg NPU matmul time: 10618.8us.
Avg NPU gflops: 9707.21

Min NPU matmul time: 10163us.
Max NPU gflops: 10142.6

Max NPU matmul time: 11368us.
Min NPU gflops: 9067.49

Shuffle time: 191205us.

PASS!

rm -rf build _build whole_array.exe
rm -rf _build
mkdir -p _build
cd _build &&  cmake -E env CXXFLAGS="-std=c++23 -ggdb -DDTYPE_IN= -DDTYPE_OUT= -DDTYPE_ACC=" \
	cmake `echo /scratch/luisr/mlir-aie/programming_examples/basic/block_datatypes/matrix_multiplication/whole_array/..` -D CMAKE_C_COMPILER=gcc-13 -D CMAKE_CXX_COMPILER=g++-13 -DTARGET_NAME=whole_array -Dhostsrc=/scratch/luisr/mlir-aie/programming_examples/basic/block_datatypes/matrix_multiplication/whole_array/../bfp_test.cpp
CMake Deprecation Warning at CMakeLists.txt:13 (cmake_minimum_required):
  Compatibility with CMake < 3.10 will be removed from a future version of
  CMake.

  Update the VERSION argument <min> value.  Or, use the <min>...<max> syntax
  to tell CMake that the project requires at least <min> but has been updated
  to work with policies introduced by <max> or earlier.


-- The C compiler identification is GNU 13.3.0
-- The CXX compiler identification is GNU 13.3.0
-- Detecting C compiler ABI info
-- Detecting C compiler ABI info - done
-- Check for working C compiler: /usr/bin/gcc-13 - skipped
-- Detecting C compile features
-- Detecting C compile features - done
-- Detecting CXX compiler ABI info
-- Detecting CXX compiler ABI info - done
-- Check for working CXX compiler: /usr/bin/g++-13 - skipped
-- Detecting CXX compile features
-- Detecting CXX compile features - done
-- Configuring done (0.3s)
-- Generating done (0.0s)
-- Build files have been written to: /scratch/luisr/mlir-aie/programming_examples/basic/block_datatypes/matrix_multiplication/whole_array/_build
cd _build &&  cmake --build . --config Release
gmake[1]: Entering directory '/scratch/luisr/mlir-aie/programming_examples/basic/block_datatypes/matrix_multiplication/whole_array/_build'
gmake[2]: Entering directory '/scratch/luisr/mlir-aie/programming_examples/basic/block_datatypes/matrix_multiplication/whole_array/_build'
gmake[3]: Entering directory '/scratch/luisr/mlir-aie/programming_examples/basic/block_datatypes/matrix_multiplication/whole_array/_build'
gmake[3]: Leaving directory '/scratch/luisr/mlir-aie/programming_examples/basic/block_datatypes/matrix_multiplication/whole_array/_build'
gmake[3]: Entering directory '/scratch/luisr/mlir-aie/programming_examples/basic/block_datatypes/matrix_multiplication/whole_array/_build'
[ 33%] Building CXX object CMakeFiles/whole_array.dir/bfp_test.cpp.o
[ 66%] Building CXX object CMakeFiles/whole_array.dir/scratch/luisr/mlir-aie/runtime_lib/test_lib/test_utils.cpp.o
[100%] Linking CXX executable whole_array
gmake[3]: Leaving directory '/scratch/luisr/mlir-aie/programming_examples/basic/block_datatypes/matrix_multiplication/whole_array/_build'
[100%] Built target whole_array
gmake[2]: Leaving directory '/scratch/luisr/mlir-aie/programming_examples/basic/block_datatypes/matrix_multiplication/whole_array/_build'
gmake[1]: Leaving directory '/scratch/luisr/mlir-aie/programming_examples/basic/block_datatypes/matrix_multiplication/whole_array/_build'
cp _build/whole_array whole_array.exe 
mkdir -p build
python3 /scratch/luisr/mlir-aie/programming_examples/basic/block_datatypes/matrix_multiplication/whole_array/whole_array.py --n-aie-cols 8 -m 96 -k 128 -n 64 -M 1536 -K 6144 -N 512 > build/aie_1536x6144x512_96x128x64.mlir
mkdir -p build
cd build && xchesscc_wrapper aie2p -I /proj/xbuilds/2024.2_INT_1113_1001/installs/all_platforms/Vitis/2024.2/aietools/include  -DDIM_M=96 -DDIM_K=128 -DDIM_N=64 -c /scratch/luisr/mlir-aie/programming_examples/basic/block_datatypes/matrix_multiplication/whole_array/../mm.cc -o mm_96x128x64.o
WARNING: Default location for XILINX_VIVADO_IP_OVERRIDE not found: /build/xfndry/IP_2024.2_INTEGRATION_VERIFIED/customer/vivado/data/ip
mkdir -p build
cd build && aiecc.py --alloc-scheme= --aie-generate-xclbin --no-compile-host --xclbin-name=final_1536x6144x512_96x128x64.xclbin \
			 --dynamic-objFifos \
			--aie-generate-npu-insts --npu-insts-name=insts_1536x6144x512_96x128x64.txt ../build/aie_1536x6144x512_96x128x64.mlir

Generating: /scratch/luisr/mlir-aie/programming_examples/basic/block_datatypes/matrix_multiplication/whole_array/build/aie_1536x6144x512_96x128x64.mlir.prj/aie_cdo_elfs.bin
Generating: /scratch/luisr/mlir-aie/programming_examples/basic/block_datatypes/matrix_multiplication/whole_array/build/aie_1536x6144x512_96x128x64.mlir.prj/aie_cdo_init.bin
Generating: /scratch/luisr/mlir-aie/programming_examples/basic/block_datatypes/matrix_multiplication/whole_array/build/aie_1536x6144x512_96x128x64.mlir.prj/aie_cdo_enable.bin
export XRT_HACK_UNSECURE_LOADING_XCLBIN=1 && \
 ./whole_array.exe -x build/final_1536x6144x512_96x128x64.xclbin -i build/insts_1536x6144x512_96x128x64.txt -k MLIR_AIE -M 1536 -K 6144 -N 512 -w 96 -y 128 -z 64 --iters 40 --warmup 10 --verify 0

Avg NPU matmul time: 1400.4us.
Avg NPU gflops: 6900.65

Min NPU matmul time: 1255us.
Max NPU gflops: 7700.14

Max NPU matmul time: 1833us.
Min NPU gflops: 5272.05

Shuffle time: 57839us.

PASS!

rm -rf build _build whole_array.exe
rm -rf _build
mkdir -p _build
cd _build &&  cmake -E env CXXFLAGS="-std=c++23 -ggdb -DDTYPE_IN= -DDTYPE_OUT= -DDTYPE_ACC=" \
	cmake `echo /scratch/luisr/mlir-aie/programming_examples/basic/block_datatypes/matrix_multiplication/whole_array/..` -D CMAKE_C_COMPILER=gcc-13 -D CMAKE_CXX_COMPILER=g++-13 -DTARGET_NAME=whole_array -Dhostsrc=/scratch/luisr/mlir-aie/programming_examples/basic/block_datatypes/matrix_multiplication/whole_array/../bfp_test.cpp
CMake Deprecation Warning at CMakeLists.txt:13 (cmake_minimum_required):
  Compatibility with CMake < 3.10 will be removed from a future version of
  CMake.

  Update the VERSION argument <min> value.  Or, use the <min>...<max> syntax
  to tell CMake that the project requires at least <min> but has been updated
  to work with policies introduced by <max> or earlier.


-- The C compiler identification is GNU 13.3.0
-- The CXX compiler identification is GNU 13.3.0
-- Detecting C compiler ABI info
-- Detecting C compiler ABI info - done
-- Check for working C compiler: /usr/bin/gcc-13 - skipped
-- Detecting C compile features
-- Detecting C compile features - done
-- Detecting CXX compiler ABI info
-- Detecting CXX compiler ABI info - done
-- Check for working CXX compiler: /usr/bin/g++-13 - skipped
-- Detecting CXX compile features
-- Detecting CXX compile features - done
-- Configuring done (0.2s)
-- Generating done (0.0s)
-- Build files have been written to: /scratch/luisr/mlir-aie/programming_examples/basic/block_datatypes/matrix_multiplication/whole_array/_build
cd _build &&  cmake --build . --config Release
gmake[1]: Entering directory '/scratch/luisr/mlir-aie/programming_examples/basic/block_datatypes/matrix_multiplication/whole_array/_build'
gmake[2]: Entering directory '/scratch/luisr/mlir-aie/programming_examples/basic/block_datatypes/matrix_multiplication/whole_array/_build'
gmake[3]: Entering directory '/scratch/luisr/mlir-aie/programming_examples/basic/block_datatypes/matrix_multiplication/whole_array/_build'
gmake[3]: Leaving directory '/scratch/luisr/mlir-aie/programming_examples/basic/block_datatypes/matrix_multiplication/whole_array/_build'
gmake[3]: Entering directory '/scratch/luisr/mlir-aie/programming_examples/basic/block_datatypes/matrix_multiplication/whole_array/_build'
[ 33%] Building CXX object CMakeFiles/whole_array.dir/bfp_test.cpp.o
[ 66%] Building CXX object CMakeFiles/whole_array.dir/scratch/luisr/mlir-aie/runtime_lib/test_lib/test_utils.cpp.o
[100%] Linking CXX executable whole_array
gmake[3]: Leaving directory '/scratch/luisr/mlir-aie/programming_examples/basic/block_datatypes/matrix_multiplication/whole_array/_build'
[100%] Built target whole_array
gmake[2]: Leaving directory '/scratch/luisr/mlir-aie/programming_examples/basic/block_datatypes/matrix_multiplication/whole_array/_build'
gmake[1]: Leaving directory '/scratch/luisr/mlir-aie/programming_examples/basic/block_datatypes/matrix_multiplication/whole_array/_build'
cp _build/whole_array whole_array.exe 
mkdir -p build
python3 /scratch/luisr/mlir-aie/programming_examples/basic/block_datatypes/matrix_multiplication/whole_array/whole_array.py --n-aie-cols 8 -m 96 -k 128 -n 64 -M 1536 -K 6144 -N 1024 > build/aie_1536x6144x1024_96x128x64.mlir
mkdir -p build
cd build && xchesscc_wrapper aie2p -I /proj/xbuilds/2024.2_INT_1113_1001/installs/all_platforms/Vitis/2024.2/aietools/include  -DDIM_M=96 -DDIM_K=128 -DDIM_N=64 -c /scratch/luisr/mlir-aie/programming_examples/basic/block_datatypes/matrix_multiplication/whole_array/../mm.cc -o mm_96x128x64.o
WARNING: Default location for XILINX_VIVADO_IP_OVERRIDE not found: /build/xfndry/IP_2024.2_INTEGRATION_VERIFIED/customer/vivado/data/ip
mkdir -p build
cd build && aiecc.py --alloc-scheme= --aie-generate-xclbin --no-compile-host --xclbin-name=final_1536x6144x1024_96x128x64.xclbin \
			 --dynamic-objFifos \
			--aie-generate-npu-insts --npu-insts-name=insts_1536x6144x1024_96x128x64.txt ../build/aie_1536x6144x1024_96x128x64.mlir

Generating: /scratch/luisr/mlir-aie/programming_examples/basic/block_datatypes/matrix_multiplication/whole_array/build/aie_1536x6144x1024_96x128x64.mlir.prj/aie_cdo_elfs.bin
Generating: /scratch/luisr/mlir-aie/programming_examples/basic/block_datatypes/matrix_multiplication/whole_array/build/aie_1536x6144x1024_96x128x64.mlir.prj/aie_cdo_init.bin
Generating: /scratch/luisr/mlir-aie/programming_examples/basic/block_datatypes/matrix_multiplication/whole_array/build/aie_1536x6144x1024_96x128x64.mlir.prj/aie_cdo_enable.bin
export XRT_HACK_UNSECURE_LOADING_XCLBIN=1 && \
 ./whole_array.exe -x build/final_1536x6144x1024_96x128x64.xclbin -i build/insts_1536x6144x1024_96x128x64.txt -k MLIR_AIE -M 1536 -K 6144 -N 1024 -w 96 -y 128 -z 64 --iters 40 --warmup 10 --verify 0

Avg NPU matmul time: 2949.95us.
Avg NPU gflops: 6551.76

Min NPU matmul time: 2692us.
Max NPU gflops: 7179.55

Max NPU matmul time: 3058us.
Min NPU gflops: 6320.26

Shuffle time: 72499us.

PASS!

rm -rf build _build whole_array.exe
rm -rf _build
mkdir -p _build
cd _build &&  cmake -E env CXXFLAGS="-std=c++23 -ggdb -DDTYPE_IN= -DDTYPE_OUT= -DDTYPE_ACC=" \
	cmake `echo /scratch/luisr/mlir-aie/programming_examples/basic/block_datatypes/matrix_multiplication/whole_array/..` -D CMAKE_C_COMPILER=gcc-13 -D CMAKE_CXX_COMPILER=g++-13 -DTARGET_NAME=whole_array -Dhostsrc=/scratch/luisr/mlir-aie/programming_examples/basic/block_datatypes/matrix_multiplication/whole_array/../bfp_test.cpp
CMake Deprecation Warning at CMakeLists.txt:13 (cmake_minimum_required):
  Compatibility with CMake < 3.10 will be removed from a future version of
  CMake.

  Update the VERSION argument <min> value.  Or, use the <min>...<max> syntax
  to tell CMake that the project requires at least <min> but has been updated
  to work with policies introduced by <max> or earlier.


-- The C compiler identification is GNU 13.3.0
-- The CXX compiler identification is GNU 13.3.0
-- Detecting C compiler ABI info
-- Detecting C compiler ABI info - done
-- Check for working C compiler: /usr/bin/gcc-13 - skipped
-- Detecting C compile features
-- Detecting C compile features - done
-- Detecting CXX compiler ABI info
-- Detecting CXX compiler ABI info - done
-- Check for working CXX compiler: /usr/bin/g++-13 - skipped
-- Detecting CXX compile features
-- Detecting CXX compile features - done
-- Configuring done (0.2s)
-- Generating done (0.0s)
-- Build files have been written to: /scratch/luisr/mlir-aie/programming_examples/basic/block_datatypes/matrix_multiplication/whole_array/_build
cd _build &&  cmake --build . --config Release
gmake[1]: Entering directory '/scratch/luisr/mlir-aie/programming_examples/basic/block_datatypes/matrix_multiplication/whole_array/_build'
gmake[2]: Entering directory '/scratch/luisr/mlir-aie/programming_examples/basic/block_datatypes/matrix_multiplication/whole_array/_build'
gmake[3]: Entering directory '/scratch/luisr/mlir-aie/programming_examples/basic/block_datatypes/matrix_multiplication/whole_array/_build'
gmake[3]: Leaving directory '/scratch/luisr/mlir-aie/programming_examples/basic/block_datatypes/matrix_multiplication/whole_array/_build'
gmake[3]: Entering directory '/scratch/luisr/mlir-aie/programming_examples/basic/block_datatypes/matrix_multiplication/whole_array/_build'
[ 33%] Building CXX object CMakeFiles/whole_array.dir/bfp_test.cpp.o
[ 66%] Building CXX object CMakeFiles/whole_array.dir/scratch/luisr/mlir-aie/runtime_lib/test_lib/test_utils.cpp.o
[100%] Linking CXX executable whole_array
gmake[3]: Leaving directory '/scratch/luisr/mlir-aie/programming_examples/basic/block_datatypes/matrix_multiplication/whole_array/_build'
[100%] Built target whole_array
gmake[2]: Leaving directory '/scratch/luisr/mlir-aie/programming_examples/basic/block_datatypes/matrix_multiplication/whole_array/_build'
gmake[1]: Leaving directory '/scratch/luisr/mlir-aie/programming_examples/basic/block_datatypes/matrix_multiplication/whole_array/_build'
cp _build/whole_array whole_array.exe 
mkdir -p build
python3 /scratch/luisr/mlir-aie/programming_examples/basic/block_datatypes/matrix_multiplication/whole_array/whole_array.py --n-aie-cols 8 -m 96 -k 128 -n 64 -M 1536 -K 6144 -N 4096 > build/aie_1536x6144x4096_96x128x64.mlir
mkdir -p build
cd build && xchesscc_wrapper aie2p -I /proj/xbuilds/2024.2_INT_1113_1001/installs/all_platforms/Vitis/2024.2/aietools/include  -DDIM_M=96 -DDIM_K=128 -DDIM_N=64 -c /scratch/luisr/mlir-aie/programming_examples/basic/block_datatypes/matrix_multiplication/whole_array/../mm.cc -o mm_96x128x64.o
WARNING: Default location for XILINX_VIVADO_IP_OVERRIDE not found: /build/xfndry/IP_2024.2_INTEGRATION_VERIFIED/customer/vivado/data/ip
mkdir -p build
cd build && aiecc.py --alloc-scheme= --aie-generate-xclbin --no-compile-host --xclbin-name=final_1536x6144x4096_96x128x64.xclbin \
			 --dynamic-objFifos \
			--aie-generate-npu-insts --npu-insts-name=insts_1536x6144x4096_96x128x64.txt ../build/aie_1536x6144x4096_96x128x64.mlir

Generating: /scratch/luisr/mlir-aie/programming_examples/basic/block_datatypes/matrix_multiplication/whole_array/build/aie_1536x6144x4096_96x128x64.mlir.prj/aie_cdo_elfs.bin
Generating: /scratch/luisr/mlir-aie/programming_examples/basic/block_datatypes/matrix_multiplication/whole_array/build/aie_1536x6144x4096_96x128x64.mlir.prj/aie_cdo_init.bin
Generating: /scratch/luisr/mlir-aie/programming_examples/basic/block_datatypes/matrix_multiplication/whole_array/build/aie_1536x6144x4096_96x128x64.mlir.prj/aie_cdo_enable.bin
export XRT_HACK_UNSECURE_LOADING_XCLBIN=1 && \
 ./whole_array.exe -x build/final_1536x6144x4096_96x128x64.xclbin -i build/insts_1536x6144x4096_96x128x64.txt -k MLIR_AIE -M 1536 -K 6144 -N 4096 -w 96 -y 128 -z 64 --iters 40 --warmup 10 --verify 0

Avg NPU matmul time: 10741.4us.
Avg NPU gflops: 7197.33

Min NPU matmul time: 9977us.
Max NPU gflops: 7748.76

Max NPU matmul time: 11912us.
Min NPU gflops: 6490.04

Shuffle time: 164321us.

PASS!

rm -rf build _build whole_array.exe
rm -rf _build
mkdir -p _build
cd _build &&  cmake -E env CXXFLAGS="-std=c++23 -ggdb -DDTYPE_IN= -DDTYPE_OUT= -DDTYPE_ACC=" \
	cmake `echo /scratch/luisr/mlir-aie/programming_examples/basic/block_datatypes/matrix_multiplication/whole_array/..` -D CMAKE_C_COMPILER=gcc-13 -D CMAKE_CXX_COMPILER=g++-13 -DTARGET_NAME=whole_array -Dhostsrc=/scratch/luisr/mlir-aie/programming_examples/basic/block_datatypes/matrix_multiplication/whole_array/../bfp_test.cpp
CMake Deprecation Warning at CMakeLists.txt:13 (cmake_minimum_required):
  Compatibility with CMake < 3.10 will be removed from a future version of
  CMake.

  Update the VERSION argument <min> value.  Or, use the <min>...<max> syntax
  to tell CMake that the project requires at least <min> but has been updated
  to work with policies introduced by <max> or earlier.


-- The C compiler identification is GNU 13.3.0
-- The CXX compiler identification is GNU 13.3.0
-- Detecting C compiler ABI info
-- Detecting C compiler ABI info - done
-- Check for working C compiler: /usr/bin/gcc-13 - skipped
-- Detecting C compile features
-- Detecting C compile features - done
-- Detecting CXX compiler ABI info
-- Detecting CXX compiler ABI info - done
-- Check for working CXX compiler: /usr/bin/g++-13 - skipped
-- Detecting CXX compile features
-- Detecting CXX compile features - done
-- Configuring done (0.3s)
-- Generating done (0.0s)
-- Build files have been written to: /scratch/luisr/mlir-aie/programming_examples/basic/block_datatypes/matrix_multiplication/whole_array/_build
cd _build &&  cmake --build . --config Release
gmake[1]: Entering directory '/scratch/luisr/mlir-aie/programming_examples/basic/block_datatypes/matrix_multiplication/whole_array/_build'
gmake[2]: Entering directory '/scratch/luisr/mlir-aie/programming_examples/basic/block_datatypes/matrix_multiplication/whole_array/_build'
gmake[3]: Entering directory '/scratch/luisr/mlir-aie/programming_examples/basic/block_datatypes/matrix_multiplication/whole_array/_build'
gmake[3]: Leaving directory '/scratch/luisr/mlir-aie/programming_examples/basic/block_datatypes/matrix_multiplication/whole_array/_build'
gmake[3]: Entering directory '/scratch/luisr/mlir-aie/programming_examples/basic/block_datatypes/matrix_multiplication/whole_array/_build'
[ 33%] Building CXX object CMakeFiles/whole_array.dir/bfp_test.cpp.o
[ 66%] Building CXX object CMakeFiles/whole_array.dir/scratch/luisr/mlir-aie/runtime_lib/test_lib/test_utils.cpp.o
[100%] Linking CXX executable whole_array
gmake[3]: Leaving directory '/scratch/luisr/mlir-aie/programming_examples/basic/block_datatypes/matrix_multiplication/whole_array/_build'
[100%] Built target whole_array
gmake[2]: Leaving directory '/scratch/luisr/mlir-aie/programming_examples/basic/block_datatypes/matrix_multiplication/whole_array/_build'
gmake[1]: Leaving directory '/scratch/luisr/mlir-aie/programming_examples/basic/block_datatypes/matrix_multiplication/whole_array/_build'
cp _build/whole_array whole_array.exe 
mkdir -p build
python3 /scratch/luisr/mlir-aie/programming_examples/basic/block_datatypes/matrix_multiplication/whole_array/whole_array.py --n-aie-cols 8 -m 96 -k 128 -n 64 -M 1536 -K 6144 -N 8192 > build/aie_1536x6144x8192_96x128x64.mlir
mkdir -p build
cd build && xchesscc_wrapper aie2p -I /proj/xbuilds/2024.2_INT_1113_1001/installs/all_platforms/Vitis/2024.2/aietools/include  -DDIM_M=96 -DDIM_K=128 -DDIM_N=64 -c /scratch/luisr/mlir-aie/programming_examples/basic/block_datatypes/matrix_multiplication/whole_array/../mm.cc -o mm_96x128x64.o
WARNING: Default location for XILINX_VIVADO_IP_OVERRIDE not found: /build/xfndry/IP_2024.2_INTEGRATION_VERIFIED/customer/vivado/data/ip
mkdir -p build
cd build && aiecc.py --alloc-scheme= --aie-generate-xclbin --no-compile-host --xclbin-name=final_1536x6144x8192_96x128x64.xclbin \
			 --dynamic-objFifos \
			--aie-generate-npu-insts --npu-insts-name=insts_1536x6144x8192_96x128x64.txt ../build/aie_1536x6144x8192_96x128x64.mlir

Generating: /scratch/luisr/mlir-aie/programming_examples/basic/block_datatypes/matrix_multiplication/whole_array/build/aie_1536x6144x8192_96x128x64.mlir.prj/aie_cdo_elfs.bin
Generating: /scratch/luisr/mlir-aie/programming_examples/basic/block_datatypes/matrix_multiplication/whole_array/build/aie_1536x6144x8192_96x128x64.mlir.prj/aie_cdo_init.bin
Generating: /scratch/luisr/mlir-aie/programming_examples/basic/block_datatypes/matrix_multiplication/whole_array/build/aie_1536x6144x8192_96x128x64.mlir.prj/aie_cdo_enable.bin
export XRT_HACK_UNSECURE_LOADING_XCLBIN=1 && \
 ./whole_array.exe -x build/final_1536x6144x8192_96x128x64.xclbin -i build/insts_1536x6144x8192_96x128x64.txt -k MLIR_AIE -M 1536 -K 6144 -N 8192 -w 96 -y 128 -z 64 --iters 40 --warmup 10 --verify 0

Avg NPU matmul time: 20524.1us.
Avg NPU gflops: 7533.52

Min NPU matmul time: 19817us.
Max NPU gflops: 7802.33

Max NPU matmul time: 20862us.
Min NPU gflops: 7411.51

Shuffle time: 280014us.

PASS!

rm -rf build _build whole_array.exe
rm -rf _build
mkdir -p _build
cd _build &&  cmake -E env CXXFLAGS="-std=c++23 -ggdb -DDTYPE_IN= -DDTYPE_OUT= -DDTYPE_ACC=" \
	cmake `echo /scratch/luisr/mlir-aie/programming_examples/basic/block_datatypes/matrix_multiplication/whole_array/..` -D CMAKE_C_COMPILER=gcc-13 -D CMAKE_CXX_COMPILER=g++-13 -DTARGET_NAME=whole_array -Dhostsrc=/scratch/luisr/mlir-aie/programming_examples/basic/block_datatypes/matrix_multiplication/whole_array/../bfp_test.cpp
CMake Deprecation Warning at CMakeLists.txt:13 (cmake_minimum_required):
  Compatibility with CMake < 3.10 will be removed from a future version of
  CMake.

  Update the VERSION argument <min> value.  Or, use the <min>...<max> syntax
  to tell CMake that the project requires at least <min> but has been updated
  to work with policies introduced by <max> or earlier.


-- The C compiler identification is GNU 13.3.0
-- The CXX compiler identification is GNU 13.3.0
-- Detecting C compiler ABI info
-- Detecting C compiler ABI info - done
-- Check for working C compiler: /usr/bin/gcc-13 - skipped
-- Detecting C compile features
-- Detecting C compile features - done
-- Detecting CXX compiler ABI info
-- Detecting CXX compiler ABI info - done
-- Check for working CXX compiler: /usr/bin/g++-13 - skipped
-- Detecting CXX compile features
-- Detecting CXX compile features - done
-- Configuring done (0.2s)
-- Generating done (0.0s)
-- Build files have been written to: /scratch/luisr/mlir-aie/programming_examples/basic/block_datatypes/matrix_multiplication/whole_array/_build
cd _build &&  cmake --build . --config Release
gmake[1]: Entering directory '/scratch/luisr/mlir-aie/programming_examples/basic/block_datatypes/matrix_multiplication/whole_array/_build'
gmake[2]: Entering directory '/scratch/luisr/mlir-aie/programming_examples/basic/block_datatypes/matrix_multiplication/whole_array/_build'
gmake[3]: Entering directory '/scratch/luisr/mlir-aie/programming_examples/basic/block_datatypes/matrix_multiplication/whole_array/_build'
gmake[3]: Leaving directory '/scratch/luisr/mlir-aie/programming_examples/basic/block_datatypes/matrix_multiplication/whole_array/_build'
gmake[3]: Entering directory '/scratch/luisr/mlir-aie/programming_examples/basic/block_datatypes/matrix_multiplication/whole_array/_build'
[ 33%] Building CXX object CMakeFiles/whole_array.dir/bfp_test.cpp.o
[ 66%] Building CXX object CMakeFiles/whole_array.dir/scratch/luisr/mlir-aie/runtime_lib/test_lib/test_utils.cpp.o
[100%] Linking CXX executable whole_array
gmake[3]: Leaving directory '/scratch/luisr/mlir-aie/programming_examples/basic/block_datatypes/matrix_multiplication/whole_array/_build'
[100%] Built target whole_array
gmake[2]: Leaving directory '/scratch/luisr/mlir-aie/programming_examples/basic/block_datatypes/matrix_multiplication/whole_array/_build'
gmake[1]: Leaving directory '/scratch/luisr/mlir-aie/programming_examples/basic/block_datatypes/matrix_multiplication/whole_array/_build'
cp _build/whole_array whole_array.exe 
mkdir -p build
python3 /scratch/luisr/mlir-aie/programming_examples/basic/block_datatypes/matrix_multiplication/whole_array/whole_array.py --n-aie-cols 8 -m 96 -k 128 -n 64 -M 4608 -K 512 -N 512 > build/aie_4608x512x512_96x128x64.mlir
mkdir -p build
cd build && xchesscc_wrapper aie2p -I /proj/xbuilds/2024.2_INT_1113_1001/installs/all_platforms/Vitis/2024.2/aietools/include  -DDIM_M=96 -DDIM_K=128 -DDIM_N=64 -c /scratch/luisr/mlir-aie/programming_examples/basic/block_datatypes/matrix_multiplication/whole_array/../mm.cc -o mm_96x128x64.o
WARNING: Default location for XILINX_VIVADO_IP_OVERRIDE not found: /build/xfndry/IP_2024.2_INTEGRATION_VERIFIED/customer/vivado/data/ip
mkdir -p build
cd build && aiecc.py --alloc-scheme= --aie-generate-xclbin --no-compile-host --xclbin-name=final_4608x512x512_96x128x64.xclbin \
			 --dynamic-objFifos \
			--aie-generate-npu-insts --npu-insts-name=insts_4608x512x512_96x128x64.txt ../build/aie_4608x512x512_96x128x64.mlir

Generating: /scratch/luisr/mlir-aie/programming_examples/basic/block_datatypes/matrix_multiplication/whole_array/build/aie_4608x512x512_96x128x64.mlir.prj/aie_cdo_elfs.bin
Generating: /scratch/luisr/mlir-aie/programming_examples/basic/block_datatypes/matrix_multiplication/whole_array/build/aie_4608x512x512_96x128x64.mlir.prj/aie_cdo_init.bin
Generating: /scratch/luisr/mlir-aie/programming_examples/basic/block_datatypes/matrix_multiplication/whole_array/build/aie_4608x512x512_96x128x64.mlir.prj/aie_cdo_enable.bin
export XRT_HACK_UNSECURE_LOADING_XCLBIN=1 && \
 ./whole_array.exe -x build/final_4608x512x512_96x128x64.xclbin -i build/insts_4608x512x512_96x128x64.txt -k MLIR_AIE -M 4608 -K 512 -N 512 -w 96 -y 128 -z 64 --iters 40 --warmup 10 --verify 0

Avg NPU matmul time: 496.175us.
Avg NPU gflops: 4869.09

Min NPU matmul time: 470us.
Max NPU gflops: 5140.25

Max NPU matmul time: 521us.
Min NPU gflops: 4637.08

Shuffle time: 10580us.

PASS!

rm -rf build _build whole_array.exe
rm -rf _build
mkdir -p _build
cd _build &&  cmake -E env CXXFLAGS="-std=c++23 -ggdb -DDTYPE_IN= -DDTYPE_OUT= -DDTYPE_ACC=" \
	cmake `echo /scratch/luisr/mlir-aie/programming_examples/basic/block_datatypes/matrix_multiplication/whole_array/..` -D CMAKE_C_COMPILER=gcc-13 -D CMAKE_CXX_COMPILER=g++-13 -DTARGET_NAME=whole_array -Dhostsrc=/scratch/luisr/mlir-aie/programming_examples/basic/block_datatypes/matrix_multiplication/whole_array/../bfp_test.cpp
CMake Deprecation Warning at CMakeLists.txt:13 (cmake_minimum_required):
  Compatibility with CMake < 3.10 will be removed from a future version of
  CMake.

  Update the VERSION argument <min> value.  Or, use the <min>...<max> syntax
  to tell CMake that the project requires at least <min> but has been updated
  to work with policies introduced by <max> or earlier.


-- The C compiler identification is GNU 13.3.0
-- The CXX compiler identification is GNU 13.3.0
-- Detecting C compiler ABI info
-- Detecting C compiler ABI info - done
-- Check for working C compiler: /usr/bin/gcc-13 - skipped
-- Detecting C compile features
-- Detecting C compile features - done
-- Detecting CXX compiler ABI info
-- Detecting CXX compiler ABI info - done
-- Check for working CXX compiler: /usr/bin/g++-13 - skipped
-- Detecting CXX compile features
-- Detecting CXX compile features - done
-- Configuring done (0.3s)
-- Generating done (0.0s)
-- Build files have been written to: /scratch/luisr/mlir-aie/programming_examples/basic/block_datatypes/matrix_multiplication/whole_array/_build
cd _build &&  cmake --build . --config Release
gmake[1]: Entering directory '/scratch/luisr/mlir-aie/programming_examples/basic/block_datatypes/matrix_multiplication/whole_array/_build'
gmake[2]: Entering directory '/scratch/luisr/mlir-aie/programming_examples/basic/block_datatypes/matrix_multiplication/whole_array/_build'
gmake[3]: Entering directory '/scratch/luisr/mlir-aie/programming_examples/basic/block_datatypes/matrix_multiplication/whole_array/_build'
gmake[3]: Leaving directory '/scratch/luisr/mlir-aie/programming_examples/basic/block_datatypes/matrix_multiplication/whole_array/_build'
gmake[3]: Entering directory '/scratch/luisr/mlir-aie/programming_examples/basic/block_datatypes/matrix_multiplication/whole_array/_build'
[ 33%] Building CXX object CMakeFiles/whole_array.dir/bfp_test.cpp.o
[ 66%] Building CXX object CMakeFiles/whole_array.dir/scratch/luisr/mlir-aie/runtime_lib/test_lib/test_utils.cpp.o
[100%] Linking CXX executable whole_array
gmake[3]: Leaving directory '/scratch/luisr/mlir-aie/programming_examples/basic/block_datatypes/matrix_multiplication/whole_array/_build'
[100%] Built target whole_array
gmake[2]: Leaving directory '/scratch/luisr/mlir-aie/programming_examples/basic/block_datatypes/matrix_multiplication/whole_array/_build'
gmake[1]: Leaving directory '/scratch/luisr/mlir-aie/programming_examples/basic/block_datatypes/matrix_multiplication/whole_array/_build'
cp _build/whole_array whole_array.exe 
mkdir -p build
python3 /scratch/luisr/mlir-aie/programming_examples/basic/block_datatypes/matrix_multiplication/whole_array/whole_array.py --n-aie-cols 8 -m 96 -k 128 -n 64 -M 4608 -K 512 -N 1024 > build/aie_4608x512x1024_96x128x64.mlir
mkdir -p build
cd build && xchesscc_wrapper aie2p -I /proj/xbuilds/2024.2_INT_1113_1001/installs/all_platforms/Vitis/2024.2/aietools/include  -DDIM_M=96 -DDIM_K=128 -DDIM_N=64 -c /scratch/luisr/mlir-aie/programming_examples/basic/block_datatypes/matrix_multiplication/whole_array/../mm.cc -o mm_96x128x64.o
WARNING: Default location for XILINX_VIVADO_IP_OVERRIDE not found: /build/xfndry/IP_2024.2_INTEGRATION_VERIFIED/customer/vivado/data/ip
mkdir -p build
cd build && aiecc.py --alloc-scheme= --aie-generate-xclbin --no-compile-host --xclbin-name=final_4608x512x1024_96x128x64.xclbin \
			 --dynamic-objFifos \
			--aie-generate-npu-insts --npu-insts-name=insts_4608x512x1024_96x128x64.txt ../build/aie_4608x512x1024_96x128x64.mlir

Generating: /scratch/luisr/mlir-aie/programming_examples/basic/block_datatypes/matrix_multiplication/whole_array/build/aie_4608x512x1024_96x128x64.mlir.prj/aie_cdo_elfs.bin
Generating: /scratch/luisr/mlir-aie/programming_examples/basic/block_datatypes/matrix_multiplication/whole_array/build/aie_4608x512x1024_96x128x64.mlir.prj/aie_cdo_init.bin
Generating: /scratch/luisr/mlir-aie/programming_examples/basic/block_datatypes/matrix_multiplication/whole_array/build/aie_4608x512x1024_96x128x64.mlir.prj/aie_cdo_enable.bin
export XRT_HACK_UNSECURE_LOADING_XCLBIN=1 && \
 ./whole_array.exe -x build/final_4608x512x1024_96x128x64.xclbin -i build/insts_4608x512x1024_96x128x64.txt -k MLIR_AIE -M 4608 -K 512 -N 1024 -w 96 -y 128 -z 64 --iters 40 --warmup 10 --verify 0

Avg NPU matmul time: 698.5us.
Avg NPU gflops: 6917.45

Min NPU matmul time: 667us.
Max NPU gflops: 7244.14

Max NPU matmul time: 716us.
Min NPU gflops: 6748.38

Shuffle time: 11741us.

PASS!

rm -rf build _build whole_array.exe
rm -rf _build
mkdir -p _build
cd _build &&  cmake -E env CXXFLAGS="-std=c++23 -ggdb -DDTYPE_IN= -DDTYPE_OUT= -DDTYPE_ACC=" \
	cmake `echo /scratch/luisr/mlir-aie/programming_examples/basic/block_datatypes/matrix_multiplication/whole_array/..` -D CMAKE_C_COMPILER=gcc-13 -D CMAKE_CXX_COMPILER=g++-13 -DTARGET_NAME=whole_array -Dhostsrc=/scratch/luisr/mlir-aie/programming_examples/basic/block_datatypes/matrix_multiplication/whole_array/../bfp_test.cpp
CMake Deprecation Warning at CMakeLists.txt:13 (cmake_minimum_required):
  Compatibility with CMake < 3.10 will be removed from a future version of
  CMake.

  Update the VERSION argument <min> value.  Or, use the <min>...<max> syntax
  to tell CMake that the project requires at least <min> but has been updated
  to work with policies introduced by <max> or earlier.


-- The C compiler identification is GNU 13.3.0
-- The CXX compiler identification is GNU 13.3.0
-- Detecting C compiler ABI info
-- Detecting C compiler ABI info - done
-- Check for working C compiler: /usr/bin/gcc-13 - skipped
-- Detecting C compile features
-- Detecting C compile features - done
-- Detecting CXX compiler ABI info
-- Detecting CXX compiler ABI info - done
-- Check for working CXX compiler: /usr/bin/g++-13 - skipped
-- Detecting CXX compile features
-- Detecting CXX compile features - done
-- Configuring done (0.3s)
-- Generating done (0.0s)
-- Build files have been written to: /scratch/luisr/mlir-aie/programming_examples/basic/block_datatypes/matrix_multiplication/whole_array/_build
cd _build &&  cmake --build . --config Release
gmake[1]: Entering directory '/scratch/luisr/mlir-aie/programming_examples/basic/block_datatypes/matrix_multiplication/whole_array/_build'
gmake[2]: Entering directory '/scratch/luisr/mlir-aie/programming_examples/basic/block_datatypes/matrix_multiplication/whole_array/_build'
gmake[3]: Entering directory '/scratch/luisr/mlir-aie/programming_examples/basic/block_datatypes/matrix_multiplication/whole_array/_build'
gmake[3]: Leaving directory '/scratch/luisr/mlir-aie/programming_examples/basic/block_datatypes/matrix_multiplication/whole_array/_build'
gmake[3]: Entering directory '/scratch/luisr/mlir-aie/programming_examples/basic/block_datatypes/matrix_multiplication/whole_array/_build'
[ 33%] Building CXX object CMakeFiles/whole_array.dir/bfp_test.cpp.o
[ 66%] Building CXX object CMakeFiles/whole_array.dir/scratch/luisr/mlir-aie/runtime_lib/test_lib/test_utils.cpp.o
[100%] Linking CXX executable whole_array
gmake[3]: Leaving directory '/scratch/luisr/mlir-aie/programming_examples/basic/block_datatypes/matrix_multiplication/whole_array/_build'
[100%] Built target whole_array
gmake[2]: Leaving directory '/scratch/luisr/mlir-aie/programming_examples/basic/block_datatypes/matrix_multiplication/whole_array/_build'
gmake[1]: Leaving directory '/scratch/luisr/mlir-aie/programming_examples/basic/block_datatypes/matrix_multiplication/whole_array/_build'
cp _build/whole_array whole_array.exe 
mkdir -p build
python3 /scratch/luisr/mlir-aie/programming_examples/basic/block_datatypes/matrix_multiplication/whole_array/whole_array.py --n-aie-cols 8 -m 96 -k 128 -n 64 -M 4608 -K 512 -N 4096 > build/aie_4608x512x4096_96x128x64.mlir
mkdir -p build
cd build && xchesscc_wrapper aie2p -I /proj/xbuilds/2024.2_INT_1113_1001/installs/all_platforms/Vitis/2024.2/aietools/include  -DDIM_M=96 -DDIM_K=128 -DDIM_N=64 -c /scratch/luisr/mlir-aie/programming_examples/basic/block_datatypes/matrix_multiplication/whole_array/../mm.cc -o mm_96x128x64.o
WARNING: Default location for XILINX_VIVADO_IP_OVERRIDE not found: /build/xfndry/IP_2024.2_INTEGRATION_VERIFIED/customer/vivado/data/ip
mkdir -p build
cd build && aiecc.py --alloc-scheme= --aie-generate-xclbin --no-compile-host --xclbin-name=final_4608x512x4096_96x128x64.xclbin \
			 --dynamic-objFifos \
			--aie-generate-npu-insts --npu-insts-name=insts_4608x512x4096_96x128x64.txt ../build/aie_4608x512x4096_96x128x64.mlir

Generating: /scratch/luisr/mlir-aie/programming_examples/basic/block_datatypes/matrix_multiplication/whole_array/build/aie_4608x512x4096_96x128x64.mlir.prj/aie_cdo_elfs.bin
Generating: /scratch/luisr/mlir-aie/programming_examples/basic/block_datatypes/matrix_multiplication/whole_array/build/aie_4608x512x4096_96x128x64.mlir.prj/aie_cdo_init.bin
Generating: /scratch/luisr/mlir-aie/programming_examples/basic/block_datatypes/matrix_multiplication/whole_array/build/aie_4608x512x4096_96x128x64.mlir.prj/aie_cdo_enable.bin
export XRT_HACK_UNSECURE_LOADING_XCLBIN=1 && \
 ./whole_array.exe -x build/final_4608x512x4096_96x128x64.xclbin -i build/insts_4608x512x4096_96x128x64.txt -k MLIR_AIE -M 4608 -K 512 -N 4096 -w 96 -y 128 -z 64 --iters 40 --warmup 10 --verify 0

Avg NPU matmul time: 2854.12us.
Avg NPU gflops: 6771.73

Min NPU matmul time: 2558us.
Max NPU gflops: 7555.65

Max NPU matmul time: 3303us.
Min NPU gflops: 5851.45

Shuffle time: 17764us.

PASS!

rm -rf build _build whole_array.exe
rm -rf _build
mkdir -p _build
cd _build &&  cmake -E env CXXFLAGS="-std=c++23 -ggdb -DDTYPE_IN= -DDTYPE_OUT= -DDTYPE_ACC=" \
	cmake `echo /scratch/luisr/mlir-aie/programming_examples/basic/block_datatypes/matrix_multiplication/whole_array/..` -D CMAKE_C_COMPILER=gcc-13 -D CMAKE_CXX_COMPILER=g++-13 -DTARGET_NAME=whole_array -Dhostsrc=/scratch/luisr/mlir-aie/programming_examples/basic/block_datatypes/matrix_multiplication/whole_array/../bfp_test.cpp
CMake Deprecation Warning at CMakeLists.txt:13 (cmake_minimum_required):
  Compatibility with CMake < 3.10 will be removed from a future version of
  CMake.

  Update the VERSION argument <min> value.  Or, use the <min>...<max> syntax
  to tell CMake that the project requires at least <min> but has been updated
  to work with policies introduced by <max> or earlier.


-- The C compiler identification is GNU 13.3.0
-- The CXX compiler identification is GNU 13.3.0
-- Detecting C compiler ABI info
-- Detecting C compiler ABI info - done
-- Check for working C compiler: /usr/bin/gcc-13 - skipped
-- Detecting C compile features
-- Detecting C compile features - done
-- Detecting CXX compiler ABI info
-- Detecting CXX compiler ABI info - done
-- Check for working CXX compiler: /usr/bin/g++-13 - skipped
-- Detecting CXX compile features
-- Detecting CXX compile features - done
-- Configuring done (0.3s)
-- Generating done (0.0s)
-- Build files have been written to: /scratch/luisr/mlir-aie/programming_examples/basic/block_datatypes/matrix_multiplication/whole_array/_build
cd _build &&  cmake --build . --config Release
gmake[1]: Entering directory '/scratch/luisr/mlir-aie/programming_examples/basic/block_datatypes/matrix_multiplication/whole_array/_build'
gmake[2]: Entering directory '/scratch/luisr/mlir-aie/programming_examples/basic/block_datatypes/matrix_multiplication/whole_array/_build'
gmake[3]: Entering directory '/scratch/luisr/mlir-aie/programming_examples/basic/block_datatypes/matrix_multiplication/whole_array/_build'
gmake[3]: Leaving directory '/scratch/luisr/mlir-aie/programming_examples/basic/block_datatypes/matrix_multiplication/whole_array/_build'
gmake[3]: Entering directory '/scratch/luisr/mlir-aie/programming_examples/basic/block_datatypes/matrix_multiplication/whole_array/_build'
[ 33%] Building CXX object CMakeFiles/whole_array.dir/bfp_test.cpp.o
[ 66%] Building CXX object CMakeFiles/whole_array.dir/scratch/luisr/mlir-aie/runtime_lib/test_lib/test_utils.cpp.o
[100%] Linking CXX executable whole_array
gmake[3]: Leaving directory '/scratch/luisr/mlir-aie/programming_examples/basic/block_datatypes/matrix_multiplication/whole_array/_build'
[100%] Built target whole_array
gmake[2]: Leaving directory '/scratch/luisr/mlir-aie/programming_examples/basic/block_datatypes/matrix_multiplication/whole_array/_build'
gmake[1]: Leaving directory '/scratch/luisr/mlir-aie/programming_examples/basic/block_datatypes/matrix_multiplication/whole_array/_build'
cp _build/whole_array whole_array.exe 
mkdir -p build
python3 /scratch/luisr/mlir-aie/programming_examples/basic/block_datatypes/matrix_multiplication/whole_array/whole_array.py --n-aie-cols 8 -m 96 -k 128 -n 64 -M 4608 -K 512 -N 8192 > build/aie_4608x512x8192_96x128x64.mlir
mkdir -p build
cd build && xchesscc_wrapper aie2p -I /proj/xbuilds/2024.2_INT_1113_1001/installs/all_platforms/Vitis/2024.2/aietools/include  -DDIM_M=96 -DDIM_K=128 -DDIM_N=64 -c /scratch/luisr/mlir-aie/programming_examples/basic/block_datatypes/matrix_multiplication/whole_array/../mm.cc -o mm_96x128x64.o
WARNING: Default location for XILINX_VIVADO_IP_OVERRIDE not found: /build/xfndry/IP_2024.2_INTEGRATION_VERIFIED/customer/vivado/data/ip
mkdir -p build
cd build && aiecc.py --alloc-scheme= --aie-generate-xclbin --no-compile-host --xclbin-name=final_4608x512x8192_96x128x64.xclbin \
			 --dynamic-objFifos \
			--aie-generate-npu-insts --npu-insts-name=insts_4608x512x8192_96x128x64.txt ../build/aie_4608x512x8192_96x128x64.mlir

Generating: /scratch/luisr/mlir-aie/programming_examples/basic/block_datatypes/matrix_multiplication/whole_array/build/aie_4608x512x8192_96x128x64.mlir.prj/aie_cdo_elfs.bin
Generating: /scratch/luisr/mlir-aie/programming_examples/basic/block_datatypes/matrix_multiplication/whole_array/build/aie_4608x512x8192_96x128x64.mlir.prj/aie_cdo_init.bin
Generating: /scratch/luisr/mlir-aie/programming_examples/basic/block_datatypes/matrix_multiplication/whole_array/build/aie_4608x512x8192_96x128x64.mlir.prj/aie_cdo_enable.bin
export XRT_HACK_UNSECURE_LOADING_XCLBIN=1 && \
 ./whole_array.exe -x build/final_4608x512x8192_96x128x64.xclbin -i build/insts_4608x512x8192_96x128x64.txt -k MLIR_AIE -M 4608 -K 512 -N 8192 -w 96 -y 128 -z 64 --iters 40 --warmup 10 --verify 0

Avg NPU matmul time: 6092.2us.
Avg NPU gflops: 6344.95

Min NPU matmul time: 5617us.
Max NPU gflops: 6881.73

Max NPU matmul time: 7183us.
Min NPU gflops: 5381.42

Shuffle time: 26647us.

PASS!

rm -rf build _build whole_array.exe
rm -rf _build
mkdir -p _build
cd _build &&  cmake -E env CXXFLAGS="-std=c++23 -ggdb -DDTYPE_IN= -DDTYPE_OUT= -DDTYPE_ACC=" \
	cmake `echo /scratch/luisr/mlir-aie/programming_examples/basic/block_datatypes/matrix_multiplication/whole_array/..` -D CMAKE_C_COMPILER=gcc-13 -D CMAKE_CXX_COMPILER=g++-13 -DTARGET_NAME=whole_array -Dhostsrc=/scratch/luisr/mlir-aie/programming_examples/basic/block_datatypes/matrix_multiplication/whole_array/../bfp_test.cpp
CMake Deprecation Warning at CMakeLists.txt:13 (cmake_minimum_required):
  Compatibility with CMake < 3.10 will be removed from a future version of
  CMake.

  Update the VERSION argument <min> value.  Or, use the <min>...<max> syntax
  to tell CMake that the project requires at least <min> but has been updated
  to work with policies introduced by <max> or earlier.


-- The C compiler identification is GNU 13.3.0
-- The CXX compiler identification is GNU 13.3.0
-- Detecting C compiler ABI info
-- Detecting C compiler ABI info - done
-- Check for working C compiler: /usr/bin/gcc-13 - skipped
-- Detecting C compile features
-- Detecting C compile features - done
-- Detecting CXX compiler ABI info
-- Detecting CXX compiler ABI info - done
-- Check for working CXX compiler: /usr/bin/g++-13 - skipped
-- Detecting CXX compile features
-- Detecting CXX compile features - done
-- Configuring done (0.3s)
-- Generating done (0.0s)
-- Build files have been written to: /scratch/luisr/mlir-aie/programming_examples/basic/block_datatypes/matrix_multiplication/whole_array/_build
cd _build &&  cmake --build . --config Release
gmake[1]: Entering directory '/scratch/luisr/mlir-aie/programming_examples/basic/block_datatypes/matrix_multiplication/whole_array/_build'
gmake[2]: Entering directory '/scratch/luisr/mlir-aie/programming_examples/basic/block_datatypes/matrix_multiplication/whole_array/_build'
gmake[3]: Entering directory '/scratch/luisr/mlir-aie/programming_examples/basic/block_datatypes/matrix_multiplication/whole_array/_build'
gmake[3]: Leaving directory '/scratch/luisr/mlir-aie/programming_examples/basic/block_datatypes/matrix_multiplication/whole_array/_build'
gmake[3]: Entering directory '/scratch/luisr/mlir-aie/programming_examples/basic/block_datatypes/matrix_multiplication/whole_array/_build'
[ 33%] Building CXX object CMakeFiles/whole_array.dir/bfp_test.cpp.o
[ 66%] Building CXX object CMakeFiles/whole_array.dir/scratch/luisr/mlir-aie/runtime_lib/test_lib/test_utils.cpp.o
[100%] Linking CXX executable whole_array
gmake[3]: Leaving directory '/scratch/luisr/mlir-aie/programming_examples/basic/block_datatypes/matrix_multiplication/whole_array/_build'
[100%] Built target whole_array
gmake[2]: Leaving directory '/scratch/luisr/mlir-aie/programming_examples/basic/block_datatypes/matrix_multiplication/whole_array/_build'
gmake[1]: Leaving directory '/scratch/luisr/mlir-aie/programming_examples/basic/block_datatypes/matrix_multiplication/whole_array/_build'
cp _build/whole_array whole_array.exe 
mkdir -p build
python3 /scratch/luisr/mlir-aie/programming_examples/basic/block_datatypes/matrix_multiplication/whole_array/whole_array.py --n-aie-cols 8 -m 96 -k 128 -n 64 -M 4608 -K 1024 -N 512 > build/aie_4608x1024x512_96x128x64.mlir
mkdir -p build
cd build && xchesscc_wrapper aie2p -I /proj/xbuilds/2024.2_INT_1113_1001/installs/all_platforms/Vitis/2024.2/aietools/include  -DDIM_M=96 -DDIM_K=128 -DDIM_N=64 -c /scratch/luisr/mlir-aie/programming_examples/basic/block_datatypes/matrix_multiplication/whole_array/../mm.cc -o mm_96x128x64.o
WARNING: Default location for XILINX_VIVADO_IP_OVERRIDE not found: /build/xfndry/IP_2024.2_INTEGRATION_VERIFIED/customer/vivado/data/ip
mkdir -p build
cd build && aiecc.py --alloc-scheme= --aie-generate-xclbin --no-compile-host --xclbin-name=final_4608x1024x512_96x128x64.xclbin \
			 --dynamic-objFifos \
			--aie-generate-npu-insts --npu-insts-name=insts_4608x1024x512_96x128x64.txt ../build/aie_4608x1024x512_96x128x64.mlir

Generating: /scratch/luisr/mlir-aie/programming_examples/basic/block_datatypes/matrix_multiplication/whole_array/build/aie_4608x1024x512_96x128x64.mlir.prj/aie_cdo_elfs.bin
Generating: /scratch/luisr/mlir-aie/programming_examples/basic/block_datatypes/matrix_multiplication/whole_array/build/aie_4608x1024x512_96x128x64.mlir.prj/aie_cdo_init.bin
Generating: /scratch/luisr/mlir-aie/programming_examples/basic/block_datatypes/matrix_multiplication/whole_array/build/aie_4608x1024x512_96x128x64.mlir.prj/aie_cdo_enable.bin
export XRT_HACK_UNSECURE_LOADING_XCLBIN=1 && \
 ./whole_array.exe -x build/final_4608x1024x512_96x128x64.xclbin -i build/insts_4608x1024x512_96x128x64.txt -k MLIR_AIE -M 4608 -K 1024 -N 512 -w 96 -y 128 -z 64 --iters 40 --warmup 10 --verify 0

Avg NPU matmul time: 720.15us.
Avg NPU gflops: 6709.49

Min NPU matmul time: 700us.
Max NPU gflops: 6902.63

Max NPU matmul time: 750us.
Min NPU gflops: 6442.45

Shuffle time: 22594us.

PASS!

rm -rf build _build whole_array.exe
rm -rf _build
mkdir -p _build
cd _build &&  cmake -E env CXXFLAGS="-std=c++23 -ggdb -DDTYPE_IN= -DDTYPE_OUT= -DDTYPE_ACC=" \
	cmake `echo /scratch/luisr/mlir-aie/programming_examples/basic/block_datatypes/matrix_multiplication/whole_array/..` -D CMAKE_C_COMPILER=gcc-13 -D CMAKE_CXX_COMPILER=g++-13 -DTARGET_NAME=whole_array -Dhostsrc=/scratch/luisr/mlir-aie/programming_examples/basic/block_datatypes/matrix_multiplication/whole_array/../bfp_test.cpp
CMake Deprecation Warning at CMakeLists.txt:13 (cmake_minimum_required):
  Compatibility with CMake < 3.10 will be removed from a future version of
  CMake.

  Update the VERSION argument <min> value.  Or, use the <min>...<max> syntax
  to tell CMake that the project requires at least <min> but has been updated
  to work with policies introduced by <max> or earlier.


-- The C compiler identification is GNU 13.3.0
-- The CXX compiler identification is GNU 13.3.0
-- Detecting C compiler ABI info
-- Detecting C compiler ABI info - done
-- Check for working C compiler: /usr/bin/gcc-13 - skipped
-- Detecting C compile features
-- Detecting C compile features - done
-- Detecting CXX compiler ABI info
-- Detecting CXX compiler ABI info - done
-- Check for working CXX compiler: /usr/bin/g++-13 - skipped
-- Detecting CXX compile features
-- Detecting CXX compile features - done
-- Configuring done (0.3s)
-- Generating done (0.0s)
-- Build files have been written to: /scratch/luisr/mlir-aie/programming_examples/basic/block_datatypes/matrix_multiplication/whole_array/_build
cd _build &&  cmake --build . --config Release
gmake[1]: Entering directory '/scratch/luisr/mlir-aie/programming_examples/basic/block_datatypes/matrix_multiplication/whole_array/_build'
gmake[2]: Entering directory '/scratch/luisr/mlir-aie/programming_examples/basic/block_datatypes/matrix_multiplication/whole_array/_build'
gmake[3]: Entering directory '/scratch/luisr/mlir-aie/programming_examples/basic/block_datatypes/matrix_multiplication/whole_array/_build'
gmake[3]: Leaving directory '/scratch/luisr/mlir-aie/programming_examples/basic/block_datatypes/matrix_multiplication/whole_array/_build'
gmake[3]: Entering directory '/scratch/luisr/mlir-aie/programming_examples/basic/block_datatypes/matrix_multiplication/whole_array/_build'
[ 33%] Building CXX object CMakeFiles/whole_array.dir/bfp_test.cpp.o
[ 66%] Building CXX object CMakeFiles/whole_array.dir/scratch/luisr/mlir-aie/runtime_lib/test_lib/test_utils.cpp.o
[100%] Linking CXX executable whole_array
gmake[3]: Leaving directory '/scratch/luisr/mlir-aie/programming_examples/basic/block_datatypes/matrix_multiplication/whole_array/_build'
[100%] Built target whole_array
gmake[2]: Leaving directory '/scratch/luisr/mlir-aie/programming_examples/basic/block_datatypes/matrix_multiplication/whole_array/_build'
gmake[1]: Leaving directory '/scratch/luisr/mlir-aie/programming_examples/basic/block_datatypes/matrix_multiplication/whole_array/_build'
cp _build/whole_array whole_array.exe 
mkdir -p build
python3 /scratch/luisr/mlir-aie/programming_examples/basic/block_datatypes/matrix_multiplication/whole_array/whole_array.py --n-aie-cols 8 -m 96 -k 128 -n 64 -M 4608 -K 1024 -N 1024 > build/aie_4608x1024x1024_96x128x64.mlir
mkdir -p build
cd build && xchesscc_wrapper aie2p -I /proj/xbuilds/2024.2_INT_1113_1001/installs/all_platforms/Vitis/2024.2/aietools/include  -DDIM_M=96 -DDIM_K=128 -DDIM_N=64 -c /scratch/luisr/mlir-aie/programming_examples/basic/block_datatypes/matrix_multiplication/whole_array/../mm.cc -o mm_96x128x64.o
WARNING: Default location for XILINX_VIVADO_IP_OVERRIDE not found: /build/xfndry/IP_2024.2_INTEGRATION_VERIFIED/customer/vivado/data/ip
mkdir -p build
cd build && aiecc.py --alloc-scheme= --aie-generate-xclbin --no-compile-host --xclbin-name=final_4608x1024x1024_96x128x64.xclbin \
			 --dynamic-objFifos \
			--aie-generate-npu-insts --npu-insts-name=insts_4608x1024x1024_96x128x64.txt ../build/aie_4608x1024x1024_96x128x64.mlir

Generating: /scratch/luisr/mlir-aie/programming_examples/basic/block_datatypes/matrix_multiplication/whole_array/build/aie_4608x1024x1024_96x128x64.mlir.prj/aie_cdo_elfs.bin
Generating: /scratch/luisr/mlir-aie/programming_examples/basic/block_datatypes/matrix_multiplication/whole_array/build/aie_4608x1024x1024_96x128x64.mlir.prj/aie_cdo_init.bin
Generating: /scratch/luisr/mlir-aie/programming_examples/basic/block_datatypes/matrix_multiplication/whole_array/build/aie_4608x1024x1024_96x128x64.mlir.prj/aie_cdo_enable.bin
export XRT_HACK_UNSECURE_LOADING_XCLBIN=1 && \
 ./whole_array.exe -x build/final_4608x1024x1024_96x128x64.xclbin -i build/insts_4608x1024x1024_96x128x64.txt -k MLIR_AIE -M 4608 -K 1024 -N 1024 -w 96 -y 128 -z 64 --iters 40 --warmup 10 --verify 0

Avg NPU matmul time: 1417.88us.
Avg NPU gflops: 6815.61

Min NPU matmul time: 1105us.
Max NPU gflops: 8745.41

Max NPU matmul time: 1643us.
Min NPU gflops: 5881.73

Shuffle time: 24734us.

PASS!

rm -rf build _build whole_array.exe
rm -rf _build
mkdir -p _build
cd _build &&  cmake -E env CXXFLAGS="-std=c++23 -ggdb -DDTYPE_IN= -DDTYPE_OUT= -DDTYPE_ACC=" \
	cmake `echo /scratch/luisr/mlir-aie/programming_examples/basic/block_datatypes/matrix_multiplication/whole_array/..` -D CMAKE_C_COMPILER=gcc-13 -D CMAKE_CXX_COMPILER=g++-13 -DTARGET_NAME=whole_array -Dhostsrc=/scratch/luisr/mlir-aie/programming_examples/basic/block_datatypes/matrix_multiplication/whole_array/../bfp_test.cpp
CMake Deprecation Warning at CMakeLists.txt:13 (cmake_minimum_required):
  Compatibility with CMake < 3.10 will be removed from a future version of
  CMake.

  Update the VERSION argument <min> value.  Or, use the <min>...<max> syntax
  to tell CMake that the project requires at least <min> but has been updated
  to work with policies introduced by <max> or earlier.


-- The C compiler identification is GNU 13.3.0
-- The CXX compiler identification is GNU 13.3.0
-- Detecting C compiler ABI info
-- Detecting C compiler ABI info - done
-- Check for working C compiler: /usr/bin/gcc-13 - skipped
-- Detecting C compile features
-- Detecting C compile features - done
-- Detecting CXX compiler ABI info
-- Detecting CXX compiler ABI info - done
-- Check for working CXX compiler: /usr/bin/g++-13 - skipped
-- Detecting CXX compile features
-- Detecting CXX compile features - done
-- Configuring done (0.2s)
-- Generating done (0.0s)
-- Build files have been written to: /scratch/luisr/mlir-aie/programming_examples/basic/block_datatypes/matrix_multiplication/whole_array/_build
cd _build &&  cmake --build . --config Release
gmake[1]: Entering directory '/scratch/luisr/mlir-aie/programming_examples/basic/block_datatypes/matrix_multiplication/whole_array/_build'
gmake[2]: Entering directory '/scratch/luisr/mlir-aie/programming_examples/basic/block_datatypes/matrix_multiplication/whole_array/_build'
gmake[3]: Entering directory '/scratch/luisr/mlir-aie/programming_examples/basic/block_datatypes/matrix_multiplication/whole_array/_build'
gmake[3]: Leaving directory '/scratch/luisr/mlir-aie/programming_examples/basic/block_datatypes/matrix_multiplication/whole_array/_build'
gmake[3]: Entering directory '/scratch/luisr/mlir-aie/programming_examples/basic/block_datatypes/matrix_multiplication/whole_array/_build'
[ 33%] Building CXX object CMakeFiles/whole_array.dir/bfp_test.cpp.o
[ 66%] Building CXX object CMakeFiles/whole_array.dir/scratch/luisr/mlir-aie/runtime_lib/test_lib/test_utils.cpp.o
[100%] Linking CXX executable whole_array
gmake[3]: Leaving directory '/scratch/luisr/mlir-aie/programming_examples/basic/block_datatypes/matrix_multiplication/whole_array/_build'
[100%] Built target whole_array
gmake[2]: Leaving directory '/scratch/luisr/mlir-aie/programming_examples/basic/block_datatypes/matrix_multiplication/whole_array/_build'
gmake[1]: Leaving directory '/scratch/luisr/mlir-aie/programming_examples/basic/block_datatypes/matrix_multiplication/whole_array/_build'
cp _build/whole_array whole_array.exe 
mkdir -p build
python3 /scratch/luisr/mlir-aie/programming_examples/basic/block_datatypes/matrix_multiplication/whole_array/whole_array.py --n-aie-cols 8 -m 96 -k 128 -n 64 -M 4608 -K 1024 -N 4096 > build/aie_4608x1024x4096_96x128x64.mlir
mkdir -p build
cd build && xchesscc_wrapper aie2p -I /proj/xbuilds/2024.2_INT_1113_1001/installs/all_platforms/Vitis/2024.2/aietools/include  -DDIM_M=96 -DDIM_K=128 -DDIM_N=64 -c /scratch/luisr/mlir-aie/programming_examples/basic/block_datatypes/matrix_multiplication/whole_array/../mm.cc -o mm_96x128x64.o
WARNING: Default location for XILINX_VIVADO_IP_OVERRIDE not found: /build/xfndry/IP_2024.2_INTEGRATION_VERIFIED/customer/vivado/data/ip
mkdir -p build
cd build && aiecc.py --alloc-scheme= --aie-generate-xclbin --no-compile-host --xclbin-name=final_4608x1024x4096_96x128x64.xclbin \
			 --dynamic-objFifos \
			--aie-generate-npu-insts --npu-insts-name=insts_4608x1024x4096_96x128x64.txt ../build/aie_4608x1024x4096_96x128x64.mlir

Generating: /scratch/luisr/mlir-aie/programming_examples/basic/block_datatypes/matrix_multiplication/whole_array/build/aie_4608x1024x4096_96x128x64.mlir.prj/aie_cdo_elfs.bin
Generating: /scratch/luisr/mlir-aie/programming_examples/basic/block_datatypes/matrix_multiplication/whole_array/build/aie_4608x1024x4096_96x128x64.mlir.prj/aie_cdo_init.bin
Generating: /scratch/luisr/mlir-aie/programming_examples/basic/block_datatypes/matrix_multiplication/whole_array/build/aie_4608x1024x4096_96x128x64.mlir.prj/aie_cdo_enable.bin
export XRT_HACK_UNSECURE_LOADING_XCLBIN=1 && \
 ./whole_array.exe -x build/final_4608x1024x4096_96x128x64.xclbin -i build/insts_4608x1024x4096_96x128x64.txt -k MLIR_AIE -M 4608 -K 1024 -N 4096 -w 96 -y 128 -z 64 --iters 40 --warmup 10 --verify 0

Avg NPU matmul time: 4041.65us.
Avg NPU gflops: 9564.09

Min NPU matmul time: 3747us.
Max NPU gflops: 10316.2

Max NPU matmul time: 4259us.
Min NPU gflops: 9076

Shuffle time: 37464us.

PASS!

rm -rf build _build whole_array.exe
rm -rf _build
mkdir -p _build
cd _build &&  cmake -E env CXXFLAGS="-std=c++23 -ggdb -DDTYPE_IN= -DDTYPE_OUT= -DDTYPE_ACC=" \
	cmake `echo /scratch/luisr/mlir-aie/programming_examples/basic/block_datatypes/matrix_multiplication/whole_array/..` -D CMAKE_C_COMPILER=gcc-13 -D CMAKE_CXX_COMPILER=g++-13 -DTARGET_NAME=whole_array -Dhostsrc=/scratch/luisr/mlir-aie/programming_examples/basic/block_datatypes/matrix_multiplication/whole_array/../bfp_test.cpp
CMake Deprecation Warning at CMakeLists.txt:13 (cmake_minimum_required):
  Compatibility with CMake < 3.10 will be removed from a future version of
  CMake.

  Update the VERSION argument <min> value.  Or, use the <min>...<max> syntax
  to tell CMake that the project requires at least <min> but has been updated
  to work with policies introduced by <max> or earlier.


-- The C compiler identification is GNU 13.3.0
-- The CXX compiler identification is GNU 13.3.0
-- Detecting C compiler ABI info
-- Detecting C compiler ABI info - done
-- Check for working C compiler: /usr/bin/gcc-13 - skipped
-- Detecting C compile features
-- Detecting C compile features - done
-- Detecting CXX compiler ABI info
-- Detecting CXX compiler ABI info - done
-- Check for working CXX compiler: /usr/bin/g++-13 - skipped
-- Detecting CXX compile features
-- Detecting CXX compile features - done
-- Configuring done (0.3s)
-- Generating done (0.0s)
-- Build files have been written to: /scratch/luisr/mlir-aie/programming_examples/basic/block_datatypes/matrix_multiplication/whole_array/_build
cd _build &&  cmake --build . --config Release
gmake[1]: Entering directory '/scratch/luisr/mlir-aie/programming_examples/basic/block_datatypes/matrix_multiplication/whole_array/_build'
gmake[2]: Entering directory '/scratch/luisr/mlir-aie/programming_examples/basic/block_datatypes/matrix_multiplication/whole_array/_build'
gmake[3]: Entering directory '/scratch/luisr/mlir-aie/programming_examples/basic/block_datatypes/matrix_multiplication/whole_array/_build'
gmake[3]: Leaving directory '/scratch/luisr/mlir-aie/programming_examples/basic/block_datatypes/matrix_multiplication/whole_array/_build'
gmake[3]: Entering directory '/scratch/luisr/mlir-aie/programming_examples/basic/block_datatypes/matrix_multiplication/whole_array/_build'
[ 33%] Building CXX object CMakeFiles/whole_array.dir/bfp_test.cpp.o
[ 66%] Building CXX object CMakeFiles/whole_array.dir/scratch/luisr/mlir-aie/runtime_lib/test_lib/test_utils.cpp.o
[100%] Linking CXX executable whole_array
gmake[3]: Leaving directory '/scratch/luisr/mlir-aie/programming_examples/basic/block_datatypes/matrix_multiplication/whole_array/_build'
[100%] Built target whole_array
gmake[2]: Leaving directory '/scratch/luisr/mlir-aie/programming_examples/basic/block_datatypes/matrix_multiplication/whole_array/_build'
gmake[1]: Leaving directory '/scratch/luisr/mlir-aie/programming_examples/basic/block_datatypes/matrix_multiplication/whole_array/_build'
cp _build/whole_array whole_array.exe 
mkdir -p build
python3 /scratch/luisr/mlir-aie/programming_examples/basic/block_datatypes/matrix_multiplication/whole_array/whole_array.py --n-aie-cols 8 -m 96 -k 128 -n 64 -M 4608 -K 1024 -N 8192 > build/aie_4608x1024x8192_96x128x64.mlir
mkdir -p build
cd build && xchesscc_wrapper aie2p -I /proj/xbuilds/2024.2_INT_1113_1001/installs/all_platforms/Vitis/2024.2/aietools/include  -DDIM_M=96 -DDIM_K=128 -DDIM_N=64 -c /scratch/luisr/mlir-aie/programming_examples/basic/block_datatypes/matrix_multiplication/whole_array/../mm.cc -o mm_96x128x64.o
WARNING: Default location for XILINX_VIVADO_IP_OVERRIDE not found: /build/xfndry/IP_2024.2_INTEGRATION_VERIFIED/customer/vivado/data/ip
mkdir -p build
cd build && aiecc.py --alloc-scheme= --aie-generate-xclbin --no-compile-host --xclbin-name=final_4608x1024x8192_96x128x64.xclbin \
			 --dynamic-objFifos \
			--aie-generate-npu-insts --npu-insts-name=insts_4608x1024x8192_96x128x64.txt ../build/aie_4608x1024x8192_96x128x64.mlir

Generating: /scratch/luisr/mlir-aie/programming_examples/basic/block_datatypes/matrix_multiplication/whole_array/build/aie_4608x1024x8192_96x128x64.mlir.prj/aie_cdo_elfs.bin
Generating: /scratch/luisr/mlir-aie/programming_examples/basic/block_datatypes/matrix_multiplication/whole_array/build/aie_4608x1024x8192_96x128x64.mlir.prj/aie_cdo_init.bin
Generating: /scratch/luisr/mlir-aie/programming_examples/basic/block_datatypes/matrix_multiplication/whole_array/build/aie_4608x1024x8192_96x128x64.mlir.prj/aie_cdo_enable.bin
export XRT_HACK_UNSECURE_LOADING_XCLBIN=1 && \
 ./whole_array.exe -x build/final_4608x1024x8192_96x128x64.xclbin -i build/insts_4608x1024x8192_96x128x64.txt -k MLIR_AIE -M 4608 -K 1024 -N 8192 -w 96 -y 128 -z 64 --iters 40 --warmup 10 --verify 0

Avg NPU matmul time: 7847.42us.
Avg NPU gflops: 9851.56

Min NPU matmul time: 7265us.
Max NPU gflops: 10641.4

Max NPU matmul time: 8514us.
Min NPU gflops: 9080.27

Shuffle time: 59216us.

PASS!

rm -rf build _build whole_array.exe
rm -rf _build
mkdir -p _build
cd _build &&  cmake -E env CXXFLAGS="-std=c++23 -ggdb -DDTYPE_IN= -DDTYPE_OUT= -DDTYPE_ACC=" \
	cmake `echo /scratch/luisr/mlir-aie/programming_examples/basic/block_datatypes/matrix_multiplication/whole_array/..` -D CMAKE_C_COMPILER=gcc-13 -D CMAKE_CXX_COMPILER=g++-13 -DTARGET_NAME=whole_array -Dhostsrc=/scratch/luisr/mlir-aie/programming_examples/basic/block_datatypes/matrix_multiplication/whole_array/../bfp_test.cpp
CMake Deprecation Warning at CMakeLists.txt:13 (cmake_minimum_required):
  Compatibility with CMake < 3.10 will be removed from a future version of
  CMake.

  Update the VERSION argument <min> value.  Or, use the <min>...<max> syntax
  to tell CMake that the project requires at least <min> but has been updated
  to work with policies introduced by <max> or earlier.


-- The C compiler identification is GNU 13.3.0
-- The CXX compiler identification is GNU 13.3.0
-- Detecting C compiler ABI info
-- Detecting C compiler ABI info - done
-- Check for working C compiler: /usr/bin/gcc-13 - skipped
-- Detecting C compile features
-- Detecting C compile features - done
-- Detecting CXX compiler ABI info
-- Detecting CXX compiler ABI info - done
-- Check for working CXX compiler: /usr/bin/g++-13 - skipped
-- Detecting CXX compile features
-- Detecting CXX compile features - done
-- Configuring done (0.3s)
-- Generating done (0.0s)
-- Build files have been written to: /scratch/luisr/mlir-aie/programming_examples/basic/block_datatypes/matrix_multiplication/whole_array/_build
cd _build &&  cmake --build . --config Release
gmake[1]: Entering directory '/scratch/luisr/mlir-aie/programming_examples/basic/block_datatypes/matrix_multiplication/whole_array/_build'
gmake[2]: Entering directory '/scratch/luisr/mlir-aie/programming_examples/basic/block_datatypes/matrix_multiplication/whole_array/_build'
gmake[3]: Entering directory '/scratch/luisr/mlir-aie/programming_examples/basic/block_datatypes/matrix_multiplication/whole_array/_build'
gmake[3]: Leaving directory '/scratch/luisr/mlir-aie/programming_examples/basic/block_datatypes/matrix_multiplication/whole_array/_build'
gmake[3]: Entering directory '/scratch/luisr/mlir-aie/programming_examples/basic/block_datatypes/matrix_multiplication/whole_array/_build'
[ 33%] Building CXX object CMakeFiles/whole_array.dir/bfp_test.cpp.o
[ 66%] Building CXX object CMakeFiles/whole_array.dir/scratch/luisr/mlir-aie/runtime_lib/test_lib/test_utils.cpp.o
[100%] Linking CXX executable whole_array
gmake[3]: Leaving directory '/scratch/luisr/mlir-aie/programming_examples/basic/block_datatypes/matrix_multiplication/whole_array/_build'
[100%] Built target whole_array
gmake[2]: Leaving directory '/scratch/luisr/mlir-aie/programming_examples/basic/block_datatypes/matrix_multiplication/whole_array/_build'
gmake[1]: Leaving directory '/scratch/luisr/mlir-aie/programming_examples/basic/block_datatypes/matrix_multiplication/whole_array/_build'
cp _build/whole_array whole_array.exe 
mkdir -p build
python3 /scratch/luisr/mlir-aie/programming_examples/basic/block_datatypes/matrix_multiplication/whole_array/whole_array.py --n-aie-cols 8 -m 96 -k 128 -n 64 -M 4608 -K 4096 -N 512 > build/aie_4608x4096x512_96x128x64.mlir
mkdir -p build
cd build && xchesscc_wrapper aie2p -I /proj/xbuilds/2024.2_INT_1113_1001/installs/all_platforms/Vitis/2024.2/aietools/include  -DDIM_M=96 -DDIM_K=128 -DDIM_N=64 -c /scratch/luisr/mlir-aie/programming_examples/basic/block_datatypes/matrix_multiplication/whole_array/../mm.cc -o mm_96x128x64.o
WARNING: Default location for XILINX_VIVADO_IP_OVERRIDE not found: /build/xfndry/IP_2024.2_INTEGRATION_VERIFIED/customer/vivado/data/ip
mkdir -p build
cd build && aiecc.py --alloc-scheme= --aie-generate-xclbin --no-compile-host --xclbin-name=final_4608x4096x512_96x128x64.xclbin \
			 --dynamic-objFifos \
			--aie-generate-npu-insts --npu-insts-name=insts_4608x4096x512_96x128x64.txt ../build/aie_4608x4096x512_96x128x64.mlir

Generating: /scratch/luisr/mlir-aie/programming_examples/basic/block_datatypes/matrix_multiplication/whole_array/build/aie_4608x4096x512_96x128x64.mlir.prj/aie_cdo_elfs.bin
Generating: /scratch/luisr/mlir-aie/programming_examples/basic/block_datatypes/matrix_multiplication/whole_array/build/aie_4608x4096x512_96x128x64.mlir.prj/aie_cdo_init.bin
Generating: /scratch/luisr/mlir-aie/programming_examples/basic/block_datatypes/matrix_multiplication/whole_array/build/aie_4608x4096x512_96x128x64.mlir.prj/aie_cdo_enable.bin
export XRT_HACK_UNSECURE_LOADING_XCLBIN=1 && \
 ./whole_array.exe -x build/final_4608x4096x512_96x128x64.xclbin -i build/insts_4608x4096x512_96x128x64.txt -k MLIR_AIE -M 4608 -K 4096 -N 512 -w 96 -y 128 -z 64 --iters 40 --warmup 10 --verify 0

Avg NPU matmul time: 2459.3us.
Avg NPU gflops: 7858.88

Min NPU matmul time: 2373us.
Max NPU gflops: 8144.69

Max NPU matmul time: 2655us.
Min NPU gflops: 7279.61

Shuffle time: 97097us.

PASS!

rm -rf build _build whole_array.exe
rm -rf _build
mkdir -p _build
cd _build &&  cmake -E env CXXFLAGS="-std=c++23 -ggdb -DDTYPE_IN= -DDTYPE_OUT= -DDTYPE_ACC=" \
	cmake `echo /scratch/luisr/mlir-aie/programming_examples/basic/block_datatypes/matrix_multiplication/whole_array/..` -D CMAKE_C_COMPILER=gcc-13 -D CMAKE_CXX_COMPILER=g++-13 -DTARGET_NAME=whole_array -Dhostsrc=/scratch/luisr/mlir-aie/programming_examples/basic/block_datatypes/matrix_multiplication/whole_array/../bfp_test.cpp
CMake Deprecation Warning at CMakeLists.txt:13 (cmake_minimum_required):
  Compatibility with CMake < 3.10 will be removed from a future version of
  CMake.

  Update the VERSION argument <min> value.  Or, use the <min>...<max> syntax
  to tell CMake that the project requires at least <min> but has been updated
  to work with policies introduced by <max> or earlier.


-- The C compiler identification is GNU 13.3.0
-- The CXX compiler identification is GNU 13.3.0
-- Detecting C compiler ABI info
-- Detecting C compiler ABI info - done
-- Check for working C compiler: /usr/bin/gcc-13 - skipped
-- Detecting C compile features
-- Detecting C compile features - done
-- Detecting CXX compiler ABI info
-- Detecting CXX compiler ABI info - done
-- Check for working CXX compiler: /usr/bin/g++-13 - skipped
-- Detecting CXX compile features
-- Detecting CXX compile features - done
-- Configuring done (0.2s)
-- Generating done (0.0s)
-- Build files have been written to: /scratch/luisr/mlir-aie/programming_examples/basic/block_datatypes/matrix_multiplication/whole_array/_build
cd _build &&  cmake --build . --config Release
gmake[1]: Entering directory '/scratch/luisr/mlir-aie/programming_examples/basic/block_datatypes/matrix_multiplication/whole_array/_build'
gmake[2]: Entering directory '/scratch/luisr/mlir-aie/programming_examples/basic/block_datatypes/matrix_multiplication/whole_array/_build'
gmake[3]: Entering directory '/scratch/luisr/mlir-aie/programming_examples/basic/block_datatypes/matrix_multiplication/whole_array/_build'
gmake[3]: Leaving directory '/scratch/luisr/mlir-aie/programming_examples/basic/block_datatypes/matrix_multiplication/whole_array/_build'
gmake[3]: Entering directory '/scratch/luisr/mlir-aie/programming_examples/basic/block_datatypes/matrix_multiplication/whole_array/_build'
[ 33%] Building CXX object CMakeFiles/whole_array.dir/bfp_test.cpp.o
[ 66%] Building CXX object CMakeFiles/whole_array.dir/scratch/luisr/mlir-aie/runtime_lib/test_lib/test_utils.cpp.o
[100%] Linking CXX executable whole_array
gmake[3]: Leaving directory '/scratch/luisr/mlir-aie/programming_examples/basic/block_datatypes/matrix_multiplication/whole_array/_build'
[100%] Built target whole_array
gmake[2]: Leaving directory '/scratch/luisr/mlir-aie/programming_examples/basic/block_datatypes/matrix_multiplication/whole_array/_build'
gmake[1]: Leaving directory '/scratch/luisr/mlir-aie/programming_examples/basic/block_datatypes/matrix_multiplication/whole_array/_build'
cp _build/whole_array whole_array.exe 
mkdir -p build
python3 /scratch/luisr/mlir-aie/programming_examples/basic/block_datatypes/matrix_multiplication/whole_array/whole_array.py --n-aie-cols 8 -m 96 -k 128 -n 64 -M 4608 -K 4096 -N 1024 > build/aie_4608x4096x1024_96x128x64.mlir
mkdir -p build
cd build && xchesscc_wrapper aie2p -I /proj/xbuilds/2024.2_INT_1113_1001/installs/all_platforms/Vitis/2024.2/aietools/include  -DDIM_M=96 -DDIM_K=128 -DDIM_N=64 -c /scratch/luisr/mlir-aie/programming_examples/basic/block_datatypes/matrix_multiplication/whole_array/../mm.cc -o mm_96x128x64.o
WARNING: Default location for XILINX_VIVADO_IP_OVERRIDE not found: /build/xfndry/IP_2024.2_INTEGRATION_VERIFIED/customer/vivado/data/ip
mkdir -p build
cd build && aiecc.py --alloc-scheme= --aie-generate-xclbin --no-compile-host --xclbin-name=final_4608x4096x1024_96x128x64.xclbin \
			 --dynamic-objFifos \
			--aie-generate-npu-insts --npu-insts-name=insts_4608x4096x1024_96x128x64.txt ../build/aie_4608x4096x1024_96x128x64.mlir

Generating: /scratch/luisr/mlir-aie/programming_examples/basic/block_datatypes/matrix_multiplication/whole_array/build/aie_4608x4096x1024_96x128x64.mlir.prj/aie_cdo_elfs.bin
Generating: /scratch/luisr/mlir-aie/programming_examples/basic/block_datatypes/matrix_multiplication/whole_array/build/aie_4608x4096x1024_96x128x64.mlir.prj/aie_cdo_init.bin
Generating: /scratch/luisr/mlir-aie/programming_examples/basic/block_datatypes/matrix_multiplication/whole_array/build/aie_4608x4096x1024_96x128x64.mlir.prj/aie_cdo_enable.bin
export XRT_HACK_UNSECURE_LOADING_XCLBIN=1 && \
 ./whole_array.exe -x build/final_4608x4096x1024_96x128x64.xclbin -i build/insts_4608x4096x1024_96x128x64.txt -k MLIR_AIE -M 4608 -K 4096 -N 1024 -w 96 -y 128 -z 64 --iters 40 --warmup 10 --verify 0

Avg NPU matmul time: 4207.05us.
Avg NPU gflops: 9188.08

Min NPU matmul time: 3882us.
Max NPU gflops: 9957.42

Max NPU matmul time: 4703us.
Min NPU gflops: 8219.16

Shuffle time: 113787us.

PASS!

rm -rf build _build whole_array.exe
rm -rf _build
mkdir -p _build
cd _build &&  cmake -E env CXXFLAGS="-std=c++23 -ggdb -DDTYPE_IN= -DDTYPE_OUT= -DDTYPE_ACC=" \
	cmake `echo /scratch/luisr/mlir-aie/programming_examples/basic/block_datatypes/matrix_multiplication/whole_array/..` -D CMAKE_C_COMPILER=gcc-13 -D CMAKE_CXX_COMPILER=g++-13 -DTARGET_NAME=whole_array -Dhostsrc=/scratch/luisr/mlir-aie/programming_examples/basic/block_datatypes/matrix_multiplication/whole_array/../bfp_test.cpp
CMake Deprecation Warning at CMakeLists.txt:13 (cmake_minimum_required):
  Compatibility with CMake < 3.10 will be removed from a future version of
  CMake.

  Update the VERSION argument <min> value.  Or, use the <min>...<max> syntax
  to tell CMake that the project requires at least <min> but has been updated
  to work with policies introduced by <max> or earlier.


-- The C compiler identification is GNU 13.3.0
-- The CXX compiler identification is GNU 13.3.0
-- Detecting C compiler ABI info
-- Detecting C compiler ABI info - done
-- Check for working C compiler: /usr/bin/gcc-13 - skipped
-- Detecting C compile features
-- Detecting C compile features - done
-- Detecting CXX compiler ABI info
-- Detecting CXX compiler ABI info - done
-- Check for working CXX compiler: /usr/bin/g++-13 - skipped
-- Detecting CXX compile features
-- Detecting CXX compile features - done
-- Configuring done (0.2s)
-- Generating done (0.0s)
-- Build files have been written to: /scratch/luisr/mlir-aie/programming_examples/basic/block_datatypes/matrix_multiplication/whole_array/_build
cd _build &&  cmake --build . --config Release
gmake[1]: Entering directory '/scratch/luisr/mlir-aie/programming_examples/basic/block_datatypes/matrix_multiplication/whole_array/_build'
gmake[2]: Entering directory '/scratch/luisr/mlir-aie/programming_examples/basic/block_datatypes/matrix_multiplication/whole_array/_build'
gmake[3]: Entering directory '/scratch/luisr/mlir-aie/programming_examples/basic/block_datatypes/matrix_multiplication/whole_array/_build'
gmake[3]: Leaving directory '/scratch/luisr/mlir-aie/programming_examples/basic/block_datatypes/matrix_multiplication/whole_array/_build'
gmake[3]: Entering directory '/scratch/luisr/mlir-aie/programming_examples/basic/block_datatypes/matrix_multiplication/whole_array/_build'
[ 33%] Building CXX object CMakeFiles/whole_array.dir/bfp_test.cpp.o
[ 66%] Building CXX object CMakeFiles/whole_array.dir/scratch/luisr/mlir-aie/runtime_lib/test_lib/test_utils.cpp.o
[100%] Linking CXX executable whole_array
gmake[3]: Leaving directory '/scratch/luisr/mlir-aie/programming_examples/basic/block_datatypes/matrix_multiplication/whole_array/_build'
[100%] Built target whole_array
gmake[2]: Leaving directory '/scratch/luisr/mlir-aie/programming_examples/basic/block_datatypes/matrix_multiplication/whole_array/_build'
gmake[1]: Leaving directory '/scratch/luisr/mlir-aie/programming_examples/basic/block_datatypes/matrix_multiplication/whole_array/_build'
cp _build/whole_array whole_array.exe 
mkdir -p build
python3 /scratch/luisr/mlir-aie/programming_examples/basic/block_datatypes/matrix_multiplication/whole_array/whole_array.py --n-aie-cols 8 -m 96 -k 128 -n 64 -M 4608 -K 4096 -N 4096 > build/aie_4608x4096x4096_96x128x64.mlir
mkdir -p build
cd build && xchesscc_wrapper aie2p -I /proj/xbuilds/2024.2_INT_1113_1001/installs/all_platforms/Vitis/2024.2/aietools/include  -DDIM_M=96 -DDIM_K=128 -DDIM_N=64 -c /scratch/luisr/mlir-aie/programming_examples/basic/block_datatypes/matrix_multiplication/whole_array/../mm.cc -o mm_96x128x64.o
WARNING: Default location for XILINX_VIVADO_IP_OVERRIDE not found: /build/xfndry/IP_2024.2_INTEGRATION_VERIFIED/customer/vivado/data/ip
mkdir -p build
cd build && aiecc.py --alloc-scheme= --aie-generate-xclbin --no-compile-host --xclbin-name=final_4608x4096x4096_96x128x64.xclbin \
			 --dynamic-objFifos \
			--aie-generate-npu-insts --npu-insts-name=insts_4608x4096x4096_96x128x64.txt ../build/aie_4608x4096x4096_96x128x64.mlir

Generating: /scratch/luisr/mlir-aie/programming_examples/basic/block_datatypes/matrix_multiplication/whole_array/build/aie_4608x4096x4096_96x128x64.mlir.prj/aie_cdo_elfs.bin
Generating: /scratch/luisr/mlir-aie/programming_examples/basic/block_datatypes/matrix_multiplication/whole_array/build/aie_4608x4096x4096_96x128x64.mlir.prj/aie_cdo_init.bin
Generating: /scratch/luisr/mlir-aie/programming_examples/basic/block_datatypes/matrix_multiplication/whole_array/build/aie_4608x4096x4096_96x128x64.mlir.prj/aie_cdo_enable.bin
export XRT_HACK_UNSECURE_LOADING_XCLBIN=1 && \
 ./whole_array.exe -x build/final_4608x4096x4096_96x128x64.xclbin -i build/insts_4608x4096x4096_96x128x64.txt -k MLIR_AIE -M 4608 -K 4096 -N 4096 -w 96 -y 128 -z 64 --iters 40 --warmup 10 --verify 0

Avg NPU matmul time: 15596.2us.
Avg NPU gflops: 9913.89

Min NPU matmul time: 15132us.
Max NPU gflops: 10218

Max NPU matmul time: 15884us.
Min NPU gflops: 9734.25

Shuffle time: 168604us.

PASS!

rm -rf build _build whole_array.exe
rm -rf _build
mkdir -p _build
cd _build &&  cmake -E env CXXFLAGS="-std=c++23 -ggdb -DDTYPE_IN= -DDTYPE_OUT= -DDTYPE_ACC=" \
	cmake `echo /scratch/luisr/mlir-aie/programming_examples/basic/block_datatypes/matrix_multiplication/whole_array/..` -D CMAKE_C_COMPILER=gcc-13 -D CMAKE_CXX_COMPILER=g++-13 -DTARGET_NAME=whole_array -Dhostsrc=/scratch/luisr/mlir-aie/programming_examples/basic/block_datatypes/matrix_multiplication/whole_array/../bfp_test.cpp
CMake Deprecation Warning at CMakeLists.txt:13 (cmake_minimum_required):
  Compatibility with CMake < 3.10 will be removed from a future version of
  CMake.

  Update the VERSION argument <min> value.  Or, use the <min>...<max> syntax
  to tell CMake that the project requires at least <min> but has been updated
  to work with policies introduced by <max> or earlier.


-- The C compiler identification is GNU 13.3.0
-- The CXX compiler identification is GNU 13.3.0
-- Detecting C compiler ABI info
-- Detecting C compiler ABI info - done
-- Check for working C compiler: /usr/bin/gcc-13 - skipped
-- Detecting C compile features
-- Detecting C compile features - done
-- Detecting CXX compiler ABI info
-- Detecting CXX compiler ABI info - done
-- Check for working CXX compiler: /usr/bin/g++-13 - skipped
-- Detecting CXX compile features
-- Detecting CXX compile features - done
-- Configuring done (0.3s)
-- Generating done (0.0s)
-- Build files have been written to: /scratch/luisr/mlir-aie/programming_examples/basic/block_datatypes/matrix_multiplication/whole_array/_build
cd _build &&  cmake --build . --config Release
gmake[1]: Entering directory '/scratch/luisr/mlir-aie/programming_examples/basic/block_datatypes/matrix_multiplication/whole_array/_build'
gmake[2]: Entering directory '/scratch/luisr/mlir-aie/programming_examples/basic/block_datatypes/matrix_multiplication/whole_array/_build'
gmake[3]: Entering directory '/scratch/luisr/mlir-aie/programming_examples/basic/block_datatypes/matrix_multiplication/whole_array/_build'
gmake[3]: Leaving directory '/scratch/luisr/mlir-aie/programming_examples/basic/block_datatypes/matrix_multiplication/whole_array/_build'
gmake[3]: Entering directory '/scratch/luisr/mlir-aie/programming_examples/basic/block_datatypes/matrix_multiplication/whole_array/_build'
[ 33%] Building CXX object CMakeFiles/whole_array.dir/bfp_test.cpp.o
[ 66%] Building CXX object CMakeFiles/whole_array.dir/scratch/luisr/mlir-aie/runtime_lib/test_lib/test_utils.cpp.o
[100%] Linking CXX executable whole_array
gmake[3]: Leaving directory '/scratch/luisr/mlir-aie/programming_examples/basic/block_datatypes/matrix_multiplication/whole_array/_build'
[100%] Built target whole_array
gmake[2]: Leaving directory '/scratch/luisr/mlir-aie/programming_examples/basic/block_datatypes/matrix_multiplication/whole_array/_build'
gmake[1]: Leaving directory '/scratch/luisr/mlir-aie/programming_examples/basic/block_datatypes/matrix_multiplication/whole_array/_build'
cp _build/whole_array whole_array.exe 
mkdir -p build
python3 /scratch/luisr/mlir-aie/programming_examples/basic/block_datatypes/matrix_multiplication/whole_array/whole_array.py --n-aie-cols 8 -m 96 -k 128 -n 64 -M 4608 -K 4096 -N 8192 > build/aie_4608x4096x8192_96x128x64.mlir
mkdir -p build
cd build && xchesscc_wrapper aie2p -I /proj/xbuilds/2024.2_INT_1113_1001/installs/all_platforms/Vitis/2024.2/aietools/include  -DDIM_M=96 -DDIM_K=128 -DDIM_N=64 -c /scratch/luisr/mlir-aie/programming_examples/basic/block_datatypes/matrix_multiplication/whole_array/../mm.cc -o mm_96x128x64.o
WARNING: Default location for XILINX_VIVADO_IP_OVERRIDE not found: /build/xfndry/IP_2024.2_INTEGRATION_VERIFIED/customer/vivado/data/ip
mkdir -p build
cd build && aiecc.py --alloc-scheme= --aie-generate-xclbin --no-compile-host --xclbin-name=final_4608x4096x8192_96x128x64.xclbin \
			 --dynamic-objFifos \
			--aie-generate-npu-insts --npu-insts-name=insts_4608x4096x8192_96x128x64.txt ../build/aie_4608x4096x8192_96x128x64.mlir

Generating: /scratch/luisr/mlir-aie/programming_examples/basic/block_datatypes/matrix_multiplication/whole_array/build/aie_4608x4096x8192_96x128x64.mlir.prj/aie_cdo_elfs.bin
Generating: /scratch/luisr/mlir-aie/programming_examples/basic/block_datatypes/matrix_multiplication/whole_array/build/aie_4608x4096x8192_96x128x64.mlir.prj/aie_cdo_init.bin
Generating: /scratch/luisr/mlir-aie/programming_examples/basic/block_datatypes/matrix_multiplication/whole_array/build/aie_4608x4096x8192_96x128x64.mlir.prj/aie_cdo_enable.bin
export XRT_HACK_UNSECURE_LOADING_XCLBIN=1 && \
 ./whole_array.exe -x build/final_4608x4096x8192_96x128x64.xclbin -i build/insts_4608x4096x8192_96x128x64.txt -k MLIR_AIE -M 4608 -K 4096 -N 8192 -w 96 -y 128 -z 64 --iters 40 --warmup 10 --verify 0

Avg NPU matmul time: 30891.2us.
Avg NPU gflops: 10010.5

Min NPU matmul time: 30307us.
Max NPU gflops: 10203.5

Max NPU matmul time: 31170us.
Min NPU gflops: 9921

Shuffle time: 244090us.

PASS!

rm -rf build _build whole_array.exe
rm -rf _build
mkdir -p _build
cd _build &&  cmake -E env CXXFLAGS="-std=c++23 -ggdb -DDTYPE_IN= -DDTYPE_OUT= -DDTYPE_ACC=" \
	cmake `echo /scratch/luisr/mlir-aie/programming_examples/basic/block_datatypes/matrix_multiplication/whole_array/..` -D CMAKE_C_COMPILER=gcc-13 -D CMAKE_CXX_COMPILER=g++-13 -DTARGET_NAME=whole_array -Dhostsrc=/scratch/luisr/mlir-aie/programming_examples/basic/block_datatypes/matrix_multiplication/whole_array/../bfp_test.cpp
CMake Deprecation Warning at CMakeLists.txt:13 (cmake_minimum_required):
  Compatibility with CMake < 3.10 will be removed from a future version of
  CMake.

  Update the VERSION argument <min> value.  Or, use the <min>...<max> syntax
  to tell CMake that the project requires at least <min> but has been updated
  to work with policies introduced by <max> or earlier.


-- The C compiler identification is GNU 13.3.0
-- The CXX compiler identification is GNU 13.3.0
-- Detecting C compiler ABI info
-- Detecting C compiler ABI info - done
-- Check for working C compiler: /usr/bin/gcc-13 - skipped
-- Detecting C compile features
-- Detecting C compile features - done
-- Detecting CXX compiler ABI info
-- Detecting CXX compiler ABI info - done
-- Check for working CXX compiler: /usr/bin/g++-13 - skipped
-- Detecting CXX compile features
-- Detecting CXX compile features - done
-- Configuring done (0.3s)
-- Generating done (0.0s)
-- Build files have been written to: /scratch/luisr/mlir-aie/programming_examples/basic/block_datatypes/matrix_multiplication/whole_array/_build
cd _build &&  cmake --build . --config Release
gmake[1]: Entering directory '/scratch/luisr/mlir-aie/programming_examples/basic/block_datatypes/matrix_multiplication/whole_array/_build'
gmake[2]: Entering directory '/scratch/luisr/mlir-aie/programming_examples/basic/block_datatypes/matrix_multiplication/whole_array/_build'
gmake[3]: Entering directory '/scratch/luisr/mlir-aie/programming_examples/basic/block_datatypes/matrix_multiplication/whole_array/_build'
gmake[3]: Leaving directory '/scratch/luisr/mlir-aie/programming_examples/basic/block_datatypes/matrix_multiplication/whole_array/_build'
gmake[3]: Entering directory '/scratch/luisr/mlir-aie/programming_examples/basic/block_datatypes/matrix_multiplication/whole_array/_build'
[ 33%] Building CXX object CMakeFiles/whole_array.dir/bfp_test.cpp.o
[ 66%] Building CXX object CMakeFiles/whole_array.dir/scratch/luisr/mlir-aie/runtime_lib/test_lib/test_utils.cpp.o
[100%] Linking CXX executable whole_array
gmake[3]: Leaving directory '/scratch/luisr/mlir-aie/programming_examples/basic/block_datatypes/matrix_multiplication/whole_array/_build'
[100%] Built target whole_array
gmake[2]: Leaving directory '/scratch/luisr/mlir-aie/programming_examples/basic/block_datatypes/matrix_multiplication/whole_array/_build'
gmake[1]: Leaving directory '/scratch/luisr/mlir-aie/programming_examples/basic/block_datatypes/matrix_multiplication/whole_array/_build'
cp _build/whole_array whole_array.exe 
mkdir -p build
python3 /scratch/luisr/mlir-aie/programming_examples/basic/block_datatypes/matrix_multiplication/whole_array/whole_array.py --n-aie-cols 8 -m 96 -k 128 -n 64 -M 4608 -K 6144 -N 512 > build/aie_4608x6144x512_96x128x64.mlir
mkdir -p build
cd build && xchesscc_wrapper aie2p -I /proj/xbuilds/2024.2_INT_1113_1001/installs/all_platforms/Vitis/2024.2/aietools/include  -DDIM_M=96 -DDIM_K=128 -DDIM_N=64 -c /scratch/luisr/mlir-aie/programming_examples/basic/block_datatypes/matrix_multiplication/whole_array/../mm.cc -o mm_96x128x64.o
WARNING: Default location for XILINX_VIVADO_IP_OVERRIDE not found: /build/xfndry/IP_2024.2_INTEGRATION_VERIFIED/customer/vivado/data/ip
mkdir -p build
cd build && aiecc.py --alloc-scheme= --aie-generate-xclbin --no-compile-host --xclbin-name=final_4608x6144x512_96x128x64.xclbin \
			 --dynamic-objFifos \
			--aie-generate-npu-insts --npu-insts-name=insts_4608x6144x512_96x128x64.txt ../build/aie_4608x6144x512_96x128x64.mlir

Generating: /scratch/luisr/mlir-aie/programming_examples/basic/block_datatypes/matrix_multiplication/whole_array/build/aie_4608x6144x512_96x128x64.mlir.prj/aie_cdo_elfs.bin
Generating: /scratch/luisr/mlir-aie/programming_examples/basic/block_datatypes/matrix_multiplication/whole_array/build/aie_4608x6144x512_96x128x64.mlir.prj/aie_cdo_init.bin
Generating: /scratch/luisr/mlir-aie/programming_examples/basic/block_datatypes/matrix_multiplication/whole_array/build/aie_4608x6144x512_96x128x64.mlir.prj/aie_cdo_enable.bin
export XRT_HACK_UNSECURE_LOADING_XCLBIN=1 && \
 ./whole_array.exe -x build/final_4608x6144x512_96x128x64.xclbin -i build/insts_4608x6144x512_96x128x64.txt -k MLIR_AIE -M 4608 -K 6144 -N 512 -w 96 -y 128 -z 64 --iters 40 --warmup 10 --verify 0

Avg NPU matmul time: 4136.77us.
Avg NPU gflops: 7008.12

Min NPU matmul time: 3809us.
Max NPU gflops: 7611.19

Max NPU matmul time: 4386us.
Min NPU gflops: 6609.9

Shuffle time: 146342us.

PASS!

rm -rf build _build whole_array.exe
rm -rf _build
mkdir -p _build
cd _build &&  cmake -E env CXXFLAGS="-std=c++23 -ggdb -DDTYPE_IN= -DDTYPE_OUT= -DDTYPE_ACC=" \
	cmake `echo /scratch/luisr/mlir-aie/programming_examples/basic/block_datatypes/matrix_multiplication/whole_array/..` -D CMAKE_C_COMPILER=gcc-13 -D CMAKE_CXX_COMPILER=g++-13 -DTARGET_NAME=whole_array -Dhostsrc=/scratch/luisr/mlir-aie/programming_examples/basic/block_datatypes/matrix_multiplication/whole_array/../bfp_test.cpp
CMake Deprecation Warning at CMakeLists.txt:13 (cmake_minimum_required):
  Compatibility with CMake < 3.10 will be removed from a future version of
  CMake.

  Update the VERSION argument <min> value.  Or, use the <min>...<max> syntax
  to tell CMake that the project requires at least <min> but has been updated
  to work with policies introduced by <max> or earlier.


-- The C compiler identification is GNU 13.3.0
-- The CXX compiler identification is GNU 13.3.0
-- Detecting C compiler ABI info
-- Detecting C compiler ABI info - done
-- Check for working C compiler: /usr/bin/gcc-13 - skipped
-- Detecting C compile features
-- Detecting C compile features - done
-- Detecting CXX compiler ABI info
-- Detecting CXX compiler ABI info - done
-- Check for working CXX compiler: /usr/bin/g++-13 - skipped
-- Detecting CXX compile features
-- Detecting CXX compile features - done
-- Configuring done (0.3s)
-- Generating done (0.0s)
-- Build files have been written to: /scratch/luisr/mlir-aie/programming_examples/basic/block_datatypes/matrix_multiplication/whole_array/_build
cd _build &&  cmake --build . --config Release
gmake[1]: Entering directory '/scratch/luisr/mlir-aie/programming_examples/basic/block_datatypes/matrix_multiplication/whole_array/_build'
gmake[2]: Entering directory '/scratch/luisr/mlir-aie/programming_examples/basic/block_datatypes/matrix_multiplication/whole_array/_build'
gmake[3]: Entering directory '/scratch/luisr/mlir-aie/programming_examples/basic/block_datatypes/matrix_multiplication/whole_array/_build'
gmake[3]: Leaving directory '/scratch/luisr/mlir-aie/programming_examples/basic/block_datatypes/matrix_multiplication/whole_array/_build'
gmake[3]: Entering directory '/scratch/luisr/mlir-aie/programming_examples/basic/block_datatypes/matrix_multiplication/whole_array/_build'
[ 33%] Building CXX object CMakeFiles/whole_array.dir/bfp_test.cpp.o
[ 66%] Building CXX object CMakeFiles/whole_array.dir/scratch/luisr/mlir-aie/runtime_lib/test_lib/test_utils.cpp.o
[100%] Linking CXX executable whole_array
gmake[3]: Leaving directory '/scratch/luisr/mlir-aie/programming_examples/basic/block_datatypes/matrix_multiplication/whole_array/_build'
[100%] Built target whole_array
gmake[2]: Leaving directory '/scratch/luisr/mlir-aie/programming_examples/basic/block_datatypes/matrix_multiplication/whole_array/_build'
gmake[1]: Leaving directory '/scratch/luisr/mlir-aie/programming_examples/basic/block_datatypes/matrix_multiplication/whole_array/_build'
cp _build/whole_array whole_array.exe 
mkdir -p build
python3 /scratch/luisr/mlir-aie/programming_examples/basic/block_datatypes/matrix_multiplication/whole_array/whole_array.py --n-aie-cols 8 -m 96 -k 128 -n 64 -M 4608 -K 6144 -N 1024 > build/aie_4608x6144x1024_96x128x64.mlir
mkdir -p build
cd build && xchesscc_wrapper aie2p -I /proj/xbuilds/2024.2_INT_1113_1001/installs/all_platforms/Vitis/2024.2/aietools/include  -DDIM_M=96 -DDIM_K=128 -DDIM_N=64 -c /scratch/luisr/mlir-aie/programming_examples/basic/block_datatypes/matrix_multiplication/whole_array/../mm.cc -o mm_96x128x64.o
WARNING: Default location for XILINX_VIVADO_IP_OVERRIDE not found: /build/xfndry/IP_2024.2_INTEGRATION_VERIFIED/customer/vivado/data/ip
mkdir -p build
cd build && aiecc.py --alloc-scheme= --aie-generate-xclbin --no-compile-host --xclbin-name=final_4608x6144x1024_96x128x64.xclbin \
			 --dynamic-objFifos \
			--aie-generate-npu-insts --npu-insts-name=insts_4608x6144x1024_96x128x64.txt ../build/aie_4608x6144x1024_96x128x64.mlir

Generating: /scratch/luisr/mlir-aie/programming_examples/basic/block_datatypes/matrix_multiplication/whole_array/build/aie_4608x6144x1024_96x128x64.mlir.prj/aie_cdo_elfs.bin
Generating: /scratch/luisr/mlir-aie/programming_examples/basic/block_datatypes/matrix_multiplication/whole_array/build/aie_4608x6144x1024_96x128x64.mlir.prj/aie_cdo_init.bin
Generating: /scratch/luisr/mlir-aie/programming_examples/basic/block_datatypes/matrix_multiplication/whole_array/build/aie_4608x6144x1024_96x128x64.mlir.prj/aie_cdo_enable.bin
export XRT_HACK_UNSECURE_LOADING_XCLBIN=1 && \
 ./whole_array.exe -x build/final_4608x6144x1024_96x128x64.xclbin -i build/insts_4608x6144x1024_96x128x64.txt -k MLIR_AIE -M 4608 -K 6144 -N 1024 -w 96 -y 128 -z 64 --iters 40 --warmup 10 --verify 0

Avg NPU matmul time: 8016.23us.
Avg NPU gflops: 7233.09

Min NPU matmul time: 7620us.
Max NPU gflops: 7609.19

Max NPU matmul time: 9316us.
Min NPU gflops: 6223.92

Shuffle time: 163531us.

PASS!

rm -rf build _build whole_array.exe
rm -rf _build
mkdir -p _build
cd _build &&  cmake -E env CXXFLAGS="-std=c++23 -ggdb -DDTYPE_IN= -DDTYPE_OUT= -DDTYPE_ACC=" \
	cmake `echo /scratch/luisr/mlir-aie/programming_examples/basic/block_datatypes/matrix_multiplication/whole_array/..` -D CMAKE_C_COMPILER=gcc-13 -D CMAKE_CXX_COMPILER=g++-13 -DTARGET_NAME=whole_array -Dhostsrc=/scratch/luisr/mlir-aie/programming_examples/basic/block_datatypes/matrix_multiplication/whole_array/../bfp_test.cpp
CMake Deprecation Warning at CMakeLists.txt:13 (cmake_minimum_required):
  Compatibility with CMake < 3.10 will be removed from a future version of
  CMake.

  Update the VERSION argument <min> value.  Or, use the <min>...<max> syntax
  to tell CMake that the project requires at least <min> but has been updated
  to work with policies introduced by <max> or earlier.


-- The C compiler identification is GNU 13.3.0
-- The CXX compiler identification is GNU 13.3.0
-- Detecting C compiler ABI info
-- Detecting C compiler ABI info - done
-- Check for working C compiler: /usr/bin/gcc-13 - skipped
-- Detecting C compile features
-- Detecting C compile features - done
-- Detecting CXX compiler ABI info
-- Detecting CXX compiler ABI info - done
-- Check for working CXX compiler: /usr/bin/g++-13 - skipped
-- Detecting CXX compile features
-- Detecting CXX compile features - done
-- Configuring done (0.2s)
-- Generating done (0.0s)
-- Build files have been written to: /scratch/luisr/mlir-aie/programming_examples/basic/block_datatypes/matrix_multiplication/whole_array/_build
cd _build &&  cmake --build . --config Release
gmake[1]: Entering directory '/scratch/luisr/mlir-aie/programming_examples/basic/block_datatypes/matrix_multiplication/whole_array/_build'
gmake[2]: Entering directory '/scratch/luisr/mlir-aie/programming_examples/basic/block_datatypes/matrix_multiplication/whole_array/_build'
gmake[3]: Entering directory '/scratch/luisr/mlir-aie/programming_examples/basic/block_datatypes/matrix_multiplication/whole_array/_build'
gmake[3]: Leaving directory '/scratch/luisr/mlir-aie/programming_examples/basic/block_datatypes/matrix_multiplication/whole_array/_build'
gmake[3]: Entering directory '/scratch/luisr/mlir-aie/programming_examples/basic/block_datatypes/matrix_multiplication/whole_array/_build'
[ 33%] Building CXX object CMakeFiles/whole_array.dir/bfp_test.cpp.o
[ 66%] Building CXX object CMakeFiles/whole_array.dir/scratch/luisr/mlir-aie/runtime_lib/test_lib/test_utils.cpp.o
[100%] Linking CXX executable whole_array
gmake[3]: Leaving directory '/scratch/luisr/mlir-aie/programming_examples/basic/block_datatypes/matrix_multiplication/whole_array/_build'
[100%] Built target whole_array
gmake[2]: Leaving directory '/scratch/luisr/mlir-aie/programming_examples/basic/block_datatypes/matrix_multiplication/whole_array/_build'
gmake[1]: Leaving directory '/scratch/luisr/mlir-aie/programming_examples/basic/block_datatypes/matrix_multiplication/whole_array/_build'
cp _build/whole_array whole_array.exe 
mkdir -p build
python3 /scratch/luisr/mlir-aie/programming_examples/basic/block_datatypes/matrix_multiplication/whole_array/whole_array.py --n-aie-cols 8 -m 96 -k 128 -n 64 -M 4608 -K 6144 -N 4096 > build/aie_4608x6144x4096_96x128x64.mlir
mkdir -p build
cd build && xchesscc_wrapper aie2p -I /proj/xbuilds/2024.2_INT_1113_1001/installs/all_platforms/Vitis/2024.2/aietools/include  -DDIM_M=96 -DDIM_K=128 -DDIM_N=64 -c /scratch/luisr/mlir-aie/programming_examples/basic/block_datatypes/matrix_multiplication/whole_array/../mm.cc -o mm_96x128x64.o
WARNING: Default location for XILINX_VIVADO_IP_OVERRIDE not found: /build/xfndry/IP_2024.2_INTEGRATION_VERIFIED/customer/vivado/data/ip
mkdir -p build
cd build && aiecc.py --alloc-scheme= --aie-generate-xclbin --no-compile-host --xclbin-name=final_4608x6144x4096_96x128x64.xclbin \
			 --dynamic-objFifos \
			--aie-generate-npu-insts --npu-insts-name=insts_4608x6144x4096_96x128x64.txt ../build/aie_4608x6144x4096_96x128x64.mlir

Generating: /scratch/luisr/mlir-aie/programming_examples/basic/block_datatypes/matrix_multiplication/whole_array/build/aie_4608x6144x4096_96x128x64.mlir.prj/aie_cdo_elfs.bin
Generating: /scratch/luisr/mlir-aie/programming_examples/basic/block_datatypes/matrix_multiplication/whole_array/build/aie_4608x6144x4096_96x128x64.mlir.prj/aie_cdo_init.bin
Generating: /scratch/luisr/mlir-aie/programming_examples/basic/block_datatypes/matrix_multiplication/whole_array/build/aie_4608x6144x4096_96x128x64.mlir.prj/aie_cdo_enable.bin
export XRT_HACK_UNSECURE_LOADING_XCLBIN=1 && \
 ./whole_array.exe -x build/final_4608x6144x4096_96x128x64.xclbin -i build/insts_4608x6144x4096_96x128x64.txt -k MLIR_AIE -M 4608 -K 6144 -N 4096 -w 96 -y 128 -z 64 --iters 40 --warmup 10 --verify 0

Avg NPU matmul time: 29905.8us.
Avg NPU gflops: 7755.28

Min NPU matmul time: 29142us.
Max NPU gflops: 7958.56

Max NPU matmul time: 30255us.
Min NPU gflops: 7665.78

Shuffle time: 250025us.

PASS!

rm -rf build _build whole_array.exe
rm -rf _build
mkdir -p _build
cd _build &&  cmake -E env CXXFLAGS="-std=c++23 -ggdb -DDTYPE_IN= -DDTYPE_OUT= -DDTYPE_ACC=" \
	cmake `echo /scratch/luisr/mlir-aie/programming_examples/basic/block_datatypes/matrix_multiplication/whole_array/..` -D CMAKE_C_COMPILER=gcc-13 -D CMAKE_CXX_COMPILER=g++-13 -DTARGET_NAME=whole_array -Dhostsrc=/scratch/luisr/mlir-aie/programming_examples/basic/block_datatypes/matrix_multiplication/whole_array/../bfp_test.cpp
CMake Deprecation Warning at CMakeLists.txt:13 (cmake_minimum_required):
  Compatibility with CMake < 3.10 will be removed from a future version of
  CMake.

  Update the VERSION argument <min> value.  Or, use the <min>...<max> syntax
  to tell CMake that the project requires at least <min> but has been updated
  to work with policies introduced by <max> or earlier.


-- The C compiler identification is GNU 13.3.0
-- The CXX compiler identification is GNU 13.3.0
-- Detecting C compiler ABI info
-- Detecting C compiler ABI info - done
-- Check for working C compiler: /usr/bin/gcc-13 - skipped
-- Detecting C compile features
-- Detecting C compile features - done
-- Detecting CXX compiler ABI info
-- Detecting CXX compiler ABI info - done
-- Check for working CXX compiler: /usr/bin/g++-13 - skipped
-- Detecting CXX compile features
-- Detecting CXX compile features - done
-- Configuring done (0.2s)
-- Generating done (0.0s)
-- Build files have been written to: /scratch/luisr/mlir-aie/programming_examples/basic/block_datatypes/matrix_multiplication/whole_array/_build
cd _build &&  cmake --build . --config Release
gmake[1]: Entering directory '/scratch/luisr/mlir-aie/programming_examples/basic/block_datatypes/matrix_multiplication/whole_array/_build'
gmake[2]: Entering directory '/scratch/luisr/mlir-aie/programming_examples/basic/block_datatypes/matrix_multiplication/whole_array/_build'
gmake[3]: Entering directory '/scratch/luisr/mlir-aie/programming_examples/basic/block_datatypes/matrix_multiplication/whole_array/_build'
gmake[3]: Leaving directory '/scratch/luisr/mlir-aie/programming_examples/basic/block_datatypes/matrix_multiplication/whole_array/_build'
gmake[3]: Entering directory '/scratch/luisr/mlir-aie/programming_examples/basic/block_datatypes/matrix_multiplication/whole_array/_build'
[ 33%] Building CXX object CMakeFiles/whole_array.dir/bfp_test.cpp.o
[ 66%] Building CXX object CMakeFiles/whole_array.dir/scratch/luisr/mlir-aie/runtime_lib/test_lib/test_utils.cpp.o
[100%] Linking CXX executable whole_array
gmake[3]: Leaving directory '/scratch/luisr/mlir-aie/programming_examples/basic/block_datatypes/matrix_multiplication/whole_array/_build'
[100%] Built target whole_array
gmake[2]: Leaving directory '/scratch/luisr/mlir-aie/programming_examples/basic/block_datatypes/matrix_multiplication/whole_array/_build'
gmake[1]: Leaving directory '/scratch/luisr/mlir-aie/programming_examples/basic/block_datatypes/matrix_multiplication/whole_array/_build'
cp _build/whole_array whole_array.exe 
mkdir -p build
python3 /scratch/luisr/mlir-aie/programming_examples/basic/block_datatypes/matrix_multiplication/whole_array/whole_array.py --n-aie-cols 8 -m 96 -k 128 -n 64 -M 4608 -K 6144 -N 8192 > build/aie_4608x6144x8192_96x128x64.mlir
mkdir -p build
cd build && xchesscc_wrapper aie2p -I /proj/xbuilds/2024.2_INT_1113_1001/installs/all_platforms/Vitis/2024.2/aietools/include  -DDIM_M=96 -DDIM_K=128 -DDIM_N=64 -c /scratch/luisr/mlir-aie/programming_examples/basic/block_datatypes/matrix_multiplication/whole_array/../mm.cc -o mm_96x128x64.o
WARNING: Default location for XILINX_VIVADO_IP_OVERRIDE not found: /build/xfndry/IP_2024.2_INTEGRATION_VERIFIED/customer/vivado/data/ip
mkdir -p build
cd build && aiecc.py --alloc-scheme= --aie-generate-xclbin --no-compile-host --xclbin-name=final_4608x6144x8192_96x128x64.xclbin \
			 --dynamic-objFifos \
			--aie-generate-npu-insts --npu-insts-name=insts_4608x6144x8192_96x128x64.txt ../build/aie_4608x6144x8192_96x128x64.mlir

Generating: /scratch/luisr/mlir-aie/programming_examples/basic/block_datatypes/matrix_multiplication/whole_array/build/aie_4608x6144x8192_96x128x64.mlir.prj/aie_cdo_elfs.bin
Generating: /scratch/luisr/mlir-aie/programming_examples/basic/block_datatypes/matrix_multiplication/whole_array/build/aie_4608x6144x8192_96x128x64.mlir.prj/aie_cdo_init.bin
Generating: /scratch/luisr/mlir-aie/programming_examples/basic/block_datatypes/matrix_multiplication/whole_array/build/aie_4608x6144x8192_96x128x64.mlir.prj/aie_cdo_enable.bin
export XRT_HACK_UNSECURE_LOADING_XCLBIN=1 && \
 ./whole_array.exe -x build/final_4608x6144x8192_96x128x64.xclbin -i build/insts_4608x6144x8192_96x128x64.txt -k MLIR_AIE -M 4608 -K 6144 -N 8192 -w 96 -y 128 -z 64 --iters 40 --warmup 10 --verify 0

Avg NPU matmul time: 59617.3us.
Avg NPU gflops: 7780.57

Min NPU matmul time: 58708us.
Max NPU gflops: 7901.08

Max NPU matmul time: 60665us.
Min NPU gflops: 7646.2

Shuffle time: 368622us.

PASS!

rm -rf build _build whole_array.exe
rm -rf _build
mkdir -p _build
cd _build &&  cmake -E env CXXFLAGS="-std=c++23 -ggdb -DDTYPE_IN= -DDTYPE_OUT= -DDTYPE_ACC=" \
	cmake `echo /scratch/luisr/mlir-aie/programming_examples/basic/block_datatypes/matrix_multiplication/whole_array/..` -D CMAKE_C_COMPILER=gcc-13 -D CMAKE_CXX_COMPILER=g++-13 -DTARGET_NAME=whole_array -Dhostsrc=/scratch/luisr/mlir-aie/programming_examples/basic/block_datatypes/matrix_multiplication/whole_array/../bfp_test.cpp
CMake Deprecation Warning at CMakeLists.txt:13 (cmake_minimum_required):
  Compatibility with CMake < 3.10 will be removed from a future version of
  CMake.

  Update the VERSION argument <min> value.  Or, use the <min>...<max> syntax
  to tell CMake that the project requires at least <min> but has been updated
  to work with policies introduced by <max> or earlier.


-- The C compiler identification is GNU 13.3.0
-- The CXX compiler identification is GNU 13.3.0
-- Detecting C compiler ABI info
-- Detecting C compiler ABI info - done
-- Check for working C compiler: /usr/bin/gcc-13 - skipped
-- Detecting C compile features
-- Detecting C compile features - done
-- Detecting CXX compiler ABI info
-- Detecting CXX compiler ABI info - done
-- Check for working CXX compiler: /usr/bin/g++-13 - skipped
-- Detecting CXX compile features
-- Detecting CXX compile features - done
-- Configuring done (0.3s)
-- Generating done (0.0s)
-- Build files have been written to: /scratch/luisr/mlir-aie/programming_examples/basic/block_datatypes/matrix_multiplication/whole_array/_build
cd _build &&  cmake --build . --config Release
gmake[1]: Entering directory '/scratch/luisr/mlir-aie/programming_examples/basic/block_datatypes/matrix_multiplication/whole_array/_build'
gmake[2]: Entering directory '/scratch/luisr/mlir-aie/programming_examples/basic/block_datatypes/matrix_multiplication/whole_array/_build'
gmake[3]: Entering directory '/scratch/luisr/mlir-aie/programming_examples/basic/block_datatypes/matrix_multiplication/whole_array/_build'
gmake[3]: Leaving directory '/scratch/luisr/mlir-aie/programming_examples/basic/block_datatypes/matrix_multiplication/whole_array/_build'
gmake[3]: Entering directory '/scratch/luisr/mlir-aie/programming_examples/basic/block_datatypes/matrix_multiplication/whole_array/_build'
[ 33%] Building CXX object CMakeFiles/whole_array.dir/bfp_test.cpp.o
[ 66%] Building CXX object CMakeFiles/whole_array.dir/scratch/luisr/mlir-aie/runtime_lib/test_lib/test_utils.cpp.o
[100%] Linking CXX executable whole_array
gmake[3]: Leaving directory '/scratch/luisr/mlir-aie/programming_examples/basic/block_datatypes/matrix_multiplication/whole_array/_build'
[100%] Built target whole_array
gmake[2]: Leaving directory '/scratch/luisr/mlir-aie/programming_examples/basic/block_datatypes/matrix_multiplication/whole_array/_build'
gmake[1]: Leaving directory '/scratch/luisr/mlir-aie/programming_examples/basic/block_datatypes/matrix_multiplication/whole_array/_build'
cp _build/whole_array whole_array.exe 
mkdir -p build
python3 /scratch/luisr/mlir-aie/programming_examples/basic/block_datatypes/matrix_multiplication/whole_array/whole_array.py --n-aie-cols 8 -m 96 -k 128 -n 64 -M 7680 -K 512 -N 512 > build/aie_7680x512x512_96x128x64.mlir
mkdir -p build
cd build && xchesscc_wrapper aie2p -I /proj/xbuilds/2024.2_INT_1113_1001/installs/all_platforms/Vitis/2024.2/aietools/include  -DDIM_M=96 -DDIM_K=128 -DDIM_N=64 -c /scratch/luisr/mlir-aie/programming_examples/basic/block_datatypes/matrix_multiplication/whole_array/../mm.cc -o mm_96x128x64.o
WARNING: Default location for XILINX_VIVADO_IP_OVERRIDE not found: /build/xfndry/IP_2024.2_INTEGRATION_VERIFIED/customer/vivado/data/ip
mkdir -p build
cd build && aiecc.py --alloc-scheme= --aie-generate-xclbin --no-compile-host --xclbin-name=final_7680x512x512_96x128x64.xclbin \
			 --dynamic-objFifos \
			--aie-generate-npu-insts --npu-insts-name=insts_7680x512x512_96x128x64.txt ../build/aie_7680x512x512_96x128x64.mlir

Generating: /scratch/luisr/mlir-aie/programming_examples/basic/block_datatypes/matrix_multiplication/whole_array/build/aie_7680x512x512_96x128x64.mlir.prj/aie_cdo_elfs.bin
Generating: /scratch/luisr/mlir-aie/programming_examples/basic/block_datatypes/matrix_multiplication/whole_array/build/aie_7680x512x512_96x128x64.mlir.prj/aie_cdo_init.bin
Generating: /scratch/luisr/mlir-aie/programming_examples/basic/block_datatypes/matrix_multiplication/whole_array/build/aie_7680x512x512_96x128x64.mlir.prj/aie_cdo_enable.bin
export XRT_HACK_UNSECURE_LOADING_XCLBIN=1 && \
 ./whole_array.exe -x build/final_7680x512x512_96x128x64.xclbin -i build/insts_7680x512x512_96x128x64.txt -k MLIR_AIE -M 7680 -K 512 -N 512 -w 96 -y 128 -z 64 --iters 40 --warmup 10 --verify 0

Avg NPU matmul time: 812.975us.
Avg NPU gflops: 4952.84

Min NPU matmul time: 800us.
Max NPU gflops: 5033.17

Max NPU matmul time: 823us.
Min NPU gflops: 4892.51

Shuffle time: 17315us.

PASS!

rm -rf build _build whole_array.exe
rm -rf _build
mkdir -p _build
cd _build &&  cmake -E env CXXFLAGS="-std=c++23 -ggdb -DDTYPE_IN= -DDTYPE_OUT= -DDTYPE_ACC=" \
	cmake `echo /scratch/luisr/mlir-aie/programming_examples/basic/block_datatypes/matrix_multiplication/whole_array/..` -D CMAKE_C_COMPILER=gcc-13 -D CMAKE_CXX_COMPILER=g++-13 -DTARGET_NAME=whole_array -Dhostsrc=/scratch/luisr/mlir-aie/programming_examples/basic/block_datatypes/matrix_multiplication/whole_array/../bfp_test.cpp
CMake Deprecation Warning at CMakeLists.txt:13 (cmake_minimum_required):
  Compatibility with CMake < 3.10 will be removed from a future version of
  CMake.

  Update the VERSION argument <min> value.  Or, use the <min>...<max> syntax
  to tell CMake that the project requires at least <min> but has been updated
  to work with policies introduced by <max> or earlier.


-- The C compiler identification is GNU 13.3.0
-- The CXX compiler identification is GNU 13.3.0
-- Detecting C compiler ABI info
-- Detecting C compiler ABI info - done
-- Check for working C compiler: /usr/bin/gcc-13 - skipped
-- Detecting C compile features
-- Detecting C compile features - done
-- Detecting CXX compiler ABI info
-- Detecting CXX compiler ABI info - done
-- Check for working CXX compiler: /usr/bin/g++-13 - skipped
-- Detecting CXX compile features
-- Detecting CXX compile features - done
-- Configuring done (0.3s)
-- Generating done (0.0s)
-- Build files have been written to: /scratch/luisr/mlir-aie/programming_examples/basic/block_datatypes/matrix_multiplication/whole_array/_build
cd _build &&  cmake --build . --config Release
gmake[1]: Entering directory '/scratch/luisr/mlir-aie/programming_examples/basic/block_datatypes/matrix_multiplication/whole_array/_build'
gmake[2]: Entering directory '/scratch/luisr/mlir-aie/programming_examples/basic/block_datatypes/matrix_multiplication/whole_array/_build'
gmake[3]: Entering directory '/scratch/luisr/mlir-aie/programming_examples/basic/block_datatypes/matrix_multiplication/whole_array/_build'
gmake[3]: Leaving directory '/scratch/luisr/mlir-aie/programming_examples/basic/block_datatypes/matrix_multiplication/whole_array/_build'
gmake[3]: Entering directory '/scratch/luisr/mlir-aie/programming_examples/basic/block_datatypes/matrix_multiplication/whole_array/_build'
[ 33%] Building CXX object CMakeFiles/whole_array.dir/bfp_test.cpp.o
[ 66%] Building CXX object CMakeFiles/whole_array.dir/scratch/luisr/mlir-aie/runtime_lib/test_lib/test_utils.cpp.o
[100%] Linking CXX executable whole_array
gmake[3]: Leaving directory '/scratch/luisr/mlir-aie/programming_examples/basic/block_datatypes/matrix_multiplication/whole_array/_build'
[100%] Built target whole_array
gmake[2]: Leaving directory '/scratch/luisr/mlir-aie/programming_examples/basic/block_datatypes/matrix_multiplication/whole_array/_build'
gmake[1]: Leaving directory '/scratch/luisr/mlir-aie/programming_examples/basic/block_datatypes/matrix_multiplication/whole_array/_build'
cp _build/whole_array whole_array.exe 
mkdir -p build
python3 /scratch/luisr/mlir-aie/programming_examples/basic/block_datatypes/matrix_multiplication/whole_array/whole_array.py --n-aie-cols 8 -m 96 -k 128 -n 64 -M 7680 -K 512 -N 1024 > build/aie_7680x512x1024_96x128x64.mlir
mkdir -p build
cd build && xchesscc_wrapper aie2p -I /proj/xbuilds/2024.2_INT_1113_1001/installs/all_platforms/Vitis/2024.2/aietools/include  -DDIM_M=96 -DDIM_K=128 -DDIM_N=64 -c /scratch/luisr/mlir-aie/programming_examples/basic/block_datatypes/matrix_multiplication/whole_array/../mm.cc -o mm_96x128x64.o
WARNING: Default location for XILINX_VIVADO_IP_OVERRIDE not found: /build/xfndry/IP_2024.2_INTEGRATION_VERIFIED/customer/vivado/data/ip
mkdir -p build
cd build && aiecc.py --alloc-scheme= --aie-generate-xclbin --no-compile-host --xclbin-name=final_7680x512x1024_96x128x64.xclbin \
			 --dynamic-objFifos \
			--aie-generate-npu-insts --npu-insts-name=insts_7680x512x1024_96x128x64.txt ../build/aie_7680x512x1024_96x128x64.mlir

Generating: /scratch/luisr/mlir-aie/programming_examples/basic/block_datatypes/matrix_multiplication/whole_array/build/aie_7680x512x1024_96x128x64.mlir.prj/aie_cdo_elfs.bin
Generating: /scratch/luisr/mlir-aie/programming_examples/basic/block_datatypes/matrix_multiplication/whole_array/build/aie_7680x512x1024_96x128x64.mlir.prj/aie_cdo_init.bin
Generating: /scratch/luisr/mlir-aie/programming_examples/basic/block_datatypes/matrix_multiplication/whole_array/build/aie_7680x512x1024_96x128x64.mlir.prj/aie_cdo_enable.bin
export XRT_HACK_UNSECURE_LOADING_XCLBIN=1 && \
 ./whole_array.exe -x build/final_7680x512x1024_96x128x64.xclbin -i build/insts_7680x512x1024_96x128x64.txt -k MLIR_AIE -M 7680 -K 512 -N 1024 -w 96 -y 128 -z 64 --iters 40 --warmup 10 --verify 0

Avg NPU matmul time: 1424us.
Avg NPU gflops: 5655.24

Min NPU matmul time: 1124us.
Max NPU gflops: 7164.65

Max NPU matmul time: 1630us.
Min NPU gflops: 4940.53

Shuffle time: 18817us.

PASS!

rm -rf build _build whole_array.exe
rm -rf _build
mkdir -p _build
cd _build &&  cmake -E env CXXFLAGS="-std=c++23 -ggdb -DDTYPE_IN= -DDTYPE_OUT= -DDTYPE_ACC=" \
	cmake `echo /scratch/luisr/mlir-aie/programming_examples/basic/block_datatypes/matrix_multiplication/whole_array/..` -D CMAKE_C_COMPILER=gcc-13 -D CMAKE_CXX_COMPILER=g++-13 -DTARGET_NAME=whole_array -Dhostsrc=/scratch/luisr/mlir-aie/programming_examples/basic/block_datatypes/matrix_multiplication/whole_array/../bfp_test.cpp
CMake Deprecation Warning at CMakeLists.txt:13 (cmake_minimum_required):
  Compatibility with CMake < 3.10 will be removed from a future version of
  CMake.

  Update the VERSION argument <min> value.  Or, use the <min>...<max> syntax
  to tell CMake that the project requires at least <min> but has been updated
  to work with policies introduced by <max> or earlier.


-- The C compiler identification is GNU 13.3.0
-- The CXX compiler identification is GNU 13.3.0
-- Detecting C compiler ABI info
-- Detecting C compiler ABI info - done
-- Check for working C compiler: /usr/bin/gcc-13 - skipped
-- Detecting C compile features
-- Detecting C compile features - done
-- Detecting CXX compiler ABI info
-- Detecting CXX compiler ABI info - done
-- Check for working CXX compiler: /usr/bin/g++-13 - skipped
-- Detecting CXX compile features
-- Detecting CXX compile features - done
-- Configuring done (0.2s)
-- Generating done (0.0s)
-- Build files have been written to: /scratch/luisr/mlir-aie/programming_examples/basic/block_datatypes/matrix_multiplication/whole_array/_build
cd _build &&  cmake --build . --config Release
gmake[1]: Entering directory '/scratch/luisr/mlir-aie/programming_examples/basic/block_datatypes/matrix_multiplication/whole_array/_build'
gmake[2]: Entering directory '/scratch/luisr/mlir-aie/programming_examples/basic/block_datatypes/matrix_multiplication/whole_array/_build'
gmake[3]: Entering directory '/scratch/luisr/mlir-aie/programming_examples/basic/block_datatypes/matrix_multiplication/whole_array/_build'
gmake[3]: Leaving directory '/scratch/luisr/mlir-aie/programming_examples/basic/block_datatypes/matrix_multiplication/whole_array/_build'
gmake[3]: Entering directory '/scratch/luisr/mlir-aie/programming_examples/basic/block_datatypes/matrix_multiplication/whole_array/_build'
[ 33%] Building CXX object CMakeFiles/whole_array.dir/bfp_test.cpp.o
[ 66%] Building CXX object CMakeFiles/whole_array.dir/scratch/luisr/mlir-aie/runtime_lib/test_lib/test_utils.cpp.o
[100%] Linking CXX executable whole_array
gmake[3]: Leaving directory '/scratch/luisr/mlir-aie/programming_examples/basic/block_datatypes/matrix_multiplication/whole_array/_build'
[100%] Built target whole_array
gmake[2]: Leaving directory '/scratch/luisr/mlir-aie/programming_examples/basic/block_datatypes/matrix_multiplication/whole_array/_build'
gmake[1]: Leaving directory '/scratch/luisr/mlir-aie/programming_examples/basic/block_datatypes/matrix_multiplication/whole_array/_build'
cp _build/whole_array whole_array.exe 
mkdir -p build
python3 /scratch/luisr/mlir-aie/programming_examples/basic/block_datatypes/matrix_multiplication/whole_array/whole_array.py --n-aie-cols 8 -m 96 -k 128 -n 64 -M 7680 -K 512 -N 4096 > build/aie_7680x512x4096_96x128x64.mlir
mkdir -p build
cd build && xchesscc_wrapper aie2p -I /proj/xbuilds/2024.2_INT_1113_1001/installs/all_platforms/Vitis/2024.2/aietools/include  -DDIM_M=96 -DDIM_K=128 -DDIM_N=64 -c /scratch/luisr/mlir-aie/programming_examples/basic/block_datatypes/matrix_multiplication/whole_array/../mm.cc -o mm_96x128x64.o
WARNING: Default location for XILINX_VIVADO_IP_OVERRIDE not found: /build/xfndry/IP_2024.2_INTEGRATION_VERIFIED/customer/vivado/data/ip
mkdir -p build
cd build && aiecc.py --alloc-scheme= --aie-generate-xclbin --no-compile-host --xclbin-name=final_7680x512x4096_96x128x64.xclbin \
			 --dynamic-objFifos \
			--aie-generate-npu-insts --npu-insts-name=insts_7680x512x4096_96x128x64.txt ../build/aie_7680x512x4096_96x128x64.mlir

Generating: /scratch/luisr/mlir-aie/programming_examples/basic/block_datatypes/matrix_multiplication/whole_array/build/aie_7680x512x4096_96x128x64.mlir.prj/aie_cdo_elfs.bin
Generating: /scratch/luisr/mlir-aie/programming_examples/basic/block_datatypes/matrix_multiplication/whole_array/build/aie_7680x512x4096_96x128x64.mlir.prj/aie_cdo_init.bin
Generating: /scratch/luisr/mlir-aie/programming_examples/basic/block_datatypes/matrix_multiplication/whole_array/build/aie_7680x512x4096_96x128x64.mlir.prj/aie_cdo_enable.bin
export XRT_HACK_UNSECURE_LOADING_XCLBIN=1 && \
 ./whole_array.exe -x build/final_7680x512x4096_96x128x64.xclbin -i build/insts_7680x512x4096_96x128x64.txt -k MLIR_AIE -M 7680 -K 512 -N 4096 -w 96 -y 128 -z 64 --iters 40 --warmup 10 --verify 0

Avg NPU matmul time: 4889.2us.
Avg NPU gflops: 6588.45

Min NPU matmul time: 4438us.
Max NPU gflops: 7258.28

Max NPU matmul time: 5551us.
Min NPU gflops: 5802.96

Shuffle time: 24788us.

PASS!

rm -rf build _build whole_array.exe
rm -rf _build
mkdir -p _build
cd _build &&  cmake -E env CXXFLAGS="-std=c++23 -ggdb -DDTYPE_IN= -DDTYPE_OUT= -DDTYPE_ACC=" \
	cmake `echo /scratch/luisr/mlir-aie/programming_examples/basic/block_datatypes/matrix_multiplication/whole_array/..` -D CMAKE_C_COMPILER=gcc-13 -D CMAKE_CXX_COMPILER=g++-13 -DTARGET_NAME=whole_array -Dhostsrc=/scratch/luisr/mlir-aie/programming_examples/basic/block_datatypes/matrix_multiplication/whole_array/../bfp_test.cpp
CMake Deprecation Warning at CMakeLists.txt:13 (cmake_minimum_required):
  Compatibility with CMake < 3.10 will be removed from a future version of
  CMake.

  Update the VERSION argument <min> value.  Or, use the <min>...<max> syntax
  to tell CMake that the project requires at least <min> but has been updated
  to work with policies introduced by <max> or earlier.


-- The C compiler identification is GNU 13.3.0
-- The CXX compiler identification is GNU 13.3.0
-- Detecting C compiler ABI info
-- Detecting C compiler ABI info - done
-- Check for working C compiler: /usr/bin/gcc-13 - skipped
-- Detecting C compile features
-- Detecting C compile features - done
-- Detecting CXX compiler ABI info
-- Detecting CXX compiler ABI info - done
-- Check for working CXX compiler: /usr/bin/g++-13 - skipped
-- Detecting CXX compile features
-- Detecting CXX compile features - done
-- Configuring done (0.3s)
-- Generating done (0.0s)
-- Build files have been written to: /scratch/luisr/mlir-aie/programming_examples/basic/block_datatypes/matrix_multiplication/whole_array/_build
cd _build &&  cmake --build . --config Release
gmake[1]: Entering directory '/scratch/luisr/mlir-aie/programming_examples/basic/block_datatypes/matrix_multiplication/whole_array/_build'
gmake[2]: Entering directory '/scratch/luisr/mlir-aie/programming_examples/basic/block_datatypes/matrix_multiplication/whole_array/_build'
gmake[3]: Entering directory '/scratch/luisr/mlir-aie/programming_examples/basic/block_datatypes/matrix_multiplication/whole_array/_build'
gmake[3]: Leaving directory '/scratch/luisr/mlir-aie/programming_examples/basic/block_datatypes/matrix_multiplication/whole_array/_build'
gmake[3]: Entering directory '/scratch/luisr/mlir-aie/programming_examples/basic/block_datatypes/matrix_multiplication/whole_array/_build'
[ 33%] Building CXX object CMakeFiles/whole_array.dir/bfp_test.cpp.o
[ 66%] Building CXX object CMakeFiles/whole_array.dir/scratch/luisr/mlir-aie/runtime_lib/test_lib/test_utils.cpp.o
[100%] Linking CXX executable whole_array
gmake[3]: Leaving directory '/scratch/luisr/mlir-aie/programming_examples/basic/block_datatypes/matrix_multiplication/whole_array/_build'
[100%] Built target whole_array
gmake[2]: Leaving directory '/scratch/luisr/mlir-aie/programming_examples/basic/block_datatypes/matrix_multiplication/whole_array/_build'
gmake[1]: Leaving directory '/scratch/luisr/mlir-aie/programming_examples/basic/block_datatypes/matrix_multiplication/whole_array/_build'
cp _build/whole_array whole_array.exe 
mkdir -p build
python3 /scratch/luisr/mlir-aie/programming_examples/basic/block_datatypes/matrix_multiplication/whole_array/whole_array.py --n-aie-cols 8 -m 96 -k 128 -n 64 -M 7680 -K 512 -N 8192 > build/aie_7680x512x8192_96x128x64.mlir
mkdir -p build
cd build && xchesscc_wrapper aie2p -I /proj/xbuilds/2024.2_INT_1113_1001/installs/all_platforms/Vitis/2024.2/aietools/include  -DDIM_M=96 -DDIM_K=128 -DDIM_N=64 -c /scratch/luisr/mlir-aie/programming_examples/basic/block_datatypes/matrix_multiplication/whole_array/../mm.cc -o mm_96x128x64.o
WARNING: Default location for XILINX_VIVADO_IP_OVERRIDE not found: /build/xfndry/IP_2024.2_INTEGRATION_VERIFIED/customer/vivado/data/ip
mkdir -p build
cd build && aiecc.py --alloc-scheme= --aie-generate-xclbin --no-compile-host --xclbin-name=final_7680x512x8192_96x128x64.xclbin \
			 --dynamic-objFifos \
			--aie-generate-npu-insts --npu-insts-name=insts_7680x512x8192_96x128x64.txt ../build/aie_7680x512x8192_96x128x64.mlir

Generating: /scratch/luisr/mlir-aie/programming_examples/basic/block_datatypes/matrix_multiplication/whole_array/build/aie_7680x512x8192_96x128x64.mlir.prj/aie_cdo_elfs.bin
Generating: /scratch/luisr/mlir-aie/programming_examples/basic/block_datatypes/matrix_multiplication/whole_array/build/aie_7680x512x8192_96x128x64.mlir.prj/aie_cdo_init.bin
Generating: /scratch/luisr/mlir-aie/programming_examples/basic/block_datatypes/matrix_multiplication/whole_array/build/aie_7680x512x8192_96x128x64.mlir.prj/aie_cdo_enable.bin
export XRT_HACK_UNSECURE_LOADING_XCLBIN=1 && \
 ./whole_array.exe -x build/final_7680x512x8192_96x128x64.xclbin -i build/insts_7680x512x8192_96x128x64.txt -k MLIR_AIE -M 7680 -K 512 -N 8192 -w 96 -y 128 -z 64 --iters 40 --warmup 10 --verify 0

Avg NPU matmul time: 10950us.
Avg NPU gflops: 5883.53

Min NPU matmul time: 10155us.
Max NPU gflops: 6344.12

Max NPU matmul time: 11643us.
Min NPU gflops: 5533.33

Shuffle time: 33475us.

PASS!

rm -rf build _build whole_array.exe
rm -rf _build
mkdir -p _build
cd _build &&  cmake -E env CXXFLAGS="-std=c++23 -ggdb -DDTYPE_IN= -DDTYPE_OUT= -DDTYPE_ACC=" \
	cmake `echo /scratch/luisr/mlir-aie/programming_examples/basic/block_datatypes/matrix_multiplication/whole_array/..` -D CMAKE_C_COMPILER=gcc-13 -D CMAKE_CXX_COMPILER=g++-13 -DTARGET_NAME=whole_array -Dhostsrc=/scratch/luisr/mlir-aie/programming_examples/basic/block_datatypes/matrix_multiplication/whole_array/../bfp_test.cpp
CMake Deprecation Warning at CMakeLists.txt:13 (cmake_minimum_required):
  Compatibility with CMake < 3.10 will be removed from a future version of
  CMake.

  Update the VERSION argument <min> value.  Or, use the <min>...<max> syntax
  to tell CMake that the project requires at least <min> but has been updated
  to work with policies introduced by <max> or earlier.


-- The C compiler identification is GNU 13.3.0
-- The CXX compiler identification is GNU 13.3.0
-- Detecting C compiler ABI info
-- Detecting C compiler ABI info - done
-- Check for working C compiler: /usr/bin/gcc-13 - skipped
-- Detecting C compile features
-- Detecting C compile features - done
-- Detecting CXX compiler ABI info
-- Detecting CXX compiler ABI info - done
-- Check for working CXX compiler: /usr/bin/g++-13 - skipped
-- Detecting CXX compile features
-- Detecting CXX compile features - done
-- Configuring done (0.3s)
-- Generating done (0.0s)
-- Build files have been written to: /scratch/luisr/mlir-aie/programming_examples/basic/block_datatypes/matrix_multiplication/whole_array/_build
cd _build &&  cmake --build . --config Release
gmake[1]: Entering directory '/scratch/luisr/mlir-aie/programming_examples/basic/block_datatypes/matrix_multiplication/whole_array/_build'
gmake[2]: Entering directory '/scratch/luisr/mlir-aie/programming_examples/basic/block_datatypes/matrix_multiplication/whole_array/_build'
gmake[3]: Entering directory '/scratch/luisr/mlir-aie/programming_examples/basic/block_datatypes/matrix_multiplication/whole_array/_build'
gmake[3]: Leaving directory '/scratch/luisr/mlir-aie/programming_examples/basic/block_datatypes/matrix_multiplication/whole_array/_build'
gmake[3]: Entering directory '/scratch/luisr/mlir-aie/programming_examples/basic/block_datatypes/matrix_multiplication/whole_array/_build'
[ 33%] Building CXX object CMakeFiles/whole_array.dir/bfp_test.cpp.o
[ 66%] Building CXX object CMakeFiles/whole_array.dir/scratch/luisr/mlir-aie/runtime_lib/test_lib/test_utils.cpp.o
[100%] Linking CXX executable whole_array
gmake[3]: Leaving directory '/scratch/luisr/mlir-aie/programming_examples/basic/block_datatypes/matrix_multiplication/whole_array/_build'
[100%] Built target whole_array
gmake[2]: Leaving directory '/scratch/luisr/mlir-aie/programming_examples/basic/block_datatypes/matrix_multiplication/whole_array/_build'
gmake[1]: Leaving directory '/scratch/luisr/mlir-aie/programming_examples/basic/block_datatypes/matrix_multiplication/whole_array/_build'
cp _build/whole_array whole_array.exe 
mkdir -p build
python3 /scratch/luisr/mlir-aie/programming_examples/basic/block_datatypes/matrix_multiplication/whole_array/whole_array.py --n-aie-cols 8 -m 96 -k 128 -n 64 -M 7680 -K 1024 -N 512 > build/aie_7680x1024x512_96x128x64.mlir
mkdir -p build
cd build && xchesscc_wrapper aie2p -I /proj/xbuilds/2024.2_INT_1113_1001/installs/all_platforms/Vitis/2024.2/aietools/include  -DDIM_M=96 -DDIM_K=128 -DDIM_N=64 -c /scratch/luisr/mlir-aie/programming_examples/basic/block_datatypes/matrix_multiplication/whole_array/../mm.cc -o mm_96x128x64.o
WARNING: Default location for XILINX_VIVADO_IP_OVERRIDE not found: /build/xfndry/IP_2024.2_INTEGRATION_VERIFIED/customer/vivado/data/ip
mkdir -p build
cd build && aiecc.py --alloc-scheme= --aie-generate-xclbin --no-compile-host --xclbin-name=final_7680x1024x512_96x128x64.xclbin \
			 --dynamic-objFifos \
			--aie-generate-npu-insts --npu-insts-name=insts_7680x1024x512_96x128x64.txt ../build/aie_7680x1024x512_96x128x64.mlir

Generating: /scratch/luisr/mlir-aie/programming_examples/basic/block_datatypes/matrix_multiplication/whole_array/build/aie_7680x1024x512_96x128x64.mlir.prj/aie_cdo_elfs.bin
Generating: /scratch/luisr/mlir-aie/programming_examples/basic/block_datatypes/matrix_multiplication/whole_array/build/aie_7680x1024x512_96x128x64.mlir.prj/aie_cdo_init.bin
Generating: /scratch/luisr/mlir-aie/programming_examples/basic/block_datatypes/matrix_multiplication/whole_array/build/aie_7680x1024x512_96x128x64.mlir.prj/aie_cdo_enable.bin
export XRT_HACK_UNSECURE_LOADING_XCLBIN=1 && \
 ./whole_array.exe -x build/final_7680x1024x512_96x128x64.xclbin -i build/insts_7680x1024x512_96x128x64.txt -k MLIR_AIE -M 7680 -K 1024 -N 512 -w 96 -y 128 -z 64 --iters 40 --warmup 10 --verify 0

Avg NPU matmul time: 1478.3us.
Avg NPU gflops: 5447.52

Min NPU matmul time: 1367us.
Max NPU gflops: 5891.05

Max NPU matmul time: 1722us.
Min NPU gflops: 4676.58

Shuffle time: 38147us.

PASS!

rm -rf build _build whole_array.exe
rm -rf _build
mkdir -p _build
cd _build &&  cmake -E env CXXFLAGS="-std=c++23 -ggdb -DDTYPE_IN= -DDTYPE_OUT= -DDTYPE_ACC=" \
	cmake `echo /scratch/luisr/mlir-aie/programming_examples/basic/block_datatypes/matrix_multiplication/whole_array/..` -D CMAKE_C_COMPILER=gcc-13 -D CMAKE_CXX_COMPILER=g++-13 -DTARGET_NAME=whole_array -Dhostsrc=/scratch/luisr/mlir-aie/programming_examples/basic/block_datatypes/matrix_multiplication/whole_array/../bfp_test.cpp
CMake Deprecation Warning at CMakeLists.txt:13 (cmake_minimum_required):
  Compatibility with CMake < 3.10 will be removed from a future version of
  CMake.

  Update the VERSION argument <min> value.  Or, use the <min>...<max> syntax
  to tell CMake that the project requires at least <min> but has been updated
  to work with policies introduced by <max> or earlier.


-- The C compiler identification is GNU 13.3.0
-- The CXX compiler identification is GNU 13.3.0
-- Detecting C compiler ABI info
-- Detecting C compiler ABI info - done
-- Check for working C compiler: /usr/bin/gcc-13 - skipped
-- Detecting C compile features
-- Detecting C compile features - done
-- Detecting CXX compiler ABI info
-- Detecting CXX compiler ABI info - done
-- Check for working CXX compiler: /usr/bin/g++-13 - skipped
-- Detecting CXX compile features
-- Detecting CXX compile features - done
-- Configuring done (0.2s)
-- Generating done (0.0s)
-- Build files have been written to: /scratch/luisr/mlir-aie/programming_examples/basic/block_datatypes/matrix_multiplication/whole_array/_build
cd _build &&  cmake --build . --config Release
gmake[1]: Entering directory '/scratch/luisr/mlir-aie/programming_examples/basic/block_datatypes/matrix_multiplication/whole_array/_build'
gmake[2]: Entering directory '/scratch/luisr/mlir-aie/programming_examples/basic/block_datatypes/matrix_multiplication/whole_array/_build'
gmake[3]: Entering directory '/scratch/luisr/mlir-aie/programming_examples/basic/block_datatypes/matrix_multiplication/whole_array/_build'
gmake[3]: Leaving directory '/scratch/luisr/mlir-aie/programming_examples/basic/block_datatypes/matrix_multiplication/whole_array/_build'
gmake[3]: Entering directory '/scratch/luisr/mlir-aie/programming_examples/basic/block_datatypes/matrix_multiplication/whole_array/_build'
[ 33%] Building CXX object CMakeFiles/whole_array.dir/bfp_test.cpp.o
[ 66%] Building CXX object CMakeFiles/whole_array.dir/scratch/luisr/mlir-aie/runtime_lib/test_lib/test_utils.cpp.o
[100%] Linking CXX executable whole_array
gmake[3]: Leaving directory '/scratch/luisr/mlir-aie/programming_examples/basic/block_datatypes/matrix_multiplication/whole_array/_build'
[100%] Built target whole_array
gmake[2]: Leaving directory '/scratch/luisr/mlir-aie/programming_examples/basic/block_datatypes/matrix_multiplication/whole_array/_build'
gmake[1]: Leaving directory '/scratch/luisr/mlir-aie/programming_examples/basic/block_datatypes/matrix_multiplication/whole_array/_build'
cp _build/whole_array whole_array.exe 
mkdir -p build
python3 /scratch/luisr/mlir-aie/programming_examples/basic/block_datatypes/matrix_multiplication/whole_array/whole_array.py --n-aie-cols 8 -m 96 -k 128 -n 64 -M 7680 -K 1024 -N 1024 > build/aie_7680x1024x1024_96x128x64.mlir
mkdir -p build
cd build && xchesscc_wrapper aie2p -I /proj/xbuilds/2024.2_INT_1113_1001/installs/all_platforms/Vitis/2024.2/aietools/include  -DDIM_M=96 -DDIM_K=128 -DDIM_N=64 -c /scratch/luisr/mlir-aie/programming_examples/basic/block_datatypes/matrix_multiplication/whole_array/../mm.cc -o mm_96x128x64.o
WARNING: Default location for XILINX_VIVADO_IP_OVERRIDE not found: /build/xfndry/IP_2024.2_INTEGRATION_VERIFIED/customer/vivado/data/ip
mkdir -p build
cd build && aiecc.py --alloc-scheme= --aie-generate-xclbin --no-compile-host --xclbin-name=final_7680x1024x1024_96x128x64.xclbin \
			 --dynamic-objFifos \
			--aie-generate-npu-insts --npu-insts-name=insts_7680x1024x1024_96x128x64.txt ../build/aie_7680x1024x1024_96x128x64.mlir

Generating: /scratch/luisr/mlir-aie/programming_examples/basic/block_datatypes/matrix_multiplication/whole_array/build/aie_7680x1024x1024_96x128x64.mlir.prj/aie_cdo_elfs.bin
Generating: /scratch/luisr/mlir-aie/programming_examples/basic/block_datatypes/matrix_multiplication/whole_array/build/aie_7680x1024x1024_96x128x64.mlir.prj/aie_cdo_init.bin
Generating: /scratch/luisr/mlir-aie/programming_examples/basic/block_datatypes/matrix_multiplication/whole_array/build/aie_7680x1024x1024_96x128x64.mlir.prj/aie_cdo_enable.bin
export XRT_HACK_UNSECURE_LOADING_XCLBIN=1 && \
 ./whole_array.exe -x build/final_7680x1024x1024_96x128x64.xclbin -i build/insts_7680x1024x1024_96x128x64.txt -k MLIR_AIE -M 7680 -K 1024 -N 1024 -w 96 -y 128 -z 64 --iters 40 --warmup 10 --verify 0

Avg NPU matmul time: 2167.3us.
Avg NPU gflops: 7431.42

Min NPU matmul time: 1951us.
Max NPU gflops: 8255.32

Max NPU matmul time: 2334us.
Min NPU gflops: 6900.65

Shuffle time: 40042us.

PASS!

rm -rf build _build whole_array.exe
rm -rf _build
mkdir -p _build
cd _build &&  cmake -E env CXXFLAGS="-std=c++23 -ggdb -DDTYPE_IN= -DDTYPE_OUT= -DDTYPE_ACC=" \
	cmake `echo /scratch/luisr/mlir-aie/programming_examples/basic/block_datatypes/matrix_multiplication/whole_array/..` -D CMAKE_C_COMPILER=gcc-13 -D CMAKE_CXX_COMPILER=g++-13 -DTARGET_NAME=whole_array -Dhostsrc=/scratch/luisr/mlir-aie/programming_examples/basic/block_datatypes/matrix_multiplication/whole_array/../bfp_test.cpp
CMake Deprecation Warning at CMakeLists.txt:13 (cmake_minimum_required):
  Compatibility with CMake < 3.10 will be removed from a future version of
  CMake.

  Update the VERSION argument <min> value.  Or, use the <min>...<max> syntax
  to tell CMake that the project requires at least <min> but has been updated
  to work with policies introduced by <max> or earlier.


-- The C compiler identification is GNU 13.3.0
-- The CXX compiler identification is GNU 13.3.0
-- Detecting C compiler ABI info
-- Detecting C compiler ABI info - done
-- Check for working C compiler: /usr/bin/gcc-13 - skipped
-- Detecting C compile features
-- Detecting C compile features - done
-- Detecting CXX compiler ABI info
-- Detecting CXX compiler ABI info - done
-- Check for working CXX compiler: /usr/bin/g++-13 - skipped
-- Detecting CXX compile features
-- Detecting CXX compile features - done
-- Configuring done (0.3s)
-- Generating done (0.0s)
-- Build files have been written to: /scratch/luisr/mlir-aie/programming_examples/basic/block_datatypes/matrix_multiplication/whole_array/_build
cd _build &&  cmake --build . --config Release
gmake[1]: Entering directory '/scratch/luisr/mlir-aie/programming_examples/basic/block_datatypes/matrix_multiplication/whole_array/_build'
gmake[2]: Entering directory '/scratch/luisr/mlir-aie/programming_examples/basic/block_datatypes/matrix_multiplication/whole_array/_build'
gmake[3]: Entering directory '/scratch/luisr/mlir-aie/programming_examples/basic/block_datatypes/matrix_multiplication/whole_array/_build'
gmake[3]: Leaving directory '/scratch/luisr/mlir-aie/programming_examples/basic/block_datatypes/matrix_multiplication/whole_array/_build'
gmake[3]: Entering directory '/scratch/luisr/mlir-aie/programming_examples/basic/block_datatypes/matrix_multiplication/whole_array/_build'
[ 33%] Building CXX object CMakeFiles/whole_array.dir/bfp_test.cpp.o
[ 66%] Building CXX object CMakeFiles/whole_array.dir/scratch/luisr/mlir-aie/runtime_lib/test_lib/test_utils.cpp.o
[100%] Linking CXX executable whole_array
gmake[3]: Leaving directory '/scratch/luisr/mlir-aie/programming_examples/basic/block_datatypes/matrix_multiplication/whole_array/_build'
[100%] Built target whole_array
gmake[2]: Leaving directory '/scratch/luisr/mlir-aie/programming_examples/basic/block_datatypes/matrix_multiplication/whole_array/_build'
gmake[1]: Leaving directory '/scratch/luisr/mlir-aie/programming_examples/basic/block_datatypes/matrix_multiplication/whole_array/_build'
cp _build/whole_array whole_array.exe 
mkdir -p build
python3 /scratch/luisr/mlir-aie/programming_examples/basic/block_datatypes/matrix_multiplication/whole_array/whole_array.py --n-aie-cols 8 -m 96 -k 128 -n 64 -M 7680 -K 1024 -N 4096 > build/aie_7680x1024x4096_96x128x64.mlir
mkdir -p build
cd build && xchesscc_wrapper aie2p -I /proj/xbuilds/2024.2_INT_1113_1001/installs/all_platforms/Vitis/2024.2/aietools/include  -DDIM_M=96 -DDIM_K=128 -DDIM_N=64 -c /scratch/luisr/mlir-aie/programming_examples/basic/block_datatypes/matrix_multiplication/whole_array/../mm.cc -o mm_96x128x64.o
WARNING: Default location for XILINX_VIVADO_IP_OVERRIDE not found: /build/xfndry/IP_2024.2_INTEGRATION_VERIFIED/customer/vivado/data/ip
mkdir -p build
cd build && aiecc.py --alloc-scheme= --aie-generate-xclbin --no-compile-host --xclbin-name=final_7680x1024x4096_96x128x64.xclbin \
			 --dynamic-objFifos \
			--aie-generate-npu-insts --npu-insts-name=insts_7680x1024x4096_96x128x64.txt ../build/aie_7680x1024x4096_96x128x64.mlir

Generating: /scratch/luisr/mlir-aie/programming_examples/basic/block_datatypes/matrix_multiplication/whole_array/build/aie_7680x1024x4096_96x128x64.mlir.prj/aie_cdo_elfs.bin
Generating: /scratch/luisr/mlir-aie/programming_examples/basic/block_datatypes/matrix_multiplication/whole_array/build/aie_7680x1024x4096_96x128x64.mlir.prj/aie_cdo_init.bin
Generating: /scratch/luisr/mlir-aie/programming_examples/basic/block_datatypes/matrix_multiplication/whole_array/build/aie_7680x1024x4096_96x128x64.mlir.prj/aie_cdo_enable.bin
export XRT_HACK_UNSECURE_LOADING_XCLBIN=1 && \
 ./whole_array.exe -x build/final_7680x1024x4096_96x128x64.xclbin -i build/insts_7680x1024x4096_96x128x64.txt -k MLIR_AIE -M 7680 -K 1024 -N 4096 -w 96 -y 128 -z 64 --iters 40 --warmup 10 --verify 0

Avg NPU matmul time: 6827.33us.
Avg NPU gflops: 9436.27

Min NPU matmul time: 6239us.
Max NPU gflops: 10326.1

Max NPU matmul time: 7457us.
Min NPU gflops: 8639.47

Shuffle time: 53338us.

PASS!

rm -rf build _build whole_array.exe
rm -rf _build
mkdir -p _build
cd _build &&  cmake -E env CXXFLAGS="-std=c++23 -ggdb -DDTYPE_IN= -DDTYPE_OUT= -DDTYPE_ACC=" \
	cmake `echo /scratch/luisr/mlir-aie/programming_examples/basic/block_datatypes/matrix_multiplication/whole_array/..` -D CMAKE_C_COMPILER=gcc-13 -D CMAKE_CXX_COMPILER=g++-13 -DTARGET_NAME=whole_array -Dhostsrc=/scratch/luisr/mlir-aie/programming_examples/basic/block_datatypes/matrix_multiplication/whole_array/../bfp_test.cpp
CMake Deprecation Warning at CMakeLists.txt:13 (cmake_minimum_required):
  Compatibility with CMake < 3.10 will be removed from a future version of
  CMake.

  Update the VERSION argument <min> value.  Or, use the <min>...<max> syntax
  to tell CMake that the project requires at least <min> but has been updated
  to work with policies introduced by <max> or earlier.


-- The C compiler identification is GNU 13.3.0
-- The CXX compiler identification is GNU 13.3.0
-- Detecting C compiler ABI info
-- Detecting C compiler ABI info - done
-- Check for working C compiler: /usr/bin/gcc-13 - skipped
-- Detecting C compile features
-- Detecting C compile features - done
-- Detecting CXX compiler ABI info
-- Detecting CXX compiler ABI info - done
-- Check for working CXX compiler: /usr/bin/g++-13 - skipped
-- Detecting CXX compile features
-- Detecting CXX compile features - done
-- Configuring done (0.2s)
-- Generating done (0.0s)
-- Build files have been written to: /scratch/luisr/mlir-aie/programming_examples/basic/block_datatypes/matrix_multiplication/whole_array/_build
cd _build &&  cmake --build . --config Release
gmake[1]: Entering directory '/scratch/luisr/mlir-aie/programming_examples/basic/block_datatypes/matrix_multiplication/whole_array/_build'
gmake[2]: Entering directory '/scratch/luisr/mlir-aie/programming_examples/basic/block_datatypes/matrix_multiplication/whole_array/_build'
gmake[3]: Entering directory '/scratch/luisr/mlir-aie/programming_examples/basic/block_datatypes/matrix_multiplication/whole_array/_build'
gmake[3]: Leaving directory '/scratch/luisr/mlir-aie/programming_examples/basic/block_datatypes/matrix_multiplication/whole_array/_build'
gmake[3]: Entering directory '/scratch/luisr/mlir-aie/programming_examples/basic/block_datatypes/matrix_multiplication/whole_array/_build'
[ 33%] Building CXX object CMakeFiles/whole_array.dir/bfp_test.cpp.o
[ 66%] Building CXX object CMakeFiles/whole_array.dir/scratch/luisr/mlir-aie/runtime_lib/test_lib/test_utils.cpp.o
[100%] Linking CXX executable whole_array
gmake[3]: Leaving directory '/scratch/luisr/mlir-aie/programming_examples/basic/block_datatypes/matrix_multiplication/whole_array/_build'
[100%] Built target whole_array
gmake[2]: Leaving directory '/scratch/luisr/mlir-aie/programming_examples/basic/block_datatypes/matrix_multiplication/whole_array/_build'
gmake[1]: Leaving directory '/scratch/luisr/mlir-aie/programming_examples/basic/block_datatypes/matrix_multiplication/whole_array/_build'
cp _build/whole_array whole_array.exe 
mkdir -p build
python3 /scratch/luisr/mlir-aie/programming_examples/basic/block_datatypes/matrix_multiplication/whole_array/whole_array.py --n-aie-cols 8 -m 96 -k 128 -n 64 -M 7680 -K 1024 -N 8192 > build/aie_7680x1024x8192_96x128x64.mlir
mkdir -p build
cd build && xchesscc_wrapper aie2p -I /proj/xbuilds/2024.2_INT_1113_1001/installs/all_platforms/Vitis/2024.2/aietools/include  -DDIM_M=96 -DDIM_K=128 -DDIM_N=64 -c /scratch/luisr/mlir-aie/programming_examples/basic/block_datatypes/matrix_multiplication/whole_array/../mm.cc -o mm_96x128x64.o
WARNING: Default location for XILINX_VIVADO_IP_OVERRIDE not found: /build/xfndry/IP_2024.2_INTEGRATION_VERIFIED/customer/vivado/data/ip
mkdir -p build
cd build && aiecc.py --alloc-scheme= --aie-generate-xclbin --no-compile-host --xclbin-name=final_7680x1024x8192_96x128x64.xclbin \
			 --dynamic-objFifos \
			--aie-generate-npu-insts --npu-insts-name=insts_7680x1024x8192_96x128x64.txt ../build/aie_7680x1024x8192_96x128x64.mlir

Generating: /scratch/luisr/mlir-aie/programming_examples/basic/block_datatypes/matrix_multiplication/whole_array/build/aie_7680x1024x8192_96x128x64.mlir.prj/aie_cdo_elfs.bin
Generating: /scratch/luisr/mlir-aie/programming_examples/basic/block_datatypes/matrix_multiplication/whole_array/build/aie_7680x1024x8192_96x128x64.mlir.prj/aie_cdo_init.bin
Generating: /scratch/luisr/mlir-aie/programming_examples/basic/block_datatypes/matrix_multiplication/whole_array/build/aie_7680x1024x8192_96x128x64.mlir.prj/aie_cdo_enable.bin
export XRT_HACK_UNSECURE_LOADING_XCLBIN=1 && \
 ./whole_array.exe -x build/final_7680x1024x8192_96x128x64.xclbin -i build/insts_7680x1024x8192_96x128x64.txt -k MLIR_AIE -M 7680 -K 1024 -N 8192 -w 96 -y 128 -z 64 --iters 40 --warmup 10 --verify 0

Avg NPU matmul time: 13100.5us.
Avg NPU gflops: 9835.41

Min NPU matmul time: 12347us.
Max NPU gflops: 10435.7

Max NPU matmul time: 13639us.
Min NPU gflops: 9447.1

Shuffle time: 74133us.

PASS!

rm -rf build _build whole_array.exe
rm -rf _build
mkdir -p _build
cd _build &&  cmake -E env CXXFLAGS="-std=c++23 -ggdb -DDTYPE_IN= -DDTYPE_OUT= -DDTYPE_ACC=" \
	cmake `echo /scratch/luisr/mlir-aie/programming_examples/basic/block_datatypes/matrix_multiplication/whole_array/..` -D CMAKE_C_COMPILER=gcc-13 -D CMAKE_CXX_COMPILER=g++-13 -DTARGET_NAME=whole_array -Dhostsrc=/scratch/luisr/mlir-aie/programming_examples/basic/block_datatypes/matrix_multiplication/whole_array/../bfp_test.cpp
CMake Deprecation Warning at CMakeLists.txt:13 (cmake_minimum_required):
  Compatibility with CMake < 3.10 will be removed from a future version of
  CMake.

  Update the VERSION argument <min> value.  Or, use the <min>...<max> syntax
  to tell CMake that the project requires at least <min> but has been updated
  to work with policies introduced by <max> or earlier.


-- The C compiler identification is GNU 13.3.0
-- The CXX compiler identification is GNU 13.3.0
-- Detecting C compiler ABI info
-- Detecting C compiler ABI info - done
-- Check for working C compiler: /usr/bin/gcc-13 - skipped
-- Detecting C compile features
-- Detecting C compile features - done
-- Detecting CXX compiler ABI info
-- Detecting CXX compiler ABI info - done
-- Check for working CXX compiler: /usr/bin/g++-13 - skipped
-- Detecting CXX compile features
-- Detecting CXX compile features - done
-- Configuring done (0.2s)
-- Generating done (0.0s)
-- Build files have been written to: /scratch/luisr/mlir-aie/programming_examples/basic/block_datatypes/matrix_multiplication/whole_array/_build
cd _build &&  cmake --build . --config Release
gmake[1]: Entering directory '/scratch/luisr/mlir-aie/programming_examples/basic/block_datatypes/matrix_multiplication/whole_array/_build'
gmake[2]: Entering directory '/scratch/luisr/mlir-aie/programming_examples/basic/block_datatypes/matrix_multiplication/whole_array/_build'
gmake[3]: Entering directory '/scratch/luisr/mlir-aie/programming_examples/basic/block_datatypes/matrix_multiplication/whole_array/_build'
gmake[3]: Leaving directory '/scratch/luisr/mlir-aie/programming_examples/basic/block_datatypes/matrix_multiplication/whole_array/_build'
gmake[3]: Entering directory '/scratch/luisr/mlir-aie/programming_examples/basic/block_datatypes/matrix_multiplication/whole_array/_build'
[ 33%] Building CXX object CMakeFiles/whole_array.dir/bfp_test.cpp.o
[ 66%] Building CXX object CMakeFiles/whole_array.dir/scratch/luisr/mlir-aie/runtime_lib/test_lib/test_utils.cpp.o
[100%] Linking CXX executable whole_array
gmake[3]: Leaving directory '/scratch/luisr/mlir-aie/programming_examples/basic/block_datatypes/matrix_multiplication/whole_array/_build'
[100%] Built target whole_array
gmake[2]: Leaving directory '/scratch/luisr/mlir-aie/programming_examples/basic/block_datatypes/matrix_multiplication/whole_array/_build'
gmake[1]: Leaving directory '/scratch/luisr/mlir-aie/programming_examples/basic/block_datatypes/matrix_multiplication/whole_array/_build'
cp _build/whole_array whole_array.exe 
mkdir -p build
python3 /scratch/luisr/mlir-aie/programming_examples/basic/block_datatypes/matrix_multiplication/whole_array/whole_array.py --n-aie-cols 8 -m 96 -k 128 -n 64 -M 7680 -K 4096 -N 512 > build/aie_7680x4096x512_96x128x64.mlir
mkdir -p build
cd build && xchesscc_wrapper aie2p -I /proj/xbuilds/2024.2_INT_1113_1001/installs/all_platforms/Vitis/2024.2/aietools/include  -DDIM_M=96 -DDIM_K=128 -DDIM_N=64 -c /scratch/luisr/mlir-aie/programming_examples/basic/block_datatypes/matrix_multiplication/whole_array/../mm.cc -o mm_96x128x64.o
WARNING: Default location for XILINX_VIVADO_IP_OVERRIDE not found: /build/xfndry/IP_2024.2_INTEGRATION_VERIFIED/customer/vivado/data/ip
mkdir -p build
cd build && aiecc.py --alloc-scheme= --aie-generate-xclbin --no-compile-host --xclbin-name=final_7680x4096x512_96x128x64.xclbin \
			 --dynamic-objFifos \
			--aie-generate-npu-insts --npu-insts-name=insts_7680x4096x512_96x128x64.txt ../build/aie_7680x4096x512_96x128x64.mlir

Generating: /scratch/luisr/mlir-aie/programming_examples/basic/block_datatypes/matrix_multiplication/whole_array/build/aie_7680x4096x512_96x128x64.mlir.prj/aie_cdo_elfs.bin
Generating: /scratch/luisr/mlir-aie/programming_examples/basic/block_datatypes/matrix_multiplication/whole_array/build/aie_7680x4096x512_96x128x64.mlir.prj/aie_cdo_init.bin
Generating: /scratch/luisr/mlir-aie/programming_examples/basic/block_datatypes/matrix_multiplication/whole_array/build/aie_7680x4096x512_96x128x64.mlir.prj/aie_cdo_enable.bin
export XRT_HACK_UNSECURE_LOADING_XCLBIN=1 && \
 ./whole_array.exe -x build/final_7680x4096x512_96x128x64.xclbin -i build/insts_7680x4096x512_96x128x64.txt -k MLIR_AIE -M 7680 -K 4096 -N 512 -w 96 -y 128 -z 64 --iters 40 --warmup 10 --verify 0

Avg NPU matmul time: 3786us.
Avg NPU gflops: 8508.25

Min NPU matmul time: 3400us.
Max NPU gflops: 9474.19

Max NPU matmul time: 4598us.
Min NPU gflops: 7005.71

Shuffle time: 159850us.

PASS!

rm -rf build _build whole_array.exe
rm -rf _build
mkdir -p _build
cd _build &&  cmake -E env CXXFLAGS="-std=c++23 -ggdb -DDTYPE_IN= -DDTYPE_OUT= -DDTYPE_ACC=" \
	cmake `echo /scratch/luisr/mlir-aie/programming_examples/basic/block_datatypes/matrix_multiplication/whole_array/..` -D CMAKE_C_COMPILER=gcc-13 -D CMAKE_CXX_COMPILER=g++-13 -DTARGET_NAME=whole_array -Dhostsrc=/scratch/luisr/mlir-aie/programming_examples/basic/block_datatypes/matrix_multiplication/whole_array/../bfp_test.cpp
CMake Deprecation Warning at CMakeLists.txt:13 (cmake_minimum_required):
  Compatibility with CMake < 3.10 will be removed from a future version of
  CMake.

  Update the VERSION argument <min> value.  Or, use the <min>...<max> syntax
  to tell CMake that the project requires at least <min> but has been updated
  to work with policies introduced by <max> or earlier.


-- The C compiler identification is GNU 13.3.0
-- The CXX compiler identification is GNU 13.3.0
-- Detecting C compiler ABI info
-- Detecting C compiler ABI info - done
-- Check for working C compiler: /usr/bin/gcc-13 - skipped
-- Detecting C compile features
-- Detecting C compile features - done
-- Detecting CXX compiler ABI info
-- Detecting CXX compiler ABI info - done
-- Check for working CXX compiler: /usr/bin/g++-13 - skipped
-- Detecting CXX compile features
-- Detecting CXX compile features - done
-- Configuring done (0.2s)
-- Generating done (0.0s)
-- Build files have been written to: /scratch/luisr/mlir-aie/programming_examples/basic/block_datatypes/matrix_multiplication/whole_array/_build
cd _build &&  cmake --build . --config Release
gmake[1]: Entering directory '/scratch/luisr/mlir-aie/programming_examples/basic/block_datatypes/matrix_multiplication/whole_array/_build'
gmake[2]: Entering directory '/scratch/luisr/mlir-aie/programming_examples/basic/block_datatypes/matrix_multiplication/whole_array/_build'
gmake[3]: Entering directory '/scratch/luisr/mlir-aie/programming_examples/basic/block_datatypes/matrix_multiplication/whole_array/_build'
gmake[3]: Leaving directory '/scratch/luisr/mlir-aie/programming_examples/basic/block_datatypes/matrix_multiplication/whole_array/_build'
gmake[3]: Entering directory '/scratch/luisr/mlir-aie/programming_examples/basic/block_datatypes/matrix_multiplication/whole_array/_build'
[ 33%] Building CXX object CMakeFiles/whole_array.dir/bfp_test.cpp.o
[ 66%] Building CXX object CMakeFiles/whole_array.dir/scratch/luisr/mlir-aie/runtime_lib/test_lib/test_utils.cpp.o
[100%] Linking CXX executable whole_array
gmake[3]: Leaving directory '/scratch/luisr/mlir-aie/programming_examples/basic/block_datatypes/matrix_multiplication/whole_array/_build'
[100%] Built target whole_array
gmake[2]: Leaving directory '/scratch/luisr/mlir-aie/programming_examples/basic/block_datatypes/matrix_multiplication/whole_array/_build'
gmake[1]: Leaving directory '/scratch/luisr/mlir-aie/programming_examples/basic/block_datatypes/matrix_multiplication/whole_array/_build'
cp _build/whole_array whole_array.exe 
mkdir -p build
python3 /scratch/luisr/mlir-aie/programming_examples/basic/block_datatypes/matrix_multiplication/whole_array/whole_array.py --n-aie-cols 8 -m 96 -k 128 -n 64 -M 7680 -K 4096 -N 1024 > build/aie_7680x4096x1024_96x128x64.mlir
mkdir -p build
cd build && xchesscc_wrapper aie2p -I /proj/xbuilds/2024.2_INT_1113_1001/installs/all_platforms/Vitis/2024.2/aietools/include  -DDIM_M=96 -DDIM_K=128 -DDIM_N=64 -c /scratch/luisr/mlir-aie/programming_examples/basic/block_datatypes/matrix_multiplication/whole_array/../mm.cc -o mm_96x128x64.o
WARNING: Default location for XILINX_VIVADO_IP_OVERRIDE not found: /build/xfndry/IP_2024.2_INTEGRATION_VERIFIED/customer/vivado/data/ip
mkdir -p build
cd build && aiecc.py --alloc-scheme= --aie-generate-xclbin --no-compile-host --xclbin-name=final_7680x4096x1024_96x128x64.xclbin \
			 --dynamic-objFifos \
			--aie-generate-npu-insts --npu-insts-name=insts_7680x4096x1024_96x128x64.txt ../build/aie_7680x4096x1024_96x128x64.mlir

Generating: /scratch/luisr/mlir-aie/programming_examples/basic/block_datatypes/matrix_multiplication/whole_array/build/aie_7680x4096x1024_96x128x64.mlir.prj/aie_cdo_elfs.bin
Generating: /scratch/luisr/mlir-aie/programming_examples/basic/block_datatypes/matrix_multiplication/whole_array/build/aie_7680x4096x1024_96x128x64.mlir.prj/aie_cdo_init.bin
Generating: /scratch/luisr/mlir-aie/programming_examples/basic/block_datatypes/matrix_multiplication/whole_array/build/aie_7680x4096x1024_96x128x64.mlir.prj/aie_cdo_enable.bin
export XRT_HACK_UNSECURE_LOADING_XCLBIN=1 && \
 ./whole_array.exe -x build/final_7680x4096x1024_96x128x64.xclbin -i build/insts_7680x4096x1024_96x128x64.txt -k MLIR_AIE -M 7680 -K 4096 -N 1024 -w 96 -y 128 -z 64 --iters 40 --warmup 10 --verify 0

Avg NPU matmul time: 6935.45us.
Avg NPU gflops: 9289.16

Min NPU matmul time: 6669us.
Max NPU gflops: 9660.29

Max NPU matmul time: 8201us.
Min NPU gflops: 7855.69

Shuffle time: 169190us.

PASS!

rm -rf build _build whole_array.exe
rm -rf _build
mkdir -p _build
cd _build &&  cmake -E env CXXFLAGS="-std=c++23 -ggdb -DDTYPE_IN= -DDTYPE_OUT= -DDTYPE_ACC=" \
	cmake `echo /scratch/luisr/mlir-aie/programming_examples/basic/block_datatypes/matrix_multiplication/whole_array/..` -D CMAKE_C_COMPILER=gcc-13 -D CMAKE_CXX_COMPILER=g++-13 -DTARGET_NAME=whole_array -Dhostsrc=/scratch/luisr/mlir-aie/programming_examples/basic/block_datatypes/matrix_multiplication/whole_array/../bfp_test.cpp
CMake Deprecation Warning at CMakeLists.txt:13 (cmake_minimum_required):
  Compatibility with CMake < 3.10 will be removed from a future version of
  CMake.

  Update the VERSION argument <min> value.  Or, use the <min>...<max> syntax
  to tell CMake that the project requires at least <min> but has been updated
  to work with policies introduced by <max> or earlier.


-- The C compiler identification is GNU 13.3.0
-- The CXX compiler identification is GNU 13.3.0
-- Detecting C compiler ABI info
-- Detecting C compiler ABI info - done
-- Check for working C compiler: /usr/bin/gcc-13 - skipped
-- Detecting C compile features
-- Detecting C compile features - done
-- Detecting CXX compiler ABI info
-- Detecting CXX compiler ABI info - done
-- Check for working CXX compiler: /usr/bin/g++-13 - skipped
-- Detecting CXX compile features
-- Detecting CXX compile features - done
-- Configuring done (0.3s)
-- Generating done (0.0s)
-- Build files have been written to: /scratch/luisr/mlir-aie/programming_examples/basic/block_datatypes/matrix_multiplication/whole_array/_build
cd _build &&  cmake --build . --config Release
gmake[1]: Entering directory '/scratch/luisr/mlir-aie/programming_examples/basic/block_datatypes/matrix_multiplication/whole_array/_build'
gmake[2]: Entering directory '/scratch/luisr/mlir-aie/programming_examples/basic/block_datatypes/matrix_multiplication/whole_array/_build'
gmake[3]: Entering directory '/scratch/luisr/mlir-aie/programming_examples/basic/block_datatypes/matrix_multiplication/whole_array/_build'
gmake[3]: Leaving directory '/scratch/luisr/mlir-aie/programming_examples/basic/block_datatypes/matrix_multiplication/whole_array/_build'
gmake[3]: Entering directory '/scratch/luisr/mlir-aie/programming_examples/basic/block_datatypes/matrix_multiplication/whole_array/_build'
[ 33%] Building CXX object CMakeFiles/whole_array.dir/bfp_test.cpp.o
[ 66%] Building CXX object CMakeFiles/whole_array.dir/scratch/luisr/mlir-aie/runtime_lib/test_lib/test_utils.cpp.o
[100%] Linking CXX executable whole_array
gmake[3]: Leaving directory '/scratch/luisr/mlir-aie/programming_examples/basic/block_datatypes/matrix_multiplication/whole_array/_build'
[100%] Built target whole_array
gmake[2]: Leaving directory '/scratch/luisr/mlir-aie/programming_examples/basic/block_datatypes/matrix_multiplication/whole_array/_build'
gmake[1]: Leaving directory '/scratch/luisr/mlir-aie/programming_examples/basic/block_datatypes/matrix_multiplication/whole_array/_build'
cp _build/whole_array whole_array.exe 
mkdir -p build
python3 /scratch/luisr/mlir-aie/programming_examples/basic/block_datatypes/matrix_multiplication/whole_array/whole_array.py --n-aie-cols 8 -m 96 -k 128 -n 64 -M 7680 -K 4096 -N 4096 > build/aie_7680x4096x4096_96x128x64.mlir
mkdir -p build
cd build && xchesscc_wrapper aie2p -I /proj/xbuilds/2024.2_INT_1113_1001/installs/all_platforms/Vitis/2024.2/aietools/include  -DDIM_M=96 -DDIM_K=128 -DDIM_N=64 -c /scratch/luisr/mlir-aie/programming_examples/basic/block_datatypes/matrix_multiplication/whole_array/../mm.cc -o mm_96x128x64.o
WARNING: Default location for XILINX_VIVADO_IP_OVERRIDE not found: /build/xfndry/IP_2024.2_INTEGRATION_VERIFIED/customer/vivado/data/ip
mkdir -p build
cd build && aiecc.py --alloc-scheme= --aie-generate-xclbin --no-compile-host --xclbin-name=final_7680x4096x4096_96x128x64.xclbin \
			 --dynamic-objFifos \
			--aie-generate-npu-insts --npu-insts-name=insts_7680x4096x4096_96x128x64.txt ../build/aie_7680x4096x4096_96x128x64.mlir

Generating: /scratch/luisr/mlir-aie/programming_examples/basic/block_datatypes/matrix_multiplication/whole_array/build/aie_7680x4096x4096_96x128x64.mlir.prj/aie_cdo_elfs.bin
Generating: /scratch/luisr/mlir-aie/programming_examples/basic/block_datatypes/matrix_multiplication/whole_array/build/aie_7680x4096x4096_96x128x64.mlir.prj/aie_cdo_init.bin
Generating: /scratch/luisr/mlir-aie/programming_examples/basic/block_datatypes/matrix_multiplication/whole_array/build/aie_7680x4096x4096_96x128x64.mlir.prj/aie_cdo_enable.bin
export XRT_HACK_UNSECURE_LOADING_XCLBIN=1 && \
 ./whole_array.exe -x build/final_7680x4096x4096_96x128x64.xclbin -i build/insts_7680x4096x4096_96x128x64.txt -k MLIR_AIE -M 7680 -K 4096 -N 4096 -w 96 -y 128 -z 64 --iters 40 --warmup 10 --verify 0

Avg NPU matmul time: 25448.7us.
Avg NPU gflops: 10126.2

Min NPU matmul time: 24966us.
Max NPU gflops: 10322

Max NPU matmul time: 25993us.
Min NPU gflops: 9914.13

Shuffle time: 228056us.

PASS!

rm -rf build _build whole_array.exe
rm -rf _build
mkdir -p _build
cd _build &&  cmake -E env CXXFLAGS="-std=c++23 -ggdb -DDTYPE_IN= -DDTYPE_OUT= -DDTYPE_ACC=" \
	cmake `echo /scratch/luisr/mlir-aie/programming_examples/basic/block_datatypes/matrix_multiplication/whole_array/..` -D CMAKE_C_COMPILER=gcc-13 -D CMAKE_CXX_COMPILER=g++-13 -DTARGET_NAME=whole_array -Dhostsrc=/scratch/luisr/mlir-aie/programming_examples/basic/block_datatypes/matrix_multiplication/whole_array/../bfp_test.cpp
CMake Deprecation Warning at CMakeLists.txt:13 (cmake_minimum_required):
  Compatibility with CMake < 3.10 will be removed from a future version of
  CMake.

  Update the VERSION argument <min> value.  Or, use the <min>...<max> syntax
  to tell CMake that the project requires at least <min> but has been updated
  to work with policies introduced by <max> or earlier.


-- The C compiler identification is GNU 13.3.0
-- The CXX compiler identification is GNU 13.3.0
-- Detecting C compiler ABI info
-- Detecting C compiler ABI info - done
-- Check for working C compiler: /usr/bin/gcc-13 - skipped
-- Detecting C compile features
-- Detecting C compile features - done
-- Detecting CXX compiler ABI info
-- Detecting CXX compiler ABI info - done
-- Check for working CXX compiler: /usr/bin/g++-13 - skipped
-- Detecting CXX compile features
-- Detecting CXX compile features - done
-- Configuring done (0.3s)
-- Generating done (0.0s)
-- Build files have been written to: /scratch/luisr/mlir-aie/programming_examples/basic/block_datatypes/matrix_multiplication/whole_array/_build
cd _build &&  cmake --build . --config Release
gmake[1]: Entering directory '/scratch/luisr/mlir-aie/programming_examples/basic/block_datatypes/matrix_multiplication/whole_array/_build'
gmake[2]: Entering directory '/scratch/luisr/mlir-aie/programming_examples/basic/block_datatypes/matrix_multiplication/whole_array/_build'
gmake[3]: Entering directory '/scratch/luisr/mlir-aie/programming_examples/basic/block_datatypes/matrix_multiplication/whole_array/_build'
gmake[3]: Leaving directory '/scratch/luisr/mlir-aie/programming_examples/basic/block_datatypes/matrix_multiplication/whole_array/_build'
gmake[3]: Entering directory '/scratch/luisr/mlir-aie/programming_examples/basic/block_datatypes/matrix_multiplication/whole_array/_build'
[ 33%] Building CXX object CMakeFiles/whole_array.dir/bfp_test.cpp.o
[ 66%] Building CXX object CMakeFiles/whole_array.dir/scratch/luisr/mlir-aie/runtime_lib/test_lib/test_utils.cpp.o
[100%] Linking CXX executable whole_array
gmake[3]: Leaving directory '/scratch/luisr/mlir-aie/programming_examples/basic/block_datatypes/matrix_multiplication/whole_array/_build'
[100%] Built target whole_array
gmake[2]: Leaving directory '/scratch/luisr/mlir-aie/programming_examples/basic/block_datatypes/matrix_multiplication/whole_array/_build'
gmake[1]: Leaving directory '/scratch/luisr/mlir-aie/programming_examples/basic/block_datatypes/matrix_multiplication/whole_array/_build'
cp _build/whole_array whole_array.exe 
mkdir -p build
python3 /scratch/luisr/mlir-aie/programming_examples/basic/block_datatypes/matrix_multiplication/whole_array/whole_array.py --n-aie-cols 8 -m 96 -k 128 -n 64 -M 7680 -K 4096 -N 8192 > build/aie_7680x4096x8192_96x128x64.mlir
mkdir -p build
cd build && xchesscc_wrapper aie2p -I /proj/xbuilds/2024.2_INT_1113_1001/installs/all_platforms/Vitis/2024.2/aietools/include  -DDIM_M=96 -DDIM_K=128 -DDIM_N=64 -c /scratch/luisr/mlir-aie/programming_examples/basic/block_datatypes/matrix_multiplication/whole_array/../mm.cc -o mm_96x128x64.o
WARNING: Default location for XILINX_VIVADO_IP_OVERRIDE not found: /build/xfndry/IP_2024.2_INTEGRATION_VERIFIED/customer/vivado/data/ip
mkdir -p build
cd build && aiecc.py --alloc-scheme= --aie-generate-xclbin --no-compile-host --xclbin-name=final_7680x4096x8192_96x128x64.xclbin \
			 --dynamic-objFifos \
			--aie-generate-npu-insts --npu-insts-name=insts_7680x4096x8192_96x128x64.txt ../build/aie_7680x4096x8192_96x128x64.mlir

Generating: /scratch/luisr/mlir-aie/programming_examples/basic/block_datatypes/matrix_multiplication/whole_array/build/aie_7680x4096x8192_96x128x64.mlir.prj/aie_cdo_elfs.bin
Generating: /scratch/luisr/mlir-aie/programming_examples/basic/block_datatypes/matrix_multiplication/whole_array/build/aie_7680x4096x8192_96x128x64.mlir.prj/aie_cdo_init.bin
Generating: /scratch/luisr/mlir-aie/programming_examples/basic/block_datatypes/matrix_multiplication/whole_array/build/aie_7680x4096x8192_96x128x64.mlir.prj/aie_cdo_enable.bin
export XRT_HACK_UNSECURE_LOADING_XCLBIN=1 && \
 ./whole_array.exe -x build/final_7680x4096x8192_96x128x64.xclbin -i build/insts_7680x4096x8192_96x128x64.txt -k MLIR_AIE -M 7680 -K 4096 -N 8192 -w 96 -y 128 -z 64 --iters 40 --warmup 10 --verify 0

Avg NPU matmul time: 50575.4us.
Avg NPU gflops: 10190.6

Min NPU matmul time: 50131us.
Max NPU gflops: 10281

Max NPU matmul time: 51125us.
Min NPU gflops: 10081.1

Shuffle time: 300850us.

PASS!

rm -rf build _build whole_array.exe
rm -rf _build
mkdir -p _build
cd _build &&  cmake -E env CXXFLAGS="-std=c++23 -ggdb -DDTYPE_IN= -DDTYPE_OUT= -DDTYPE_ACC=" \
	cmake `echo /scratch/luisr/mlir-aie/programming_examples/basic/block_datatypes/matrix_multiplication/whole_array/..` -D CMAKE_C_COMPILER=gcc-13 -D CMAKE_CXX_COMPILER=g++-13 -DTARGET_NAME=whole_array -Dhostsrc=/scratch/luisr/mlir-aie/programming_examples/basic/block_datatypes/matrix_multiplication/whole_array/../bfp_test.cpp
CMake Deprecation Warning at CMakeLists.txt:13 (cmake_minimum_required):
  Compatibility with CMake < 3.10 will be removed from a future version of
  CMake.

  Update the VERSION argument <min> value.  Or, use the <min>...<max> syntax
  to tell CMake that the project requires at least <min> but has been updated
  to work with policies introduced by <max> or earlier.


-- The C compiler identification is GNU 13.3.0
-- The CXX compiler identification is GNU 13.3.0
-- Detecting C compiler ABI info
-- Detecting C compiler ABI info - done
-- Check for working C compiler: /usr/bin/gcc-13 - skipped
-- Detecting C compile features
-- Detecting C compile features - done
-- Detecting CXX compiler ABI info
-- Detecting CXX compiler ABI info - done
-- Check for working CXX compiler: /usr/bin/g++-13 - skipped
-- Detecting CXX compile features
-- Detecting CXX compile features - done
-- Configuring done (0.3s)
-- Generating done (0.0s)
-- Build files have been written to: /scratch/luisr/mlir-aie/programming_examples/basic/block_datatypes/matrix_multiplication/whole_array/_build
cd _build &&  cmake --build . --config Release
gmake[1]: Entering directory '/scratch/luisr/mlir-aie/programming_examples/basic/block_datatypes/matrix_multiplication/whole_array/_build'
gmake[2]: Entering directory '/scratch/luisr/mlir-aie/programming_examples/basic/block_datatypes/matrix_multiplication/whole_array/_build'
gmake[3]: Entering directory '/scratch/luisr/mlir-aie/programming_examples/basic/block_datatypes/matrix_multiplication/whole_array/_build'
gmake[3]: Leaving directory '/scratch/luisr/mlir-aie/programming_examples/basic/block_datatypes/matrix_multiplication/whole_array/_build'
gmake[3]: Entering directory '/scratch/luisr/mlir-aie/programming_examples/basic/block_datatypes/matrix_multiplication/whole_array/_build'
[ 33%] Building CXX object CMakeFiles/whole_array.dir/bfp_test.cpp.o
[ 66%] Building CXX object CMakeFiles/whole_array.dir/scratch/luisr/mlir-aie/runtime_lib/test_lib/test_utils.cpp.o
[100%] Linking CXX executable whole_array
gmake[3]: Leaving directory '/scratch/luisr/mlir-aie/programming_examples/basic/block_datatypes/matrix_multiplication/whole_array/_build'
[100%] Built target whole_array
gmake[2]: Leaving directory '/scratch/luisr/mlir-aie/programming_examples/basic/block_datatypes/matrix_multiplication/whole_array/_build'
gmake[1]: Leaving directory '/scratch/luisr/mlir-aie/programming_examples/basic/block_datatypes/matrix_multiplication/whole_array/_build'
cp _build/whole_array whole_array.exe 
mkdir -p build
python3 /scratch/luisr/mlir-aie/programming_examples/basic/block_datatypes/matrix_multiplication/whole_array/whole_array.py --n-aie-cols 8 -m 96 -k 128 -n 64 -M 7680 -K 6144 -N 512 > build/aie_7680x6144x512_96x128x64.mlir
mkdir -p build
cd build && xchesscc_wrapper aie2p -I /proj/xbuilds/2024.2_INT_1113_1001/installs/all_platforms/Vitis/2024.2/aietools/include  -DDIM_M=96 -DDIM_K=128 -DDIM_N=64 -c /scratch/luisr/mlir-aie/programming_examples/basic/block_datatypes/matrix_multiplication/whole_array/../mm.cc -o mm_96x128x64.o
WARNING: Default location for XILINX_VIVADO_IP_OVERRIDE not found: /build/xfndry/IP_2024.2_INTEGRATION_VERIFIED/customer/vivado/data/ip
mkdir -p build
cd build && aiecc.py --alloc-scheme= --aie-generate-xclbin --no-compile-host --xclbin-name=final_7680x6144x512_96x128x64.xclbin \
			 --dynamic-objFifos \
			--aie-generate-npu-insts --npu-insts-name=insts_7680x6144x512_96x128x64.txt ../build/aie_7680x6144x512_96x128x64.mlir

Generating: /scratch/luisr/mlir-aie/programming_examples/basic/block_datatypes/matrix_multiplication/whole_array/build/aie_7680x6144x512_96x128x64.mlir.prj/aie_cdo_elfs.bin
Generating: /scratch/luisr/mlir-aie/programming_examples/basic/block_datatypes/matrix_multiplication/whole_array/build/aie_7680x6144x512_96x128x64.mlir.prj/aie_cdo_init.bin
Generating: /scratch/luisr/mlir-aie/programming_examples/basic/block_datatypes/matrix_multiplication/whole_array/build/aie_7680x6144x512_96x128x64.mlir.prj/aie_cdo_enable.bin
export XRT_HACK_UNSECURE_LOADING_XCLBIN=1 && \
 ./whole_array.exe -x build/final_7680x6144x512_96x128x64.xclbin -i build/insts_7680x6144x512_96x128x64.txt -k MLIR_AIE -M 7680 -K 6144 -N 512 -w 96 -y 128 -z 64 --iters 40 --warmup 10 --verify 0

Avg NPU matmul time: 6595.75us.
Avg NPU gflops: 7325.68

Min NPU matmul time: 6154us.
Max NPU gflops: 7851.54

Max NPU matmul time: 7965us.
Min NPU gflops: 6066.34

Shuffle time: 239803us.

PASS!

rm -rf build _build whole_array.exe
rm -rf _build
mkdir -p _build
cd _build &&  cmake -E env CXXFLAGS="-std=c++23 -ggdb -DDTYPE_IN= -DDTYPE_OUT= -DDTYPE_ACC=" \
	cmake `echo /scratch/luisr/mlir-aie/programming_examples/basic/block_datatypes/matrix_multiplication/whole_array/..` -D CMAKE_C_COMPILER=gcc-13 -D CMAKE_CXX_COMPILER=g++-13 -DTARGET_NAME=whole_array -Dhostsrc=/scratch/luisr/mlir-aie/programming_examples/basic/block_datatypes/matrix_multiplication/whole_array/../bfp_test.cpp
CMake Deprecation Warning at CMakeLists.txt:13 (cmake_minimum_required):
  Compatibility with CMake < 3.10 will be removed from a future version of
  CMake.

  Update the VERSION argument <min> value.  Or, use the <min>...<max> syntax
  to tell CMake that the project requires at least <min> but has been updated
  to work with policies introduced by <max> or earlier.


-- The C compiler identification is GNU 13.3.0
-- The CXX compiler identification is GNU 13.3.0
-- Detecting C compiler ABI info
-- Detecting C compiler ABI info - done
-- Check for working C compiler: /usr/bin/gcc-13 - skipped
-- Detecting C compile features
-- Detecting C compile features - done
-- Detecting CXX compiler ABI info
-- Detecting CXX compiler ABI info - done
-- Check for working CXX compiler: /usr/bin/g++-13 - skipped
-- Detecting CXX compile features
-- Detecting CXX compile features - done
-- Configuring done (0.2s)
-- Generating done (0.0s)
-- Build files have been written to: /scratch/luisr/mlir-aie/programming_examples/basic/block_datatypes/matrix_multiplication/whole_array/_build
cd _build &&  cmake --build . --config Release
gmake[1]: Entering directory '/scratch/luisr/mlir-aie/programming_examples/basic/block_datatypes/matrix_multiplication/whole_array/_build'
gmake[2]: Entering directory '/scratch/luisr/mlir-aie/programming_examples/basic/block_datatypes/matrix_multiplication/whole_array/_build'
gmake[3]: Entering directory '/scratch/luisr/mlir-aie/programming_examples/basic/block_datatypes/matrix_multiplication/whole_array/_build'
gmake[3]: Leaving directory '/scratch/luisr/mlir-aie/programming_examples/basic/block_datatypes/matrix_multiplication/whole_array/_build'
gmake[3]: Entering directory '/scratch/luisr/mlir-aie/programming_examples/basic/block_datatypes/matrix_multiplication/whole_array/_build'
[ 33%] Building CXX object CMakeFiles/whole_array.dir/bfp_test.cpp.o
[ 66%] Building CXX object CMakeFiles/whole_array.dir/scratch/luisr/mlir-aie/runtime_lib/test_lib/test_utils.cpp.o
[100%] Linking CXX executable whole_array
gmake[3]: Leaving directory '/scratch/luisr/mlir-aie/programming_examples/basic/block_datatypes/matrix_multiplication/whole_array/_build'
[100%] Built target whole_array
gmake[2]: Leaving directory '/scratch/luisr/mlir-aie/programming_examples/basic/block_datatypes/matrix_multiplication/whole_array/_build'
gmake[1]: Leaving directory '/scratch/luisr/mlir-aie/programming_examples/basic/block_datatypes/matrix_multiplication/whole_array/_build'
cp _build/whole_array whole_array.exe 
mkdir -p build
python3 /scratch/luisr/mlir-aie/programming_examples/basic/block_datatypes/matrix_multiplication/whole_array/whole_array.py --n-aie-cols 8 -m 96 -k 128 -n 64 -M 7680 -K 6144 -N 1024 > build/aie_7680x6144x1024_96x128x64.mlir
mkdir -p build
cd build && xchesscc_wrapper aie2p -I /proj/xbuilds/2024.2_INT_1113_1001/installs/all_platforms/Vitis/2024.2/aietools/include  -DDIM_M=96 -DDIM_K=128 -DDIM_N=64 -c /scratch/luisr/mlir-aie/programming_examples/basic/block_datatypes/matrix_multiplication/whole_array/../mm.cc -o mm_96x128x64.o
WARNING: Default location for XILINX_VIVADO_IP_OVERRIDE not found: /build/xfndry/IP_2024.2_INTEGRATION_VERIFIED/customer/vivado/data/ip
mkdir -p build
cd build && aiecc.py --alloc-scheme= --aie-generate-xclbin --no-compile-host --xclbin-name=final_7680x6144x1024_96x128x64.xclbin \
			 --dynamic-objFifos \
			--aie-generate-npu-insts --npu-insts-name=insts_7680x6144x1024_96x128x64.txt ../build/aie_7680x6144x1024_96x128x64.mlir

Generating: /scratch/luisr/mlir-aie/programming_examples/basic/block_datatypes/matrix_multiplication/whole_array/build/aie_7680x6144x1024_96x128x64.mlir.prj/aie_cdo_elfs.bin
Generating: /scratch/luisr/mlir-aie/programming_examples/basic/block_datatypes/matrix_multiplication/whole_array/build/aie_7680x6144x1024_96x128x64.mlir.prj/aie_cdo_init.bin
Generating: /scratch/luisr/mlir-aie/programming_examples/basic/block_datatypes/matrix_multiplication/whole_array/build/aie_7680x6144x1024_96x128x64.mlir.prj/aie_cdo_enable.bin
export XRT_HACK_UNSECURE_LOADING_XCLBIN=1 && \
 ./whole_array.exe -x build/final_7680x6144x1024_96x128x64.xclbin -i build/insts_7680x6144x1024_96x128x64.txt -k MLIR_AIE -M 7680 -K 6144 -N 1024 -w 96 -y 128 -z 64 --iters 40 --warmup 10 --verify 0

Avg NPU matmul time: 13085.6us.
Avg NPU gflops: 7384.97

Min NPU matmul time: 12385us.
Max NPU gflops: 7802.73

Max NPU matmul time: 13475us.
Min NPU gflops: 7171.56

Shuffle time: 251711us.

PASS!

rm -rf build _build whole_array.exe
rm -rf _build
mkdir -p _build
cd _build &&  cmake -E env CXXFLAGS="-std=c++23 -ggdb -DDTYPE_IN= -DDTYPE_OUT= -DDTYPE_ACC=" \
	cmake `echo /scratch/luisr/mlir-aie/programming_examples/basic/block_datatypes/matrix_multiplication/whole_array/..` -D CMAKE_C_COMPILER=gcc-13 -D CMAKE_CXX_COMPILER=g++-13 -DTARGET_NAME=whole_array -Dhostsrc=/scratch/luisr/mlir-aie/programming_examples/basic/block_datatypes/matrix_multiplication/whole_array/../bfp_test.cpp
CMake Deprecation Warning at CMakeLists.txt:13 (cmake_minimum_required):
  Compatibility with CMake < 3.10 will be removed from a future version of
  CMake.

  Update the VERSION argument <min> value.  Or, use the <min>...<max> syntax
  to tell CMake that the project requires at least <min> but has been updated
  to work with policies introduced by <max> or earlier.


-- The C compiler identification is GNU 13.3.0
-- The CXX compiler identification is GNU 13.3.0
-- Detecting C compiler ABI info
-- Detecting C compiler ABI info - done
-- Check for working C compiler: /usr/bin/gcc-13 - skipped
-- Detecting C compile features
-- Detecting C compile features - done
-- Detecting CXX compiler ABI info
-- Detecting CXX compiler ABI info - done
-- Check for working CXX compiler: /usr/bin/g++-13 - skipped
-- Detecting CXX compile features
-- Detecting CXX compile features - done
-- Configuring done (0.3s)
-- Generating done (0.0s)
-- Build files have been written to: /scratch/luisr/mlir-aie/programming_examples/basic/block_datatypes/matrix_multiplication/whole_array/_build
cd _build &&  cmake --build . --config Release
gmake[1]: Entering directory '/scratch/luisr/mlir-aie/programming_examples/basic/block_datatypes/matrix_multiplication/whole_array/_build'
gmake[2]: Entering directory '/scratch/luisr/mlir-aie/programming_examples/basic/block_datatypes/matrix_multiplication/whole_array/_build'
gmake[3]: Entering directory '/scratch/luisr/mlir-aie/programming_examples/basic/block_datatypes/matrix_multiplication/whole_array/_build'
gmake[3]: Leaving directory '/scratch/luisr/mlir-aie/programming_examples/basic/block_datatypes/matrix_multiplication/whole_array/_build'
gmake[3]: Entering directory '/scratch/luisr/mlir-aie/programming_examples/basic/block_datatypes/matrix_multiplication/whole_array/_build'
[ 33%] Building CXX object CMakeFiles/whole_array.dir/bfp_test.cpp.o
[ 66%] Building CXX object CMakeFiles/whole_array.dir/scratch/luisr/mlir-aie/runtime_lib/test_lib/test_utils.cpp.o
[100%] Linking CXX executable whole_array
gmake[3]: Leaving directory '/scratch/luisr/mlir-aie/programming_examples/basic/block_datatypes/matrix_multiplication/whole_array/_build'
[100%] Built target whole_array
gmake[2]: Leaving directory '/scratch/luisr/mlir-aie/programming_examples/basic/block_datatypes/matrix_multiplication/whole_array/_build'
gmake[1]: Leaving directory '/scratch/luisr/mlir-aie/programming_examples/basic/block_datatypes/matrix_multiplication/whole_array/_build'
cp _build/whole_array whole_array.exe 
mkdir -p build
python3 /scratch/luisr/mlir-aie/programming_examples/basic/block_datatypes/matrix_multiplication/whole_array/whole_array.py --n-aie-cols 8 -m 96 -k 128 -n 64 -M 7680 -K 6144 -N 4096 > build/aie_7680x6144x4096_96x128x64.mlir
mkdir -p build
cd build && xchesscc_wrapper aie2p -I /proj/xbuilds/2024.2_INT_1113_1001/installs/all_platforms/Vitis/2024.2/aietools/include  -DDIM_M=96 -DDIM_K=128 -DDIM_N=64 -c /scratch/luisr/mlir-aie/programming_examples/basic/block_datatypes/matrix_multiplication/whole_array/../mm.cc -o mm_96x128x64.o
WARNING: Default location for XILINX_VIVADO_IP_OVERRIDE not found: /build/xfndry/IP_2024.2_INTEGRATION_VERIFIED/customer/vivado/data/ip
mkdir -p build
cd build && aiecc.py --alloc-scheme= --aie-generate-xclbin --no-compile-host --xclbin-name=final_7680x6144x4096_96x128x64.xclbin \
			 --dynamic-objFifos \
			--aie-generate-npu-insts --npu-insts-name=insts_7680x6144x4096_96x128x64.txt ../build/aie_7680x6144x4096_96x128x64.mlir

Generating: /scratch/luisr/mlir-aie/programming_examples/basic/block_datatypes/matrix_multiplication/whole_array/build/aie_7680x6144x4096_96x128x64.mlir.prj/aie_cdo_elfs.bin
Generating: /scratch/luisr/mlir-aie/programming_examples/basic/block_datatypes/matrix_multiplication/whole_array/build/aie_7680x6144x4096_96x128x64.mlir.prj/aie_cdo_init.bin
Generating: /scratch/luisr/mlir-aie/programming_examples/basic/block_datatypes/matrix_multiplication/whole_array/build/aie_7680x6144x4096_96x128x64.mlir.prj/aie_cdo_enable.bin
export XRT_HACK_UNSECURE_LOADING_XCLBIN=1 && \
 ./whole_array.exe -x build/final_7680x6144x4096_96x128x64.xclbin -i build/insts_7680x6144x4096_96x128x64.txt -k MLIR_AIE -M 7680 -K 6144 -N 4096 -w 96 -y 128 -z 64 --iters 40 --warmup 10 --verify 0

Avg NPU matmul time: 49639.3us.
Avg NPU gflops: 7787.12

Min NPU matmul time: 48988us.
Max NPU gflops: 7890.65

Max NPU matmul time: 50483us.
Min NPU gflops: 7656.97

Shuffle time: 341922us.

PASS!

rm -rf build _build whole_array.exe
rm -rf _build
mkdir -p _build
cd _build &&  cmake -E env CXXFLAGS="-std=c++23 -ggdb -DDTYPE_IN= -DDTYPE_OUT= -DDTYPE_ACC=" \
	cmake `echo /scratch/luisr/mlir-aie/programming_examples/basic/block_datatypes/matrix_multiplication/whole_array/..` -D CMAKE_C_COMPILER=gcc-13 -D CMAKE_CXX_COMPILER=g++-13 -DTARGET_NAME=whole_array -Dhostsrc=/scratch/luisr/mlir-aie/programming_examples/basic/block_datatypes/matrix_multiplication/whole_array/../bfp_test.cpp
CMake Deprecation Warning at CMakeLists.txt:13 (cmake_minimum_required):
  Compatibility with CMake < 3.10 will be removed from a future version of
  CMake.

  Update the VERSION argument <min> value.  Or, use the <min>...<max> syntax
  to tell CMake that the project requires at least <min> but has been updated
  to work with policies introduced by <max> or earlier.


-- The C compiler identification is GNU 13.3.0
-- The CXX compiler identification is GNU 13.3.0
-- Detecting C compiler ABI info
-- Detecting C compiler ABI info - done
-- Check for working C compiler: /usr/bin/gcc-13 - skipped
-- Detecting C compile features
-- Detecting C compile features - done
-- Detecting CXX compiler ABI info
-- Detecting CXX compiler ABI info - done
-- Check for working CXX compiler: /usr/bin/g++-13 - skipped
-- Detecting CXX compile features
-- Detecting CXX compile features - done
-- Configuring done (0.3s)
-- Generating done (0.0s)
-- Build files have been written to: /scratch/luisr/mlir-aie/programming_examples/basic/block_datatypes/matrix_multiplication/whole_array/_build
cd _build &&  cmake --build . --config Release
gmake[1]: Entering directory '/scratch/luisr/mlir-aie/programming_examples/basic/block_datatypes/matrix_multiplication/whole_array/_build'
gmake[2]: Entering directory '/scratch/luisr/mlir-aie/programming_examples/basic/block_datatypes/matrix_multiplication/whole_array/_build'
gmake[3]: Entering directory '/scratch/luisr/mlir-aie/programming_examples/basic/block_datatypes/matrix_multiplication/whole_array/_build'
gmake[3]: Leaving directory '/scratch/luisr/mlir-aie/programming_examples/basic/block_datatypes/matrix_multiplication/whole_array/_build'
gmake[3]: Entering directory '/scratch/luisr/mlir-aie/programming_examples/basic/block_datatypes/matrix_multiplication/whole_array/_build'
[ 33%] Building CXX object CMakeFiles/whole_array.dir/bfp_test.cpp.o
[ 66%] Building CXX object CMakeFiles/whole_array.dir/scratch/luisr/mlir-aie/runtime_lib/test_lib/test_utils.cpp.o
[100%] Linking CXX executable whole_array
gmake[3]: Leaving directory '/scratch/luisr/mlir-aie/programming_examples/basic/block_datatypes/matrix_multiplication/whole_array/_build'
[100%] Built target whole_array
gmake[2]: Leaving directory '/scratch/luisr/mlir-aie/programming_examples/basic/block_datatypes/matrix_multiplication/whole_array/_build'
gmake[1]: Leaving directory '/scratch/luisr/mlir-aie/programming_examples/basic/block_datatypes/matrix_multiplication/whole_array/_build'
cp _build/whole_array whole_array.exe 
mkdir -p build
python3 /scratch/luisr/mlir-aie/programming_examples/basic/block_datatypes/matrix_multiplication/whole_array/whole_array.py --n-aie-cols 8 -m 96 -k 128 -n 64 -M 7680 -K 6144 -N 8192 > build/aie_7680x6144x8192_96x128x64.mlir
mkdir -p build
cd build && xchesscc_wrapper aie2p -I /proj/xbuilds/2024.2_INT_1113_1001/installs/all_platforms/Vitis/2024.2/aietools/include  -DDIM_M=96 -DDIM_K=128 -DDIM_N=64 -c /scratch/luisr/mlir-aie/programming_examples/basic/block_datatypes/matrix_multiplication/whole_array/../mm.cc -o mm_96x128x64.o
WARNING: Default location for XILINX_VIVADO_IP_OVERRIDE not found: /build/xfndry/IP_2024.2_INTEGRATION_VERIFIED/customer/vivado/data/ip
mkdir -p build
cd build && aiecc.py --alloc-scheme= --aie-generate-xclbin --no-compile-host --xclbin-name=final_7680x6144x8192_96x128x64.xclbin \
			 --dynamic-objFifos \
			--aie-generate-npu-insts --npu-insts-name=insts_7680x6144x8192_96x128x64.txt ../build/aie_7680x6144x8192_96x128x64.mlir

Generating: /scratch/luisr/mlir-aie/programming_examples/basic/block_datatypes/matrix_multiplication/whole_array/build/aie_7680x6144x8192_96x128x64.mlir.prj/aie_cdo_elfs.bin
Generating: /scratch/luisr/mlir-aie/programming_examples/basic/block_datatypes/matrix_multiplication/whole_array/build/aie_7680x6144x8192_96x128x64.mlir.prj/aie_cdo_init.bin
Generating: /scratch/luisr/mlir-aie/programming_examples/basic/block_datatypes/matrix_multiplication/whole_array/build/aie_7680x6144x8192_96x128x64.mlir.prj/aie_cdo_enable.bin
export XRT_HACK_UNSECURE_LOADING_XCLBIN=1 && \
 ./whole_array.exe -x build/final_7680x6144x8192_96x128x64.xclbin -i build/insts_7680x6144x8192_96x128x64.txt -k MLIR_AIE -M 7680 -K 6144 -N 8192 -w 96 -y 128 -z 64 --iters 40 --warmup 10 --verify 0

Avg NPU matmul time: 98789.2us.
Avg NPU gflops: 7825.69

Min NPU matmul time: 98187us.
Max NPU gflops: 7873.69

Max NPU matmul time: 99382us.
Min NPU gflops: 7779.02

Shuffle time: 459021us.

PASS!

